date,sku,category,shelf_life_days,units_sold,temp_c,bank_holiday,school_holiday,weekend,dow,promo
2024-01-01,Burger Buns,Bakery,3,145,4.0,1,1,0,0,0
2024-01-02,Burger Buns,Bakery,3,126,1.0,0,1,0,1,1
2024-01-03,Burger Buns,Bakery,3,121,4.9,0,0,0,2,0
2024-01-04,Burger Buns,Bakery,3,104,5.3,0,0,0,3,0
2024-01-05,Burger Buns,Bakery,3,215,-1.1,0,0,1,4,1
2024-01-06,Burger Buns,Bakery,3,178,0.3,0,0,1,5,0
2024-01-07,Burger Buns,Bakery,3,237,3.4,0,0,1,6,1
2024-01-08,Burger Buns,Bakery,3,88,2.4,0,0,0,0,0
2024-01-09,Burger Buns,Bakery,3,85,3.1,0,0,0,1,0
2024-01-10,Burger Buns,Bakery,3,111,1.2,0,0,0,2,0
2024-01-11,Burger Buns,Bakery,3,125,5.0,0,0,0,3,0
2024-01-12,Burger Buns,Bakery,3,155,4.8,0,0,1,4,0
2024-01-13,Burger Buns,Bakery,3,161,3.2,0,0,1,5,0
2024-01-14,Burger Buns,Bakery,3,253,5.5,0,0,1,6,1
2024-01-15,Burger Buns,Bakery,3,106,4.0,0,0,0,0,0
2024-01-16,Burger Buns,Bakery,3,94,1.1,0,0,0,1,0
2024-01-17,Burger Buns,Bakery,3,98,3.8,0,0,0,2,0
2024-01-18,Burger Buns,Bakery,3,103,0.9,0,0,0,3,0
2024-01-19,Burger Buns,Bakery,3,175,4.9,0,0,1,4,0
2024-01-20,Burger Buns,Bakery,3,147,2.9,0,0,1,5,0
2024-01-21,Burger Buns,Bakery,3,184,2.6,0,0,1,6,0
2024-01-22,Burger Buns,Bakery,3,110,1.5,0,0,0,0,0
2024-01-23,Burger Buns,Bakery,3,112,5.7,0,0,0,1,0
2024-01-24,Burger Buns,Bakery,3,107,2.7,0,0,0,2,0
2024-01-25,Burger Buns,Bakery,3,111,2.1,0,0,0,3,0
2024-01-26,Burger Buns,Bakery,3,163,2.3,0,0,1,4,0
2024-01-27,Burger Buns,Bakery,3,168,4.3,0,0,1,5,0
2024-01-28,Burger Buns,Bakery,3,159,3.9,0,0,1,6,0
2024-01-29,Burger Buns,Bakery,3,96,4.0,0,0,0,0,0
2024-01-30,Burger Buns,Bakery,3,94,4.1,0,0,0,1,0
2024-01-31,Burger Buns,Bakery,3,137,7.9,0,0,0,2,0
2024-02-01,Burger Buns,Bakery,3,118,2.3,0,0,0,3,0
2024-02-02,Burger Buns,Bakery,3,260,2.1,0,0,1,4,1
2024-02-03,Burger Buns,Bakery,3,252,1.5,0,0,1,5,1
2024-02-04,Burger Buns,Bakery,3,156,4.7,0,0,1,6,0
2024-02-05,Burger Buns,Bakery,3,141,5.8,0,0,0,0,1
2024-02-06,Burger Buns,Bakery,3,101,3.1,0,0,0,1,0
2024-02-07,Burger Buns,Bakery,3,116,1.6,0,0,0,2,0
2024-02-08,Burger Buns,Bakery,3,99,1.7,0,0,0,3,0
2024-02-09,Burger Buns,Bakery,3,194,5.0,0,0,1,4,0
2024-02-10,Burger Buns,Bakery,3,202,5.2,0,0,1,5,0
2024-02-11,Burger Buns,Bakery,3,178,4.8,0,0,1,6,0
2024-02-12,Burger Buns,Bakery,3,108,2.2,0,1,0,0,0
2024-02-13,Burger Buns,Bakery,3,101,4.3,0,1,0,1,0
2024-02-14,Burger Buns,Bakery,3,111,4.1,0,1,0,2,0
2024-02-15,Burger Buns,Bakery,3,108,4.3,0,1,0,3,0
2024-02-16,Burger Buns,Bakery,3,216,5.8,0,1,1,4,0
2024-02-17,Burger Buns,Bakery,3,199,4.5,0,1,1,5,0
2024-02-18,Burger Buns,Bakery,3,172,5.6,0,1,1,6,0
2024-02-19,Burger Buns,Bakery,3,157,4.3,0,0,0,0,1
2024-02-20,Burger Buns,Bakery,3,166,4.8,0,0,0,1,1
2024-02-21,Burger Buns,Bakery,3,127,5.7,0,0,0,2,0
2024-02-22,Burger Buns,Bakery,3,109,1.1,0,0,0,3,0
2024-02-23,Burger Buns,Bakery,3,224,3.7,0,0,1,4,0
2024-02-24,Burger Buns,Bakery,3,183,3.5,0,0,1,5,0
2024-02-25,Burger Buns,Bakery,3,176,3.2,0,0,1,6,0
2024-02-26,Burger Buns,Bakery,3,118,4.1,0,0,0,0,0
2024-02-27,Burger Buns,Bakery,3,123,8.0,0,0,0,1,0
2024-02-28,Burger Buns,Bakery,3,111,2.9,0,0,0,2,0
2024-02-29,Burger Buns,Bakery,3,180,7.1,0,0,0,3,1
2024-03-01,Burger Buns,Bakery,3,182,1.3,0,0,1,4,0
2024-03-02,Burger Buns,Bakery,3,185,4.4,0,0,1,5,0
2024-03-03,Burger Buns,Bakery,3,178,5.6,0,0,1,6,0
2024-03-04,Burger Buns,Bakery,3,111,6.6,0,0,0,0,0
2024-03-05,Burger Buns,Bakery,3,157,7.0,0,0,0,1,1
2024-03-06,Burger Buns,Bakery,3,122,7.3,0,0,0,2,0
2024-03-07,Burger Buns,Bakery,3,115,4.8,0,0,0,3,0
2024-03-08,Burger Buns,Bakery,3,203,4.7,0,0,1,4,0
2024-03-09,Burger Buns,Bakery,3,194,7.7,0,0,1,5,0
2024-03-10,Burger Buns,Bakery,3,180,5.5,0,0,1,6,0
2024-03-11,Burger Buns,Bakery,3,105,3.2,0,0,0,0,0
2024-03-12,Burger Buns,Bakery,3,129,3.6,0,0,0,1,0
2024-03-13,Burger Buns,Bakery,3,117,4.2,0,0,0,2,0
2024-03-14,Burger Buns,Bakery,3,119,7.5,0,0,0,3,0
2024-03-15,Burger Buns,Bakery,3,226,6.8,0,0,1,4,0
2024-03-16,Burger Buns,Bakery,3,186,8.1,0,0,1,5,0
2024-03-17,Burger Buns,Bakery,3,192,5.8,0,0,1,6,0
2024-03-18,Burger Buns,Bakery,3,103,7.2,0,0,0,0,0
2024-03-19,Burger Buns,Bakery,3,126,8.3,0,0,0,1,0
2024-03-20,Burger Buns,Bakery,3,195,6.4,0,0,0,2,1
2024-03-21,Burger Buns,Bakery,3,143,8.2,0,0,0,3,0
2024-03-22,Burger Buns,Bakery,3,190,5.8,0,0,1,4,0
2024-03-23,Burger Buns,Bakery,3,211,6.6,0,0,1,5,0
2024-03-24,Burger Buns,Bakery,3,210,6.7,0,0,1,6,0
2024-03-25,Burger Buns,Bakery,3,130,5.0,0,0,0,0,0
2024-03-26,Burger Buns,Bakery,3,126,8.9,0,0,0,1,0
2024-03-27,Burger Buns,Bakery,3,138,6.9,0,0,0,2,0
2024-03-28,Burger Buns,Bakery,3,115,8.1,0,0,0,3,0
2024-03-29,Burger Buns,Bakery,3,296,9.2,1,0,1,4,0
2024-03-30,Burger Buns,Bakery,3,208,9.3,0,0,1,5,0
2024-03-31,Burger Buns,Bakery,3,194,9.9,0,0,1,6,0
2024-04-01,Burger Buns,Bakery,3,178,8.3,1,1,0,0,0
2024-04-02,Burger Buns,Bakery,3,107,7.8,0,1,0,1,0
2024-04-03,Burger Buns,Bakery,3,151,8.7,0,1,0,2,0
2024-04-04,Burger Buns,Bakery,3,125,5.2,0,1,0,3,0
2024-04-05,Burger Buns,Bakery,3,180,5.9,0,1,1,4,0
2024-04-06,Burger Buns,Bakery,3,222,6.3,0,1,1,5,0
2024-04-07,Burger Buns,Bakery,3,217,7.2,0,1,1,6,0
2024-04-08,Burger Buns,Bakery,3,114,10.4,0,1,0,0,0
2024-04-09,Burger Buns,Bakery,3,114,7.6,0,1,0,1,0
2024-04-10,Burger Buns,Bakery,3,139,8.9,0,1,0,2,0
2024-04-11,Burger Buns,Bakery,3,143,12.8,0,1,0,3,0
2024-04-12,Burger Buns,Bakery,3,207,9.3,0,1,1,4,0
2024-04-13,Burger Buns,Bakery,3,204,11.8,0,1,1,5,0
2024-04-14,Burger Buns,Bakery,3,237,8.3,0,1,1,6,0
2024-04-15,Burger Buns,Bakery,3,130,10.0,0,0,0,0,0
2024-04-16,Burger Buns,Bakery,3,135,8.5,0,0,0,1,0
2024-04-17,Burger Buns,Bakery,3,151,10.0,0,0,0,2,0
2024-04-18,Burger Buns,Bakery,3,138,12.7,0,0,0,3,0
2024-04-19,Burger Buns,Bakery,3,195,7.2,0,0,1,4,0
2024-04-20,Burger Buns,Bakery,3,297,12.1,0,0,1,5,1
2024-04-21,Burger Buns,Bakery,3,223,11.8,0,0,1,6,0
2024-04-22,Burger Buns,Bakery,3,121,10.1,0,0,0,0,0
2024-04-23,Burger Buns,Bakery,3,126,8.4,0,0,0,1,0
2024-04-24,Burger Buns,Bakery,3,154,11.8,0,0,0,2,0
2024-04-25,Burger Buns,Bakery,3,131,10.7,0,0,0,3,0
2024-04-26,Burger Buns,Bakery,3,206,12.5,0,0,1,4,0
2024-04-27,Burger Buns,Bakery,3,200,12.1,0,0,1,5,0
2024-04-28,Burger Buns,Bakery,3,197,15.8,0,0,1,6,0
2024-04-29,Burger Buns,Bakery,3,109,11.8,0,0,0,0,0
2024-04-30,Burger Buns,Bakery,3,125,10.3,0,0,0,1,0
2024-05-01,Burger Buns,Bakery,3,143,13.0,0,0,0,2,0
2024-05-02,Burger Buns,Bakery,3,143,13.3,0,0,0,3,0
2024-05-03,Burger Buns,Bakery,3,227,15.9,0,0,1,4,0
2024-05-04,Burger Buns,Bakery,3,210,14.9,0,0,1,5,0
2024-05-05,Burger Buns,Bakery,3,200,14.0,0,0,1,6,0
2024-05-06,Burger Buns,Bakery,3,174,16.5,1,0,0,0,0
2024-05-07,Burger Buns,Bakery,3,115,10.8,0,0,0,1,0
2024-05-08,Burger Buns,Bakery,3,132,12.2,0,0,0,2,0
2024-05-09,Burger Buns,Bakery,3,152,11.7,0,0,0,3,0
2024-05-10,Burger Buns,Bakery,3,227,13.0,0,0,1,4,0
2024-05-11,Burger Buns,Bakery,3,200,10.9,0,0,1,5,0
2024-05-12,Burger Buns,Bakery,3,241,15.5,0,0,1,6,0
2024-05-13,Burger Buns,Bakery,3,127,13.7,0,0,0,0,0
2024-05-14,Burger Buns,Bakery,3,125,11.1,0,0,0,1,0
2024-05-15,Burger Buns,Bakery,3,142,12.2,0,0,0,2,0
2024-05-16,Burger Buns,Bakery,3,125,15.3,0,0,0,3,0
2024-05-17,Burger Buns,Bakery,3,226,16.5,0,0,1,4,0
2024-05-18,Burger Buns,Bakery,3,195,19.2,0,0,1,5,0
2024-05-19,Burger Buns,Bakery,3,220,21.4,0,0,1,6,0
2024-05-20,Burger Buns,Bakery,3,117,16.0,0,0,0,0,0
2024-05-21,Burger Buns,Bakery,3,178,13.0,0,0,0,1,1
2024-05-22,Burger Buns,Bakery,3,150,10.6,0,0,0,2,0
2024-05-23,Burger Buns,Bakery,3,150,16.0,0,0,0,3,0
2024-05-24,Burger Buns,Bakery,3,216,13.7,0,0,1,4,0
2024-05-25,Burger Buns,Bakery,3,243,14.7,0,0,1,5,0
2024-05-26,Burger Buns,Bakery,3,217,14.4,0,1,1,6,0
2024-05-27,Burger Buns,Bakery,3,193,15.6,1,1,0,0,0
2024-05-28,Burger Buns,Bakery,3,128,18.3,0,1,0,1,0
2024-05-29,Burger Buns,Bakery,3,161,16.4,0,1,0,2,0
2024-05-30,Burger Buns,Bakery,3,139,15.8,0,1,0,3,0
2024-05-31,Burger Buns,Bakery,3,213,14.0,0,1,1,4,0
2024-06-01,Burger Buns,Bakery,3,201,12.7,0,0,1,5,0
2024-06-02,Burger Buns,Bakery,3,229,15.4,0,0,1,6,0
2024-06-03,Burger Buns,Bakery,3,114,16.5,0,0,0,0,0
2024-06-04,Burger Buns,Bakery,3,167,20.6,0,0,0,1,1
2024-06-05,Burger Buns,Bakery,3,138,17.1,0,0,0,2,0
2024-06-06,Burger Buns,Bakery,3,132,19.0,0,0,0,3,0
2024-06-07,Burger Buns,Bakery,3,216,15.9,0,0,1,4,0
2024-06-08,Burger Buns,Bakery,3,202,14.5,0,0,1,5,0
2024-06-09,Burger Buns,Bakery,3,204,15.0,0,0,1,6,0
2024-06-10,Burger Buns,Bakery,3,130,15.6,0,0,0,0,0
2024-06-11,Burger Buns,Bakery,3,151,22.0,0,0,0,1,0
2024-06-12,Burger Buns,Bakery,3,140,15.6,0,0,0,2,0
2024-06-13,Burger Buns,Bakery,3,134,19.3,0,0,0,3,0
2024-06-14,Burger Buns,Bakery,3,238,15.6,0,0,1,4,0
2024-06-15,Burger Buns,Bakery,3,209,19.7,0,0,1,5,0
2024-06-16,Burger Buns,Bakery,3,220,18.6,0,0,1,6,0
2024-06-17,Burger Buns,Bakery,3,126,17.5,0,0,0,0,0
2024-06-18,Burger Buns,Bakery,3,123,17.8,0,0,0,1,0
2024-06-19,Burger Buns,Bakery,3,133,16.5,0,0,0,2,0
2024-06-20,Burger Buns,Bakery,3,124,19.0,0,0,0,3,0
2024-06-21,Burger Buns,Bakery,3,232,17.1,0,0,1,4,0
2024-06-22,Burger Buns,Bakery,3,201,15.4,0,0,1,5,0
2024-06-23,Burger Buns,Bakery,3,215,15.4,0,0,1,6,0
2024-06-24,Burger Buns,Bakery,3,119,18.6,0,0,0,0,0
2024-06-25,Burger Buns,Bakery,3,132,21.8,0,0,0,1,0
2024-06-26,Burger Buns,Bakery,3,116,18.7,0,0,0,2,0
2024-06-27,Burger Buns,Bakery,3,141,18.2,0,0,0,3,0
2024-06-28,Burger Buns,Bakery,3,233,19.1,0,0,1,4,0
2024-06-29,Burger Buns,Bakery,3,222,21.4,0,0,1,5,0
2024-06-30,Burger Buns,Bakery,3,212,19.0,0,0,1,6,0
2024-07-01,Burger Buns,Bakery,3,134,17.7,0,1,0,0,0
2024-07-02,Burger Buns,Bakery,3,143,21.1,0,1,0,1,0
2024-07-03,Burger Buns,Bakery,3,124,19.6,0,1,0,2,0
2024-07-04,Burger Buns,Bakery,3,145,22.1,0,1,0,3,0
2024-07-05,Burger Buns,Bakery,3,218,19.2,0,1,1,4,0
2024-07-06,Burger Buns,Bakery,3,210,16.1,0,1,1,5,0
2024-07-07,Burger Buns,Bakery,3,208,15.8,0,1,1,6,0
2024-07-08,Burger Buns,Bakery,3,116,22.5,0,1,0,0,0
2024-07-09,Burger Buns,Bakery,3,120,22.7,0,1,0,1,0
2024-07-10,Burger Buns,Bakery,3,141,18.5,0,1,0,2,0
2024-07-11,Burger Buns,Bakery,3,146,18.1,0,1,0,3,0
2024-07-12,Burger Buns,Bakery,3,223,22.2,0,1,1,4,0
2024-07-13,Burger Buns,Bakery,3,207,16.5,0,1,1,5,0
2024-07-14,Burger Buns,Bakery,3,197,17.0,0,1,1,6,0
2024-07-15,Burger Buns,Bakery,3,113,20.4,0,1,0,0,0
2024-07-16,Burger Buns,Bakery,3,118,18.1,0,1,0,1,0
2024-07-17,Burger Buns,Bakery,3,162,19.0,0,1,0,2,0
2024-07-18,Burger Buns,Bakery,3,136,18.6,0,1,0,3,0
2024-07-19,Burger Buns,Bakery,3,226,19.7,0,1,1,4,0
2024-07-20,Burger Buns,Bakery,3,216,22.1,0,1,1,5,0
2024-07-21,Burger Buns,Bakery,3,211,19.2,0,1,1,6,0
2024-07-22,Burger Buns,Bakery,3,129,20.4,0,1,0,0,0
2024-07-23,Burger Buns,Bakery,3,125,14.5,0,1,0,1,0
2024-07-24,Burger Buns,Bakery,3,132,18.9,0,1,0,2,0
2024-07-25,Burger Buns,Bakery,3,140,17.1,0,1,0,3,0
2024-07-26,Burger Buns,Bakery,3,188,16.3,0,1,1,4,0
2024-07-27,Burger Buns,Bakery,3,202,17.0,0,1,1,5,0
2024-07-28,Burger Buns,Bakery,3,215,18.2,0,1,1,6,0
2024-07-29,Burger Buns,Bakery,3,178,20.9,0,1,0,0,1
2024-07-30,Burger Buns,Bakery,3,130,15.9,0,1,0,1,0
2024-07-31,Burger Buns,Bakery,3,136,18.9,0,1,0,2,0
2024-08-01,Burger Buns,Bakery,3,122,17.7,0,1,0,3,0
2024-08-02,Burger Buns,Bakery,3,179,18.1,0,1,1,4,0
2024-08-03,Burger Buns,Bakery,3,198,21.0,0,1,1,5,0
2024-08-04,Burger Buns,Bakery,3,203,19.9,0,1,1,6,0
2024-08-05,Burger Buns,Bakery,3,112,21.6,0,1,0,0,0
2024-08-06,Burger Buns,Bakery,3,129,18.3,0,1,0,1,0
2024-08-07,Burger Buns,Bakery,3,142,17.1,0,1,0,2,0
2024-08-08,Burger Buns,Bakery,3,156,18.1,0,1,0,3,0
2024-08-09,Burger Buns,Bakery,3,181,19.0,0,1,1,4,0
2024-08-10,Burger Buns,Bakery,3,200,18.8,0,1,1,5,0
2024-08-11,Burger Buns,Bakery,3,181,16.0,0,1,1,6,0
2024-08-12,Burger Buns,Bakery,3,91,18.5,0,1,0,0,0
2024-08-13,Burger Buns,Bakery,3,102,18.8,0,1,0,1,0
2024-08-14,Burger Buns,Bakery,3,174,23.8,0,1,0,2,1
2024-08-15,Burger Buns,Bakery,3,122,22.3,0,1,0,3,0
2024-08-16,Burger Buns,Bakery,3,200,16.2,0,1,1,4,0
2024-08-17,Burger Buns,Bakery,3,202,17.4,0,1,1,5,0
2024-08-18,Burger Buns,Bakery,3,192,14.8,0,1,1,6,0
2024-08-19,Burger Buns,Bakery,3,124,16.6,0,1,0,0,0
2024-08-20,Burger Buns,Bakery,3,115,18.5,0,1,0,1,0
2024-08-21,Burger Buns,Bakery,3,122,20.4,0,1,0,2,0
2024-08-22,Burger Buns,Bakery,3,108,16.1,0,1,0,3,0
2024-08-23,Burger Buns,Bakery,3,222,16.2,0,1,1,4,0
2024-08-24,Burger Buns,Bakery,3,260,12.8,0,1,1,5,1
2024-08-25,Burger Buns,Bakery,3,184,17.1,0,1,1,6,0
2024-08-26,Burger Buns,Bakery,3,165,15.0,1,1,0,0,0
2024-08-27,Burger Buns,Bakery,3,148,16.1,0,1,0,1,1
2024-08-28,Burger Buns,Bakery,3,109,15.3,0,1,0,2,0
2024-08-29,Burger Buns,Bakery,3,122,16.9,0,1,0,3,0
2024-08-30,Burger Buns,Bakery,3,180,13.2,0,1,1,4,0
2024-08-31,Burger Buns,Bakery,3,170,13.7,0,1,1,5,0
2024-09-01,Burger Buns,Bakery,3,224,21.5,0,0,1,6,0
2024-09-02,Burger Buns,Bakery,3,109,13.9,0,0,0,0,0
2024-09-03,Burger Buns,Bakery,3,106,14.2,0,0,0,1,0
2024-09-04,Burger Buns,Bakery,3,124,20.6,0,0,0,2,0
2024-09-05,Burger Buns,Bakery,3,117,22.8,0,0,0,3,0
2024-09-06,Burger Buns,Bakery,3,203,13.8,0,0,1,4,0
2024-09-07,Burger Buns,Bakery,3,178,15.4,0,0,1,5,0
2024-09-08,Burger Buns,Bakery,3,183,16.9,0,0,1,6,0
2024-09-09,Burger Buns,Bakery,3,104,19.8,0,0,0,0,0
2024-09-10,Burger Buns,Bakery,3,104,13.8,0,0,0,1,0
2024-09-11,Burger Buns,Bakery,3,125,15.3,0,0,0,2,0
2024-09-12,Burger Buns,Bakery,3,126,17.4,0,0,0,3,0
2024-09-13,Burger Buns,Bakery,3,180,16.6,0,0,1,4,0
2024-09-14,Burger Buns,Bakery,3,259,14.7,0,0,1,5,1
2024-09-15,Burger Buns,Bakery,3,178,15.1,0,0,1,6,0
2024-09-16,Burger Buns,Bakery,3,107,12.2,0,0,0,0,0
2024-09-17,Burger Buns,Bakery,3,122,14.6,0,0,0,1,0
2024-09-18,Burger Buns,Bakery,3,103,14.4,0,0,0,2,0
2024-09-19,Burger Buns,Bakery,3,126,15.4,0,0,0,3,0
2024-09-20,Burger Buns,Bakery,3,185,13.6,0,0,1,4,0
2024-09-21,Burger Buns,Bakery,3,176,15.7,0,0,1,5,0
2024-09-22,Burger Buns,Bakery,3,184,16.8,0,0,1,6,0
2024-09-23,Burger Buns,Bakery,3,94,14.8,0,0,0,0,0
2024-09-24,Burger Buns,Bakery,3,98,15.1,0,0,0,1,0
2024-09-25,Burger Buns,Bakery,3,101,14.3,0,0,0,2,0
2024-09-26,Burger Buns,Bakery,3,109,14.0,0,0,0,3,0
2024-09-27,Burger Buns,Bakery,3,169,12.3,0,0,1,4,0
2024-09-28,Burger Buns,Bakery,3,175,14.5,0,0,1,5,0
2024-09-29,Burger Buns,Bakery,3,172,13.4,0,0,1,6,0
2024-09-30,Burger Buns,Bakery,3,89,18.1,0,0,0,0,0
2024-10-01,Burger Buns,Bakery,3,95,16.8,0,0,0,1,0
2024-10-02,Burger Buns,Bakery,3,115,14.1,0,0,0,2,0
2024-10-03,Burger Buns,Bakery,3,108,11.4,0,0,0,3,0
2024-10-04,Burger Buns,Bakery,3,186,10.5,0,0,1,4,0
2024-10-05,Burger Buns,Bakery,3,199,15.5,0,0,1,5,0
2024-10-06,Burger Buns,Bakery,3,188,13.3,0,0,1,6,0
2024-10-07,Burger Buns,Bakery,3,97,13.6,0,0,0,0,0
2024-10-08,Burger Buns,Bakery,3,109,8.6,0,0,0,1,0
2024-10-09,Burger Buns,Bakery,3,119,14.4,0,0,0,2,0
2024-10-10,Burger Buns,Bakery,3,164,13.2,0,0,0,3,1
2024-10-11,Burger Buns,Bakery,3,177,9.6,0,0,1,4,0
2024-10-12,Burger Buns,Bakery,3,154,10.9,0,0,1,5,0
2024-10-13,Burger Buns,Bakery,3,172,12.4,0,0,1,6,0
2024-10-14,Burger Buns,Bakery,3,100,11.8,0,0,0,0,0
2024-10-15,Burger Buns,Bakery,3,98,10.9,0,0,0,1,0
2024-10-16,Burger Buns,Bakery,3,126,11.1,0,0,0,2,0
2024-10-17,Burger Buns,Bakery,3,127,10.7,0,0,0,3,0
2024-10-18,Burger Buns,Bakery,3,167,11.4,0,0,1,4,0
2024-10-19,Burger Buns,Bakery,3,173,14.2,0,0,1,5,0
2024-10-20,Burger Buns,Bakery,3,168,5.2,0,0,1,6,0
2024-10-21,Burger Buns,Bakery,3,96,10.2,0,0,0,0,0
2024-10-22,Burger Buns,Bakery,3,98,10.9,0,0,0,1,0
2024-10-23,Burger Buns,Bakery,3,123,11.0,0,0,0,2,0
2024-10-24,Burger Buns,Bakery,3,111,9.4,0,0,0,3,0
2024-10-25,Burger Buns,Bakery,3,182,6.3,0,0,1,4,0
2024-10-26,Burger Buns,Bakery,3,163,10.7,0,1,1,5,0
2024-10-27,Burger Buns,Bakery,3,156,13.7,0,1,1,6,0
2024-10-28,Burger Buns,Bakery,3,104,6.3,0,1,0,0,0
2024-10-29,Burger Buns,Bakery,3,103,11.5,0,1,0,1,0
2024-10-30,Burger Buns,Bakery,3,90,8.7,0,1,0,2,0
2024-10-31,Burger Buns,Bakery,3,102,9.2,0,1,0,3,0
2024-11-01,Burger Buns,Bakery,3,151,6.9,0,0,1,4,0
2024-11-02,Burger Buns,Bakery,3,189,8.3,0,0,1,5,0
2024-11-03,Burger Buns,Bakery,3,225,11.8,0,0,1,6,1
2024-11-04,Burger Buns,Bakery,3,106,10.1,0,0,0,0,0
2024-11-05,Burger Buns,Bakery,3,89,12.5,0,0,0,1,0
2024-11-06,Burger Buns,Bakery,3,125,11.1,0,0,0,2,0
2024-11-07,Burger Buns,Bakery,3,128,9.3,0,0,0,3,0
2024-11-08,Burger Buns,Bakery,3,202,12.1,0,0,1,4,0
2024-11-09,Burger Buns,Bakery,3,165,9.1,0,0,1,5,0
2024-11-10,Burger Buns,Bakery,3,168,9.8,0,0,1,6,0
2024-11-11,Burger Buns,Bakery,3,113,7.2,0,0,0,0,0
2024-11-12,Burger Buns,Bakery,3,105,7.9,0,0,0,1,0
2024-11-13,Burger Buns,Bakery,3,103,6.1,0,0,0,2,0
2024-11-14,Burger Buns,Bakery,3,97,9.7,0,0,0,3,0
2024-11-15,Burger Buns,Bakery,3,162,4.8,0,0,1,4,0
2024-11-16,Burger Buns,Bakery,3,163,9.0,0,0,1,5,0
2024-11-17,Burger Buns,Bakery,3,164,6.7,0,0,1,6,0
2024-11-18,Burger Buns,Bakery,3,96,9.6,0,0,0,0,0
2024-11-19,Burger Buns,Bakery,3,92,8.5,0,0,0,1,0
2024-11-20,Burger Buns,Bakery,3,108,10.8,0,0,0,2,0
2024-11-21,Burger Buns,Bakery,3,111,8.3,0,0,0,3,0
2024-11-22,Burger Buns,Bakery,3,162,3.1,0,0,1,4,0
2024-11-23,Burger Buns,Bakery,3,190,6.3,0,0,1,5,0
2024-11-24,Burger Buns,Bakery,3,141,3.7,0,0,1,6,0
2024-11-25,Burger Buns,Bakery,3,97,5.1,0,0,0,0,0
2024-11-26,Burger Buns,Bakery,3,102,9.4,0,0,0,1,0
2024-11-27,Burger Buns,Bakery,3,118,7.4,0,0,0,2,0
2024-11-28,Burger Buns,Bakery,3,112,4.3,0,0,0,3,0
2024-11-29,Burger Buns,Bakery,3,178,3.5,0,0,1,4,0
2024-11-30,Burger Buns,Bakery,3,187,5.7,0,0,1,5,0
2024-12-01,Burger Buns,Bakery,3,169,2.9,0,0,1,6,0
2024-12-02,Burger Buns,Bakery,3,110,4.0,0,0,0,0,0
2024-12-03,Burger Buns,Bakery,3,97,6.1,0,0,0,1,0
2024-12-04,Burger Buns,Bakery,3,106,7.8,0,0,0,2,0
2024-12-05,Burger Buns,Bakery,3,138,6.5,0,0,0,3,1
2024-12-06,Burger Buns,Bakery,3,184,0.0,0,0,1,4,0
2024-12-07,Burger Buns,Bakery,3,158,5.7,0,0,1,5,0
2024-12-08,Burger Buns,Bakery,3,175,5.1,0,0,1,6,0
2024-12-09,Burger Buns,Bakery,3,93,5.7,0,0,0,0,0
2024-12-10,Burger Buns,Bakery,3,108,8.3,0,0,0,1,0
2024-12-11,Burger Buns,Bakery,3,107,0.1,0,0,0,2,0
2024-12-12,Burger Buns,Bakery,3,108,3.3,0,0,0,3,0
2024-12-13,Burger Buns,Bakery,3,173,5.8,0,0,1,4,0
2024-12-14,Burger Buns,Bakery,3,172,0.9,0,0,1,5,0
2024-12-15,Burger Buns,Bakery,3,170,7.6,0,0,1,6,0
2024-12-16,Burger Buns,Bakery,3,96,5.1,0,0,0,0,0
2024-12-17,Burger Buns,Bakery,3,90,6.0,0,0,0,1,0
2024-12-18,Burger Buns,Bakery,3,110,2.9,0,0,0,2,0
2024-12-19,Burger Buns,Bakery,3,81,5.8,0,0,0,3,0
2024-12-20,Burger Buns,Bakery,3,232,6.3,0,1,1,4,1
2024-12-21,Burger Buns,Bakery,3,161,4.4,0,1,1,5,0
2024-12-22,Burger Buns,Bakery,3,176,4.4,0,1,1,6,0
2024-12-23,Burger Buns,Bakery,3,103,4.4,0,1,0,0,0
2024-12-24,Burger Buns,Bakery,3,111,1.8,0,1,0,1,0
2024-12-25,Burger Buns,Bakery,3,0,3.3,1,1,0,2,0
2024-12-26,Burger Buns,Bakery,3,170,3.3,1,1,0,3,0
2024-12-27,Burger Buns,Bakery,3,170,4.4,0,1,1,4,0
2024-12-28,Burger Buns,Bakery,3,152,5.7,0,1,1,5,0
2024-12-29,Burger Buns,Bakery,3,148,1.1,0,1,1,6,0
2024-12-30,Burger Buns,Bakery,3,95,3.1,0,1,0,0,0
2024-12-31,Burger Buns,Bakery,3,115,6.6,0,1,0,1,0
2025-01-01,Burger Buns,Bakery,3,178,1.7,1,1,0,2,0
2025-01-02,Burger Buns,Bakery,3,114,1.5,0,1,0,3,0
2025-01-03,Burger Buns,Bakery,3,189,3.7,0,0,1,4,0
2025-01-04,Burger Buns,Bakery,3,162,5.1,0,0,1,5,0
2025-01-05,Burger Buns,Bakery,3,147,3.2,0,0,1,6,0
2025-01-06,Burger Buns,Bakery,3,119,6.1,0,0,0,0,0
2025-01-07,Burger Buns,Bakery,3,110,5.0,0,0,0,1,0
2025-01-08,Burger Buns,Bakery,3,113,5.0,0,0,0,2,0
2025-01-09,Burger Buns,Bakery,3,116,4.3,0,0,0,3,0
2025-01-10,Burger Buns,Bakery,3,176,8.2,0,0,1,4,0
2025-01-11,Burger Buns,Bakery,3,168,2.6,0,0,1,5,0
2025-01-12,Burger Buns,Bakery,3,218,-1.4,0,0,1,6,1
2025-01-13,Burger Buns,Bakery,3,109,6.6,0,0,0,0,0
2025-01-14,Burger Buns,Bakery,3,110,2.0,0,0,0,1,0
2025-01-15,Burger Buns,Bakery,3,108,3.3,0,0,0,2,0
2025-01-16,Burger Buns,Bakery,3,98,5.9,0,0,0,3,0
2025-01-17,Burger Buns,Bakery,3,188,-0.5,0,0,1,4,0
2025-01-18,Burger Buns,Bakery,3,165,0.2,0,0,1,5,0
2025-01-19,Burger Buns,Bakery,3,181,-0.5,0,0,1,6,0
2025-01-20,Burger Buns,Bakery,3,114,1.3,0,0,0,0,0
2025-01-21,Burger Buns,Bakery,3,122,4.0,0,0,0,1,0
2025-01-22,Burger Buns,Bakery,3,110,4.2,0,0,0,2,0
2025-01-23,Burger Buns,Bakery,3,112,3.6,0,0,0,3,0
2025-01-24,Burger Buns,Bakery,3,206,-0.1,0,0,1,4,0
2025-01-25,Burger Buns,Bakery,3,181,-2.0,0,0,1,5,0
2025-01-26,Burger Buns,Bakery,3,165,3.2,0,0,1,6,0
2025-01-27,Burger Buns,Bakery,3,108,2.0,0,0,0,0,0
2025-01-28,Burger Buns,Bakery,3,128,4.1,0,0,0,1,0
2025-01-29,Burger Buns,Bakery,3,151,4.7,0,0,0,2,1
2025-01-30,Burger Buns,Bakery,3,143,3.5,0,0,0,3,1
2025-01-31,Burger Buns,Bakery,3,265,4.9,0,0,1,4,1
2025-02-01,Burger Buns,Bakery,3,196,3.7,0,0,1,5,0
2025-02-02,Burger Buns,Bakery,3,200,4.4,0,0,1,6,0
2025-02-03,Burger Buns,Bakery,3,154,1.7,0,0,0,0,1
2025-02-04,Burger Buns,Bakery,3,104,2.9,0,0,0,1,0
2025-02-05,Burger Buns,Bakery,3,149,3.8,0,0,0,2,0
2025-02-06,Burger Buns,Bakery,3,129,5.2,0,0,0,3,0
2025-02-07,Burger Buns,Bakery,3,174,2.6,0,0,1,4,0
2025-02-08,Burger Buns,Bakery,3,193,4.6,0,0,1,5,0
2025-02-09,Burger Buns,Bakery,3,193,2.9,0,0,1,6,0
2025-02-10,Burger Buns,Bakery,3,108,3.3,0,0,0,0,0
2025-02-11,Burger Buns,Bakery,3,115,5.5,0,0,0,1,0
2025-02-12,Burger Buns,Bakery,3,129,-0.7,0,1,0,2,0
2025-02-13,Burger Buns,Bakery,3,133,0.9,0,1,0,3,0
2025-02-14,Burger Buns,Bakery,3,192,0.5,0,1,1,4,0
2025-02-15,Burger Buns,Bakery,3,168,-1.3,0,1,1,5,0
2025-02-16,Burger Buns,Bakery,3,194,2.4,0,1,1,6,0
2025-02-17,Burger Buns,Bakery,3,120,5.6,0,1,0,0,0
2025-02-18,Burger Buns,Bakery,3,116,3.4,0,1,0,1,0
2025-02-19,Burger Buns,Bakery,3,135,4.6,0,0,0,2,0
2025-02-20,Burger Buns,Bakery,3,131,6.6,0,0,0,3,0
2025-02-21,Burger Buns,Bakery,3,193,7.2,0,0,1,4,0
2025-02-22,Burger Buns,Bakery,3,215,4.2,0,0,1,5,0
2025-02-23,Burger Buns,Bakery,3,202,7.4,0,0,1,6,0
2025-02-24,Burger Buns,Bakery,3,91,4.7,0,0,0,0,0
2025-02-25,Burger Buns,Bakery,3,104,2.7,0,0,0,1,0
2025-02-26,Burger Buns,Bakery,3,152,3.4,0,0,0,2,0
2025-02-27,Burger Buns,Bakery,3,117,1.5,0,0,0,3,0
2025-02-28,Burger Buns,Bakery,3,192,2.9,0,0,1,4,0
2025-03-01,Burger Buns,Bakery,3,195,4.1,0,0,1,5,0
2025-03-02,Burger Buns,Bakery,3,217,6.8,0,0,1,6,0
2025-03-03,Burger Buns,Bakery,3,123,8.9,0,0,0,0,0
2025-03-04,Burger Buns,Bakery,3,113,2.2,0,0,0,1,0
2025-03-05,Burger Buns,Bakery,3,132,6.2,0,0,0,2,0
2025-03-06,Burger Buns,Bakery,3,119,3.1,0,0,0,3,0
2025-03-07,Burger Buns,Bakery,3,205,6.6,0,0,1,4,0
2025-03-08,Burger Buns,Bakery,3,220,5.3,0,0,1,5,0
2025-03-09,Burger Buns,Bakery,3,228,1.7,0,0,1,6,0
2025-03-10,Burger Buns,Bakery,3,125,7.9,0,0,0,0,0
2025-03-11,Burger Buns,Bakery,3,116,4.6,0,0,0,1,0
2025-03-12,Burger Buns,Bakery,3,114,4.9,0,0,0,2,0
2025-03-13,Burger Buns,Bakery,3,145,3.8,0,0,0,3,0
2025-03-14,Burger Buns,Bakery,3,193,4.8,0,0,1,4,0
2025-03-15,Burger Buns,Bakery,3,196,7.3,0,0,1,5,0
2025-03-16,Burger Buns,Bakery,3,210,6.1,0,0,1,6,0
2025-03-17,Burger Buns,Bakery,3,126,7.3,0,0,0,0,0
2025-03-18,Burger Buns,Bakery,3,109,7.5,0,0,0,1,0
2025-03-19,Burger Buns,Bakery,3,206,9.7,0,0,0,2,1
2025-03-20,Burger Buns,Bakery,3,188,6.2,0,0,0,3,1
2025-03-21,Burger Buns,Bakery,3,213,3.8,0,0,1,4,0
2025-03-22,Burger Buns,Bakery,3,217,9.5,0,0,1,5,0
2025-03-23,Burger Buns,Bakery,3,206,6.6,0,0,1,6,0
2025-03-24,Burger Buns,Bakery,3,125,9.9,0,0,0,0,0
2025-03-25,Burger Buns,Bakery,3,122,8.4,0,0,0,1,0
2025-03-26,Burger Buns,Bakery,3,128,7.4,0,0,0,2,0
2025-03-27,Burger Buns,Bakery,3,134,8.6,0,0,0,3,0
2025-03-28,Burger Buns,Bakery,3,203,12.2,0,0,1,4,0
2025-03-29,Burger Buns,Bakery,3,210,12.6,0,0,1,5,0
2025-03-30,Burger Buns,Bakery,3,215,8.3,0,0,1,6,0
2025-03-31,Burger Buns,Bakery,3,150,8.7,0,0,0,0,0
2025-04-01,Burger Buns,Bakery,3,133,10.8,0,1,0,1,0
2025-04-02,Burger Buns,Bakery,3,130,6.7,0,1,0,2,0
2025-04-03,Burger Buns,Bakery,3,197,9.4,0,1,0,3,1
2025-04-04,Burger Buns,Bakery,3,294,8.8,0,1,1,4,1
2025-04-05,Burger Buns,Bakery,3,214,9.6,0,1,1,5,0
2025-04-06,Burger Buns,Bakery,3,193,7.3,0,1,1,6,0
2025-04-07,Burger Buns,Bakery,3,126,5.7,0,1,0,0,0
2025-04-08,Burger Buns,Bakery,3,136,4.8,0,1,0,1,0
2025-04-09,Burger Buns,Bakery,3,144,7.0,0,1,0,2,0
2025-04-10,Burger Buns,Bakery,3,156,8.6,0,1,0,3,0
2025-04-11,Burger Buns,Bakery,3,246,9.1,0,1,1,4,0
2025-04-12,Burger Buns,Bakery,3,242,14.2,0,1,1,5,0
2025-04-13,Burger Buns,Bakery,3,284,12.5,0,1,1,6,1
2025-04-14,Burger Buns,Bakery,3,125,8.1,0,1,0,0,0
2025-04-15,Burger Buns,Bakery,3,116,11.1,0,0,0,1,0
2025-04-16,Burger Buns,Bakery,3,139,9.6,0,0,0,2,0
2025-04-17,Burger Buns,Bakery,3,160,10.0,0,0,0,3,0
2025-04-18,Burger Buns,Bakery,3,299,11.1,1,0,1,4,0
2025-04-19,Burger Buns,Bakery,3,249,12.2,0,0,1,5,0
2025-04-20,Burger Buns,Bakery,3,218,10.3,0,0,1,6,0
2025-04-21,Burger Buns,Bakery,3,222,13.5,1,0,0,0,0
2025-04-22,Burger Buns,Bakery,3,134,8.8,0,0,0,1,0
2025-04-23,Burger Buns,Bakery,3,154,11.4,0,0,0,2,0
2025-04-24,Burger Buns,Bakery,3,134,17.3,0,0,0,3,0
2025-04-25,Burger Buns,Bakery,3,213,12.2,0,0,1,4,0
2025-04-26,Burger Buns,Bakery,3,222,15.0,0,0,1,5,0
2025-04-27,Burger Buns,Bakery,3,323,12.2,0,0,1,6,1
2025-04-28,Burger Buns,Bakery,3,142,13.4,0,0,0,0,0
2025-04-29,Burger Buns,Bakery,3,131,12.1,0,0,0,1,0
2025-04-30,Burger Buns,Bakery,3,161,12.0,0,0,0,2,0
2025-05-01,Burger Buns,Bakery,3,163,10.8,0,0,0,3,0
2025-05-02,Burger Buns,Bakery,3,266,13.6,0,0,1,4,0
2025-05-03,Burger Buns,Bakery,3,253,10.9,0,0,1,5,0
2025-05-04,Burger Buns,Bakery,3,225,14.4,0,0,1,6,0
2025-05-05,Burger Buns,Bakery,3,187,15.4,1,0,0,0,0
2025-05-06,Burger Buns,Bakery,3,123,14.0,0,0,0,1,0
2025-05-07,Burger Buns,Bakery,3,146,12.7,0,0,0,2,0
2025-05-08,Burger Buns,Bakery,3,152,14.4,0,0,0,3,0
2025-05-09,Burger Buns,Bakery,3,224,12.9,0,0,1,4,0
2025-05-10,Burger Buns,Bakery,3,217,15.8,0,0,1,5,0
2025-05-11,Burger Buns,Bakery,3,210,9.8,0,0,1,6,0
2025-05-12,Burger Buns,Bakery,3,142,13.2,0,0,0,0,0
2025-05-13,Burger Buns,Bakery,3,144,9.7,0,0,0,1,0
2025-05-14,Burger Buns,Bakery,3,216,10.9,0,0,0,2,1
2025-05-15,Burger Buns,Bakery,3,162,17.3,0,0,0,3,0
2025-05-16,Burger Buns,Bakery,3,228,16.4,0,0,1,4,0
2025-05-17,Burger Buns,Bakery,3,239,13.0,0,0,1,5,0
2025-05-18,Burger Buns,Bakery,3,253,11.4,0,0,1,6,0
2025-05-19,Burger Buns,Bakery,3,131,8.3,0,0,0,0,0
2025-05-20,Burger Buns,Bakery,3,123,13.8,0,0,0,1,0
2025-05-21,Burger Buns,Bakery,3,148,20.4,0,0,0,2,0
2025-05-22,Burger Buns,Bakery,3,139,16.1,0,0,0,3,0
2025-05-23,Burger Buns,Bakery,3,201,14.1,0,0,1,4,0
2025-05-24,Burger Buns,Bakery,3,230,16.4,0,0,1,5,0
2025-05-25,Burger Buns,Bakery,3,224,12.1,0,0,1,6,0
2025-05-26,Burger Buns,Bakery,3,192,15.0,1,1,0,0,0
2025-05-27,Burger Buns,Bakery,3,134,16.0,0,1,0,1,0
2025-05-28,Burger Buns,Bakery,3,161,15.7,0,1,0,2,0
2025-05-29,Burger Buns,Bakery,3,144,17.7,0,1,0,3,0
2025-05-30,Burger Buns,Bakery,3,250,16.8,0,1,1,4,0
2025-05-31,Burger Buns,Bakery,3,236,17.7,0,1,1,5,0
2025-06-01,Burger Buns,Bakery,3,240,14.8,0,0,1,6,0
2025-06-02,Burger Buns,Bakery,3,141,18.4,0,0,0,0,0
2025-06-03,Burger Buns,Bakery,3,137,20.1,0,0,0,1,0
2025-06-04,Burger Buns,Bakery,3,143,14.5,0,0,0,2,0
2025-06-05,Burger Buns,Bakery,3,134,14.7,0,0,0,3,0
2025-06-06,Burger Buns,Bakery,3,254,19.7,0,0,1,4,0
2025-06-07,Burger Buns,Bakery,3,231,16.5,0,0,1,5,0
2025-06-08,Burger Buns,Bakery,3,249,20.1,0,0,1,6,0
2025-06-09,Burger Buns,Bakery,3,132,16.1,0,0,0,0,0
2025-06-10,Burger Buns,Bakery,3,126,20.4,0,0,0,1,0
2025-06-11,Burger Buns,Bakery,3,139,17.5,0,0,0,2,0
2025-06-12,Burger Buns,Bakery,3,134,17.9,0,0,0,3,0
2025-06-13,Burger Buns,Bakery,3,221,20.9,0,0,1,4,0
2025-06-14,Burger Buns,Bakery,3,231,16.7,0,0,1,5,0
2025-06-15,Burger Buns,Bakery,3,242,15.5,0,0,1,6,0
2025-06-16,Burger Buns,Bakery,3,130,16.7,0,0,0,0,0
2025-06-17,Burger Buns,Bakery,3,142,18.7,0,0,0,1,0
2025-06-18,Burger Buns,Bakery,3,130,14.4,0,0,0,2,0
2025-06-19,Burger Buns,Bakery,3,167,19.3,0,0,0,3,0
2025-06-20,Burger Buns,Bakery,3,219,16.8,0,0,1,4,0
2025-06-21,Burger Buns,Bakery,3,224,20.5,0,0,1,5,0
2025-06-22,Burger Buns,Bakery,3,221,12.8,0,0,1,6,0
2025-06-23,Burger Buns,Bakery,3,132,16.4,0,0,0,0,0
2025-06-24,Burger Buns,Bakery,3,133,14.5,0,0,0,1,0
2025-06-25,Burger Buns,Bakery,3,160,16.4,0,0,0,2,0
2025-06-26,Burger Buns,Bakery,3,157,18.9,0,0,0,3,0
2025-06-27,Burger Buns,Bakery,3,241,18.0,0,0,1,4,0
2025-06-28,Burger Buns,Bakery,3,211,17.9,0,0,1,5,0
2025-06-29,Burger Buns,Bakery,3,183,18.1,0,0,1,6,0
2025-06-30,Burger Buns,Bakery,3,140,19.0,0,0,0,0,0
2025-07-01,Burger Buns,Bakery,3,153,16.3,0,1,0,1,1
2025-07-02,Burger Buns,Bakery,3,154,20.2,0,1,0,2,0
2025-07-03,Burger Buns,Bakery,3,148,20.1,0,1,0,3,0
2025-07-04,Burger Buns,Bakery,3,253,19.5,0,1,1,4,0
2025-07-05,Burger Buns,Bakery,3,219,19.9,0,1,1,5,0
2025-07-06,Burger Buns,Bakery,3,342,19.4,0,1,1,6,1
2025-07-07,Burger Buns,Bakery,3,187,23.3,0,1,0,0,1
2025-07-08,Burger Buns,Bakery,3,125,18.6,0,1,0,1,0
2025-07-09,Burger Buns,Bakery,3,145,18.2,0,1,0,2,0
2025-07-10,Burger Buns,Bakery,3,176,17.2,0,1,0,3,1
2025-07-11,Burger Buns,Bakery,3,199,16.6,0,1,1,4,0
2025-07-12,Burger Buns,Bakery,3,214,16.2,0,1,1,5,0
2025-07-13,Burger Buns,Bakery,3,230,17.0,0,1,1,6,0
2025-07-14,Burger Buns,Bakery,3,131,18.8,0,1,0,0,0
2025-07-15,Burger Buns,Bakery,3,171,19.7,0,1,0,1,1
2025-07-16,Burger Buns,Bakery,3,122,19.1,0,1,0,2,0
2025-07-17,Burger Buns,Bakery,3,145,17.3,0,1,0,3,0
2025-07-18,Burger Buns,Bakery,3,217,21.0,0,1,1,4,0
2025-07-19,Burger Buns,Bakery,3,222,20.6,0,1,1,5,0
2025-07-20,Burger Buns,Bakery,3,224,18.6,0,1,1,6,0
2025-07-21,Burger Buns,Bakery,3,118,17.6,0,1,0,0,0
2025-07-22,Burger Buns,Bakery,3,136,20.2,0,1,0,1,0
2025-07-23,Burger Buns,Bakery,3,129,19.4,0,1,0,2,0
2025-07-24,Burger Buns,Bakery,3,155,15.8,0,1,0,3,0
2025-07-25,Burger Buns,Bakery,3,180,18.8,0,1,1,4,0
2025-07-26,Burger Buns,Bakery,3,221,19.5,0,1,1,5,0
2025-07-27,Burger Buns,Bakery,3,220,17.0,0,1,1,6,0
2025-07-28,Burger Buns,Bakery,3,146,19.3,0,1,0,0,0
2025-07-29,Burger Buns,Bakery,3,130,15.7,0,1,0,1,0
2025-07-30,Burger Buns,Bakery,3,151,21.8,0,1,0,2,0
2025-07-31,Burger Buns,Bakery,3,131,21.6,0,1,0,3,0
2025-08-01,Burger Buns,Bakery,3,226,18.3,0,1,1,4,0
2025-08-02,Burger Buns,Bakery,3,214,19.6,0,1,1,5,0
2025-08-03,Burger Buns,Bakery,3,225,13.5,0,1,1,6,0
2025-08-04,Burger Buns,Bakery,3,128,16.2,0,1,0,0,0
2025-08-05,Burger Buns,Bakery,3,116,18.1,0,1,0,1,0
2025-08-06,Burger Buns,Bakery,3,134,16.3,0,1,0,2,0
2025-08-07,Burger Buns,Bakery,3,129,20.2,0,1,0,3,0
2025-08-08,Burger Buns,Bakery,3,221,23.0,0,1,1,4,0
2025-08-09,Burger Buns,Bakery,3,181,16.0,0,1,1,5,0
2025-08-10,Burger Buns,Bakery,3,205,16.7,0,1,1,6,0
2025-08-11,Burger Buns,Bakery,3,121,19.0,0,1,0,0,0
2025-08-12,Burger Buns,Bakery,3,119,21.9,0,1,0,1,0
2025-08-13,Burger Buns,Bakery,3,157,15.7,0,1,0,2,0
2025-08-14,Burger Buns,Bakery,3,134,18.8,0,1,0,3,0
2025-08-15,Burger Buns,Bakery,3,212,22.2,0,1,1,4,0
2025-08-16,Burger Buns,Bakery,3,207,14.5,0,1,1,5,0
2025-08-17,Burger Buns,Bakery,3,253,15.3,0,1,1,6,1
2025-08-18,Burger Buns,Bakery,3,106,17.1,0,1,0,0,0
2025-08-19,Burger Buns,Bakery,3,122,16.8,0,1,0,1,0
2025-08-20,Burger Buns,Bakery,3,133,19.7,0,1,0,2,0
2025-08-21,Burger Buns,Bakery,3,125,18.4,0,1,0,3,0
2025-08-22,Burger Buns,Bakery,3,190,13.9,0,1,1,4,0
2025-08-23,Burger Buns,Bakery,3,203,18.8,0,1,1,5,0
2025-08-24,Burger Buns,Bakery,3,182,16.3,0,1,1,6,0
2025-08-25,Burger Buns,Bakery,3,228,20.3,1,1,0,0,1
2025-08-26,Burger Buns,Bakery,3,108,16.1,0,1,0,1,0
2025-08-27,Burger Buns,Bakery,3,154,16.0,0,1,0,2,0
2025-08-28,Burger Buns,Bakery,3,117,18.5,0,1,0,3,0
2025-08-29,Burger Buns,Bakery,3,191,18.9,0,1,1,4,0
2025-08-30,Burger Buns,Bakery,3,200,18.1,0,1,1,5,0
2025-08-31,Burger Buns,Bakery,3,225,13.3,0,1,1,6,0
2025-09-01,Burger Buns,Bakery,3,120,18.1,0,0,0,0,0
2025-09-02,Burger Buns,Bakery,3,103,14.6,0,0,0,1,0
2025-09-03,Burger Buns,Bakery,3,136,17.3,0,0,0,2,0
2025-09-04,Burger Buns,Bakery,3,114,13.5,0,0,0,3,0
2025-09-05,Burger Buns,Bakery,3,218,17.5,0,0,1,4,0
2025-09-06,Burger Buns,Bakery,3,205,14.7,0,0,1,5,0
2025-09-07,Burger Buns,Bakery,3,200,13.5,0,0,1,6,0
2025-09-08,Burger Buns,Bakery,3,119,17.8,0,0,0,0,0
2025-09-09,Burger Buns,Bakery,3,122,16.7,0,0,0,1,0
2025-09-10,Burger Buns,Bakery,3,116,14.7,0,0,0,2,0
2025-09-11,Burger Buns,Bakery,3,145,19.1,0,0,0,3,0
2025-09-12,Burger Buns,Bakery,3,263,14.9,0,0,1,4,1
2025-09-13,Burger Buns,Bakery,3,173,15.8,0,0,1,5,0
2025-09-14,Burger Buns,Bakery,3,184,16.2,0,0,1,6,0
2025-09-15,Burger Buns,Bakery,3,101,14.1,0,0,0,0,0
2025-09-16,Burger Buns,Bakery,3,151,16.4,0,0,0,1,1
2025-09-17,Burger Buns,Bakery,3,140,14.1,0,0,0,2,0
2025-09-18,Burger Buns,Bakery,3,134,14.2,0,0,0,3,0
2025-09-19,Burger Buns,Bakery,3,220,18.0,0,0,1,4,0
2025-09-20,Burger Buns,Bakery,3,250,12.6,0,0,1,5,1
2025-09-21,Burger Buns,Bakery,3,210,9.5,0,0,1,6,0
2025-09-22,Burger Buns,Bakery,3,146,18.2,0,0,0,0,0
2025-09-23,Burger Buns,Bakery,3,117,20.1,0,0,0,1,0
2025-09-24,Burger Buns,Bakery,3,168,13.5,0,0,0,2,1
2025-09-25,Burger Buns,Bakery,3,113,10.0,0,0,0,3,0
2025-09-26,Burger Buns,Bakery,3,176,13.5,0,0,1,4,0
2025-09-27,Burger Buns,Bakery,3,196,13.4,0,0,1,5,0
2025-09-28,Burger Buns,Bakery,3,215,13.5,0,0,1,6,0
2025-09-29,Burger Buns,Bakery,3,120,11.3,0,0,0,0,0
2025-09-30,Burger Buns,Bakery,3,117,14.9,0,0,0,1,0
2025-10-01,Burger Buns,Bakery,3,137,14.7,0,0,0,2,0
2025-10-02,Burger Buns,Bakery,3,153,10.1,0,0,0,3,1
2025-10-03,Burger Buns,Bakery,3,194,14.8,0,0,1,4,0
2025-10-04,Burger Buns,Bakery,3,181,17.6,0,0,1,5,0
2025-10-05,Burger Buns,Bakery,3,190,13.4,0,0,1,6,0
2025-10-06,Burger Buns,Bakery,3,112,12.1,0,0,0,0,0
2025-10-07,Burger Buns,Bakery,3,119,12.4,0,0,0,1,0
2025-10-08,Burger Buns,Bakery,3,123,13.9,0,0,0,2,0
2025-10-09,Burger Buns,Bakery,3,117,8.6,0,0,0,3,0
2025-10-10,Burger Buns,Bakery,3,165,12.7,0,0,1,4,0
2025-10-11,Burger Buns,Bakery,3,188,11.3,0,0,1,5,0
2025-10-12,Burger Buns,Bakery,3,199,16.1,0,0,1,6,0
2025-10-13,Burger Buns,Bakery,3,116,11.5,0,0,0,0,0
2025-10-14,Burger Buns,Bakery,3,94,15.4,0,0,0,1,0
2025-10-15,Burger Buns,Bakery,3,126,9.2,0,0,0,2,0
2025-10-16,Burger Buns,Bakery,3,135,12.8,0,0,0,3,0
2025-10-17,Burger Buns,Bakery,3,192,12.1,0,0,1,4,0
2025-10-18,Burger Buns,Bakery,3,160,9.3,0,0,1,5,0
2025-10-19,Burger Buns,Bakery,3,172,11.5,0,0,1,6,0
2025-10-20,Burger Buns,Bakery,3,115,13.6,0,0,0,0,0
2025-10-21,Burger Buns,Bakery,3,108,10.1,0,0,0,1,0
2025-10-22,Burger Buns,Bakery,3,102,7.0,0,0,0,2,0
2025-10-23,Burger Buns,Bakery,3,131,10.5,0,0,0,3,0
2025-10-24,Burger Buns,Bakery,3,175,8.4,0,0,1,4,0
2025-10-25,Burger Buns,Bakery,3,155,9.5,0,0,1,5,0
2025-10-26,Burger Buns,Bakery,3,190,9.9,0,1,1,6,0
2025-10-27,Burger Buns,Bakery,3,107,6.2,0,1,0,0,0
2025-10-28,Burger Buns,Bakery,3,160,6.3,0,1,0,1,1
2025-10-29,Burger Buns,Bakery,3,116,10.8,0,1,0,2,0
2025-10-30,Burger Buns,Bakery,3,120,8.4,0,1,0,3,0
2025-10-31,Burger Buns,Bakery,3,165,3.8,0,1,1,4,0
2025-11-01,Burger Buns,Bakery,3,161,11.0,0,0,1,5,0
2025-11-02,Burger Buns,Bakery,3,258,9.8,0,0,1,6,1
2025-11-03,Burger Buns,Bakery,3,104,7.5,0,0,0,0,0
2025-11-04,Burger Buns,Bakery,3,91,6.0,0,0,0,1,0
2025-11-05,Burger Buns,Bakery,3,110,10.6,0,0,0,2,0
2025-11-06,Burger Buns,Bakery,3,115,9.4,0,0,0,3,0
2025-11-07,Burger Buns,Bakery,3,203,13.8,0,0,1,4,0
2025-11-08,Burger Buns,Bakery,3,178,9.3,0,0,1,5,0
2025-11-09,Burger Buns,Bakery,3,166,9.1,0,0,1,6,0
2025-11-10,Burger Buns,Bakery,3,102,7.8,0,0,0,0,0
2025-11-11,Burger Buns,Bakery,3,150,9.8,0,0,0,1,1
2025-11-12,Burger Buns,Bakery,3,133,9.2,0,0,0,2,0
2025-11-13,Burger Buns,Bakery,3,162,10.5,0,0,0,3,1
2025-11-14,Burger Buns,Bakery,3,169,6.5,0,0,1,4,0
2025-11-15,Burger Buns,Bakery,3,159,6.5,0,0,1,5,0
2025-11-16,Burger Buns,Bakery,3,190,6.3,0,0,1,6,0
2025-11-17,Burger Buns,Bakery,3,99,9.0,0,0,0,0,0
2025-11-18,Burger Buns,Bakery,3,104,10.4,0,0,0,1,0
2025-11-19,Burger Buns,Bakery,3,133,6.0,0,0,0,2,0
2025-11-20,Burger Buns,Bakery,3,133,6.0,0,0,0,3,0
2025-11-21,Burger Buns,Bakery,3,148,7.5,0,0,1,4,0
2025-11-22,Burger Buns,Bakery,3,174,6.1,0,0,1,5,0
2025-11-23,Burger Buns,Bakery,3,192,8.6,0,0,1,6,0
2025-11-24,Burger Buns,Bakery,3,107,1.5,0,0,0,0,0
2025-11-25,Burger Buns,Bakery,3,107,4.5,0,0,0,1,0
2025-11-26,Burger Buns,Bakery,3,136,4.5,0,0,0,2,0
2025-11-27,Burger Buns,Bakery,3,104,1.0,0,0,0,3,0
2025-11-28,Burger Buns,Bakery,3,183,3.9,0,0,1,4,0
2025-11-29,Burger Buns,Bakery,3,182,3.9,0,0,1,5,0
2025-11-30,Burger Buns,Bakery,3,186,5.3,0,0,1,6,0
2025-12-01,Burger Buns,Bakery,3,98,8.1,0,0,0,0,0
2025-12-02,Burger Buns,Bakery,3,99,5.0,0,0,0,1,0
2025-12-03,Burger Buns,Bakery,3,113,3.2,0,0,0,2,0
2025-12-04,Burger Buns,Bakery,3,105,5.2,0,0,0,3,0
2025-12-05,Burger Buns,Bakery,3,164,7.6,0,0,1,4,0
2025-12-06,Burger Buns,Bakery,3,206,3.0,0,0,1,5,0
2025-12-07,Burger Buns,Bakery,3,198,3.1,0,0,1,6,0
2025-12-08,Burger Buns,Bakery,3,113,6.2,0,0,0,0,0
2025-12-09,Burger Buns,Bakery,3,101,4.4,0,0,0,1,0
2025-12-10,Burger Buns,Bakery,3,96,6.2,0,0,0,2,0
2025-12-11,Burger Buns,Bakery,3,121,4.7,0,0,0,3,0
2025-12-12,Burger Buns,Bakery,3,191,6.2,0,0,1,4,0
2025-12-13,Burger Buns,Bakery,3,165,2.3,0,0,1,5,0
2025-12-14,Burger Buns,Bakery,3,185,4.5,0,0,1,6,0
2025-12-15,Burger Buns,Bakery,3,91,3.9,0,0,0,0,0
2025-12-16,Burger Buns,Bakery,3,99,1.7,0,0,0,1,0
2025-12-17,Burger Buns,Bakery,3,145,0.8,0,0,0,2,0
2025-12-18,Burger Buns,Bakery,3,125,5.7,0,0,0,3,0
2025-12-19,Burger Buns,Bakery,3,189,3.3,0,0,1,4,0
2025-12-20,Burger Buns,Bakery,3,167,1.8,0,1,1,5,0
2025-12-21,Burger Buns,Bakery,3,254,3.8,0,1,1,6,1
2025-12-22,Burger Buns,Bakery,3,103,6.4,0,1,0,0,0
2025-12-23,Burger Buns,Bakery,3,104,-1.2,0,1,0,1,0
2025-12-24,Burger Buns,Bakery,3,108,0.5,0,1,0,2,0
2025-12-25,Burger Buns,Bakery,3,0,1.7,1,1,0,3,1
2025-12-26,Burger Buns,Bakery,3,237,6.9,1,1,1,4,0
2025-12-27,Burger Buns,Bakery,3,194,4.2,0,1,1,5,0
2025-12-28,Burger Buns,Bakery,3,169,5.3,0,1,1,6,0
2025-12-29,Burger Buns,Bakery,3,96,1.0,0,1,0,0,0
2025-12-30,Burger Buns,Bakery,3,145,1.0,0,1,0,1,1
2025-12-31,Burger Buns,Bakery,3,125,4.4,0,1,0,2,0
2024-01-01,Fries (Potatoes),Produce,7,165,4.0,1,1,0,0,0
2024-01-02,Fries (Potatoes),Produce,7,122,1.0,0,1,0,1,0
2024-01-03,Fries (Potatoes),Produce,7,125,4.9,0,0,0,2,0
2024-01-04,Fries (Potatoes),Produce,7,115,5.3,0,0,0,3,0
2024-01-05,Fries (Potatoes),Produce,7,178,-1.1,0,0,1,4,0
2024-01-06,Fries (Potatoes),Produce,7,154,0.3,0,0,1,5,0
2024-01-07,Fries (Potatoes),Produce,7,168,3.4,0,0,1,6,0
2024-01-08,Fries (Potatoes),Produce,7,111,2.4,0,0,0,0,0
2024-01-09,Fries (Potatoes),Produce,7,124,3.1,0,0,0,1,0
2024-01-10,Fries (Potatoes),Produce,7,102,1.2,0,0,0,2,0
2024-01-11,Fries (Potatoes),Produce,7,160,5.0,0,0,0,3,1
2024-01-12,Fries (Potatoes),Produce,7,262,4.8,0,0,1,4,1
2024-01-13,Fries (Potatoes),Produce,7,213,3.2,0,0,1,5,0
2024-01-14,Fries (Potatoes),Produce,7,185,5.5,0,0,1,6,0
2024-01-15,Fries (Potatoes),Produce,7,98,4.0,0,0,0,0,0
2024-01-16,Fries (Potatoes),Produce,7,101,1.1,0,0,0,1,0
2024-01-17,Fries (Potatoes),Produce,7,106,3.8,0,0,0,2,0
2024-01-18,Fries (Potatoes),Produce,7,108,0.9,0,0,0,3,0
2024-01-19,Fries (Potatoes),Produce,7,173,4.9,0,0,1,4,0
2024-01-20,Fries (Potatoes),Produce,7,173,2.9,0,0,1,5,0
2024-01-21,Fries (Potatoes),Produce,7,173,2.6,0,0,1,6,0
2024-01-22,Fries (Potatoes),Produce,7,134,1.5,0,0,0,0,1
2024-01-23,Fries (Potatoes),Produce,7,121,5.7,0,0,0,1,0
2024-01-24,Fries (Potatoes),Produce,7,123,2.7,0,0,0,2,0
2024-01-25,Fries (Potatoes),Produce,7,115,2.1,0,0,0,3,0
2024-01-26,Fries (Potatoes),Produce,7,162,2.3,0,0,1,4,0
2024-01-27,Fries (Potatoes),Produce,7,189,4.3,0,0,1,5,0
2024-01-28,Fries (Potatoes),Produce,7,184,3.9,0,0,1,6,0
2024-01-29,Fries (Potatoes),Produce,7,114,4.0,0,0,0,0,0
2024-01-30,Fries (Potatoes),Produce,7,104,4.1,0,0,0,1,0
2024-01-31,Fries (Potatoes),Produce,7,129,7.9,0,0,0,2,0
2024-02-01,Fries (Potatoes),Produce,7,117,2.3,0,0,0,3,0
2024-02-02,Fries (Potatoes),Produce,7,176,2.1,0,0,1,4,0
2024-02-03,Fries (Potatoes),Produce,7,173,1.5,0,0,1,5,0
2024-02-04,Fries (Potatoes),Produce,7,200,4.7,0,0,1,6,0
2024-02-05,Fries (Potatoes),Produce,7,121,5.8,0,0,0,0,0
2024-02-06,Fries (Potatoes),Produce,7,115,3.1,0,0,0,1,0
2024-02-07,Fries (Potatoes),Produce,7,135,1.6,0,0,0,2,0
2024-02-08,Fries (Potatoes),Produce,7,116,1.7,0,0,0,3,0
2024-02-09,Fries (Potatoes),Produce,7,220,5.0,0,0,1,4,0
2024-02-10,Fries (Potatoes),Produce,7,230,5.2,0,0,1,5,0
2024-02-11,Fries (Potatoes),Produce,7,206,4.8,0,0,1,6,0
2024-02-12,Fries (Potatoes),Produce,7,133,2.2,0,1,0,0,0
2024-02-13,Fries (Potatoes),Produce,7,115,4.3,0,1,0,1,0
2024-02-14,Fries (Potatoes),Produce,7,134,4.1,0,1,0,2,0
2024-02-15,Fries (Potatoes),Produce,7,130,4.3,0,1,0,3,0
2024-02-16,Fries (Potatoes),Produce,7,220,5.8,0,1,1,4,0
2024-02-17,Fries (Potatoes),Produce,7,216,4.5,0,1,1,5,0
2024-02-18,Fries (Potatoes),Produce,7,215,5.6,0,1,1,6,0
2024-02-19,Fries (Potatoes),Produce,7,141,4.3,0,0,0,0,0
2024-02-20,Fries (Potatoes),Produce,7,114,4.8,0,0,0,1,0
2024-02-21,Fries (Potatoes),Produce,7,129,5.7,0,0,0,2,0
2024-02-22,Fries (Potatoes),Produce,7,137,1.1,0,0,0,3,0
2024-02-23,Fries (Potatoes),Produce,7,200,3.7,0,0,1,4,0
2024-02-24,Fries (Potatoes),Produce,7,219,3.5,0,0,1,5,0
2024-02-25,Fries (Potatoes),Produce,7,235,3.2,0,0,1,6,0
2024-02-26,Fries (Potatoes),Produce,7,129,4.1,0,0,0,0,0
2024-02-27,Fries (Potatoes),Produce,7,131,8.0,0,0,0,1,0
2024-02-28,Fries (Potatoes),Produce,7,195,2.9,0,0,0,2,1
2024-02-29,Fries (Potatoes),Produce,7,148,7.1,0,0,0,3,0
2024-03-01,Fries (Potatoes),Produce,7,185,1.3,0,0,1,4,0
2024-03-02,Fries (Potatoes),Produce,7,213,4.4,0,0,1,5,0
2024-03-03,Fries (Potatoes),Produce,7,195,5.6,0,0,1,6,0
2024-03-04,Fries (Potatoes),Produce,7,169,6.6,0,0,0,0,1
2024-03-05,Fries (Potatoes),Produce,7,176,7.0,0,0,0,1,1
2024-03-06,Fries (Potatoes),Produce,7,142,7.3,0,0,0,2,0
2024-03-07,Fries (Potatoes),Produce,7,180,4.8,0,0,0,3,1
2024-03-08,Fries (Potatoes),Produce,7,202,4.7,0,0,1,4,0
2024-03-09,Fries (Potatoes),Produce,7,243,7.7,0,0,1,5,0
2024-03-10,Fries (Potatoes),Produce,7,218,5.5,0,0,1,6,0
2024-03-11,Fries (Potatoes),Produce,7,113,3.2,0,0,0,0,0
2024-03-12,Fries (Potatoes),Produce,7,135,3.6,0,0,0,1,0
2024-03-13,Fries (Potatoes),Produce,7,129,4.2,0,0,0,2,0
2024-03-14,Fries (Potatoes),Produce,7,139,7.5,0,0,0,3,0
2024-03-15,Fries (Potatoes),Produce,7,223,6.8,0,0,1,4,0
2024-03-16,Fries (Potatoes),Produce,7,244,8.1,0,0,1,5,0
2024-03-17,Fries (Potatoes),Produce,7,223,5.8,0,0,1,6,0
2024-03-18,Fries (Potatoes),Produce,7,125,7.2,0,0,0,0,0
2024-03-19,Fries (Potatoes),Produce,7,115,8.3,0,0,0,1,0
2024-03-20,Fries (Potatoes),Produce,7,146,6.4,0,0,0,2,0
2024-03-21,Fries (Potatoes),Produce,7,162,8.2,0,0,0,3,0
2024-03-22,Fries (Potatoes),Produce,7,218,5.8,0,0,1,4,0
2024-03-23,Fries (Potatoes),Produce,7,210,6.6,0,0,1,5,0
2024-03-24,Fries (Potatoes),Produce,7,240,6.7,0,0,1,6,0
2024-03-25,Fries (Potatoes),Produce,7,130,5.0,0,0,0,0,0
2024-03-26,Fries (Potatoes),Produce,7,196,8.9,0,0,0,1,1
2024-03-27,Fries (Potatoes),Produce,7,134,6.9,0,0,0,2,0
2024-03-28,Fries (Potatoes),Produce,7,149,8.1,0,0,0,3,0
2024-03-29,Fries (Potatoes),Produce,7,348,9.2,1,0,1,4,0
2024-03-30,Fries (Potatoes),Produce,7,234,9.3,0,0,1,5,0
2024-03-31,Fries (Potatoes),Produce,7,231,9.9,0,0,1,6,0
2024-04-01,Fries (Potatoes),Produce,7,208,8.3,1,1,0,0,0
2024-04-02,Fries (Potatoes),Produce,7,147,7.8,0,1,0,1,0
2024-04-03,Fries (Potatoes),Produce,7,153,8.7,0,1,0,2,0
2024-04-04,Fries (Potatoes),Produce,7,143,5.2,0,1,0,3,0
2024-04-05,Fries (Potatoes),Produce,7,211,5.9,0,1,1,4,0
2024-04-06,Fries (Potatoes),Produce,7,232,6.3,0,1,1,5,0
2024-04-07,Fries (Potatoes),Produce,7,222,7.2,0,1,1,6,0
2024-04-08,Fries (Potatoes),Produce,7,142,10.4,0,1,0,0,0
2024-04-09,Fries (Potatoes),Produce,7,136,7.6,0,1,0,1,0
2024-04-10,Fries (Potatoes),Produce,7,131,8.9,0,1,0,2,0
2024-04-11,Fries (Potatoes),Produce,7,148,12.8,0,1,0,3,0
2024-04-12,Fries (Potatoes),Produce,7,222,9.3,0,1,1,4,0
2024-04-13,Fries (Potatoes),Produce,7,317,11.8,0,1,1,5,1
2024-04-14,Fries (Potatoes),Produce,7,219,8.3,0,1,1,6,0
2024-04-15,Fries (Potatoes),Produce,7,137,10.0,0,0,0,0,0
2024-04-16,Fries (Potatoes),Produce,7,137,8.5,0,0,0,1,0
2024-04-17,Fries (Potatoes),Produce,7,149,10.0,0,0,0,2,0
2024-04-18,Fries (Potatoes),Produce,7,163,12.7,0,0,0,3,0
2024-04-19,Fries (Potatoes),Produce,7,336,7.2,0,0,1,4,1
2024-04-20,Fries (Potatoes),Produce,7,301,12.1,0,0,1,5,1
2024-04-21,Fries (Potatoes),Produce,7,323,11.8,0,0,1,6,1
2024-04-22,Fries (Potatoes),Produce,7,154,10.1,0,0,0,0,0
2024-04-23,Fries (Potatoes),Produce,7,171,8.4,0,0,0,1,1
2024-04-24,Fries (Potatoes),Produce,7,160,11.8,0,0,0,2,0
2024-04-25,Fries (Potatoes),Produce,7,167,10.7,0,0,0,3,0
2024-04-26,Fries (Potatoes),Produce,7,260,12.5,0,0,1,4,0
2024-04-27,Fries (Potatoes),Produce,7,243,12.1,0,0,1,5,0
2024-04-28,Fries (Potatoes),Produce,7,273,15.8,0,0,1,6,0
2024-04-29,Fries (Potatoes),Produce,7,175,11.8,0,0,0,0,1
2024-04-30,Fries (Potatoes),Produce,7,154,10.3,0,0,0,1,0
2024-05-01,Fries (Potatoes),Produce,7,167,13.0,0,0,0,2,0
2024-05-02,Fries (Potatoes),Produce,7,173,13.3,0,0,0,3,0
2024-05-03,Fries (Potatoes),Produce,7,220,15.9,0,0,1,4,0
2024-05-04,Fries (Potatoes),Produce,7,319,14.9,0,0,1,5,1
2024-05-05,Fries (Potatoes),Produce,7,241,14.0,0,0,1,6,0
2024-05-06,Fries (Potatoes),Produce,7,192,16.5,1,0,0,0,0
2024-05-07,Fries (Potatoes),Produce,7,132,10.8,0,0,0,1,0
2024-05-08,Fries (Potatoes),Produce,7,169,12.2,0,0,0,2,0
2024-05-09,Fries (Potatoes),Produce,7,146,11.7,0,0,0,3,0
2024-05-10,Fries (Potatoes),Produce,7,266,13.0,0,0,1,4,0
2024-05-11,Fries (Potatoes),Produce,7,224,10.9,0,0,1,5,0
2024-05-12,Fries (Potatoes),Produce,7,265,15.5,0,0,1,6,0
2024-05-13,Fries (Potatoes),Produce,7,135,13.7,0,0,0,0,0
2024-05-14,Fries (Potatoes),Produce,7,160,11.1,0,0,0,1,0
2024-05-15,Fries (Potatoes),Produce,7,168,12.2,0,0,0,2,0
2024-05-16,Fries (Potatoes),Produce,7,242,15.3,0,0,0,3,1
2024-05-17,Fries (Potatoes),Produce,7,254,16.5,0,0,1,4,0
2024-05-18,Fries (Potatoes),Produce,7,249,19.2,0,0,1,5,0
2024-05-19,Fries (Potatoes),Produce,7,281,21.4,0,0,1,6,0
2024-05-20,Fries (Potatoes),Produce,7,137,16.0,0,0,0,0,0
2024-05-21,Fries (Potatoes),Produce,7,148,13.0,0,0,0,1,0
2024-05-22,Fries (Potatoes),Produce,7,136,10.6,0,0,0,2,0
2024-05-23,Fries (Potatoes),Produce,7,167,16.0,0,0,0,3,0
2024-05-24,Fries (Potatoes),Produce,7,269,13.7,0,0,1,4,0
2024-05-25,Fries (Potatoes),Produce,7,265,14.7,0,0,1,5,0
2024-05-26,Fries (Potatoes),Produce,7,249,14.4,0,1,1,6,0
2024-05-27,Fries (Potatoes),Produce,7,226,15.6,1,1,0,0,0
2024-05-28,Fries (Potatoes),Produce,7,154,18.3,0,1,0,1,0
2024-05-29,Fries (Potatoes),Produce,7,185,16.4,0,1,0,2,0
2024-05-30,Fries (Potatoes),Produce,7,135,15.8,0,1,0,3,0
2024-05-31,Fries (Potatoes),Produce,7,266,14.0,0,1,1,4,0
2024-06-01,Fries (Potatoes),Produce,7,253,12.7,0,0,1,5,0
2024-06-02,Fries (Potatoes),Produce,7,243,15.4,0,0,1,6,0
2024-06-03,Fries (Potatoes),Produce,7,186,16.5,0,0,0,0,1
2024-06-04,Fries (Potatoes),Produce,7,143,20.6,0,0,0,1,0
2024-06-05,Fries (Potatoes),Produce,7,233,17.1,0,0,0,2,1
2024-06-06,Fries (Potatoes),Produce,7,147,19.0,0,0,0,3,0
2024-06-07,Fries (Potatoes),Produce,7,254,15.9,0,0,1,4,0
2024-06-08,Fries (Potatoes),Produce,7,242,14.5,0,0,1,5,0
2024-06-09,Fries (Potatoes),Produce,7,252,15.0,0,0,1,6,0
2024-06-10,Fries (Potatoes),Produce,7,156,15.6,0,0,0,0,0
2024-06-11,Fries (Potatoes),Produce,7,153,22.0,0,0,0,1,0
2024-06-12,Fries (Potatoes),Produce,7,149,15.6,0,0,0,2,0
2024-06-13,Fries (Potatoes),Produce,7,165,19.3,0,0,0,3,0
2024-06-14,Fries (Potatoes),Produce,7,254,15.6,0,0,1,4,0
2024-06-15,Fries (Potatoes),Produce,7,273,19.7,0,0,1,5,0
2024-06-16,Fries (Potatoes),Produce,7,271,18.6,0,0,1,6,0
2024-06-17,Fries (Potatoes),Produce,7,155,17.5,0,0,0,0,0
2024-06-18,Fries (Potatoes),Produce,7,148,17.8,0,0,0,1,0
2024-06-19,Fries (Potatoes),Produce,7,168,16.5,0,0,0,2,0
2024-06-20,Fries (Potatoes),Produce,7,143,19.0,0,0,0,3,0
2024-06-21,Fries (Potatoes),Produce,7,252,17.1,0,0,1,4,0
2024-06-22,Fries (Potatoes),Produce,7,257,15.4,0,0,1,5,0
2024-06-23,Fries (Potatoes),Produce,7,272,15.4,0,0,1,6,0
2024-06-24,Fries (Potatoes),Produce,7,234,18.6,0,0,0,0,1
2024-06-25,Fries (Potatoes),Produce,7,155,21.8,0,0,0,1,0
2024-06-26,Fries (Potatoes),Produce,7,144,18.7,0,0,0,2,0
2024-06-27,Fries (Potatoes),Produce,7,180,18.2,0,0,0,3,0
2024-06-28,Fries (Potatoes),Produce,7,231,19.1,0,0,1,4,0
2024-06-29,Fries (Potatoes),Produce,7,333,21.4,0,0,1,5,1
2024-06-30,Fries (Potatoes),Produce,7,273,19.0,0,0,1,6,0
2024-07-01,Fries (Potatoes),Produce,7,162,17.7,0,1,0,0,0
2024-07-02,Fries (Potatoes),Produce,7,130,21.1,0,1,0,1,0
2024-07-03,Fries (Potatoes),Produce,7,161,19.6,0,1,0,2,0
2024-07-04,Fries (Potatoes),Produce,7,181,22.1,0,1,0,3,0
2024-07-05,Fries (Potatoes),Produce,7,252,19.2,0,1,1,4,0
2024-07-06,Fries (Potatoes),Produce,7,221,16.1,0,1,1,5,0
2024-07-07,Fries (Potatoes),Produce,7,246,15.8,0,1,1,6,0
2024-07-08,Fries (Potatoes),Produce,7,152,22.5,0,1,0,0,0
2024-07-09,Fries (Potatoes),Produce,7,137,22.7,0,1,0,1,0
2024-07-10,Fries (Potatoes),Produce,7,150,18.5,0,1,0,2,0
2024-07-11,Fries (Potatoes),Produce,7,150,18.1,0,1,0,3,0
2024-07-12,Fries (Potatoes),Produce,7,239,22.2,0,1,1,4,0
2024-07-13,Fries (Potatoes),Produce,7,233,16.5,0,1,1,5,0
2024-07-14,Fries (Potatoes),Produce,7,241,17.0,0,1,1,6,0
2024-07-15,Fries (Potatoes),Produce,7,170,20.4,0,1,0,0,0
2024-07-16,Fries (Potatoes),Produce,7,181,18.1,0,1,0,1,1
2024-07-17,Fries (Potatoes),Produce,7,167,19.0,0,1,0,2,0
2024-07-18,Fries (Potatoes),Produce,7,173,18.6,0,1,0,3,0
2024-07-19,Fries (Potatoes),Produce,7,341,19.7,0,1,1,4,1
2024-07-20,Fries (Potatoes),Produce,7,248,22.1,0,1,1,5,0
2024-07-21,Fries (Potatoes),Produce,7,257,19.2,0,1,1,6,0
2024-07-22,Fries (Potatoes),Produce,7,159,20.4,0,1,0,0,0
2024-07-23,Fries (Potatoes),Produce,7,199,14.5,0,1,0,1,1
2024-07-24,Fries (Potatoes),Produce,7,153,18.9,0,1,0,2,0
2024-07-25,Fries (Potatoes),Produce,7,162,17.1,0,1,0,3,0
2024-07-26,Fries (Potatoes),Produce,7,230,16.3,0,1,1,4,0
2024-07-27,Fries (Potatoes),Produce,7,220,17.0,0,1,1,5,0
2024-07-28,Fries (Potatoes),Produce,7,221,18.2,0,1,1,6,0
2024-07-29,Fries (Potatoes),Produce,7,157,20.9,0,1,0,0,0
2024-07-30,Fries (Potatoes),Produce,7,140,15.9,0,1,0,1,0
2024-07-31,Fries (Potatoes),Produce,7,146,18.9,0,1,0,2,0
2024-08-01,Fries (Potatoes),Produce,7,147,17.7,0,1,0,3,0
2024-08-02,Fries (Potatoes),Produce,7,231,18.1,0,1,1,4,0
2024-08-03,Fries (Potatoes),Produce,7,223,21.0,0,1,1,5,0
2024-08-04,Fries (Potatoes),Produce,7,264,19.9,0,1,1,6,0
2024-08-05,Fries (Potatoes),Produce,7,192,21.6,0,1,0,0,1
2024-08-06,Fries (Potatoes),Produce,7,143,18.3,0,1,0,1,0
2024-08-07,Fries (Potatoes),Produce,7,145,17.1,0,1,0,2,0
2024-08-08,Fries (Potatoes),Produce,7,148,18.1,0,1,0,3,0
2024-08-09,Fries (Potatoes),Produce,7,227,19.0,0,1,1,4,0
2024-08-10,Fries (Potatoes),Produce,7,346,18.8,0,1,1,5,1
2024-08-11,Fries (Potatoes),Produce,7,226,16.0,0,1,1,6,0
2024-08-12,Fries (Potatoes),Produce,7,140,18.5,0,1,0,0,0
2024-08-13,Fries (Potatoes),Produce,7,146,18.8,0,1,0,1,0
2024-08-14,Fries (Potatoes),Produce,7,156,23.8,0,1,0,2,0
2024-08-15,Fries (Potatoes),Produce,7,163,22.3,0,1,0,3,0
2024-08-16,Fries (Potatoes),Produce,7,242,16.2,0,1,1,4,0
2024-08-17,Fries (Potatoes),Produce,7,225,17.4,0,1,1,5,0
2024-08-18,Fries (Potatoes),Produce,7,268,14.8,0,1,1,6,0
2024-08-19,Fries (Potatoes),Produce,7,122,16.6,0,1,0,0,0
2024-08-20,Fries (Potatoes),Produce,7,128,18.5,0,1,0,1,0
2024-08-21,Fries (Potatoes),Produce,7,147,20.4,0,1,0,2,0
2024-08-22,Fries (Potatoes),Produce,7,155,16.1,0,1,0,3,0
2024-08-23,Fries (Potatoes),Produce,7,211,16.2,0,1,1,4,0
2024-08-24,Fries (Potatoes),Produce,7,222,12.8,0,1,1,5,0
2024-08-25,Fries (Potatoes),Produce,7,212,17.1,0,1,1,6,0
2024-08-26,Fries (Potatoes),Produce,7,239,15.0,1,1,0,0,1
2024-08-27,Fries (Potatoes),Produce,7,116,16.1,0,1,0,1,0
2024-08-28,Fries (Potatoes),Produce,7,147,15.3,0,1,0,2,0
2024-08-29,Fries (Potatoes),Produce,7,130,16.9,0,1,0,3,0
2024-08-30,Fries (Potatoes),Produce,7,282,13.2,0,1,1,4,1
2024-08-31,Fries (Potatoes),Produce,7,215,13.7,0,1,1,5,0
2024-09-01,Fries (Potatoes),Produce,7,244,21.5,0,0,1,6,0
2024-09-02,Fries (Potatoes),Produce,7,127,13.9,0,0,0,0,0
2024-09-03,Fries (Potatoes),Produce,7,172,14.2,0,0,0,1,1
2024-09-04,Fries (Potatoes),Produce,7,148,20.6,0,0,0,2,0
2024-09-05,Fries (Potatoes),Produce,7,142,22.8,0,0,0,3,0
2024-09-06,Fries (Potatoes),Produce,7,205,13.8,0,0,1,4,0
2024-09-07,Fries (Potatoes),Produce,7,216,15.4,0,0,1,5,0
2024-09-08,Fries (Potatoes),Produce,7,198,16.9,0,0,1,6,0
2024-09-09,Fries (Potatoes),Produce,7,127,19.8,0,0,0,0,0
2024-09-10,Fries (Potatoes),Produce,7,120,13.8,0,0,0,1,0
2024-09-11,Fries (Potatoes),Produce,7,133,15.3,0,0,0,2,0
2024-09-12,Fries (Potatoes),Produce,7,142,17.4,0,0,0,3,0
2024-09-13,Fries (Potatoes),Produce,7,312,16.6,0,0,1,4,1
2024-09-14,Fries (Potatoes),Produce,7,288,14.7,0,0,1,5,1
2024-09-15,Fries (Potatoes),Produce,7,220,15.1,0,0,1,6,0
2024-09-16,Fries (Potatoes),Produce,7,125,12.2,0,0,0,0,0
2024-09-17,Fries (Potatoes),Produce,7,120,14.6,0,0,0,1,0
2024-09-18,Fries (Potatoes),Produce,7,139,14.4,0,0,0,2,0
2024-09-19,Fries (Potatoes),Produce,7,168,15.4,0,0,0,3,1
2024-09-20,Fries (Potatoes),Produce,7,226,13.6,0,0,1,4,0
2024-09-21,Fries (Potatoes),Produce,7,206,15.7,0,0,1,5,0
2024-09-22,Fries (Potatoes),Produce,7,213,16.8,0,0,1,6,0
2024-09-23,Fries (Potatoes),Produce,7,159,14.8,0,0,0,0,1
2024-09-24,Fries (Potatoes),Produce,7,118,15.1,0,0,0,1,0
2024-09-25,Fries (Potatoes),Produce,7,145,14.3,0,0,0,2,0
2024-09-26,Fries (Potatoes),Produce,7,144,14.0,0,0,0,3,0
2024-09-27,Fries (Potatoes),Produce,7,213,12.3,0,0,1,4,0
2024-09-28,Fries (Potatoes),Produce,7,216,14.5,0,0,1,5,0
2024-09-29,Fries (Potatoes),Produce,7,193,13.4,0,0,1,6,0
2024-09-30,Fries (Potatoes),Produce,7,140,18.1,0,0,0,0,0
2024-10-01,Fries (Potatoes),Produce,7,132,16.8,0,0,0,1,0
2024-10-02,Fries (Potatoes),Produce,7,139,14.1,0,0,0,2,0
2024-10-03,Fries (Potatoes),Produce,7,148,11.4,0,0,0,3,0
2024-10-04,Fries (Potatoes),Produce,7,192,10.5,0,0,1,4,0
2024-10-05,Fries (Potatoes),Produce,7,193,15.5,0,0,1,5,0
2024-10-06,Fries (Potatoes),Produce,7,178,13.3,0,0,1,6,0
2024-10-07,Fries (Potatoes),Produce,7,102,13.6,0,0,0,0,0
2024-10-08,Fries (Potatoes),Produce,7,125,8.6,0,0,0,1,0
2024-10-09,Fries (Potatoes),Produce,7,155,14.4,0,0,0,2,0
2024-10-10,Fries (Potatoes),Produce,7,150,13.2,0,0,0,3,0
2024-10-11,Fries (Potatoes),Produce,7,194,9.6,0,0,1,4,0
2024-10-12,Fries (Potatoes),Produce,7,183,10.9,0,0,1,5,0
2024-10-13,Fries (Potatoes),Produce,7,184,12.4,0,0,1,6,0
2024-10-14,Fries (Potatoes),Produce,7,115,11.8,0,0,0,0,0
2024-10-15,Fries (Potatoes),Produce,7,122,10.9,0,0,0,1,0
2024-10-16,Fries (Potatoes),Produce,7,125,11.1,0,0,0,2,0
2024-10-17,Fries (Potatoes),Produce,7,120,10.7,0,0,0,3,0
2024-10-18,Fries (Potatoes),Produce,7,188,11.4,0,0,1,4,0
2024-10-19,Fries (Potatoes),Produce,7,200,14.2,0,0,1,5,0
2024-10-20,Fries (Potatoes),Produce,7,175,5.2,0,0,1,6,0
2024-10-21,Fries (Potatoes),Produce,7,118,10.2,0,0,0,0,0
2024-10-22,Fries (Potatoes),Produce,7,158,10.9,0,0,0,1,1
2024-10-23,Fries (Potatoes),Produce,7,153,11.0,0,0,0,2,0
2024-10-24,Fries (Potatoes),Produce,7,145,9.4,0,0,0,3,0
2024-10-25,Fries (Potatoes),Produce,7,191,6.3,0,0,1,4,0
2024-10-26,Fries (Potatoes),Produce,7,187,10.7,0,1,1,5,0
2024-10-27,Fries (Potatoes),Produce,7,190,13.7,0,1,1,6,0
2024-10-28,Fries (Potatoes),Produce,7,110,6.3,0,1,0,0,0
2024-10-29,Fries (Potatoes),Produce,7,110,11.5,0,1,0,1,0
2024-10-30,Fries (Potatoes),Produce,7,102,8.7,0,1,0,2,0
2024-10-31,Fries (Potatoes),Produce,7,134,9.2,0,1,0,3,0
2024-11-01,Fries (Potatoes),Produce,7,174,6.9,0,0,1,4,0
2024-11-02,Fries (Potatoes),Produce,7,213,8.3,0,0,1,5,1
2024-11-03,Fries (Potatoes),Produce,7,183,11.8,0,0,1,6,0
2024-11-04,Fries (Potatoes),Produce,7,114,10.1,0,0,0,0,0
2024-11-05,Fries (Potatoes),Produce,7,129,12.5,0,0,0,1,0
2024-11-06,Fries (Potatoes),Produce,7,114,11.1,0,0,0,2,0
2024-11-07,Fries (Potatoes),Produce,7,142,9.3,0,0,0,3,0
2024-11-08,Fries (Potatoes),Produce,7,176,12.1,0,0,1,4,0
2024-11-09,Fries (Potatoes),Produce,7,175,9.1,0,0,1,5,0
2024-11-10,Fries (Potatoes),Produce,7,216,9.8,0,0,1,6,0
2024-11-11,Fries (Potatoes),Produce,7,94,7.2,0,0,0,0,0
2024-11-12,Fries (Potatoes),Produce,7,110,7.9,0,0,0,1,0
2024-11-13,Fries (Potatoes),Produce,7,118,6.1,0,0,0,2,0
2024-11-14,Fries (Potatoes),Produce,7,120,9.7,0,0,0,3,0
2024-11-15,Fries (Potatoes),Produce,7,175,4.8,0,0,1,4,0
2024-11-16,Fries (Potatoes),Produce,7,182,9.0,0,0,1,5,0
2024-11-17,Fries (Potatoes),Produce,7,170,6.7,0,0,1,6,0
2024-11-18,Fries (Potatoes),Produce,7,101,9.6,0,0,0,0,0
2024-11-19,Fries (Potatoes),Produce,7,109,8.5,0,0,0,1,0
2024-11-20,Fries (Potatoes),Produce,7,128,10.8,0,0,0,2,0
2024-11-21,Fries (Potatoes),Produce,7,135,8.3,0,0,0,3,0
2024-11-22,Fries (Potatoes),Produce,7,169,3.1,0,0,1,4,0
2024-11-23,Fries (Potatoes),Produce,7,203,6.3,0,0,1,5,0
2024-11-24,Fries (Potatoes),Produce,7,188,3.7,0,0,1,6,0
2024-11-25,Fries (Potatoes),Produce,7,110,5.1,0,0,0,0,0
2024-11-26,Fries (Potatoes),Produce,7,114,9.4,0,0,0,1,0
2024-11-27,Fries (Potatoes),Produce,7,122,7.4,0,0,0,2,0
2024-11-28,Fries (Potatoes),Produce,7,115,4.3,0,0,0,3,0
2024-11-29,Fries (Potatoes),Produce,7,179,3.5,0,0,1,4,0
2024-11-30,Fries (Potatoes),Produce,7,245,5.7,0,0,1,5,1
2024-12-01,Fries (Potatoes),Produce,7,232,2.9,0,0,1,6,1
2024-12-02,Fries (Potatoes),Produce,7,126,4.0,0,0,0,0,0
2024-12-03,Fries (Potatoes),Produce,7,102,6.1,0,0,0,1,0
2024-12-04,Fries (Potatoes),Produce,7,131,7.8,0,0,0,2,0
2024-12-05,Fries (Potatoes),Produce,7,113,6.5,0,0,0,3,0
2024-12-06,Fries (Potatoes),Produce,7,178,0.0,0,0,1,4,0
2024-12-07,Fries (Potatoes),Produce,7,192,5.7,0,0,1,5,0
2024-12-08,Fries (Potatoes),Produce,7,180,5.1,0,0,1,6,0
2024-12-09,Fries (Potatoes),Produce,7,105,5.7,0,0,0,0,0
2024-12-10,Fries (Potatoes),Produce,7,113,8.3,0,0,0,1,0
2024-12-11,Fries (Potatoes),Produce,7,137,0.1,0,0,0,2,0
2024-12-12,Fries (Potatoes),Produce,7,114,3.3,0,0,0,3,0
2024-12-13,Fries (Potatoes),Produce,7,200,5.8,0,0,1,4,0
2024-12-14,Fries (Potatoes),Produce,7,150,0.9,0,0,1,5,0
2024-12-15,Fries (Potatoes),Produce,7,199,7.6,0,0,1,6,0
2024-12-16,Fries (Potatoes),Produce,7,104,5.1,0,0,0,0,0
2024-12-17,Fries (Potatoes),Produce,7,108,6.0,0,0,0,1,0
2024-12-18,Fries (Potatoes),Produce,7,127,2.9,0,0,0,2,0
2024-12-19,Fries (Potatoes),Produce,7,111,5.8,0,0,0,3,0
2024-12-20,Fries (Potatoes),Produce,7,194,6.3,0,1,1,4,0
2024-12-21,Fries (Potatoes),Produce,7,188,4.4,0,1,1,5,0
2024-12-22,Fries (Potatoes),Produce,7,191,4.4,0,1,1,6,0
2024-12-23,Fries (Potatoes),Produce,7,134,4.4,0,1,0,0,0
2024-12-24,Fries (Potatoes),Produce,7,111,1.8,0,1,0,1,0
2024-12-25,Fries (Potatoes),Produce,7,0,3.3,1,1,0,2,0
2024-12-26,Fries (Potatoes),Produce,7,173,3.3,1,1,0,3,0
2024-12-27,Fries (Potatoes),Produce,7,198,4.4,0,1,1,4,0
2024-12-28,Fries (Potatoes),Produce,7,182,5.7,0,1,1,5,0
2024-12-29,Fries (Potatoes),Produce,7,191,1.1,0,1,1,6,0
2024-12-30,Fries (Potatoes),Produce,7,112,3.1,0,1,0,0,0
2024-12-31,Fries (Potatoes),Produce,7,111,6.6,0,1,0,1,0
2025-01-01,Fries (Potatoes),Produce,7,197,1.7,1,1,0,2,0
2025-01-02,Fries (Potatoes),Produce,7,119,1.5,0,1,0,3,0
2025-01-03,Fries (Potatoes),Produce,7,174,3.7,0,0,1,4,0
2025-01-04,Fries (Potatoes),Produce,7,195,5.1,0,0,1,5,0
2025-01-05,Fries (Potatoes),Produce,7,184,3.2,0,0,1,6,0
2025-01-06,Fries (Potatoes),Produce,7,108,6.1,0,0,0,0,0
2025-01-07,Fries (Potatoes),Produce,7,130,5.0,0,0,0,1,0
2025-01-08,Fries (Potatoes),Produce,7,129,5.0,0,0,0,2,0
2025-01-09,Fries (Potatoes),Produce,7,103,4.3,0,0,0,3,0
2025-01-10,Fries (Potatoes),Produce,7,219,8.2,0,0,1,4,0
2025-01-11,Fries (Potatoes),Produce,7,189,2.6,0,0,1,5,0
2025-01-12,Fries (Potatoes),Produce,7,182,-1.4,0,0,1,6,0
2025-01-13,Fries (Potatoes),Produce,7,122,6.6,0,0,0,0,0
2025-01-14,Fries (Potatoes),Produce,7,116,2.0,0,0,0,1,0
2025-01-15,Fries (Potatoes),Produce,7,128,3.3,0,0,0,2,0
2025-01-16,Fries (Potatoes),Produce,7,125,5.9,0,0,0,3,0
2025-01-17,Fries (Potatoes),Produce,7,190,-0.5,0,0,1,4,0
2025-01-18,Fries (Potatoes),Produce,7,268,0.2,0,0,1,5,1
2025-01-19,Fries (Potatoes),Produce,7,196,-0.5,0,0,1,6,0
2025-01-20,Fries (Potatoes),Produce,7,113,1.3,0,0,0,0,0
2025-01-21,Fries (Potatoes),Produce,7,108,4.0,0,0,0,1,0
2025-01-22,Fries (Potatoes),Produce,7,137,4.2,0,0,0,2,0
2025-01-23,Fries (Potatoes),Produce,7,140,3.6,0,0,0,3,0
2025-01-24,Fries (Potatoes),Produce,7,185,-0.1,0,0,1,4,0
2025-01-25,Fries (Potatoes),Produce,7,164,-2.0,0,0,1,5,0
2025-01-26,Fries (Potatoes),Produce,7,181,3.2,0,0,1,6,0
2025-01-27,Fries (Potatoes),Produce,7,134,2.0,0,0,0,0,0
2025-01-28,Fries (Potatoes),Produce,7,114,4.1,0,0,0,1,0
2025-01-29,Fries (Potatoes),Produce,7,133,4.7,0,0,0,2,0
2025-01-30,Fries (Potatoes),Produce,7,120,3.5,0,0,0,3,0
2025-01-31,Fries (Potatoes),Produce,7,188,4.9,0,0,1,4,0
2025-02-01,Fries (Potatoes),Produce,7,191,3.7,0,0,1,5,0
2025-02-02,Fries (Potatoes),Produce,7,295,4.4,0,0,1,6,1
2025-02-03,Fries (Potatoes),Produce,7,119,1.7,0,0,0,0,0
2025-02-04,Fries (Potatoes),Produce,7,122,2.9,0,0,0,1,0
2025-02-05,Fries (Potatoes),Produce,7,129,3.8,0,0,0,2,0
2025-02-06,Fries (Potatoes),Produce,7,145,5.2,0,0,0,3,0
2025-02-07,Fries (Potatoes),Produce,7,195,2.6,0,0,1,4,0
2025-02-08,Fries (Potatoes),Produce,7,207,4.6,0,0,1,5,0
2025-02-09,Fries (Potatoes),Produce,7,203,2.9,0,0,1,6,0
2025-02-10,Fries (Potatoes),Produce,7,131,3.3,0,0,0,0,0
2025-02-11,Fries (Potatoes),Produce,7,128,5.5,0,0,0,1,0
2025-02-12,Fries (Potatoes),Produce,7,123,-0.7,0,1,0,2,0
2025-02-13,Fries (Potatoes),Produce,7,179,0.9,0,1,0,3,1
2025-02-14,Fries (Potatoes),Produce,7,186,0.5,0,1,1,4,0
2025-02-15,Fries (Potatoes),Produce,7,203,-1.3,0,1,1,5,0
2025-02-16,Fries (Potatoes),Produce,7,226,2.4,0,1,1,6,0
2025-02-17,Fries (Potatoes),Produce,7,113,5.6,0,1,0,0,0
2025-02-18,Fries (Potatoes),Produce,7,117,3.4,0,1,0,1,0
2025-02-19,Fries (Potatoes),Produce,7,141,4.6,0,0,0,2,0
2025-02-20,Fries (Potatoes),Produce,7,153,6.6,0,0,0,3,0
2025-02-21,Fries (Potatoes),Produce,7,208,7.2,0,0,1,4,0
2025-02-22,Fries (Potatoes),Produce,7,236,4.2,0,0,1,5,0
2025-02-23,Fries (Potatoes),Produce,7,223,7.4,0,0,1,6,0
2025-02-24,Fries (Potatoes),Produce,7,118,4.7,0,0,0,0,0
2025-02-25,Fries (Potatoes),Produce,7,135,2.7,0,0,0,1,0
2025-02-26,Fries (Potatoes),Produce,7,160,3.4,0,0,0,2,0
2025-02-27,Fries (Potatoes),Produce,7,147,1.5,0,0,0,3,0
2025-02-28,Fries (Potatoes),Produce,7,195,2.9,0,0,1,4,0
2025-03-01,Fries (Potatoes),Produce,7,213,4.1,0,0,1,5,0
2025-03-02,Fries (Potatoes),Produce,7,217,6.8,0,0,1,6,0
2025-03-03,Fries (Potatoes),Produce,7,147,8.9,0,0,0,0,0
2025-03-04,Fries (Potatoes),Produce,7,148,2.2,0,0,0,1,0
2025-03-05,Fries (Potatoes),Produce,7,146,6.2,0,0,0,2,0
2025-03-06,Fries (Potatoes),Produce,7,137,3.1,0,0,0,3,0
2025-03-07,Fries (Potatoes),Produce,7,225,6.6,0,0,1,4,0
2025-03-08,Fries (Potatoes),Produce,7,210,5.3,0,0,1,5,0
2025-03-09,Fries (Potatoes),Produce,7,225,1.7,0,0,1,6,0
2025-03-10,Fries (Potatoes),Produce,7,148,7.9,0,0,0,0,0
2025-03-11,Fries (Potatoes),Produce,7,144,4.6,0,0,0,1,0
2025-03-12,Fries (Potatoes),Produce,7,154,4.9,0,0,0,2,0
2025-03-13,Fries (Potatoes),Produce,7,143,3.8,0,0,0,3,0
2025-03-14,Fries (Potatoes),Produce,7,231,4.8,0,0,1,4,0
2025-03-15,Fries (Potatoes),Produce,7,334,7.3,0,0,1,5,1
2025-03-16,Fries (Potatoes),Produce,7,230,6.1,0,0,1,6,0
2025-03-17,Fries (Potatoes),Produce,7,143,7.3,0,0,0,0,0
2025-03-18,Fries (Potatoes),Produce,7,145,7.5,0,0,0,1,0
2025-03-19,Fries (Potatoes),Produce,7,148,9.7,0,0,0,2,0
2025-03-20,Fries (Potatoes),Produce,7,143,6.2,0,0,0,3,0
2025-03-21,Fries (Potatoes),Produce,7,326,3.8,0,0,1,4,1
2025-03-22,Fries (Potatoes),Produce,7,233,9.5,0,0,1,5,0
2025-03-23,Fries (Potatoes),Produce,7,215,6.6,0,0,1,6,0
2025-03-24,Fries (Potatoes),Produce,7,195,9.9,0,0,0,0,1
2025-03-25,Fries (Potatoes),Produce,7,133,8.4,0,0,0,1,0
2025-03-26,Fries (Potatoes),Produce,7,152,7.4,0,0,0,2,0
2025-03-27,Fries (Potatoes),Produce,7,164,8.6,0,0,0,3,0
2025-03-28,Fries (Potatoes),Produce,7,240,12.2,0,0,1,4,0
2025-03-29,Fries (Potatoes),Produce,7,253,12.6,0,0,1,5,0
2025-03-30,Fries (Potatoes),Produce,7,238,8.3,0,0,1,6,0
2025-03-31,Fries (Potatoes),Produce,7,164,8.7,0,0,0,0,0
2025-04-01,Fries (Potatoes),Produce,7,141,10.8,0,1,0,1,0
2025-04-02,Fries (Potatoes),Produce,7,150,6.7,0,1,0,2,0
2025-04-03,Fries (Potatoes),Produce,7,167,9.4,0,1,0,3,0
2025-04-04,Fries (Potatoes),Produce,7,269,8.8,0,1,1,4,0
2025-04-05,Fries (Potatoes),Produce,7,254,9.6,0,1,1,5,0
2025-04-06,Fries (Potatoes),Produce,7,243,7.3,0,1,1,6,0
2025-04-07,Fries (Potatoes),Produce,7,128,5.7,0,1,0,0,0
2025-04-08,Fries (Potatoes),Produce,7,183,4.8,0,1,0,1,1
2025-04-09,Fries (Potatoes),Produce,7,148,7.0,0,1,0,2,0
2025-04-10,Fries (Potatoes),Produce,7,173,8.6,0,1,0,3,0
2025-04-11,Fries (Potatoes),Produce,7,207,9.1,0,1,1,4,0
2025-04-12,Fries (Potatoes),Produce,7,272,14.2,0,1,1,5,0
2025-04-13,Fries (Potatoes),Produce,7,264,12.5,0,1,1,6,0
2025-04-14,Fries (Potatoes),Produce,7,136,8.1,0,1,0,0,0
2025-04-15,Fries (Potatoes),Produce,7,139,11.1,0,0,0,1,0
2025-04-16,Fries (Potatoes),Produce,7,152,9.6,0,0,0,2,0
2025-04-17,Fries (Potatoes),Produce,7,166,10.0,0,0,0,3,0
2025-04-18,Fries (Potatoes),Produce,7,358,11.1,1,0,1,4,0
2025-04-19,Fries (Potatoes),Produce,7,282,12.2,0,0,1,5,0
2025-04-20,Fries (Potatoes),Produce,7,272,10.3,0,0,1,6,0
2025-04-21,Fries (Potatoes),Produce,7,223,13.5,1,0,0,0,0
2025-04-22,Fries (Potatoes),Produce,7,146,8.8,0,0,0,1,0
2025-04-23,Fries (Potatoes),Produce,7,173,11.4,0,0,0,2,0
2025-04-24,Fries (Potatoes),Produce,7,148,17.3,0,0,0,3,0
2025-04-25,Fries (Potatoes),Produce,7,261,12.2,0,0,1,4,0
2025-04-26,Fries (Potatoes),Produce,7,287,15.0,0,0,1,5,0
2025-04-27,Fries (Potatoes),Produce,7,279,12.2,0,0,1,6,0
2025-04-28,Fries (Potatoes),Produce,7,198,13.4,0,0,0,0,1
2025-04-29,Fries (Potatoes),Produce,7,147,12.1,0,0,0,1,0
2025-04-30,Fries (Potatoes),Produce,7,160,12.0,0,0,0,2,0
2025-05-01,Fries (Potatoes),Produce,7,158,10.8,0,0,0,3,0
2025-05-02,Fries (Potatoes),Produce,7,263,13.6,0,0,1,4,0
2025-05-03,Fries (Potatoes),Produce,7,270,10.9,0,0,1,5,0
2025-05-04,Fries (Potatoes),Produce,7,265,14.4,0,0,1,6,0
2025-05-05,Fries (Potatoes),Produce,7,227,15.4,1,0,0,0,0
2025-05-06,Fries (Potatoes),Produce,7,143,14.0,0,0,0,1,0
2025-05-07,Fries (Potatoes),Produce,7,165,12.7,0,0,0,2,0
2025-05-08,Fries (Potatoes),Produce,7,199,14.4,0,0,0,3,0
2025-05-09,Fries (Potatoes),Produce,7,357,12.9,0,0,1,4,1
2025-05-10,Fries (Potatoes),Produce,7,256,15.8,0,0,1,5,0
2025-05-11,Fries (Potatoes),Produce,7,242,9.8,0,0,1,6,0
2025-05-12,Fries (Potatoes),Produce,7,154,13.2,0,0,0,0,0
2025-05-13,Fries (Potatoes),Produce,7,150,9.7,0,0,0,1,0
2025-05-14,Fries (Potatoes),Produce,7,164,10.9,0,0,0,2,0
2025-05-15,Fries (Potatoes),Produce,7,166,17.3,0,0,0,3,0
2025-05-16,Fries (Potatoes),Produce,7,358,16.4,0,0,1,4,1
2025-05-17,Fries (Potatoes),Produce,7,386,13.0,0,0,1,5,1
2025-05-18,Fries (Potatoes),Produce,7,270,11.4,0,0,1,6,0
2025-05-19,Fries (Potatoes),Produce,7,173,8.3,0,0,0,0,0
2025-05-20,Fries (Potatoes),Produce,7,154,13.8,0,0,0,1,0
2025-05-21,Fries (Potatoes),Produce,7,179,20.4,0,0,0,2,0
2025-05-22,Fries (Potatoes),Produce,7,186,16.1,0,0,0,3,0
2025-05-23,Fries (Potatoes),Produce,7,374,14.1,0,0,1,4,1
2025-05-24,Fries (Potatoes),Produce,7,271,16.4,0,0,1,5,0
2025-05-25,Fries (Potatoes),Produce,7,274,12.1,0,0,1,6,0
2025-05-26,Fries (Potatoes),Produce,7,205,15.0,1,1,0,0,0
2025-05-27,Fries (Potatoes),Produce,7,160,16.0,0,1,0,1,0
2025-05-28,Fries (Potatoes),Produce,7,163,15.7,0,1,0,2,0
2025-05-29,Fries (Potatoes),Produce,7,162,17.7,0,1,0,3,0
2025-05-30,Fries (Potatoes),Produce,7,274,16.8,0,1,1,4,0
2025-05-31,Fries (Potatoes),Produce,7,235,17.7,0,1,1,5,0
2025-06-01,Fries (Potatoes),Produce,7,269,14.8,0,0,1,6,0
2025-06-02,Fries (Potatoes),Produce,7,161,18.4,0,0,0,0,0
2025-06-03,Fries (Potatoes),Produce,7,168,20.1,0,0,0,1,0
2025-06-04,Fries (Potatoes),Produce,7,172,14.5,0,0,0,2,0
2025-06-05,Fries (Potatoes),Produce,7,197,14.7,0,0,0,3,0
2025-06-06,Fries (Potatoes),Produce,7,265,19.7,0,0,1,4,0
2025-06-07,Fries (Potatoes),Produce,7,252,16.5,0,0,1,5,0
2025-06-08,Fries (Potatoes),Produce,7,298,20.1,0,0,1,6,0
2025-06-09,Fries (Potatoes),Produce,7,132,16.1,0,0,0,0,0
2025-06-10,Fries (Potatoes),Produce,7,154,20.4,0,0,0,1,0
2025-06-11,Fries (Potatoes),Produce,7,184,17.5,0,0,0,2,0
2025-06-12,Fries (Potatoes),Produce,7,172,17.9,0,0,0,3,0
2025-06-13,Fries (Potatoes),Produce,7,268,20.9,0,0,1,4,0
2025-06-14,Fries (Potatoes),Produce,7,290,16.7,0,0,1,5,0
2025-06-15,Fries (Potatoes),Produce,7,286,15.5,0,0,1,6,0
2025-06-16,Fries (Potatoes),Produce,7,165,16.7,0,0,0,0,0
2025-06-17,Fries (Potatoes),Produce,7,161,18.7,0,0,0,1,0
2025-06-18,Fries (Potatoes),Produce,7,147,14.4,0,0,0,2,0
2025-06-19,Fries (Potatoes),Produce,7,174,19.3,0,0,0,3,0
2025-06-20,Fries (Potatoes),Produce,7,262,16.8,0,0,1,4,0
2025-06-21,Fries (Potatoes),Produce,7,251,20.5,0,0,1,5,0
2025-06-22,Fries (Potatoes),Produce,7,261,12.8,0,0,1,6,0
2025-06-23,Fries (Potatoes),Produce,7,153,16.4,0,0,0,0,0
2025-06-24,Fries (Potatoes),Produce,7,138,14.5,0,0,0,1,0
2025-06-25,Fries (Potatoes),Produce,7,183,16.4,0,0,0,2,0
2025-06-26,Fries (Potatoes),Produce,7,194,18.9,0,0,0,3,0
2025-06-27,Fries (Potatoes),Produce,7,248,18.0,0,0,1,4,0
2025-06-28,Fries (Potatoes),Produce,7,249,17.9,0,0,1,5,0
2025-06-29,Fries (Potatoes),Produce,7,265,18.1,0,0,1,6,0
2025-06-30,Fries (Potatoes),Produce,7,166,19.0,0,0,0,0,0
2025-07-01,Fries (Potatoes),Produce,7,174,16.3,0,1,0,1,0
2025-07-02,Fries (Potatoes),Produce,7,184,20.2,0,1,0,2,0
2025-07-03,Fries (Potatoes),Produce,7,161,20.1,0,1,0,3,0
2025-07-04,Fries (Potatoes),Produce,7,264,19.5,0,1,1,4,0
2025-07-05,Fries (Potatoes),Produce,7,280,19.9,0,1,1,5,0
2025-07-06,Fries (Potatoes),Produce,7,254,19.4,0,1,1,6,0
2025-07-07,Fries (Potatoes),Produce,7,151,23.3,0,1,0,0,0
2025-07-08,Fries (Potatoes),Produce,7,144,18.6,0,1,0,1,0
2025-07-09,Fries (Potatoes),Produce,7,150,18.2,0,1,0,2,0
2025-07-10,Fries (Potatoes),Produce,7,171,17.2,0,1,0,3,0
2025-07-11,Fries (Potatoes),Produce,7,253,16.6,0,1,1,4,0
2025-07-12,Fries (Potatoes),Produce,7,250,16.2,0,1,1,5,0
2025-07-13,Fries (Potatoes),Produce,7,247,17.0,0,1,1,6,0
2025-07-14,Fries (Potatoes),Produce,7,138,18.8,0,1,0,0,0
2025-07-15,Fries (Potatoes),Produce,7,138,19.7,0,1,0,1,0
2025-07-16,Fries (Potatoes),Produce,7,173,19.1,0,1,0,2,0
2025-07-17,Fries (Potatoes),Produce,7,154,17.3,0,1,0,3,0
2025-07-18,Fries (Potatoes),Produce,7,248,21.0,0,1,1,4,0
2025-07-19,Fries (Potatoes),Produce,7,259,20.6,0,1,1,5,0
2025-07-20,Fries (Potatoes),Produce,7,268,18.6,0,1,1,6,0
2025-07-21,Fries (Potatoes),Produce,7,140,17.6,0,1,0,0,0
2025-07-22,Fries (Potatoes),Produce,7,209,20.2,0,1,0,1,1
2025-07-23,Fries (Potatoes),Produce,7,156,19.4,0,1,0,2,0
2025-07-24,Fries (Potatoes),Produce,7,159,15.8,0,1,0,3,0
2025-07-25,Fries (Potatoes),Produce,7,254,18.8,0,1,1,4,0
2025-07-26,Fries (Potatoes),Produce,7,258,19.5,0,1,1,5,0
2025-07-27,Fries (Potatoes),Produce,7,227,17.0,0,1,1,6,0
2025-07-28,Fries (Potatoes),Produce,7,153,19.3,0,1,0,0,0
2025-07-29,Fries (Potatoes),Produce,7,139,15.7,0,1,0,1,0
2025-07-30,Fries (Potatoes),Produce,7,184,21.8,0,1,0,2,0
2025-07-31,Fries (Potatoes),Produce,7,177,21.6,0,1,0,3,0
2025-08-01,Fries (Potatoes),Produce,7,248,18.3,0,1,1,4,0
2025-08-02,Fries (Potatoes),Produce,7,261,19.6,0,1,1,5,0
2025-08-03,Fries (Potatoes),Produce,7,222,13.5,0,1,1,6,0
2025-08-04,Fries (Potatoes),Produce,7,193,16.2,0,1,0,0,1
2025-08-05,Fries (Potatoes),Produce,7,143,18.1,0,1,0,1,0
2025-08-06,Fries (Potatoes),Produce,7,185,16.3,0,1,0,2,0
2025-08-07,Fries (Potatoes),Produce,7,164,20.2,0,1,0,3,0
2025-08-08,Fries (Potatoes),Produce,7,263,23.0,0,1,1,4,0
2025-08-09,Fries (Potatoes),Produce,7,226,16.0,0,1,1,5,0
2025-08-10,Fries (Potatoes),Produce,7,283,16.7,0,1,1,6,0
2025-08-11,Fries (Potatoes),Produce,7,137,19.0,0,1,0,0,0
2025-08-12,Fries (Potatoes),Produce,7,164,21.9,0,1,0,1,0
2025-08-13,Fries (Potatoes),Produce,7,153,15.7,0,1,0,2,0
2025-08-14,Fries (Potatoes),Produce,7,158,18.8,0,1,0,3,0
2025-08-15,Fries (Potatoes),Produce,7,274,22.2,0,1,1,4,0
2025-08-16,Fries (Potatoes),Produce,7,249,14.5,0,1,1,5,0
2025-08-17,Fries (Potatoes),Produce,7,226,15.3,0,1,1,6,0
2025-08-18,Fries (Potatoes),Produce,7,146,17.1,0,1,0,0,0
2025-08-19,Fries (Potatoes),Produce,7,204,16.8,0,1,0,1,1
2025-08-20,Fries (Potatoes),Produce,7,151,19.7,0,1,0,2,0
2025-08-21,Fries (Potatoes),Produce,7,159,18.4,0,1,0,3,0
2025-08-22,Fries (Potatoes),Produce,7,225,13.9,0,1,1,4,0
2025-08-23,Fries (Potatoes),Produce,7,236,18.8,0,1,1,5,0
2025-08-24,Fries (Potatoes),Produce,7,232,16.3,0,1,1,6,0
2025-08-25,Fries (Potatoes),Produce,7,182,20.3,1,1,0,0,0
2025-08-26,Fries (Potatoes),Produce,7,156,16.1,0,1,0,1,0
2025-08-27,Fries (Potatoes),Produce,7,193,16.0,0,1,0,2,1
2025-08-28,Fries (Potatoes),Produce,7,163,18.5,0,1,0,3,0
2025-08-29,Fries (Potatoes),Produce,7,237,18.9,0,1,1,4,0
2025-08-30,Fries (Potatoes),Produce,7,251,18.1,0,1,1,5,0
2025-08-31,Fries (Potatoes),Produce,7,293,13.3,0,1,1,6,1
2025-09-01,Fries (Potatoes),Produce,7,137,18.1,0,0,0,0,0
2025-09-02,Fries (Potatoes),Produce,7,144,14.6,0,0,0,1,0
2025-09-03,Fries (Potatoes),Produce,7,170,17.3,0,0,0,2,0
2025-09-04,Fries (Potatoes),Produce,7,145,13.5,0,0,0,3,0
2025-09-05,Fries (Potatoes),Produce,7,254,17.5,0,0,1,4,0
2025-09-06,Fries (Potatoes),Produce,7,218,14.7,0,0,1,5,0
2025-09-07,Fries (Potatoes),Produce,7,234,13.5,0,0,1,6,0
2025-09-08,Fries (Potatoes),Produce,7,146,17.8,0,0,0,0,0
2025-09-09,Fries (Potatoes),Produce,7,209,16.7,0,0,0,1,1
2025-09-10,Fries (Potatoes),Produce,7,156,14.7,0,0,0,2,0
2025-09-11,Fries (Potatoes),Produce,7,176,19.1,0,0,0,3,0
2025-09-12,Fries (Potatoes),Produce,7,229,14.9,0,0,1,4,0
2025-09-13,Fries (Potatoes),Produce,7,221,15.8,0,0,1,5,0
2025-09-14,Fries (Potatoes),Produce,7,234,16.2,0,0,1,6,0
2025-09-15,Fries (Potatoes),Produce,7,131,14.1,0,0,0,0,0
2025-09-16,Fries (Potatoes),Produce,7,149,16.4,0,0,0,1,0
2025-09-17,Fries (Potatoes),Produce,7,153,14.1,0,0,0,2,0
2025-09-18,Fries (Potatoes),Produce,7,139,14.2,0,0,0,3,0
2025-09-19,Fries (Potatoes),Produce,7,294,18.0,0,0,1,4,1
2025-09-20,Fries (Potatoes),Produce,7,204,12.6,0,0,1,5,0
2025-09-21,Fries (Potatoes),Produce,7,223,9.5,0,0,1,6,0
2025-09-22,Fries (Potatoes),Produce,7,128,18.2,0,0,0,0,0
2025-09-23,Fries (Potatoes),Produce,7,120,20.1,0,0,0,1,0
2025-09-24,Fries (Potatoes),Produce,7,144,13.5,0,0,0,2,0
2025-09-25,Fries (Potatoes),Produce,7,142,10.0,0,0,0,3,0
2025-09-26,Fries (Potatoes),Produce,7,215,13.5,0,0,1,4,0
2025-09-27,Fries (Potatoes),Produce,7,209,13.4,0,0,1,5,0
2025-09-28,Fries (Potatoes),Produce,7,225,13.5,0,0,1,6,0
2025-09-29,Fries (Potatoes),Produce,7,133,11.3,0,0,0,0,0
2025-09-30,Fries (Potatoes),Produce,7,128,14.9,0,0,0,1,0
2025-10-01,Fries (Potatoes),Produce,7,147,14.7,0,0,0,2,0
2025-10-02,Fries (Potatoes),Produce,7,134,10.1,0,0,0,3,0
2025-10-03,Fries (Potatoes),Produce,7,280,14.8,0,0,1,4,1
2025-10-04,Fries (Potatoes),Produce,7,213,17.6,0,0,1,5,0
2025-10-05,Fries (Potatoes),Produce,7,207,13.4,0,0,1,6,0
2025-10-06,Fries (Potatoes),Produce,7,135,12.1,0,0,0,0,0
2025-10-07,Fries (Potatoes),Produce,7,114,12.4,0,0,0,1,0
2025-10-08,Fries (Potatoes),Produce,7,139,13.9,0,0,0,2,0
2025-10-09,Fries (Potatoes),Produce,7,146,8.6,0,0,0,3,0
2025-10-10,Fries (Potatoes),Produce,7,240,12.7,0,0,1,4,0
2025-10-11,Fries (Potatoes),Produce,7,235,11.3,0,0,1,5,0
2025-10-12,Fries (Potatoes),Produce,7,213,16.1,0,0,1,6,0
2025-10-13,Fries (Potatoes),Produce,7,131,11.5,0,0,0,0,0
2025-10-14,Fries (Potatoes),Produce,7,138,15.4,0,0,0,1,0
2025-10-15,Fries (Potatoes),Produce,7,149,9.2,0,0,0,2,0
2025-10-16,Fries (Potatoes),Produce,7,166,12.8,0,0,0,3,0
2025-10-17,Fries (Potatoes),Produce,7,190,12.1,0,0,1,4,0
2025-10-18,Fries (Potatoes),Produce,7,218,9.3,0,0,1,5,0
2025-10-19,Fries (Potatoes),Produce,7,245,11.5,0,0,1,6,0
2025-10-20,Fries (Potatoes),Produce,7,139,13.6,0,0,0,0,0
2025-10-21,Fries (Potatoes),Produce,7,124,10.1,0,0,0,1,0
2025-10-22,Fries (Potatoes),Produce,7,141,7.0,0,0,0,2,0
2025-10-23,Fries (Potatoes),Produce,7,159,10.5,0,0,0,3,0
2025-10-24,Fries (Potatoes),Produce,7,186,8.4,0,0,1,4,0
2025-10-25,Fries (Potatoes),Produce,7,189,9.5,0,0,1,5,0
2025-10-26,Fries (Potatoes),Produce,7,212,9.9,0,1,1,6,0
2025-10-27,Fries (Potatoes),Produce,7,140,6.2,0,1,0,0,1
2025-10-28,Fries (Potatoes),Produce,7,128,6.3,0,1,0,1,0
2025-10-29,Fries (Potatoes),Produce,7,137,10.8,0,1,0,2,0
2025-10-30,Fries (Potatoes),Produce,7,138,8.4,0,1,0,3,0
2025-10-31,Fries (Potatoes),Produce,7,220,3.8,0,1,1,4,0
2025-11-01,Fries (Potatoes),Produce,7,214,11.0,0,0,1,5,0
2025-11-02,Fries (Potatoes),Produce,7,190,9.8,0,0,1,6,0
2025-11-03,Fries (Potatoes),Produce,7,82,7.5,0,0,0,0,0
2025-11-04,Fries (Potatoes),Produce,7,112,6.0,0,0,0,1,0
2025-11-05,Fries (Potatoes),Produce,7,153,10.6,0,0,0,2,0
2025-11-06,Fries (Potatoes),Produce,7,132,9.4,0,0,0,3,0
2025-11-07,Fries (Potatoes),Produce,7,203,13.8,0,0,1,4,0
2025-11-08,Fries (Potatoes),Produce,7,190,9.3,0,0,1,5,0
2025-11-09,Fries (Potatoes),Produce,7,219,9.1,0,0,1,6,0
2025-11-10,Fries (Potatoes),Produce,7,150,7.8,0,0,0,0,0
2025-11-11,Fries (Potatoes),Produce,7,151,9.8,0,0,0,1,1
2025-11-12,Fries (Potatoes),Produce,7,118,9.2,0,0,0,2,0
2025-11-13,Fries (Potatoes),Produce,7,202,10.5,0,0,0,3,1
2025-11-14,Fries (Potatoes),Produce,7,181,6.5,0,0,1,4,0
2025-11-15,Fries (Potatoes),Produce,7,209,6.5,0,0,1,5,0
2025-11-16,Fries (Potatoes),Produce,7,175,6.3,0,0,1,6,0
2025-11-17,Fries (Potatoes),Produce,7,120,9.0,0,0,0,0,0
2025-11-18,Fries (Potatoes),Produce,7,111,10.4,0,0,0,1,0
2025-11-19,Fries (Potatoes),Produce,7,117,6.0,0,0,0,2,0
2025-11-20,Fries (Potatoes),Produce,7,174,6.0,0,0,0,3,1
2025-11-21,Fries (Potatoes),Produce,7,196,7.5,0,0,1,4,0
2025-11-22,Fries (Potatoes),Produce,7,187,6.1,0,0,1,5,0
2025-11-23,Fries (Potatoes),Produce,7,194,8.6,0,0,1,6,0
2025-11-24,Fries (Potatoes),Produce,7,107,1.5,0,0,0,0,0
2025-11-25,Fries (Potatoes),Produce,7,117,4.5,0,0,0,1,0
2025-11-26,Fries (Potatoes),Produce,7,142,4.5,0,0,0,2,0
2025-11-27,Fries (Potatoes),Produce,7,118,1.0,0,0,0,3,0
2025-11-28,Fries (Potatoes),Produce,7,187,3.9,0,0,1,4,0
2025-11-29,Fries (Potatoes),Produce,7,197,3.9,0,0,1,5,0
2025-11-30,Fries (Potatoes),Produce,7,198,5.3,0,0,1,6,0
2025-12-01,Fries (Potatoes),Produce,7,127,8.1,0,0,0,0,0
2025-12-02,Fries (Potatoes),Produce,7,111,5.0,0,0,0,1,0
2025-12-03,Fries (Potatoes),Produce,7,123,3.2,0,0,0,2,0
2025-12-04,Fries (Potatoes),Produce,7,137,5.2,0,0,0,3,0
2025-12-05,Fries (Potatoes),Produce,7,193,7.6,0,0,1,4,0
2025-12-06,Fries (Potatoes),Produce,7,199,3.0,0,0,1,5,0
2025-12-07,Fries (Potatoes),Produce,7,218,3.1,0,0,1,6,0
2025-12-08,Fries (Potatoes),Produce,7,103,6.2,0,0,0,0,0
2025-12-09,Fries (Potatoes),Produce,7,138,4.4,0,0,0,1,0
2025-12-10,Fries (Potatoes),Produce,7,139,6.2,0,0,0,2,0
2025-12-11,Fries (Potatoes),Produce,7,120,4.7,0,0,0,3,0
2025-12-12,Fries (Potatoes),Produce,7,184,6.2,0,0,1,4,0
2025-12-13,Fries (Potatoes),Produce,7,193,2.3,0,0,1,5,0
2025-12-14,Fries (Potatoes),Produce,7,190,4.5,0,0,1,6,0
2025-12-15,Fries (Potatoes),Produce,7,131,3.9,0,0,0,0,0
2025-12-16,Fries (Potatoes),Produce,7,122,1.7,0,0,0,1,0
2025-12-17,Fries (Potatoes),Produce,7,121,0.8,0,0,0,2,0
2025-12-18,Fries (Potatoes),Produce,7,136,5.7,0,0,0,3,0
2025-12-19,Fries (Potatoes),Produce,7,196,3.3,0,0,1,4,0
2025-12-20,Fries (Potatoes),Produce,7,191,1.8,0,1,1,5,0
2025-12-21,Fries (Potatoes),Produce,7,202,3.8,0,1,1,6,0
2025-12-22,Fries (Potatoes),Produce,7,125,6.4,0,1,0,0,0
2025-12-23,Fries (Potatoes),Produce,7,131,-1.2,0,1,0,1,0
2025-12-24,Fries (Potatoes),Produce,7,130,0.5,0,1,0,2,0
2025-12-25,Fries (Potatoes),Produce,7,0,1.7,1,1,0,3,0
2025-12-26,Fries (Potatoes),Produce,7,257,6.9,1,1,1,4,0
2025-12-27,Fries (Potatoes),Produce,7,224,4.2,0,1,1,5,0
2025-12-28,Fries (Potatoes),Produce,7,206,5.3,0,1,1,6,0
2025-12-29,Fries (Potatoes),Produce,7,120,1.0,0,1,0,0,0
2025-12-30,Fries (Potatoes),Produce,7,124,1.0,0,1,0,1,0
2025-12-31,Fries (Potatoes),Produce,7,143,4.4,0,1,0,2,0
2024-01-01,Chicken Breast,Meat,4,100,4.0,1,1,0,0,0
2024-01-02,Chicken Breast,Meat,4,75,1.0,0,1,0,1,0
2024-01-03,Chicken Breast,Meat,4,93,4.9,0,0,0,2,0
2024-01-04,Chicken Breast,Meat,4,79,5.3,0,0,0,3,0
2024-01-05,Chicken Breast,Meat,4,115,-1.1,0,0,1,4,0
2024-01-06,Chicken Breast,Meat,4,122,0.3,0,0,1,5,0
2024-01-07,Chicken Breast,Meat,4,162,3.4,0,0,1,6,1
2024-01-08,Chicken Breast,Meat,4,77,2.4,0,0,0,0,0
2024-01-09,Chicken Breast,Meat,4,89,3.1,0,0,0,1,0
2024-01-10,Chicken Breast,Meat,4,83,1.2,0,0,0,2,0
2024-01-11,Chicken Breast,Meat,4,88,5.0,0,0,0,3,0
2024-01-12,Chicken Breast,Meat,4,188,4.8,0,0,1,4,1
2024-01-13,Chicken Breast,Meat,4,118,3.2,0,0,1,5,0
2024-01-14,Chicken Breast,Meat,4,120,5.5,0,0,1,6,0
2024-01-15,Chicken Breast,Meat,4,73,4.0,0,0,0,0,0
2024-01-16,Chicken Breast,Meat,4,111,1.1,0,0,0,1,1
2024-01-17,Chicken Breast,Meat,4,92,3.8,0,0,0,2,0
2024-01-18,Chicken Breast,Meat,4,80,0.9,0,0,0,3,0
2024-01-19,Chicken Breast,Meat,4,114,4.9,0,0,1,4,0
2024-01-20,Chicken Breast,Meat,4,121,2.9,0,0,1,5,0
2024-01-21,Chicken Breast,Meat,4,176,2.6,0,0,1,6,1
2024-01-22,Chicken Breast,Meat,4,87,1.5,0,0,0,0,0
2024-01-23,Chicken Breast,Meat,4,82,5.7,0,0,0,1,0
2024-01-24,Chicken Breast,Meat,4,78,2.7,0,0,0,2,0
2024-01-25,Chicken Breast,Meat,4,79,2.1,0,0,0,3,0
2024-01-26,Chicken Breast,Meat,4,209,2.3,0,0,1,4,1
2024-01-27,Chicken Breast,Meat,4,135,4.3,0,0,1,5,0
2024-01-28,Chicken Breast,Meat,4,128,3.9,0,0,1,6,0
2024-01-29,Chicken Breast,Meat,4,82,4.0,0,0,0,0,0
2024-01-30,Chicken Breast,Meat,4,80,4.1,0,0,0,1,0
2024-01-31,Chicken Breast,Meat,4,105,7.9,0,0,0,2,0
2024-02-01,Chicken Breast,Meat,4,85,2.3,0,0,0,3,0
2024-02-02,Chicken Breast,Meat,4,136,2.1,0,0,1,4,0
2024-02-03,Chicken Breast,Meat,4,111,1.5,0,0,1,5,0
2024-02-04,Chicken Breast,Meat,4,117,4.7,0,0,1,6,0
2024-02-05,Chicken Breast,Meat,4,82,5.8,0,0,0,0,0
2024-02-06,Chicken Breast,Meat,4,80,3.1,0,0,0,1,0
2024-02-07,Chicken Breast,Meat,4,77,1.6,0,0,0,2,0
2024-02-08,Chicken Breast,Meat,4,94,1.7,0,0,0,3,0
2024-02-09,Chicken Breast,Meat,4,135,5.0,0,0,1,4,0
2024-02-10,Chicken Breast,Meat,4,149,5.2,0,0,1,5,0
2024-02-11,Chicken Breast,Meat,4,135,4.8,0,0,1,6,0
2024-02-12,Chicken Breast,Meat,4,93,2.2,0,1,0,0,0
2024-02-13,Chicken Breast,Meat,4,76,4.3,0,1,0,1,0
2024-02-14,Chicken Breast,Meat,4,99,4.1,0,1,0,2,0
2024-02-15,Chicken Breast,Meat,4,99,4.3,0,1,0,3,0
2024-02-16,Chicken Breast,Meat,4,130,5.8,0,1,1,4,0
2024-02-17,Chicken Breast,Meat,4,136,4.5,0,1,1,5,0
2024-02-18,Chicken Breast,Meat,4,192,5.6,0,1,1,6,1
2024-02-19,Chicken Breast,Meat,4,84,4.3,0,0,0,0,0
2024-02-20,Chicken Breast,Meat,4,86,4.8,0,0,0,1,0
2024-02-21,Chicken Breast,Meat,4,87,5.7,0,0,0,2,0
2024-02-22,Chicken Breast,Meat,4,100,1.1,0,0,0,3,0
2024-02-23,Chicken Breast,Meat,4,140,3.7,0,0,1,4,0
2024-02-24,Chicken Breast,Meat,4,129,3.5,0,0,1,5,0
2024-02-25,Chicken Breast,Meat,4,135,3.2,0,0,1,6,0
2024-02-26,Chicken Breast,Meat,4,73,4.1,0,0,0,0,0
2024-02-27,Chicken Breast,Meat,4,97,8.0,0,0,0,1,0
2024-02-28,Chicken Breast,Meat,4,88,2.9,0,0,0,2,0
2024-02-29,Chicken Breast,Meat,4,106,7.1,0,0,0,3,0
2024-03-01,Chicken Breast,Meat,4,153,1.3,0,0,1,4,0
2024-03-02,Chicken Breast,Meat,4,132,4.4,0,0,1,5,0
2024-03-03,Chicken Breast,Meat,4,133,5.6,0,0,1,6,0
2024-03-04,Chicken Breast,Meat,4,100,6.6,0,0,0,0,0
2024-03-05,Chicken Breast,Meat,4,100,7.0,0,0,0,1,0
2024-03-06,Chicken Breast,Meat,4,97,7.3,0,0,0,2,0
2024-03-07,Chicken Breast,Meat,4,94,4.8,0,0,0,3,0
2024-03-08,Chicken Breast,Meat,4,162,4.7,0,0,1,4,0
2024-03-09,Chicken Breast,Meat,4,148,7.7,0,0,1,5,0
2024-03-10,Chicken Breast,Meat,4,154,5.5,0,0,1,6,0
2024-03-11,Chicken Breast,Meat,4,108,3.2,0,0,0,0,0
2024-03-12,Chicken Breast,Meat,4,91,3.6,0,0,0,1,0
2024-03-13,Chicken Breast,Meat,4,144,4.2,0,0,0,2,1
2024-03-14,Chicken Breast,Meat,4,124,7.5,0,0,0,3,1
2024-03-15,Chicken Breast,Meat,4,131,6.8,0,0,1,4,0
2024-03-16,Chicken Breast,Meat,4,156,8.1,0,0,1,5,0
2024-03-17,Chicken Breast,Meat,4,134,5.8,0,0,1,6,0
2024-03-18,Chicken Breast,Meat,4,68,7.2,0,0,0,0,0
2024-03-19,Chicken Breast,Meat,4,86,8.3,0,0,0,1,0
2024-03-20,Chicken Breast,Meat,4,102,6.4,0,0,0,2,0
2024-03-21,Chicken Breast,Meat,4,109,8.2,0,0,0,3,0
2024-03-22,Chicken Breast,Meat,4,145,5.8,0,0,1,4,0
2024-03-23,Chicken Breast,Meat,4,131,6.6,0,0,1,5,0
2024-03-24,Chicken Breast,Meat,4,148,6.7,0,0,1,6,0
2024-03-25,Chicken Breast,Meat,4,105,5.0,0,0,0,0,0
2024-03-26,Chicken Breast,Meat,4,110,8.9,0,0,0,1,0
2024-03-27,Chicken Breast,Meat,4,130,6.9,0,0,0,2,1
2024-03-28,Chicken Breast,Meat,4,110,8.1,0,0,0,3,0
2024-03-29,Chicken Breast,Meat,4,230,9.2,1,0,1,4,0
2024-03-30,Chicken Breast,Meat,4,220,9.3,0,0,1,5,1
2024-03-31,Chicken Breast,Meat,4,138,9.9,0,0,1,6,0
2024-04-01,Chicken Breast,Meat,4,145,8.3,1,1,0,0,0
2024-04-02,Chicken Breast,Meat,4,106,7.8,0,1,0,1,0
2024-04-03,Chicken Breast,Meat,4,103,8.7,0,1,0,2,0
2024-04-04,Chicken Breast,Meat,4,101,5.2,0,1,0,3,0
2024-04-05,Chicken Breast,Meat,4,205,5.9,0,1,1,4,1
2024-04-06,Chicken Breast,Meat,4,154,6.3,0,1,1,5,0
2024-04-07,Chicken Breast,Meat,4,158,7.2,0,1,1,6,0
2024-04-08,Chicken Breast,Meat,4,100,10.4,0,1,0,0,0
2024-04-09,Chicken Breast,Meat,4,92,7.6,0,1,0,1,0
2024-04-10,Chicken Breast,Meat,4,104,8.9,0,1,0,2,0
2024-04-11,Chicken Breast,Meat,4,119,12.8,0,1,0,3,0
2024-04-12,Chicken Breast,Meat,4,163,9.3,0,1,1,4,0
2024-04-13,Chicken Breast,Meat,4,155,11.8,0,1,1,5,0
2024-04-14,Chicken Breast,Meat,4,169,8.3,0,1,1,6,0
2024-04-15,Chicken Breast,Meat,4,88,10.0,0,0,0,0,0
2024-04-16,Chicken Breast,Meat,4,93,8.5,0,0,0,1,0
2024-04-17,Chicken Breast,Meat,4,99,10.0,0,0,0,2,0
2024-04-18,Chicken Breast,Meat,4,127,12.7,0,0,0,3,1
2024-04-19,Chicken Breast,Meat,4,197,7.2,0,0,1,4,1
2024-04-20,Chicken Breast,Meat,4,166,12.1,0,0,1,5,0
2024-04-21,Chicken Breast,Meat,4,173,11.8,0,0,1,6,0
2024-04-22,Chicken Breast,Meat,4,82,10.1,0,0,0,0,0
2024-04-23,Chicken Breast,Meat,4,102,8.4,0,0,0,1,0
2024-04-24,Chicken Breast,Meat,4,109,11.8,0,0,0,2,0
2024-04-25,Chicken Breast,Meat,4,105,10.7,0,0,0,3,0
2024-04-26,Chicken Breast,Meat,4,148,12.5,0,0,1,4,0
2024-04-27,Chicken Breast,Meat,4,170,12.1,0,0,1,5,0
2024-04-28,Chicken Breast,Meat,4,166,15.8,0,0,1,6,0
2024-04-29,Chicken Breast,Meat,4,88,11.8,0,0,0,0,0
2024-04-30,Chicken Breast,Meat,4,102,10.3,0,0,0,1,0
2024-05-01,Chicken Breast,Meat,4,124,13.0,0,0,0,2,0
2024-05-02,Chicken Breast,Meat,4,119,13.3,0,0,0,3,0
2024-05-03,Chicken Breast,Meat,4,144,15.9,0,0,1,4,0
2024-05-04,Chicken Breast,Meat,4,172,14.9,0,0,1,5,0
2024-05-05,Chicken Breast,Meat,4,148,14.0,0,0,1,6,0
2024-05-06,Chicken Breast,Meat,4,145,16.5,1,0,0,0,0
2024-05-07,Chicken Breast,Meat,4,80,10.8,0,0,0,1,0
2024-05-08,Chicken Breast,Meat,4,127,12.2,0,0,0,2,0
2024-05-09,Chicken Breast,Meat,4,114,11.7,0,0,0,3,0
2024-05-10,Chicken Breast,Meat,4,160,13.0,0,0,1,4,0
2024-05-11,Chicken Breast,Meat,4,161,10.9,0,0,1,5,0
2024-05-12,Chicken Breast,Meat,4,231,15.5,0,0,1,6,1
2024-05-13,Chicken Breast,Meat,4,94,13.7,0,0,0,0,0
2024-05-14,Chicken Breast,Meat,4,85,11.1,0,0,0,1,0
2024-05-15,Chicken Breast,Meat,4,101,12.2,0,0,0,2,0
2024-05-16,Chicken Breast,Meat,4,121,15.3,0,0,0,3,0
2024-05-17,Chicken Breast,Meat,4,204,16.5,0,0,1,4,1
2024-05-18,Chicken Breast,Meat,4,159,19.2,0,0,1,5,0
2024-05-19,Chicken Breast,Meat,4,166,21.4,0,0,1,6,0
2024-05-20,Chicken Breast,Meat,4,106,16.0,0,0,0,0,0
2024-05-21,Chicken Breast,Meat,4,97,13.0,0,0,0,1,0
2024-05-22,Chicken Breast,Meat,4,113,10.6,0,0,0,2,0
2024-05-23,Chicken Breast,Meat,4,114,16.0,0,0,0,3,0
2024-05-24,Chicken Breast,Meat,4,149,13.7,0,0,1,4,0
2024-05-25,Chicken Breast,Meat,4,162,14.7,0,0,1,5,0
2024-05-26,Chicken Breast,Meat,4,214,14.4,0,1,1,6,1
2024-05-27,Chicken Breast,Meat,4,157,15.6,1,1,0,0,0
2024-05-28,Chicken Breast,Meat,4,100,18.3,0,1,0,1,0
2024-05-29,Chicken Breast,Meat,4,106,16.4,0,1,0,2,0
2024-05-30,Chicken Breast,Meat,4,118,15.8,0,1,0,3,0
2024-05-31,Chicken Breast,Meat,4,149,14.0,0,1,1,4,0
2024-06-01,Chicken Breast,Meat,4,157,12.7,0,0,1,5,0
2024-06-02,Chicken Breast,Meat,4,146,15.4,0,0,1,6,0
2024-06-03,Chicken Breast,Meat,4,103,16.5,0,0,0,0,0
2024-06-04,Chicken Breast,Meat,4,90,20.6,0,0,0,1,0
2024-06-05,Chicken Breast,Meat,4,105,17.1,0,0,0,2,0
2024-06-06,Chicken Breast,Meat,4,116,19.0,0,0,0,3,0
2024-06-07,Chicken Breast,Meat,4,170,15.9,0,0,1,4,0
2024-06-08,Chicken Breast,Meat,4,164,14.5,0,0,1,5,0
2024-06-09,Chicken Breast,Meat,4,155,15.0,0,0,1,6,0
2024-06-10,Chicken Breast,Meat,4,97,15.6,0,0,0,0,0
2024-06-11,Chicken Breast,Meat,4,135,22.0,0,0,0,1,1
2024-06-12,Chicken Breast,Meat,4,118,15.6,0,0,0,2,0
2024-06-13,Chicken Breast,Meat,4,122,19.3,0,0,0,3,0
2024-06-14,Chicken Breast,Meat,4,174,15.6,0,0,1,4,0
2024-06-15,Chicken Breast,Meat,4,143,19.7,0,0,1,5,0
2024-06-16,Chicken Breast,Meat,4,173,18.6,0,0,1,6,0
2024-06-17,Chicken Breast,Meat,4,102,17.5,0,0,0,0,0
2024-06-18,Chicken Breast,Meat,4,79,17.8,0,0,0,1,0
2024-06-19,Chicken Breast,Meat,4,93,16.5,0,0,0,2,0
2024-06-20,Chicken Breast,Meat,4,114,19.0,0,0,0,3,0
2024-06-21,Chicken Breast,Meat,4,158,17.1,0,0,1,4,0
2024-06-22,Chicken Breast,Meat,4,155,15.4,0,0,1,5,0
2024-06-23,Chicken Breast,Meat,4,154,15.4,0,0,1,6,0
2024-06-24,Chicken Breast,Meat,4,115,18.6,0,0,0,0,0
2024-06-25,Chicken Breast,Meat,4,95,21.8,0,0,0,1,0
2024-06-26,Chicken Breast,Meat,4,122,18.7,0,0,0,2,0
2024-06-27,Chicken Breast,Meat,4,121,18.2,0,0,0,3,0
2024-06-28,Chicken Breast,Meat,4,154,19.1,0,0,1,4,0
2024-06-29,Chicken Breast,Meat,4,160,21.4,0,0,1,5,0
2024-06-30,Chicken Breast,Meat,4,160,19.0,0,0,1,6,0
2024-07-01,Chicken Breast,Meat,4,95,17.7,0,1,0,0,0
2024-07-02,Chicken Breast,Meat,4,95,21.1,0,1,0,1,0
2024-07-03,Chicken Breast,Meat,4,106,19.6,0,1,0,2,0
2024-07-04,Chicken Breast,Meat,4,114,22.1,0,1,0,3,0
2024-07-05,Chicken Breast,Meat,4,164,19.2,0,1,1,4,0
2024-07-06,Chicken Breast,Meat,4,154,16.1,0,1,1,5,0
2024-07-07,Chicken Breast,Meat,4,165,15.8,0,1,1,6,0
2024-07-08,Chicken Breast,Meat,4,95,22.5,0,1,0,0,0
2024-07-09,Chicken Breast,Meat,4,106,22.7,0,1,0,1,0
2024-07-10,Chicken Breast,Meat,4,112,18.5,0,1,0,2,0
2024-07-11,Chicken Breast,Meat,4,116,18.1,0,1,0,3,0
2024-07-12,Chicken Breast,Meat,4,161,22.2,0,1,1,4,0
2024-07-13,Chicken Breast,Meat,4,151,16.5,0,1,1,5,0
2024-07-14,Chicken Breast,Meat,4,208,17.0,0,1,1,6,1
2024-07-15,Chicken Breast,Meat,4,111,20.4,0,1,0,0,0
2024-07-16,Chicken Breast,Meat,4,97,18.1,0,1,0,1,0
2024-07-17,Chicken Breast,Meat,4,142,19.0,0,1,0,2,1
2024-07-18,Chicken Breast,Meat,4,95,18.6,0,1,0,3,0
2024-07-19,Chicken Breast,Meat,4,149,19.7,0,1,1,4,0
2024-07-20,Chicken Breast,Meat,4,157,22.1,0,1,1,5,0
2024-07-21,Chicken Breast,Meat,4,159,19.2,0,1,1,6,0
2024-07-22,Chicken Breast,Meat,4,96,20.4,0,1,0,0,0
2024-07-23,Chicken Breast,Meat,4,95,14.5,0,1,0,1,0
2024-07-24,Chicken Breast,Meat,4,109,18.9,0,1,0,2,0
2024-07-25,Chicken Breast,Meat,4,104,17.1,0,1,0,3,0
2024-07-26,Chicken Breast,Meat,4,147,16.3,0,1,1,4,0
2024-07-27,Chicken Breast,Meat,4,125,17.0,0,1,1,5,0
2024-07-28,Chicken Breast,Meat,4,160,18.2,0,1,1,6,0
2024-07-29,Chicken Breast,Meat,4,98,20.9,0,1,0,0,0
2024-07-30,Chicken Breast,Meat,4,84,15.9,0,1,0,1,0
2024-07-31,Chicken Breast,Meat,4,111,18.9,0,1,0,2,0
2024-08-01,Chicken Breast,Meat,4,91,17.7,0,1,0,3,0
2024-08-02,Chicken Breast,Meat,4,140,18.1,0,1,1,4,0
2024-08-03,Chicken Breast,Meat,4,141,21.0,0,1,1,5,0
2024-08-04,Chicken Breast,Meat,4,140,19.9,0,1,1,6,0
2024-08-05,Chicken Breast,Meat,4,78,21.6,0,1,0,0,0
2024-08-06,Chicken Breast,Meat,4,93,18.3,0,1,0,1,0
2024-08-07,Chicken Breast,Meat,4,102,17.1,0,1,0,2,0
2024-08-08,Chicken Breast,Meat,4,107,18.1,0,1,0,3,0
2024-08-09,Chicken Breast,Meat,4,155,19.0,0,1,1,4,0
2024-08-10,Chicken Breast,Meat,4,146,18.8,0,1,1,5,0
2024-08-11,Chicken Breast,Meat,4,136,16.0,0,1,1,6,0
2024-08-12,Chicken Breast,Meat,4,97,18.5,0,1,0,0,0
2024-08-13,Chicken Breast,Meat,4,73,18.8,0,1,0,1,0
2024-08-14,Chicken Breast,Meat,4,101,23.8,0,1,0,2,0
2024-08-15,Chicken Breast,Meat,4,101,22.3,0,1,0,3,0
2024-08-16,Chicken Breast,Meat,4,149,16.2,0,1,1,4,0
2024-08-17,Chicken Breast,Meat,4,150,17.4,0,1,1,5,0
2024-08-18,Chicken Breast,Meat,4,120,14.8,0,1,1,6,0
2024-08-19,Chicken Breast,Meat,4,78,16.6,0,1,0,0,0
2024-08-20,Chicken Breast,Meat,4,107,18.5,0,1,0,1,0
2024-08-21,Chicken Breast,Meat,4,104,20.4,0,1,0,2,0
2024-08-22,Chicken Breast,Meat,4,94,16.1,0,1,0,3,0
2024-08-23,Chicken Breast,Meat,4,150,16.2,0,1,1,4,0
2024-08-24,Chicken Breast,Meat,4,139,12.8,0,1,1,5,0
2024-08-25,Chicken Breast,Meat,4,152,17.1,0,1,1,6,0
2024-08-26,Chicken Breast,Meat,4,131,15.0,1,1,0,0,0
2024-08-27,Chicken Breast,Meat,4,124,16.1,0,1,0,1,1
2024-08-28,Chicken Breast,Meat,4,93,15.3,0,1,0,2,0
2024-08-29,Chicken Breast,Meat,4,124,16.9,0,1,0,3,1
2024-08-30,Chicken Breast,Meat,4,148,13.2,0,1,1,4,0
2024-08-31,Chicken Breast,Meat,4,136,13.7,0,1,1,5,0
2024-09-01,Chicken Breast,Meat,4,138,21.5,0,0,1,6,0
2024-09-02,Chicken Breast,Meat,4,79,13.9,0,0,0,0,0
2024-09-03,Chicken Breast,Meat,4,81,14.2,0,0,0,1,0
2024-09-04,Chicken Breast,Meat,4,90,20.6,0,0,0,2,0
2024-09-05,Chicken Breast,Meat,4,136,22.8,0,0,0,3,1
2024-09-06,Chicken Breast,Meat,4,142,13.8,0,0,1,4,0
2024-09-07,Chicken Breast,Meat,4,157,15.4,0,0,1,5,0
2024-09-08,Chicken Breast,Meat,4,117,16.9,0,0,1,6,0
2024-09-09,Chicken Breast,Meat,4,93,19.8,0,0,0,0,0
2024-09-10,Chicken Breast,Meat,4,86,13.8,0,0,0,1,0
2024-09-11,Chicken Breast,Meat,4,91,15.3,0,0,0,2,0
2024-09-12,Chicken Breast,Meat,4,102,17.4,0,0,0,3,0
2024-09-13,Chicken Breast,Meat,4,145,16.6,0,0,1,4,0
2024-09-14,Chicken Breast,Meat,4,139,14.7,0,0,1,5,0
2024-09-15,Chicken Breast,Meat,4,120,15.1,0,0,1,6,0
2024-09-16,Chicken Breast,Meat,4,89,12.2,0,0,0,0,0
2024-09-17,Chicken Breast,Meat,4,78,14.6,0,0,0,1,0
2024-09-18,Chicken Breast,Meat,4,89,14.4,0,0,0,2,0
2024-09-19,Chicken Breast,Meat,4,89,15.4,0,0,0,3,0
2024-09-20,Chicken Breast,Meat,4,137,13.6,0,0,1,4,0
2024-09-21,Chicken Breast,Meat,4,117,15.7,0,0,1,5,0
2024-09-22,Chicken Breast,Meat,4,137,16.8,0,0,1,6,0
2024-09-23,Chicken Breast,Meat,4,86,14.8,0,0,0,0,0
2024-09-24,Chicken Breast,Meat,4,91,15.1,0,0,0,1,0
2024-09-25,Chicken Breast,Meat,4,94,14.3,0,0,0,2,0
2024-09-26,Chicken Breast,Meat,4,102,14.0,0,0,0,3,0
2024-09-27,Chicken Breast,Meat,4,142,12.3,0,0,1,4,0
2024-09-28,Chicken Breast,Meat,4,125,14.5,0,0,1,5,0
2024-09-29,Chicken Breast,Meat,4,171,13.4,0,0,1,6,1
2024-09-30,Chicken Breast,Meat,4,87,18.1,0,0,0,0,0
2024-10-01,Chicken Breast,Meat,4,71,16.8,0,0,0,1,0
2024-10-02,Chicken Breast,Meat,4,106,14.1,0,0,0,2,0
2024-10-03,Chicken Breast,Meat,4,99,11.4,0,0,0,3,0
2024-10-04,Chicken Breast,Meat,4,138,10.5,0,0,1,4,0
2024-10-05,Chicken Breast,Meat,4,147,15.5,0,0,1,5,0
2024-10-06,Chicken Breast,Meat,4,134,13.3,0,0,1,6,0
2024-10-07,Chicken Breast,Meat,4,94,13.6,0,0,0,0,0
2024-10-08,Chicken Breast,Meat,4,118,8.6,0,0,0,1,1
2024-10-09,Chicken Breast,Meat,4,87,14.4,0,0,0,2,0
2024-10-10,Chicken Breast,Meat,4,85,13.2,0,0,0,3,0
2024-10-11,Chicken Breast,Meat,4,111,9.6,0,0,1,4,0
2024-10-12,Chicken Breast,Meat,4,132,10.9,0,0,1,5,0
2024-10-13,Chicken Breast,Meat,4,179,12.4,0,0,1,6,1
2024-10-14,Chicken Breast,Meat,4,72,11.8,0,0,0,0,0
2024-10-15,Chicken Breast,Meat,4,96,10.9,0,0,0,1,1
2024-10-16,Chicken Breast,Meat,4,74,11.1,0,0,0,2,0
2024-10-17,Chicken Breast,Meat,4,93,10.7,0,0,0,3,0
2024-10-18,Chicken Breast,Meat,4,110,11.4,0,0,1,4,0
2024-10-19,Chicken Breast,Meat,4,126,14.2,0,0,1,5,0
2024-10-20,Chicken Breast,Meat,4,125,5.2,0,0,1,6,0
2024-10-21,Chicken Breast,Meat,4,76,10.2,0,0,0,0,0
2024-10-22,Chicken Breast,Meat,4,67,10.9,0,0,0,1,0
2024-10-23,Chicken Breast,Meat,4,100,11.0,0,0,0,2,0
2024-10-24,Chicken Breast,Meat,4,90,9.4,0,0,0,3,0
2024-10-25,Chicken Breast,Meat,4,113,6.3,0,0,1,4,0
2024-10-26,Chicken Breast,Meat,4,120,10.7,0,1,1,5,0
2024-10-27,Chicken Breast,Meat,4,125,13.7,0,1,1,6,0
2024-10-28,Chicken Breast,Meat,4,75,6.3,0,1,0,0,0
2024-10-29,Chicken Breast,Meat,4,84,11.5,0,1,0,1,0
2024-10-30,Chicken Breast,Meat,4,81,8.7,0,1,0,2,0
2024-10-31,Chicken Breast,Meat,4,96,9.2,0,1,0,3,0
2024-11-01,Chicken Breast,Meat,4,136,6.9,0,0,1,4,0
2024-11-02,Chicken Breast,Meat,4,136,8.3,0,0,1,5,0
2024-11-03,Chicken Breast,Meat,4,132,11.8,0,0,1,6,0
2024-11-04,Chicken Breast,Meat,4,114,10.1,0,0,0,0,1
2024-11-05,Chicken Breast,Meat,4,70,12.5,0,0,0,1,0
2024-11-06,Chicken Breast,Meat,4,87,11.1,0,0,0,2,0
2024-11-07,Chicken Breast,Meat,4,98,9.3,0,0,0,3,0
2024-11-08,Chicken Breast,Meat,4,134,12.1,0,0,1,4,0
2024-11-09,Chicken Breast,Meat,4,126,9.1,0,0,1,5,0
2024-11-10,Chicken Breast,Meat,4,117,9.8,0,0,1,6,0
2024-11-11,Chicken Breast,Meat,4,73,7.2,0,0,0,0,0
2024-11-12,Chicken Breast,Meat,4,107,7.9,0,0,0,1,1
2024-11-13,Chicken Breast,Meat,4,79,6.1,0,0,0,2,0
2024-11-14,Chicken Breast,Meat,4,91,9.7,0,0,0,3,0
2024-11-15,Chicken Breast,Meat,4,118,4.8,0,0,1,4,0
2024-11-16,Chicken Breast,Meat,4,154,9.0,0,0,1,5,0
2024-11-17,Chicken Breast,Meat,4,131,6.7,0,0,1,6,0
2024-11-18,Chicken Breast,Meat,4,76,9.6,0,0,0,0,0
2024-11-19,Chicken Breast,Meat,4,71,8.5,0,0,0,1,0
2024-11-20,Chicken Breast,Meat,4,85,10.8,0,0,0,2,0
2024-11-21,Chicken Breast,Meat,4,82,8.3,0,0,0,3,0
2024-11-22,Chicken Breast,Meat,4,136,3.1,0,0,1,4,0
2024-11-23,Chicken Breast,Meat,4,124,6.3,0,0,1,5,0
2024-11-24,Chicken Breast,Meat,4,109,3.7,0,0,1,6,0
2024-11-25,Chicken Breast,Meat,4,72,5.1,0,0,0,0,0
2024-11-26,Chicken Breast,Meat,4,68,9.4,0,0,0,1,0
2024-11-27,Chicken Breast,Meat,4,125,7.4,0,0,0,2,1
2024-11-28,Chicken Breast,Meat,4,84,4.3,0,0,0,3,0
2024-11-29,Chicken Breast,Meat,4,178,3.5,0,0,1,4,1
2024-11-30,Chicken Breast,Meat,4,139,5.7,0,0,1,5,0
2024-12-01,Chicken Breast,Meat,4,119,2.9,0,0,1,6,0
2024-12-02,Chicken Breast,Meat,4,84,4.0,0,0,0,0,0
2024-12-03,Chicken Breast,Meat,4,80,6.1,0,0,0,1,0
2024-12-04,Chicken Breast,Meat,4,97,7.8,0,0,0,2,0
2024-12-05,Chicken Breast,Meat,4,78,6.5,0,0,0,3,0
2024-12-06,Chicken Breast,Meat,4,169,0.0,0,0,1,4,1
2024-12-07,Chicken Breast,Meat,4,129,5.7,0,0,1,5,0
2024-12-08,Chicken Breast,Meat,4,147,5.1,0,0,1,6,0
2024-12-09,Chicken Breast,Meat,4,85,5.7,0,0,0,0,0
2024-12-10,Chicken Breast,Meat,4,109,8.3,0,0,0,1,1
2024-12-11,Chicken Breast,Meat,4,85,0.1,0,0,0,2,0
2024-12-12,Chicken Breast,Meat,4,93,3.3,0,0,0,3,0
2024-12-13,Chicken Breast,Meat,4,167,5.8,0,0,1,4,1
2024-12-14,Chicken Breast,Meat,4,144,0.9,0,0,1,5,0
2024-12-15,Chicken Breast,Meat,4,121,7.6,0,0,1,6,0
2024-12-16,Chicken Breast,Meat,4,84,5.1,0,0,0,0,0
2024-12-17,Chicken Breast,Meat,4,63,6.0,0,0,0,1,0
2024-12-18,Chicken Breast,Meat,4,80,2.9,0,0,0,2,0
2024-12-19,Chicken Breast,Meat,4,78,5.8,0,0,0,3,0
2024-12-20,Chicken Breast,Meat,4,130,6.3,0,1,1,4,0
2024-12-21,Chicken Breast,Meat,4,130,4.4,0,1,1,5,0
2024-12-22,Chicken Breast,Meat,4,114,4.4,0,1,1,6,0
2024-12-23,Chicken Breast,Meat,4,85,4.4,0,1,0,0,0
2024-12-24,Chicken Breast,Meat,4,103,1.8,0,1,0,1,1
2024-12-25,Chicken Breast,Meat,4,0,3.3,1,1,0,2,0
2024-12-26,Chicken Breast,Meat,4,121,3.3,1,1,0,3,0
2024-12-27,Chicken Breast,Meat,4,101,4.4,0,1,1,4,0
2024-12-28,Chicken Breast,Meat,4,135,5.7,0,1,1,5,0
2024-12-29,Chicken Breast,Meat,4,138,1.1,0,1,1,6,0
2024-12-30,Chicken Breast,Meat,4,83,3.1,0,1,0,0,0
2024-12-31,Chicken Breast,Meat,4,65,6.6,0,1,0,1,0
2025-01-01,Chicken Breast,Meat,4,132,1.7,1,1,0,2,0
2025-01-02,Chicken Breast,Meat,4,80,1.5,0,1,0,3,0
2025-01-03,Chicken Breast,Meat,4,120,3.7,0,0,1,4,0
2025-01-04,Chicken Breast,Meat,4,117,5.1,0,0,1,5,0
2025-01-05,Chicken Breast,Meat,4,114,3.2,0,0,1,6,0
2025-01-06,Chicken Breast,Meat,4,78,6.1,0,0,0,0,0
2025-01-07,Chicken Breast,Meat,4,74,5.0,0,0,0,1,0
2025-01-08,Chicken Breast,Meat,4,120,5.0,0,0,0,2,1
2025-01-09,Chicken Breast,Meat,4,100,4.3,0,0,0,3,0
2025-01-10,Chicken Breast,Meat,4,140,8.2,0,0,1,4,0
2025-01-11,Chicken Breast,Meat,4,146,2.6,0,0,1,5,0
2025-01-12,Chicken Breast,Meat,4,122,-1.4,0,0,1,6,0
2025-01-13,Chicken Breast,Meat,4,94,6.6,0,0,0,0,0
2025-01-14,Chicken Breast,Meat,4,73,2.0,0,0,0,1,0
2025-01-15,Chicken Breast,Meat,4,95,3.3,0,0,0,2,0
2025-01-16,Chicken Breast,Meat,4,94,5.9,0,0,0,3,0
2025-01-17,Chicken Breast,Meat,4,135,-0.5,0,0,1,4,0
2025-01-18,Chicken Breast,Meat,4,106,0.2,0,0,1,5,0
2025-01-19,Chicken Breast,Meat,4,151,-0.5,0,0,1,6,0
2025-01-20,Chicken Breast,Meat,4,93,1.3,0,0,0,0,0
2025-01-21,Chicken Breast,Meat,4,65,4.0,0,0,0,1,0
2025-01-22,Chicken Breast,Meat,4,98,4.2,0,0,0,2,0
2025-01-23,Chicken Breast,Meat,4,90,3.6,0,0,0,3,0
2025-01-24,Chicken Breast,Meat,4,154,-0.1,0,0,1,4,0
2025-01-25,Chicken Breast,Meat,4,123,-2.0,0,0,1,5,0
2025-01-26,Chicken Breast,Meat,4,196,3.2,0,0,1,6,1
2025-01-27,Chicken Breast,Meat,4,89,2.0,0,0,0,0,0
2025-01-28,Chicken Breast,Meat,4,93,4.1,0,0,0,1,0
2025-01-29,Chicken Breast,Meat,4,79,4.7,0,0,0,2,0
2025-01-30,Chicken Breast,Meat,4,83,3.5,0,0,0,3,0
2025-01-31,Chicken Breast,Meat,4,159,4.9,0,0,1,4,0
2025-02-01,Chicken Breast,Meat,4,123,3.7,0,0,1,5,0
2025-02-02,Chicken Breast,Meat,4,128,4.4,0,0,1,6,0
2025-02-03,Chicken Breast,Meat,4,108,1.7,0,0,0,0,1
2025-02-04,Chicken Breast,Meat,4,75,2.9,0,0,0,1,0
2025-02-05,Chicken Breast,Meat,4,80,3.8,0,0,0,2,0
2025-02-06,Chicken Breast,Meat,4,137,5.2,0,0,0,3,1
2025-02-07,Chicken Breast,Meat,4,146,2.6,0,0,1,4,0
2025-02-08,Chicken Breast,Meat,4,141,4.6,0,0,1,5,0
2025-02-09,Chicken Breast,Meat,4,139,2.9,0,0,1,6,0
2025-02-10,Chicken Breast,Meat,4,96,3.3,0,0,0,0,0
2025-02-11,Chicken Breast,Meat,4,86,5.5,0,0,0,1,0
2025-02-12,Chicken Breast,Meat,4,89,-0.7,0,1,0,2,0
2025-02-13,Chicken Breast,Meat,4,100,0.9,0,1,0,3,0
2025-02-14,Chicken Breast,Meat,4,128,0.5,0,1,1,4,0
2025-02-15,Chicken Breast,Meat,4,134,-1.3,0,1,1,5,0
2025-02-16,Chicken Breast,Meat,4,165,2.4,0,1,1,6,0
2025-02-17,Chicken Breast,Meat,4,86,5.6,0,1,0,0,0
2025-02-18,Chicken Breast,Meat,4,88,3.4,0,1,0,1,0
2025-02-19,Chicken Breast,Meat,4,98,4.6,0,0,0,2,0
2025-02-20,Chicken Breast,Meat,4,116,6.6,0,0,0,3,0
2025-02-21,Chicken Breast,Meat,4,154,7.2,0,0,1,4,0
2025-02-22,Chicken Breast,Meat,4,165,4.2,0,0,1,5,0
2025-02-23,Chicken Breast,Meat,4,148,7.4,0,0,1,6,0
2025-02-24,Chicken Breast,Meat,4,140,4.7,0,0,0,0,1
2025-02-25,Chicken Breast,Meat,4,84,2.7,0,0,0,1,0
2025-02-26,Chicken Breast,Meat,4,80,3.4,0,0,0,2,0
2025-02-27,Chicken Breast,Meat,4,101,1.5,0,0,0,3,0
2025-02-28,Chicken Breast,Meat,4,146,2.9,0,0,1,4,0
2025-03-01,Chicken Breast,Meat,4,132,4.1,0,0,1,5,0
2025-03-02,Chicken Breast,Meat,4,153,6.8,0,0,1,6,0
2025-03-03,Chicken Breast,Meat,4,91,8.9,0,0,0,0,0
2025-03-04,Chicken Breast,Meat,4,110,2.2,0,0,0,1,1
2025-03-05,Chicken Breast,Meat,4,109,6.2,0,0,0,2,0
2025-03-06,Chicken Breast,Meat,4,113,3.1,0,0,0,3,0
2025-03-07,Chicken Breast,Meat,4,132,6.6,0,0,1,4,0
2025-03-08,Chicken Breast,Meat,4,173,5.3,0,0,1,5,0
2025-03-09,Chicken Breast,Meat,4,162,1.7,0,0,1,6,0
2025-03-10,Chicken Breast,Meat,4,106,7.9,0,0,0,0,0
2025-03-11,Chicken Breast,Meat,4,82,4.6,0,0,0,1,0
2025-03-12,Chicken Breast,Meat,4,130,4.9,0,0,0,2,0
2025-03-13,Chicken Breast,Meat,4,100,3.8,0,0,0,3,0
2025-03-14,Chicken Breast,Meat,4,148,4.8,0,0,1,4,0
2025-03-15,Chicken Breast,Meat,4,130,7.3,0,0,1,5,0
2025-03-16,Chicken Breast,Meat,4,165,6.1,0,0,1,6,0
2025-03-17,Chicken Breast,Meat,4,115,7.3,0,0,0,0,1
2025-03-18,Chicken Breast,Meat,4,120,7.5,0,0,0,1,1
2025-03-19,Chicken Breast,Meat,4,116,9.7,0,0,0,2,0
2025-03-20,Chicken Breast,Meat,4,122,6.2,0,0,0,3,0
2025-03-21,Chicken Breast,Meat,4,164,3.8,0,0,1,4,0
2025-03-22,Chicken Breast,Meat,4,149,9.5,0,0,1,5,0
2025-03-23,Chicken Breast,Meat,4,157,6.6,0,0,1,6,0
2025-03-24,Chicken Breast,Meat,4,101,9.9,0,0,0,0,0
2025-03-25,Chicken Breast,Meat,4,89,8.4,0,0,0,1,0
2025-03-26,Chicken Breast,Meat,4,116,7.4,0,0,0,2,0
2025-03-27,Chicken Breast,Meat,4,112,8.6,0,0,0,3,0
2025-03-28,Chicken Breast,Meat,4,176,12.2,0,0,1,4,0
2025-03-29,Chicken Breast,Meat,4,180,12.6,0,0,1,5,0
2025-03-30,Chicken Breast,Meat,4,140,8.3,0,0,1,6,0
2025-03-31,Chicken Breast,Meat,4,89,8.7,0,0,0,0,0
2025-04-01,Chicken Breast,Meat,4,100,10.8,0,1,0,1,0
2025-04-02,Chicken Breast,Meat,4,97,6.7,0,1,0,2,0
2025-04-03,Chicken Breast,Meat,4,172,9.4,0,1,0,3,1
2025-04-04,Chicken Breast,Meat,4,223,8.8,0,1,1,4,1
2025-04-05,Chicken Breast,Meat,4,145,9.6,0,1,1,5,0
2025-04-06,Chicken Breast,Meat,4,157,7.3,0,1,1,6,0
2025-04-07,Chicken Breast,Meat,4,94,5.7,0,1,0,0,0
2025-04-08,Chicken Breast,Meat,4,115,4.8,0,1,0,1,0
2025-04-09,Chicken Breast,Meat,4,121,7.0,0,1,0,2,0
2025-04-10,Chicken Breast,Meat,4,136,8.6,0,1,0,3,1
2025-04-11,Chicken Breast,Meat,4,168,9.1,0,1,1,4,0
2025-04-12,Chicken Breast,Meat,4,162,14.2,0,1,1,5,0
2025-04-13,Chicken Breast,Meat,4,223,12.5,0,1,1,6,1
2025-04-14,Chicken Breast,Meat,4,95,8.1,0,1,0,0,0
2025-04-15,Chicken Breast,Meat,4,105,11.1,0,0,0,1,0
2025-04-16,Chicken Breast,Meat,4,114,9.6,0,0,0,2,0
2025-04-17,Chicken Breast,Meat,4,124,10.0,0,0,0,3,0
2025-04-18,Chicken Breast,Meat,4,238,11.1,1,0,1,4,0
2025-04-19,Chicken Breast,Meat,4,169,12.2,0,0,1,5,0
2025-04-20,Chicken Breast,Meat,4,151,10.3,0,0,1,6,0
2025-04-21,Chicken Breast,Meat,4,149,13.5,1,0,0,0,0
2025-04-22,Chicken Breast,Meat,4,149,8.8,0,0,0,1,1
2025-04-23,Chicken Breast,Meat,4,113,11.4,0,0,0,2,0
2025-04-24,Chicken Breast,Meat,4,118,17.3,0,0,0,3,0
2025-04-25,Chicken Breast,Meat,4,158,12.2,0,0,1,4,0
2025-04-26,Chicken Breast,Meat,4,190,15.0,0,0,1,5,0
2025-04-27,Chicken Breast,Meat,4,189,12.2,0,0,1,6,0
2025-04-28,Chicken Breast,Meat,4,151,13.4,0,0,0,0,1
2025-04-29,Chicken Breast,Meat,4,113,12.1,0,0,0,1,0
2025-04-30,Chicken Breast,Meat,4,100,12.0,0,0,0,2,0
2025-05-01,Chicken Breast,Meat,4,123,10.8,0,0,0,3,0
2025-05-02,Chicken Breast,Meat,4,169,13.6,0,0,1,4,0
2025-05-03,Chicken Breast,Meat,4,176,10.9,0,0,1,5,0
2025-05-04,Chicken Breast,Meat,4,167,14.4,0,0,1,6,0
2025-05-05,Chicken Breast,Meat,4,162,15.4,1,0,0,0,0
2025-05-06,Chicken Breast,Meat,4,107,14.0,0,0,0,1,0
2025-05-07,Chicken Breast,Meat,4,117,12.7,0,0,0,2,0
2025-05-08,Chicken Breast,Meat,4,123,14.4,0,0,0,3,0
2025-05-09,Chicken Breast,Meat,4,169,12.9,0,0,1,4,0
2025-05-10,Chicken Breast,Meat,4,178,15.8,0,0,1,5,0
2025-05-11,Chicken Breast,Meat,4,160,9.8,0,0,1,6,0
2025-05-12,Chicken Breast,Meat,4,93,13.2,0,0,0,0,0
2025-05-13,Chicken Breast,Meat,4,94,9.7,0,0,0,1,0
2025-05-14,Chicken Breast,Meat,4,124,10.9,0,0,0,2,0
2025-05-15,Chicken Breast,Meat,4,107,17.3,0,0,0,3,0
2025-05-16,Chicken Breast,Meat,4,150,16.4,0,0,1,4,0
2025-05-17,Chicken Breast,Meat,4,138,13.0,0,0,1,5,0
2025-05-18,Chicken Breast,Meat,4,201,11.4,0,0,1,6,0
2025-05-19,Chicken Breast,Meat,4,113,8.3,0,0,0,0,0
2025-05-20,Chicken Breast,Meat,4,98,13.8,0,0,0,1,0
2025-05-21,Chicken Breast,Meat,4,158,20.4,0,0,0,2,1
2025-05-22,Chicken Breast,Meat,4,152,16.1,0,0,0,3,1
2025-05-23,Chicken Breast,Meat,4,142,14.1,0,0,1,4,0
2025-05-24,Chicken Breast,Meat,4,178,16.4,0,0,1,5,0
2025-05-25,Chicken Breast,Meat,4,156,12.1,0,0,1,6,0
2025-05-26,Chicken Breast,Meat,4,224,15.0,1,1,0,0,1
2025-05-27,Chicken Breast,Meat,4,100,16.0,0,1,0,1,0
2025-05-28,Chicken Breast,Meat,4,133,15.7,0,1,0,2,0
2025-05-29,Chicken Breast,Meat,4,152,17.7,0,1,0,3,1
2025-05-30,Chicken Breast,Meat,4,169,16.8,0,1,1,4,0
2025-05-31,Chicken Breast,Meat,4,190,17.7,0,1,1,5,0
2025-06-01,Chicken Breast,Meat,4,175,14.8,0,0,1,6,0
2025-06-02,Chicken Breast,Meat,4,130,18.4,0,0,0,0,0
2025-06-03,Chicken Breast,Meat,4,103,20.1,0,0,0,1,0
2025-06-04,Chicken Breast,Meat,4,82,14.5,0,0,0,2,0
2025-06-05,Chicken Breast,Meat,4,112,14.7,0,0,0,3,0
2025-06-06,Chicken Breast,Meat,4,189,19.7,0,0,1,4,0
2025-06-07,Chicken Breast,Meat,4,182,16.5,0,0,1,5,0
2025-06-08,Chicken Breast,Meat,4,168,20.1,0,0,1,6,0
2025-06-09,Chicken Breast,Meat,4,103,16.1,0,0,0,0,0
2025-06-10,Chicken Breast,Meat,4,124,20.4,0,0,0,1,0
2025-06-11,Chicken Breast,Meat,4,129,17.5,0,0,0,2,0
2025-06-12,Chicken Breast,Meat,4,133,17.9,0,0,0,3,0
2025-06-13,Chicken Breast,Meat,4,181,20.9,0,0,1,4,0
2025-06-14,Chicken Breast,Meat,4,172,16.7,0,0,1,5,0
2025-06-15,Chicken Breast,Meat,4,143,15.5,0,0,1,6,0
2025-06-16,Chicken Breast,Meat,4,120,16.7,0,0,0,0,0
2025-06-17,Chicken Breast,Meat,4,114,18.7,0,0,0,1,0
2025-06-18,Chicken Breast,Meat,4,112,14.4,0,0,0,2,0
2025-06-19,Chicken Breast,Meat,4,129,19.3,0,0,0,3,0
2025-06-20,Chicken Breast,Meat,4,176,16.8,0,0,1,4,0
2025-06-21,Chicken Breast,Meat,4,187,20.5,0,0,1,5,0
2025-06-22,Chicken Breast,Meat,4,175,12.8,0,0,1,6,0
2025-06-23,Chicken Breast,Meat,4,91,16.4,0,0,0,0,0
2025-06-24,Chicken Breast,Meat,4,119,14.5,0,0,0,1,0
2025-06-25,Chicken Breast,Meat,4,128,16.4,0,0,0,2,0
2025-06-26,Chicken Breast,Meat,4,123,18.9,0,0,0,3,0
2025-06-27,Chicken Breast,Meat,4,171,18.0,0,0,1,4,0
2025-06-28,Chicken Breast,Meat,4,260,17.9,0,0,1,5,1
2025-06-29,Chicken Breast,Meat,4,221,18.1,0,0,1,6,1
2025-06-30,Chicken Breast,Meat,4,122,19.0,0,0,0,0,0
2025-07-01,Chicken Breast,Meat,4,109,16.3,0,1,0,1,0
2025-07-02,Chicken Breast,Meat,4,108,20.2,0,1,0,2,0
2025-07-03,Chicken Breast,Meat,4,113,20.1,0,1,0,3,0
2025-07-04,Chicken Breast,Meat,4,176,19.5,0,1,1,4,0
2025-07-05,Chicken Breast,Meat,4,157,19.9,0,1,1,5,0
2025-07-06,Chicken Breast,Meat,4,134,19.4,0,1,1,6,0
2025-07-07,Chicken Breast,Meat,4,114,23.3,0,1,0,0,0
2025-07-08,Chicken Breast,Meat,4,112,18.6,0,1,0,1,0
2025-07-09,Chicken Breast,Meat,4,116,18.2,0,1,0,2,0
2025-07-10,Chicken Breast,Meat,4,134,17.2,0,1,0,3,0
2025-07-11,Chicken Breast,Meat,4,162,16.6,0,1,1,4,0
2025-07-12,Chicken Breast,Meat,4,158,16.2,0,1,1,5,0
2025-07-13,Chicken Breast,Meat,4,160,17.0,0,1,1,6,0
2025-07-14,Chicken Breast,Meat,4,103,18.8,0,1,0,0,0
2025-07-15,Chicken Breast,Meat,4,108,19.7,0,1,0,1,0
2025-07-16,Chicken Breast,Meat,4,126,19.1,0,1,0,2,0
2025-07-17,Chicken Breast,Meat,4,124,17.3,0,1,0,3,0
2025-07-18,Chicken Breast,Meat,4,172,21.0,0,1,1,4,0
2025-07-19,Chicken Breast,Meat,4,160,20.6,0,1,1,5,0
2025-07-20,Chicken Breast,Meat,4,160,18.6,0,1,1,6,0
2025-07-21,Chicken Breast,Meat,4,126,17.6,0,1,0,0,1
2025-07-22,Chicken Breast,Meat,4,104,20.2,0,1,0,1,0
2025-07-23,Chicken Breast,Meat,4,124,19.4,0,1,0,2,0
2025-07-24,Chicken Breast,Meat,4,113,15.8,0,1,0,3,0
2025-07-25,Chicken Breast,Meat,4,163,18.8,0,1,1,4,0
2025-07-26,Chicken Breast,Meat,4,167,19.5,0,1,1,5,0
2025-07-27,Chicken Breast,Meat,4,160,17.0,0,1,1,6,0
2025-07-28,Chicken Breast,Meat,4,99,19.3,0,1,0,0,0
2025-07-29,Chicken Breast,Meat,4,103,15.7,0,1,0,1,0
2025-07-30,Chicken Breast,Meat,4,122,21.8,0,1,0,2,0
2025-07-31,Chicken Breast,Meat,4,103,21.6,0,1,0,3,0
2025-08-01,Chicken Breast,Meat,4,173,18.3,0,1,1,4,0
2025-08-02,Chicken Breast,Meat,4,158,19.6,0,1,1,5,0
2025-08-03,Chicken Breast,Meat,4,171,13.5,0,1,1,6,0
2025-08-04,Chicken Breast,Meat,4,128,16.2,0,1,0,0,1
2025-08-05,Chicken Breast,Meat,4,95,18.1,0,1,0,1,0
2025-08-06,Chicken Breast,Meat,4,100,16.3,0,1,0,2,0
2025-08-07,Chicken Breast,Meat,4,97,20.2,0,1,0,3,0
2025-08-08,Chicken Breast,Meat,4,159,23.0,0,1,1,4,0
2025-08-09,Chicken Breast,Meat,4,145,16.0,0,1,1,5,0
2025-08-10,Chicken Breast,Meat,4,152,16.7,0,1,1,6,0
2025-08-11,Chicken Breast,Meat,4,96,19.0,0,1,0,0,0
2025-08-12,Chicken Breast,Meat,4,97,21.9,0,1,0,1,0
2025-08-13,Chicken Breast,Meat,4,105,15.7,0,1,0,2,0
2025-08-14,Chicken Breast,Meat,4,124,18.8,0,1,0,3,0
2025-08-15,Chicken Breast,Meat,4,161,22.2,0,1,1,4,0
2025-08-16,Chicken Breast,Meat,4,157,14.5,0,1,1,5,0
2025-08-17,Chicken Breast,Meat,4,165,15.3,0,1,1,6,0
2025-08-18,Chicken Breast,Meat,4,121,17.1,0,1,0,0,1
2025-08-19,Chicken Breast,Meat,4,107,16.8,0,1,0,1,0
2025-08-20,Chicken Breast,Meat,4,163,19.7,0,1,0,2,1
2025-08-21,Chicken Breast,Meat,4,108,18.4,0,1,0,3,0
2025-08-22,Chicken Breast,Meat,4,175,13.9,0,1,1,4,0
2025-08-23,Chicken Breast,Meat,4,145,18.8,0,1,1,5,0
2025-08-24,Chicken Breast,Meat,4,147,16.3,0,1,1,6,0
2025-08-25,Chicken Breast,Meat,4,140,20.3,1,1,0,0,0
2025-08-26,Chicken Breast,Meat,4,78,16.1,0,1,0,1,0
2025-08-27,Chicken Breast,Meat,4,127,16.0,0,1,0,2,0
2025-08-28,Chicken Breast,Meat,4,102,18.5,0,1,0,3,0
2025-08-29,Chicken Breast,Meat,4,168,18.9,0,1,1,4,0
2025-08-30,Chicken Breast,Meat,4,158,18.1,0,1,1,5,0
2025-08-31,Chicken Breast,Meat,4,139,13.3,0,1,1,6,0
2025-09-01,Chicken Breast,Meat,4,85,18.1,0,0,0,0,0
2025-09-02,Chicken Breast,Meat,4,103,14.6,0,0,0,1,0
2025-09-03,Chicken Breast,Meat,4,94,17.3,0,0,0,2,0
2025-09-04,Chicken Breast,Meat,4,101,13.5,0,0,0,3,0
2025-09-05,Chicken Breast,Meat,4,146,17.5,0,0,1,4,0
2025-09-06,Chicken Breast,Meat,4,155,14.7,0,0,1,5,0
2025-09-07,Chicken Breast,Meat,4,161,13.5,0,0,1,6,0
2025-09-08,Chicken Breast,Meat,4,85,17.8,0,0,0,0,0
2025-09-09,Chicken Breast,Meat,4,101,16.7,0,0,0,1,0
2025-09-10,Chicken Breast,Meat,4,100,14.7,0,0,0,2,0
2025-09-11,Chicken Breast,Meat,4,108,19.1,0,0,0,3,0
2025-09-12,Chicken Breast,Meat,4,139,14.9,0,0,1,4,0
2025-09-13,Chicken Breast,Meat,4,108,15.8,0,0,1,5,0
2025-09-14,Chicken Breast,Meat,4,200,16.2,0,0,1,6,1
2025-09-15,Chicken Breast,Meat,4,82,14.1,0,0,0,0,0
2025-09-16,Chicken Breast,Meat,4,85,16.4,0,0,0,1,0
2025-09-17,Chicken Breast,Meat,4,97,14.1,0,0,0,2,0
2025-09-18,Chicken Breast,Meat,4,101,14.2,0,0,0,3,0
2025-09-19,Chicken Breast,Meat,4,134,18.0,0,0,1,4,0
2025-09-20,Chicken Breast,Meat,4,127,12.6,0,0,1,5,0
2025-09-21,Chicken Breast,Meat,4,195,9.5,0,0,1,6,1
2025-09-22,Chicken Breast,Meat,4,95,18.2,0,0,0,0,0
2025-09-23,Chicken Breast,Meat,4,86,20.1,0,0,0,1,0
2025-09-24,Chicken Breast,Meat,4,104,13.5,0,0,0,2,0
2025-09-25,Chicken Breast,Meat,4,90,10.0,0,0,0,3,0
2025-09-26,Chicken Breast,Meat,4,132,13.5,0,0,1,4,0
2025-09-27,Chicken Breast,Meat,4,144,13.4,0,0,1,5,0
2025-09-28,Chicken Breast,Meat,4,132,13.5,0,0,1,6,0
2025-09-29,Chicken Breast,Meat,4,80,11.3,0,0,0,0,0
2025-09-30,Chicken Breast,Meat,4,93,14.9,0,0,0,1,0
2025-10-01,Chicken Breast,Meat,4,108,14.7,0,0,0,2,0
2025-10-02,Chicken Breast,Meat,4,94,10.1,0,0,0,3,0
2025-10-03,Chicken Breast,Meat,4,151,14.8,0,0,1,4,0
2025-10-04,Chicken Breast,Meat,4,133,17.6,0,0,1,5,0
2025-10-05,Chicken Breast,Meat,4,148,13.4,0,0,1,6,0
2025-10-06,Chicken Breast,Meat,4,61,12.1,0,0,0,0,0
2025-10-07,Chicken Breast,Meat,4,86,12.4,0,0,0,1,0
2025-10-08,Chicken Breast,Meat,4,95,13.9,0,0,0,2,0
2025-10-09,Chicken Breast,Meat,4,83,8.6,0,0,0,3,0
2025-10-10,Chicken Breast,Meat,4,145,12.7,0,0,1,4,0
2025-10-11,Chicken Breast,Meat,4,151,11.3,0,0,1,5,1
2025-10-12,Chicken Breast,Meat,4,120,16.1,0,0,1,6,0
2025-10-13,Chicken Breast,Meat,4,72,11.5,0,0,0,0,0
2025-10-14,Chicken Breast,Meat,4,107,15.4,0,0,0,1,0
2025-10-15,Chicken Breast,Meat,4,133,9.2,0,0,0,2,1
2025-10-16,Chicken Breast,Meat,4,91,12.8,0,0,0,3,0
2025-10-17,Chicken Breast,Meat,4,172,12.1,0,0,1,4,1
2025-10-18,Chicken Breast,Meat,4,188,9.3,0,0,1,5,1
2025-10-19,Chicken Breast,Meat,4,155,11.5,0,0,1,6,0
2025-10-20,Chicken Breast,Meat,4,74,13.6,0,0,0,0,0
2025-10-21,Chicken Breast,Meat,4,88,10.1,0,0,0,1,0
2025-10-22,Chicken Breast,Meat,4,117,7.0,0,0,0,2,1
2025-10-23,Chicken Breast,Meat,4,130,10.5,0,0,0,3,1
2025-10-24,Chicken Breast,Meat,4,122,8.4,0,0,1,4,0
2025-10-25,Chicken Breast,Meat,4,147,9.5,0,0,1,5,0
2025-10-26,Chicken Breast,Meat,4,130,9.9,0,1,1,6,0
2025-10-27,Chicken Breast,Meat,4,71,6.2,0,1,0,0,0
2025-10-28,Chicken Breast,Meat,4,124,6.3,0,1,0,1,1
2025-10-29,Chicken Breast,Meat,4,91,10.8,0,1,0,2,0
2025-10-30,Chicken Breast,Meat,4,89,8.4,0,1,0,3,0
2025-10-31,Chicken Breast,Meat,4,132,3.8,0,1,1,4,0
2025-11-01,Chicken Breast,Meat,4,123,11.0,0,0,1,5,0
2025-11-02,Chicken Breast,Meat,4,132,9.8,0,0,1,6,0
2025-11-03,Chicken Breast,Meat,4,87,7.5,0,0,0,0,0
2025-11-04,Chicken Breast,Meat,4,83,6.0,0,0,0,1,0
2025-11-05,Chicken Breast,Meat,4,82,10.6,0,0,0,2,0
2025-11-06,Chicken Breast,Meat,4,87,9.4,0,0,0,3,0
2025-11-07,Chicken Breast,Meat,4,127,13.8,0,0,1,4,0
2025-11-08,Chicken Breast,Meat,4,138,9.3,0,0,1,5,0
2025-11-09,Chicken Breast,Meat,4,129,9.1,0,0,1,6,0
2025-11-10,Chicken Breast,Meat,4,83,7.8,0,0,0,0,0
2025-11-11,Chicken Breast,Meat,4,81,9.8,0,0,0,1,0
2025-11-12,Chicken Breast,Meat,4,107,9.2,0,0,0,2,0
2025-11-13,Chicken Breast,Meat,4,96,10.5,0,0,0,3,0
2025-11-14,Chicken Breast,Meat,4,138,6.5,0,0,1,4,0
2025-11-15,Chicken Breast,Meat,4,123,6.5,0,0,1,5,0
2025-11-16,Chicken Breast,Meat,4,155,6.3,0,0,1,6,0
2025-11-17,Chicken Breast,Meat,4,76,9.0,0,0,0,0,0
2025-11-18,Chicken Breast,Meat,4,89,10.4,0,0,0,1,0
2025-11-19,Chicken Breast,Meat,4,101,6.0,0,0,0,2,0
2025-11-20,Chicken Breast,Meat,4,102,6.0,0,0,0,3,0
2025-11-21,Chicken Breast,Meat,4,119,7.5,0,0,1,4,0
2025-11-22,Chicken Breast,Meat,4,150,6.1,0,0,1,5,0
2025-11-23,Chicken Breast,Meat,4,132,8.6,0,0,1,6,0
2025-11-24,Chicken Breast,Meat,4,93,1.5,0,0,0,0,0
2025-11-25,Chicken Breast,Meat,4,101,4.5,0,0,0,1,0
2025-11-26,Chicken Breast,Meat,4,102,4.5,0,0,0,2,0
2025-11-27,Chicken Breast,Meat,4,109,1.0,0,0,0,3,0
2025-11-28,Chicken Breast,Meat,4,146,3.9,0,0,1,4,0
2025-11-29,Chicken Breast,Meat,4,126,3.9,0,0,1,5,0
2025-11-30,Chicken Breast,Meat,4,132,5.3,0,0,1,6,0
2025-12-01,Chicken Breast,Meat,4,104,8.1,0,0,0,0,0
2025-12-02,Chicken Breast,Meat,4,96,5.0,0,0,0,1,0
2025-12-03,Chicken Breast,Meat,4,96,3.2,0,0,0,2,0
2025-12-04,Chicken Breast,Meat,4,101,5.2,0,0,0,3,0
2025-12-05,Chicken Breast,Meat,4,142,7.6,0,0,1,4,0
2025-12-06,Chicken Breast,Meat,4,127,3.0,0,0,1,5,0
2025-12-07,Chicken Breast,Meat,4,123,3.1,0,0,1,6,0
2025-12-08,Chicken Breast,Meat,4,89,6.2,0,0,0,0,0
2025-12-09,Chicken Breast,Meat,4,86,4.4,0,0,0,1,0
2025-12-10,Chicken Breast,Meat,4,86,6.2,0,0,0,2,0
2025-12-11,Chicken Breast,Meat,4,90,4.7,0,0,0,3,0
2025-12-12,Chicken Breast,Meat,4,134,6.2,0,0,1,4,0
2025-12-13,Chicken Breast,Meat,4,135,2.3,0,0,1,5,0
2025-12-14,Chicken Breast,Meat,4,129,4.5,0,0,1,6,0
2025-12-15,Chicken Breast,Meat,4,78,3.9,0,0,0,0,0
2025-12-16,Chicken Breast,Meat,4,94,1.7,0,0,0,1,0
2025-12-17,Chicken Breast,Meat,4,91,0.8,0,0,0,2,0
2025-12-18,Chicken Breast,Meat,4,104,5.7,0,0,0,3,0
2025-12-19,Chicken Breast,Meat,4,131,3.3,0,0,1,4,0
2025-12-20,Chicken Breast,Meat,4,132,1.8,0,1,1,5,0
2025-12-21,Chicken Breast,Meat,4,124,3.8,0,1,1,6,0
2025-12-22,Chicken Breast,Meat,4,90,6.4,0,1,0,0,0
2025-12-23,Chicken Breast,Meat,4,84,-1.2,0,1,0,1,0
2025-12-24,Chicken Breast,Meat,4,86,0.5,0,1,0,2,0
2025-12-25,Chicken Breast,Meat,4,0,1.7,1,1,0,3,0
2025-12-26,Chicken Breast,Meat,4,200,6.9,1,1,1,4,0
2025-12-27,Chicken Breast,Meat,4,138,4.2,0,1,1,5,0
2025-12-28,Chicken Breast,Meat,4,161,5.3,0,1,1,6,0
2025-12-29,Chicken Breast,Meat,4,72,1.0,0,1,0,0,0
2025-12-30,Chicken Breast,Meat,4,82,1.0,0,1,0,1,0
2025-12-31,Chicken Breast,Meat,4,87,4.4,0,1,0,2,0
2024-01-01,Milk,Dairy,6,78,4.0,1,1,0,0,0
2024-01-02,Milk,Dairy,6,74,1.0,0,1,0,1,0
2024-01-03,Milk,Dairy,6,92,4.9,0,0,0,2,1
2024-01-04,Milk,Dairy,6,80,5.3,0,0,0,3,0
2024-01-05,Milk,Dairy,6,98,-1.1,0,0,1,4,0
2024-01-06,Milk,Dairy,6,82,0.3,0,0,1,5,0
2024-01-07,Milk,Dairy,6,93,3.4,0,0,1,6,0
2024-01-08,Milk,Dairy,6,75,2.4,0,0,0,0,0
2024-01-09,Milk,Dairy,6,111,3.1,0,0,0,1,1
2024-01-10,Milk,Dairy,6,91,1.2,0,0,0,2,0
2024-01-11,Milk,Dairy,6,75,5.0,0,0,0,3,0
2024-01-12,Milk,Dairy,6,90,4.8,0,0,1,4,0
2024-01-13,Milk,Dairy,6,71,3.2,0,0,1,5,0
2024-01-14,Milk,Dairy,6,95,5.5,0,0,1,6,0
2024-01-15,Milk,Dairy,6,71,4.0,0,0,0,0,0
2024-01-16,Milk,Dairy,6,55,1.1,0,0,0,1,0
2024-01-17,Milk,Dairy,6,76,3.8,0,0,0,2,0
2024-01-18,Milk,Dairy,6,101,0.9,0,0,0,3,1
2024-01-19,Milk,Dairy,6,92,4.9,0,0,1,4,0
2024-01-20,Milk,Dairy,6,77,2.9,0,0,1,5,0
2024-01-21,Milk,Dairy,6,123,2.6,0,0,1,6,1
2024-01-22,Milk,Dairy,6,58,1.5,0,0,0,0,0
2024-01-23,Milk,Dairy,6,115,5.7,0,0,0,1,1
2024-01-24,Milk,Dairy,6,66,2.7,0,0,0,2,0
2024-01-25,Milk,Dairy,6,72,2.1,0,0,0,3,0
2024-01-26,Milk,Dairy,6,92,2.3,0,0,1,4,0
2024-01-27,Milk,Dairy,6,90,4.3,0,0,1,5,0
2024-01-28,Milk,Dairy,6,88,3.9,0,0,1,6,0
2024-01-29,Milk,Dairy,6,72,4.0,0,0,0,0,0
2024-01-30,Milk,Dairy,6,79,4.1,0,0,0,1,0
2024-01-31,Milk,Dairy,6,85,7.9,0,0,0,2,0
2024-02-01,Milk,Dairy,6,96,2.3,0,0,0,3,1
2024-02-02,Milk,Dairy,6,96,2.1,0,0,1,4,0
2024-02-03,Milk,Dairy,6,91,1.5,0,0,1,5,0
2024-02-04,Milk,Dairy,6,111,4.7,0,0,1,6,0
2024-02-05,Milk,Dairy,6,60,5.8,0,0,0,0,0
2024-02-06,Milk,Dairy,6,72,3.1,0,0,0,1,0
2024-02-07,Milk,Dairy,6,82,1.6,0,0,0,2,0
2024-02-08,Milk,Dairy,6,70,1.7,0,0,0,3,0
2024-02-09,Milk,Dairy,6,80,5.0,0,0,1,4,0
2024-02-10,Milk,Dairy,6,88,5.2,0,0,1,5,0
2024-02-11,Milk,Dairy,6,84,4.8,0,0,1,6,0
2024-02-12,Milk,Dairy,6,83,2.2,0,1,0,0,0
2024-02-13,Milk,Dairy,6,67,4.3,0,1,0,1,0
2024-02-14,Milk,Dairy,6,71,4.1,0,1,0,2,0
2024-02-15,Milk,Dairy,6,88,4.3,0,1,0,3,0
2024-02-16,Milk,Dairy,6,87,5.8,0,1,1,4,0
2024-02-17,Milk,Dairy,6,95,4.5,0,1,1,5,0
2024-02-18,Milk,Dairy,6,93,5.6,0,1,1,6,0
2024-02-19,Milk,Dairy,6,65,4.3,0,0,0,0,0
2024-02-20,Milk,Dairy,6,64,4.8,0,0,0,1,0
2024-02-21,Milk,Dairy,6,87,5.7,0,0,0,2,0
2024-02-22,Milk,Dairy,6,86,1.1,0,0,0,3,0
2024-02-23,Milk,Dairy,6,91,3.7,0,0,1,4,0
2024-02-24,Milk,Dairy,6,95,3.5,0,0,1,5,0
2024-02-25,Milk,Dairy,6,122,3.2,0,0,1,6,0
2024-02-26,Milk,Dairy,6,69,4.1,0,0,0,0,0
2024-02-27,Milk,Dairy,6,68,8.0,0,0,0,1,0
2024-02-28,Milk,Dairy,6,103,2.9,0,0,0,2,0
2024-02-29,Milk,Dairy,6,100,7.1,0,0,0,3,0
2024-03-01,Milk,Dairy,6,83,1.3,0,0,1,4,0
2024-03-02,Milk,Dairy,6,106,4.4,0,0,1,5,0
2024-03-03,Milk,Dairy,6,105,5.6,0,0,1,6,0
2024-03-04,Milk,Dairy,6,107,6.6,0,0,0,0,1
2024-03-05,Milk,Dairy,6,65,7.0,0,0,0,1,0
2024-03-06,Milk,Dairy,6,83,7.3,0,0,0,2,0
2024-03-07,Milk,Dairy,6,79,4.8,0,0,0,3,0
2024-03-08,Milk,Dairy,6,104,4.7,0,0,1,4,0
2024-03-09,Milk,Dairy,6,104,7.7,0,0,1,5,0
2024-03-10,Milk,Dairy,6,96,5.5,0,0,1,6,0
2024-03-11,Milk,Dairy,6,76,3.2,0,0,0,0,0
2024-03-12,Milk,Dairy,6,65,3.6,0,0,0,1,0
2024-03-13,Milk,Dairy,6,78,4.2,0,0,0,2,0
2024-03-14,Milk,Dairy,6,86,7.5,0,0,0,3,0
2024-03-15,Milk,Dairy,6,98,6.8,0,0,1,4,0
2024-03-16,Milk,Dairy,6,81,8.1,0,0,1,5,0
2024-03-17,Milk,Dairy,6,84,5.8,0,0,1,6,0
2024-03-18,Milk,Dairy,6,92,7.2,0,0,0,0,0
2024-03-19,Milk,Dairy,6,81,8.3,0,0,0,1,0
2024-03-20,Milk,Dairy,6,87,6.4,0,0,0,2,0
2024-03-21,Milk,Dairy,6,96,8.2,0,0,0,3,0
2024-03-22,Milk,Dairy,6,110,5.8,0,0,1,4,0
2024-03-23,Milk,Dairy,6,140,6.6,0,0,1,5,0
2024-03-24,Milk,Dairy,6,100,6.7,0,0,1,6,0
2024-03-25,Milk,Dairy,6,68,5.0,0,0,0,0,0
2024-03-26,Milk,Dairy,6,75,8.9,0,0,0,1,0
2024-03-27,Milk,Dairy,6,104,6.9,0,0,0,2,0
2024-03-28,Milk,Dairy,6,86,8.1,0,0,0,3,0
2024-03-29,Milk,Dairy,6,131,9.2,1,0,1,4,0
2024-03-30,Milk,Dairy,6,97,9.3,0,0,1,5,0
2024-03-31,Milk,Dairy,6,74,9.9,0,0,1,6,0
2024-04-01,Milk,Dairy,6,101,8.3,1,1,0,0,0
2024-04-02,Milk,Dairy,6,80,7.8,0,1,0,1,0
2024-04-03,Milk,Dairy,6,93,8.7,0,1,0,2,0
2024-04-04,Milk,Dairy,6,97,5.2,0,1,0,3,0
2024-04-05,Milk,Dairy,6,101,5.9,0,1,1,4,0
2024-04-06,Milk,Dairy,6,115,6.3,0,1,1,5,0
2024-04-07,Milk,Dairy,6,105,7.2,0,1,1,6,0
2024-04-08,Milk,Dairy,6,81,10.4,0,1,0,0,0
2024-04-09,Milk,Dairy,6,89,7.6,0,1,0,1,0
2024-04-10,Milk,Dairy,6,101,8.9,0,1,0,2,1
2024-04-11,Milk,Dairy,6,107,12.8,0,1,0,3,0
2024-04-12,Milk,Dairy,6,122,9.3,0,1,1,4,0
2024-04-13,Milk,Dairy,6,102,11.8,0,1,1,5,0
2024-04-14,Milk,Dairy,6,108,8.3,0,1,1,6,0
2024-04-15,Milk,Dairy,6,59,10.0,0,0,0,0,0
2024-04-16,Milk,Dairy,6,69,8.5,0,0,0,1,0
2024-04-17,Milk,Dairy,6,93,10.0,0,0,0,2,0
2024-04-18,Milk,Dairy,6,73,12.7,0,0,0,3,0
2024-04-19,Milk,Dairy,6,141,7.2,0,0,1,4,1
2024-04-20,Milk,Dairy,6,106,12.1,0,0,1,5,0
2024-04-21,Milk,Dairy,6,112,11.8,0,0,1,6,0
2024-04-22,Milk,Dairy,6,98,10.1,0,0,0,0,0
2024-04-23,Milk,Dairy,6,96,8.4,0,0,0,1,0
2024-04-24,Milk,Dairy,6,100,11.8,0,0,0,2,0
2024-04-25,Milk,Dairy,6,94,10.7,0,0,0,3,0
2024-04-26,Milk,Dairy,6,113,12.5,0,0,1,4,0
2024-04-27,Milk,Dairy,6,105,12.1,0,0,1,5,0
2024-04-28,Milk,Dairy,6,106,15.8,0,0,1,6,0
2024-04-29,Milk,Dairy,6,87,11.8,0,0,0,0,0
2024-04-30,Milk,Dairy,6,70,10.3,0,0,0,1,0
2024-05-01,Milk,Dairy,6,98,13.0,0,0,0,2,0
2024-05-02,Milk,Dairy,6,88,13.3,0,0,0,3,0
2024-05-03,Milk,Dairy,6,108,15.9,0,0,1,4,0
2024-05-04,Milk,Dairy,6,102,14.9,0,0,1,5,0
2024-05-05,Milk,Dairy,6,95,14.0,0,0,1,6,0
2024-05-06,Milk,Dairy,6,149,16.5,1,0,0,0,1
2024-05-07,Milk,Dairy,6,80,10.8,0,0,0,1,0
2024-05-08,Milk,Dairy,6,93,12.2,0,0,0,2,0
2024-05-09,Milk,Dairy,6,83,11.7,0,0,0,3,0
2024-05-10,Milk,Dairy,6,114,13.0,0,0,1,4,0
2024-05-11,Milk,Dairy,6,106,10.9,0,0,1,5,0
2024-05-12,Milk,Dairy,6,113,15.5,0,0,1,6,0
2024-05-13,Milk,Dairy,6,90,13.7,0,0,0,0,0
2024-05-14,Milk,Dairy,6,89,11.1,0,0,0,1,0
2024-05-15,Milk,Dairy,6,91,12.2,0,0,0,2,0
2024-05-16,Milk,Dairy,6,90,15.3,0,0,0,3,0
2024-05-17,Milk,Dairy,6,112,16.5,0,0,1,4,0
2024-05-18,Milk,Dairy,6,127,19.2,0,0,1,5,0
2024-05-19,Milk,Dairy,6,118,21.4,0,0,1,6,0
2024-05-20,Milk,Dairy,6,95,16.0,0,0,0,0,0
2024-05-21,Milk,Dairy,6,108,13.0,0,0,0,1,1
2024-05-22,Milk,Dairy,6,115,10.6,0,0,0,2,0
2024-05-23,Milk,Dairy,6,97,16.0,0,0,0,3,0
2024-05-24,Milk,Dairy,6,116,13.7,0,0,1,4,0
2024-05-25,Milk,Dairy,6,119,14.7,0,0,1,5,0
2024-05-26,Milk,Dairy,6,114,14.4,0,1,1,6,0
2024-05-27,Milk,Dairy,6,107,15.6,1,1,0,0,0
2024-05-28,Milk,Dairy,6,89,18.3,0,1,0,1,0
2024-05-29,Milk,Dairy,6,82,16.4,0,1,0,2,0
2024-05-30,Milk,Dairy,6,114,15.8,0,1,0,3,0
2024-05-31,Milk,Dairy,6,117,14.0,0,1,1,4,0
2024-06-01,Milk,Dairy,6,117,12.7,0,0,1,5,0
2024-06-02,Milk,Dairy,6,110,15.4,0,0,1,6,0
2024-06-03,Milk,Dairy,6,71,16.5,0,0,0,0,0
2024-06-04,Milk,Dairy,6,82,20.6,0,0,0,1,0
2024-06-05,Milk,Dairy,6,110,17.1,0,0,0,2,0
2024-06-06,Milk,Dairy,6,80,19.0,0,0,0,3,0
2024-06-07,Milk,Dairy,6,109,15.9,0,0,1,4,0
2024-06-08,Milk,Dairy,6,124,14.5,0,0,1,5,0
2024-06-09,Milk,Dairy,6,113,15.0,0,0,1,6,0
2024-06-10,Milk,Dairy,6,81,15.6,0,0,0,0,0
2024-06-11,Milk,Dairy,6,74,22.0,0,0,0,1,0
2024-06-12,Milk,Dairy,6,87,15.6,0,0,0,2,0
2024-06-13,Milk,Dairy,6,99,19.3,0,0,0,3,0
2024-06-14,Milk,Dairy,6,99,15.6,0,0,1,4,0
2024-06-15,Milk,Dairy,6,152,19.7,0,0,1,5,1
2024-06-16,Milk,Dairy,6,96,18.6,0,0,1,6,0
2024-06-17,Milk,Dairy,6,87,17.5,0,0,0,0,0
2024-06-18,Milk,Dairy,6,88,17.8,0,0,0,1,0
2024-06-19,Milk,Dairy,6,86,16.5,0,0,0,2,0
2024-06-20,Milk,Dairy,6,86,19.0,0,0,0,3,0
2024-06-21,Milk,Dairy,6,98,17.1,0,0,1,4,0
2024-06-22,Milk,Dairy,6,139,15.4,0,0,1,5,1
2024-06-23,Milk,Dairy,6,110,15.4,0,0,1,6,0
2024-06-24,Milk,Dairy,6,141,18.6,0,0,0,0,1
2024-06-25,Milk,Dairy,6,81,21.8,0,0,0,1,0
2024-06-26,Milk,Dairy,6,104,18.7,0,0,0,2,0
2024-06-27,Milk,Dairy,6,90,18.2,0,0,0,3,0
2024-06-28,Milk,Dairy,6,107,19.1,0,0,1,4,0
2024-06-29,Milk,Dairy,6,97,21.4,0,0,1,5,0
2024-06-30,Milk,Dairy,6,105,19.0,0,0,1,6,0
2024-07-01,Milk,Dairy,6,88,17.7,0,1,0,0,0
2024-07-02,Milk,Dairy,6,92,21.1,0,1,0,1,0
2024-07-03,Milk,Dairy,6,89,19.6,0,1,0,2,0
2024-07-04,Milk,Dairy,6,102,22.1,0,1,0,3,0
2024-07-05,Milk,Dairy,6,127,19.2,0,1,1,4,0
2024-07-06,Milk,Dairy,6,102,16.1,0,1,1,5,0
2024-07-07,Milk,Dairy,6,114,15.8,0,1,1,6,0
2024-07-08,Milk,Dairy,6,107,22.5,0,1,0,0,0
2024-07-09,Milk,Dairy,6,83,22.7,0,1,0,1,0
2024-07-10,Milk,Dairy,6,83,18.5,0,1,0,2,0
2024-07-11,Milk,Dairy,6,93,18.1,0,1,0,3,0
2024-07-12,Milk,Dairy,6,106,22.2,0,1,1,4,0
2024-07-13,Milk,Dairy,6,119,16.5,0,1,1,5,0
2024-07-14,Milk,Dairy,6,103,17.0,0,1,1,6,0
2024-07-15,Milk,Dairy,6,90,20.4,0,1,0,0,0
2024-07-16,Milk,Dairy,6,72,18.1,0,1,0,1,0
2024-07-17,Milk,Dairy,6,104,19.0,0,1,0,2,0
2024-07-18,Milk,Dairy,6,88,18.6,0,1,0,3,0
2024-07-19,Milk,Dairy,6,93,19.7,0,1,1,4,0
2024-07-20,Milk,Dairy,6,122,22.1,0,1,1,5,0
2024-07-21,Milk,Dairy,6,114,19.2,0,1,1,6,0
2024-07-22,Milk,Dairy,6,93,20.4,0,1,0,0,0
2024-07-23,Milk,Dairy,6,82,14.5,0,1,0,1,0
2024-07-24,Milk,Dairy,6,67,18.9,0,1,0,2,0
2024-07-25,Milk,Dairy,6,78,17.1,0,1,0,3,0
2024-07-26,Milk,Dairy,6,90,16.3,0,1,1,4,0
2024-07-27,Milk,Dairy,6,107,17.0,0,1,1,5,0
2024-07-28,Milk,Dairy,6,88,18.2,0,1,1,6,0
2024-07-29,Milk,Dairy,6,92,20.9,0,1,0,0,0
2024-07-30,Milk,Dairy,6,63,15.9,0,1,0,1,0
2024-07-31,Milk,Dairy,6,85,18.9,0,1,0,2,0
2024-08-01,Milk,Dairy,6,105,17.7,0,1,0,3,0
2024-08-02,Milk,Dairy,6,88,18.1,0,1,1,4,0
2024-08-03,Milk,Dairy,6,102,21.0,0,1,1,5,0
2024-08-04,Milk,Dairy,6,107,19.9,0,1,1,6,0
2024-08-05,Milk,Dairy,6,78,21.6,0,1,0,0,0
2024-08-06,Milk,Dairy,6,94,18.3,0,1,0,1,0
2024-08-07,Milk,Dairy,6,120,17.1,0,1,0,2,1
2024-08-08,Milk,Dairy,6,88,18.1,0,1,0,3,0
2024-08-09,Milk,Dairy,6,106,19.0,0,1,1,4,0
2024-08-10,Milk,Dairy,6,124,18.8,0,1,1,5,0
2024-08-11,Milk,Dairy,6,97,16.0,0,1,1,6,0
2024-08-12,Milk,Dairy,6,88,18.5,0,1,0,0,1
2024-08-13,Milk,Dairy,6,71,18.8,0,1,0,1,0
2024-08-14,Milk,Dairy,6,92,23.8,0,1,0,2,0
2024-08-15,Milk,Dairy,6,87,22.3,0,1,0,3,0
2024-08-16,Milk,Dairy,6,80,16.2,0,1,1,4,0
2024-08-17,Milk,Dairy,6,104,17.4,0,1,1,5,0
2024-08-18,Milk,Dairy,6,77,14.8,0,1,1,6,0
2024-08-19,Milk,Dairy,6,78,16.6,0,1,0,0,0
2024-08-20,Milk,Dairy,6,85,18.5,0,1,0,1,0
2024-08-21,Milk,Dairy,6,86,20.4,0,1,0,2,0
2024-08-22,Milk,Dairy,6,78,16.1,0,1,0,3,0
2024-08-23,Milk,Dairy,6,90,16.2,0,1,1,4,0
2024-08-24,Milk,Dairy,6,100,12.8,0,1,1,5,0
2024-08-25,Milk,Dairy,6,111,17.1,0,1,1,6,0
2024-08-26,Milk,Dairy,6,120,15.0,1,1,0,0,1
2024-08-27,Milk,Dairy,6,80,16.1,0,1,0,1,0
2024-08-28,Milk,Dairy,6,86,15.3,0,1,0,2,0
2024-08-29,Milk,Dairy,6,65,16.9,0,1,0,3,0
2024-08-30,Milk,Dairy,6,95,13.2,0,1,1,4,0
2024-08-31,Milk,Dairy,6,97,13.7,0,1,1,5,0
2024-09-01,Milk,Dairy,6,93,21.5,0,0,1,6,0
2024-09-02,Milk,Dairy,6,81,13.9,0,0,0,0,0
2024-09-03,Milk,Dairy,6,81,14.2,0,0,0,1,1
2024-09-04,Milk,Dairy,6,73,20.6,0,0,0,2,0
2024-09-05,Milk,Dairy,6,101,22.8,0,0,0,3,1
2024-09-06,Milk,Dairy,6,93,13.8,0,0,1,4,0
2024-09-07,Milk,Dairy,6,114,15.4,0,0,1,5,0
2024-09-08,Milk,Dairy,6,97,16.9,0,0,1,6,0
2024-09-09,Milk,Dairy,6,83,19.8,0,0,0,0,0
2024-09-10,Milk,Dairy,6,81,13.8,0,0,0,1,0
2024-09-11,Milk,Dairy,6,71,15.3,0,0,0,2,0
2024-09-12,Milk,Dairy,6,85,17.4,0,0,0,3,0
2024-09-13,Milk,Dairy,6,108,16.6,0,0,1,4,0
2024-09-14,Milk,Dairy,6,100,14.7,0,0,1,5,0
2024-09-15,Milk,Dairy,6,100,15.1,0,0,1,6,0
2024-09-16,Milk,Dairy,6,69,12.2,0,0,0,0,0
2024-09-17,Milk,Dairy,6,74,14.6,0,0,0,1,0
2024-09-18,Milk,Dairy,6,67,14.4,0,0,0,2,0
2024-09-19,Milk,Dairy,6,83,15.4,0,0,0,3,0
2024-09-20,Milk,Dairy,6,89,13.6,0,0,1,4,0
2024-09-21,Milk,Dairy,6,96,15.7,0,0,1,5,0
2024-09-22,Milk,Dairy,6,102,16.8,0,0,1,6,0
2024-09-23,Milk,Dairy,6,100,14.8,0,0,0,0,0
2024-09-24,Milk,Dairy,6,62,15.1,0,0,0,1,0
2024-09-25,Milk,Dairy,6,85,14.3,0,0,0,2,0
2024-09-26,Milk,Dairy,6,76,14.0,0,0,0,3,0
2024-09-27,Milk,Dairy,6,103,12.3,0,0,1,4,0
2024-09-28,Milk,Dairy,6,84,14.5,0,0,1,5,0
2024-09-29,Milk,Dairy,6,91,13.4,0,0,1,6,0
2024-09-30,Milk,Dairy,6,72,18.1,0,0,0,0,0
2024-10-01,Milk,Dairy,6,102,16.8,0,0,0,1,1
2024-10-02,Milk,Dairy,6,93,14.1,0,0,0,2,1
2024-10-03,Milk,Dairy,6,95,11.4,0,0,0,3,0
2024-10-04,Milk,Dairy,6,85,10.5,0,0,1,4,0
2024-10-05,Milk,Dairy,6,86,15.5,0,0,1,5,0
2024-10-06,Milk,Dairy,6,92,13.3,0,0,1,6,0
2024-10-07,Milk,Dairy,6,65,13.6,0,0,0,0,0
2024-10-08,Milk,Dairy,6,60,8.6,0,0,0,1,0
2024-10-09,Milk,Dairy,6,81,14.4,0,0,0,2,0
2024-10-10,Milk,Dairy,6,65,13.2,0,0,0,3,0
2024-10-11,Milk,Dairy,6,79,9.6,0,0,1,4,0
2024-10-12,Milk,Dairy,6,82,10.9,0,0,1,5,0
2024-10-13,Milk,Dairy,6,94,12.4,0,0,1,6,0
2024-10-14,Milk,Dairy,6,60,11.8,0,0,0,0,0
2024-10-15,Milk,Dairy,6,54,10.9,0,0,0,1,0
2024-10-16,Milk,Dairy,6,60,11.1,0,0,0,2,0
2024-10-17,Milk,Dairy,6,81,10.7,0,0,0,3,0
2024-10-18,Milk,Dairy,6,93,11.4,0,0,1,4,0
2024-10-19,Milk,Dairy,6,83,14.2,0,0,1,5,0
2024-10-20,Milk,Dairy,6,87,5.2,0,0,1,6,0
2024-10-21,Milk,Dairy,6,79,10.2,0,0,0,0,0
2024-10-22,Milk,Dairy,6,69,10.9,0,0,0,1,0
2024-10-23,Milk,Dairy,6,64,11.0,0,0,0,2,0
2024-10-24,Milk,Dairy,6,66,9.4,0,0,0,3,0
2024-10-25,Milk,Dairy,6,91,6.3,0,0,1,4,0
2024-10-26,Milk,Dairy,6,80,10.7,0,1,1,5,0
2024-10-27,Milk,Dairy,6,94,13.7,0,1,1,6,0
2024-10-28,Milk,Dairy,6,57,6.3,0,1,0,0,0
2024-10-29,Milk,Dairy,6,52,11.5,0,1,0,1,0
2024-10-30,Milk,Dairy,6,72,8.7,0,1,0,2,0
2024-10-31,Milk,Dairy,6,82,9.2,0,1,0,3,0
2024-11-01,Milk,Dairy,6,83,6.9,0,0,1,4,0
2024-11-02,Milk,Dairy,6,76,8.3,0,0,1,5,0
2024-11-03,Milk,Dairy,6,93,11.8,0,0,1,6,0
2024-11-04,Milk,Dairy,6,67,10.1,0,0,0,0,0
2024-11-05,Milk,Dairy,6,69,12.5,0,0,0,1,0
2024-11-06,Milk,Dairy,6,68,11.1,0,0,0,2,0
2024-11-07,Milk,Dairy,6,73,9.3,0,0,0,3,0
2024-11-08,Milk,Dairy,6,85,12.1,0,0,1,4,0
2024-11-09,Milk,Dairy,6,80,9.1,0,0,1,5,0
2024-11-10,Milk,Dairy,6,110,9.8,0,0,1,6,0
2024-11-11,Milk,Dairy,6,66,7.2,0,0,0,0,0
2024-11-12,Milk,Dairy,6,60,7.9,0,0,0,1,0
2024-11-13,Milk,Dairy,6,77,6.1,0,0,0,2,0
2024-11-14,Milk,Dairy,6,62,9.7,0,0,0,3,0
2024-11-15,Milk,Dairy,6,72,4.8,0,0,1,4,0
2024-11-16,Milk,Dairy,6,123,9.0,0,0,1,5,1
2024-11-17,Milk,Dairy,6,92,6.7,0,0,1,6,0
2024-11-18,Milk,Dairy,6,56,9.6,0,0,0,0,0
2024-11-19,Milk,Dairy,6,69,8.5,0,0,0,1,0
2024-11-20,Milk,Dairy,6,76,10.8,0,0,0,2,0
2024-11-21,Milk,Dairy,6,82,8.3,0,0,0,3,0
2024-11-22,Milk,Dairy,6,89,3.1,0,0,1,4,0
2024-11-23,Milk,Dairy,6,92,6.3,0,0,1,5,0
2024-11-24,Milk,Dairy,6,92,3.7,0,0,1,6,0
2024-11-25,Milk,Dairy,6,66,5.1,0,0,0,0,0
2024-11-26,Milk,Dairy,6,71,9.4,0,0,0,1,0
2024-11-27,Milk,Dairy,6,58,7.4,0,0,0,2,0
2024-11-28,Milk,Dairy,6,56,4.3,0,0,0,3,0
2024-11-29,Milk,Dairy,6,96,3.5,0,0,1,4,0
2024-11-30,Milk,Dairy,6,99,5.7,0,0,1,5,0
2024-12-01,Milk,Dairy,6,87,2.9,0,0,1,6,0
2024-12-02,Milk,Dairy,6,55,4.0,0,0,0,0,0
2024-12-03,Milk,Dairy,6,69,6.1,0,0,0,1,0
2024-12-04,Milk,Dairy,6,74,7.8,0,0,0,2,0
2024-12-05,Milk,Dairy,6,70,6.5,0,0,0,3,0
2024-12-06,Milk,Dairy,6,87,0.0,0,0,1,4,0
2024-12-07,Milk,Dairy,6,79,5.7,0,0,1,5,0
2024-12-08,Milk,Dairy,6,85,5.1,0,0,1,6,0
2024-12-09,Milk,Dairy,6,83,5.7,0,0,0,0,0
2024-12-10,Milk,Dairy,6,64,8.3,0,0,0,1,0
2024-12-11,Milk,Dairy,6,77,0.1,0,0,0,2,0
2024-12-12,Milk,Dairy,6,66,3.3,0,0,0,3,0
2024-12-13,Milk,Dairy,6,87,5.8,0,0,1,4,0
2024-12-14,Milk,Dairy,6,70,0.9,0,0,1,5,0
2024-12-15,Milk,Dairy,6,97,7.6,0,0,1,6,0
2024-12-16,Milk,Dairy,6,73,5.1,0,0,0,0,0
2024-12-17,Milk,Dairy,6,72,6.0,0,0,0,1,0
2024-12-18,Milk,Dairy,6,70,2.9,0,0,0,2,0
2024-12-19,Milk,Dairy,6,79,5.8,0,0,0,3,0
2024-12-20,Milk,Dairy,6,119,6.3,0,1,1,4,0
2024-12-21,Milk,Dairy,6,84,4.4,0,1,1,5,0
2024-12-22,Milk,Dairy,6,132,4.4,0,1,1,6,1
2024-12-23,Milk,Dairy,6,85,4.4,0,1,0,0,1
2024-12-24,Milk,Dairy,6,57,1.8,0,1,0,1,0
2024-12-25,Milk,Dairy,6,0,3.3,1,1,0,2,0
2024-12-26,Milk,Dairy,6,102,3.3,1,1,0,3,0
2024-12-27,Milk,Dairy,6,88,4.4,0,1,1,4,0
2024-12-28,Milk,Dairy,6,82,5.7,0,1,1,5,0
2024-12-29,Milk,Dairy,6,100,1.1,0,1,1,6,0
2024-12-30,Milk,Dairy,6,58,3.1,0,1,0,0,0
2024-12-31,Milk,Dairy,6,79,6.6,0,1,0,1,0
2025-01-01,Milk,Dairy,6,88,1.7,1,1,0,2,0
2025-01-02,Milk,Dairy,6,91,1.5,0,1,0,3,0
2025-01-03,Milk,Dairy,6,87,3.7,0,0,1,4,0
2025-01-04,Milk,Dairy,6,85,5.1,0,0,1,5,0
2025-01-05,Milk,Dairy,6,74,3.2,0,0,1,6,0
2025-01-06,Milk,Dairy,6,111,6.1,0,0,0,0,1
2025-01-07,Milk,Dairy,6,85,5.0,0,0,0,1,0
2025-01-08,Milk,Dairy,6,75,5.0,0,0,0,2,0
2025-01-09,Milk,Dairy,6,79,4.3,0,0,0,3,0
2025-01-10,Milk,Dairy,6,92,8.2,0,0,1,4,0
2025-01-11,Milk,Dairy,6,94,2.6,0,0,1,5,0
2025-01-12,Milk,Dairy,6,114,-1.4,0,0,1,6,0
2025-01-13,Milk,Dairy,6,60,6.6,0,0,0,0,0
2025-01-14,Milk,Dairy,6,56,2.0,0,0,0,1,0
2025-01-15,Milk,Dairy,6,76,3.3,0,0,0,2,0
2025-01-16,Milk,Dairy,6,114,5.9,0,0,0,3,1
2025-01-17,Milk,Dairy,6,93,-0.5,0,0,1,4,0
2025-01-18,Milk,Dairy,6,91,0.2,0,0,1,5,0
2025-01-19,Milk,Dairy,6,81,-0.5,0,0,1,6,0
2025-01-20,Milk,Dairy,6,54,1.3,0,0,0,0,0
2025-01-21,Milk,Dairy,6,66,4.0,0,0,0,1,0
2025-01-22,Milk,Dairy,6,87,4.2,0,0,0,2,0
2025-01-23,Milk,Dairy,6,88,3.6,0,0,0,3,0
2025-01-24,Milk,Dairy,6,105,-0.1,0,0,1,4,0
2025-01-25,Milk,Dairy,6,86,-2.0,0,0,1,5,0
2025-01-26,Milk,Dairy,6,107,3.2,0,0,1,6,0
2025-01-27,Milk,Dairy,6,71,2.0,0,0,0,0,0
2025-01-28,Milk,Dairy,6,75,4.1,0,0,0,1,0
2025-01-29,Milk,Dairy,6,73,4.7,0,0,0,2,0
2025-01-30,Milk,Dairy,6,83,3.5,0,0,0,3,0
2025-01-31,Milk,Dairy,6,91,4.9,0,0,1,4,0
2025-02-01,Milk,Dairy,6,80,3.7,0,0,1,5,0
2025-02-02,Milk,Dairy,6,101,4.4,0,0,1,6,0
2025-02-03,Milk,Dairy,6,98,1.7,0,0,0,0,1
2025-02-04,Milk,Dairy,6,75,2.9,0,0,0,1,0
2025-02-05,Milk,Dairy,6,90,3.8,0,0,0,2,0
2025-02-06,Milk,Dairy,6,87,5.2,0,0,0,3,0
2025-02-07,Milk,Dairy,6,109,2.6,0,0,1,4,0
2025-02-08,Milk,Dairy,6,94,4.6,0,0,1,5,0
2025-02-09,Milk,Dairy,6,101,2.9,0,0,1,6,0
2025-02-10,Milk,Dairy,6,108,3.3,0,0,0,0,1
2025-02-11,Milk,Dairy,6,60,5.5,0,0,0,1,0
2025-02-12,Milk,Dairy,6,93,-0.7,0,1,0,2,0
2025-02-13,Milk,Dairy,6,88,0.9,0,1,0,3,0
2025-02-14,Milk,Dairy,6,97,0.5,0,1,1,4,0
2025-02-15,Milk,Dairy,6,90,-1.3,0,1,1,5,0
2025-02-16,Milk,Dairy,6,105,2.4,0,1,1,6,0
2025-02-17,Milk,Dairy,6,99,5.6,0,1,0,0,1
2025-02-18,Milk,Dairy,6,81,3.4,0,1,0,1,0
2025-02-19,Milk,Dairy,6,92,4.6,0,0,0,2,0
2025-02-20,Milk,Dairy,6,73,6.6,0,0,0,3,0
2025-02-21,Milk,Dairy,6,109,7.2,0,0,1,4,0
2025-02-22,Milk,Dairy,6,91,4.2,0,0,1,5,0
2025-02-23,Milk,Dairy,6,109,7.4,0,0,1,6,0
2025-02-24,Milk,Dairy,6,77,4.7,0,0,0,0,0
2025-02-25,Milk,Dairy,6,68,2.7,0,0,0,1,0
2025-02-26,Milk,Dairy,6,77,3.4,0,0,0,2,0
2025-02-27,Milk,Dairy,6,77,1.5,0,0,0,3,0
2025-02-28,Milk,Dairy,6,74,2.9,0,0,1,4,0
2025-03-01,Milk,Dairy,6,128,4.1,0,0,1,5,1
2025-03-02,Milk,Dairy,6,117,6.8,0,0,1,6,1
2025-03-03,Milk,Dairy,6,85,8.9,0,0,0,0,0
2025-03-04,Milk,Dairy,6,69,2.2,0,0,0,1,0
2025-03-05,Milk,Dairy,6,93,6.2,0,0,0,2,0
2025-03-06,Milk,Dairy,6,85,3.1,0,0,0,3,0
2025-03-07,Milk,Dairy,6,100,6.6,0,0,1,4,0
2025-03-08,Milk,Dairy,6,109,5.3,0,0,1,5,0
2025-03-09,Milk,Dairy,6,133,1.7,0,0,1,6,0
2025-03-10,Milk,Dairy,6,50,7.9,0,0,0,0,0
2025-03-11,Milk,Dairy,6,76,4.6,0,0,0,1,0
2025-03-12,Milk,Dairy,6,89,4.9,0,0,0,2,0
2025-03-13,Milk,Dairy,6,85,3.8,0,0,0,3,0
2025-03-14,Milk,Dairy,6,123,4.8,0,0,1,4,0
2025-03-15,Milk,Dairy,6,106,7.3,0,0,1,5,0
2025-03-16,Milk,Dairy,6,117,6.1,0,0,1,6,0
2025-03-17,Milk,Dairy,6,87,7.3,0,0,0,0,0
2025-03-18,Milk,Dairy,6,92,7.5,0,0,0,1,0
2025-03-19,Milk,Dairy,6,81,9.7,0,0,0,2,0
2025-03-20,Milk,Dairy,6,93,6.2,0,0,0,3,0
2025-03-21,Milk,Dairy,6,96,3.8,0,0,1,4,0
2025-03-22,Milk,Dairy,6,101,9.5,0,0,1,5,0
2025-03-23,Milk,Dairy,6,120,6.6,0,0,1,6,0
2025-03-24,Milk,Dairy,6,80,9.9,0,0,0,0,0
2025-03-25,Milk,Dairy,6,76,8.4,0,0,0,1,0
2025-03-26,Milk,Dairy,6,87,7.4,0,0,0,2,0
2025-03-27,Milk,Dairy,6,78,8.6,0,0,0,3,0
2025-03-28,Milk,Dairy,6,118,12.2,0,0,1,4,0
2025-03-29,Milk,Dairy,6,114,12.6,0,0,1,5,0
2025-03-30,Milk,Dairy,6,98,8.3,0,0,1,6,0
2025-03-31,Milk,Dairy,6,65,8.7,0,0,0,0,0
2025-04-01,Milk,Dairy,6,89,10.8,0,1,0,1,0
2025-04-02,Milk,Dairy,6,114,6.7,0,1,0,2,1
2025-04-03,Milk,Dairy,6,83,9.4,0,1,0,3,0
2025-04-04,Milk,Dairy,6,103,8.8,0,1,1,4,0
2025-04-05,Milk,Dairy,6,117,9.6,0,1,1,5,0
2025-04-06,Milk,Dairy,6,102,7.3,0,1,1,6,0
2025-04-07,Milk,Dairy,6,90,5.7,0,1,0,0,0
2025-04-08,Milk,Dairy,6,85,4.8,0,1,0,1,0
2025-04-09,Milk,Dairy,6,94,7.0,0,1,0,2,0
2025-04-10,Milk,Dairy,6,98,8.6,0,1,0,3,0
2025-04-11,Milk,Dairy,6,119,9.1,0,1,1,4,0
2025-04-12,Milk,Dairy,6,146,14.2,0,1,1,5,1
2025-04-13,Milk,Dairy,6,122,12.5,0,1,1,6,0
2025-04-14,Milk,Dairy,6,87,8.1,0,1,0,0,0
2025-04-15,Milk,Dairy,6,87,11.1,0,0,0,1,0
2025-04-16,Milk,Dairy,6,90,9.6,0,0,0,2,0
2025-04-17,Milk,Dairy,6,81,10.0,0,0,0,3,0
2025-04-18,Milk,Dairy,6,155,11.1,1,0,1,4,0
2025-04-19,Milk,Dairy,6,110,12.2,0,0,1,5,0
2025-04-20,Milk,Dairy,6,117,10.3,0,0,1,6,0
2025-04-21,Milk,Dairy,6,90,13.5,1,0,0,0,0
2025-04-22,Milk,Dairy,6,77,8.8,0,0,0,1,0
2025-04-23,Milk,Dairy,6,99,11.4,0,0,0,2,0
2025-04-24,Milk,Dairy,6,84,17.3,0,0,0,3,0
2025-04-25,Milk,Dairy,6,121,12.2,0,0,1,4,0
2025-04-26,Milk,Dairy,6,128,15.0,0,0,1,5,0
2025-04-27,Milk,Dairy,6,97,12.2,0,0,1,6,0
2025-04-28,Milk,Dairy,6,88,13.4,0,0,0,0,0
2025-04-29,Milk,Dairy,6,100,12.1,0,0,0,1,0
2025-04-30,Milk,Dairy,6,91,12.0,0,0,0,2,0
2025-05-01,Milk,Dairy,6,105,10.8,0,0,0,3,0
2025-05-02,Milk,Dairy,6,134,13.6,0,0,1,4,0
2025-05-03,Milk,Dairy,6,126,10.9,0,0,1,5,0
2025-05-04,Milk,Dairy,6,112,14.4,0,0,1,6,0
2025-05-05,Milk,Dairy,6,118,15.4,1,0,0,0,0
2025-05-06,Milk,Dairy,6,92,14.0,0,0,0,1,0
2025-05-07,Milk,Dairy,6,108,12.7,0,0,0,2,0
2025-05-08,Milk,Dairy,6,104,14.4,0,0,0,3,0
2025-05-09,Milk,Dairy,6,125,12.9,0,0,1,4,0
2025-05-10,Milk,Dairy,6,117,15.8,0,0,1,5,0
2025-05-11,Milk,Dairy,6,114,9.8,0,0,1,6,0
2025-05-12,Milk,Dairy,6,85,13.2,0,0,0,0,0
2025-05-13,Milk,Dairy,6,77,9.7,0,0,0,1,0
2025-05-14,Milk,Dairy,6,104,10.9,0,0,0,2,0
2025-05-15,Milk,Dairy,6,104,17.3,0,0,0,3,0
2025-05-16,Milk,Dairy,6,126,16.4,0,0,1,4,0
2025-05-17,Milk,Dairy,6,140,13.0,0,0,1,5,1
2025-05-18,Milk,Dairy,6,109,11.4,0,0,1,6,0
2025-05-19,Milk,Dairy,6,96,8.3,0,0,0,0,0
2025-05-20,Milk,Dairy,6,84,13.8,0,0,0,1,0
2025-05-21,Milk,Dairy,6,95,20.4,0,0,0,2,0
2025-05-22,Milk,Dairy,6,96,16.1,0,0,0,3,0
2025-05-23,Milk,Dairy,6,113,14.1,0,0,1,4,0
2025-05-24,Milk,Dairy,6,154,16.4,0,0,1,5,1
2025-05-25,Milk,Dairy,6,113,12.1,0,0,1,6,0
2025-05-26,Milk,Dairy,6,114,15.0,1,1,0,0,0
2025-05-27,Milk,Dairy,6,80,16.0,0,1,0,1,0
2025-05-28,Milk,Dairy,6,93,15.7,0,1,0,2,0
2025-05-29,Milk,Dairy,6,97,17.7,0,1,0,3,0
2025-05-30,Milk,Dairy,6,108,16.8,0,1,1,4,0
2025-05-31,Milk,Dairy,6,127,17.7,0,1,1,5,0
2025-06-01,Milk,Dairy,6,129,14.8,0,0,1,6,1
2025-06-02,Milk,Dairy,6,108,18.4,0,0,0,0,0
2025-06-03,Milk,Dairy,6,95,20.1,0,0,0,1,0
2025-06-04,Milk,Dairy,6,124,14.5,0,0,0,2,1
2025-06-05,Milk,Dairy,6,87,14.7,0,0,0,3,0
2025-06-06,Milk,Dairy,6,111,19.7,0,0,1,4,0
2025-06-07,Milk,Dairy,6,138,16.5,0,0,1,5,0
2025-06-08,Milk,Dairy,6,136,20.1,0,0,1,6,0
2025-06-09,Milk,Dairy,6,91,16.1,0,0,0,0,0
2025-06-10,Milk,Dairy,6,97,20.4,0,0,0,1,0
2025-06-11,Milk,Dairy,6,151,17.5,0,0,0,2,1
2025-06-12,Milk,Dairy,6,100,17.9,0,0,0,3,0
2025-06-13,Milk,Dairy,6,125,20.9,0,0,1,4,0
2025-06-14,Milk,Dairy,6,113,16.7,0,0,1,5,0
2025-06-15,Milk,Dairy,6,122,15.5,0,0,1,6,0
2025-06-16,Milk,Dairy,6,94,16.7,0,0,0,0,0
2025-06-17,Milk,Dairy,6,100,18.7,0,0,0,1,0
2025-06-18,Milk,Dairy,6,111,14.4,0,0,0,2,0
2025-06-19,Milk,Dairy,6,109,19.3,0,0,0,3,0
2025-06-20,Milk,Dairy,6,120,16.8,0,0,1,4,0
2025-06-21,Milk,Dairy,6,116,20.5,0,0,1,5,0
2025-06-22,Milk,Dairy,6,106,12.8,0,0,1,6,0
2025-06-23,Milk,Dairy,6,119,16.4,0,0,0,0,1
2025-06-24,Milk,Dairy,6,81,14.5,0,0,0,1,0
2025-06-25,Milk,Dairy,6,86,16.4,0,0,0,2,0
2025-06-26,Milk,Dairy,6,100,18.9,0,0,0,3,0
2025-06-27,Milk,Dairy,6,124,18.0,0,0,1,4,0
2025-06-28,Milk,Dairy,6,117,17.9,0,0,1,5,0
2025-06-29,Milk,Dairy,6,122,18.1,0,0,1,6,0
2025-06-30,Milk,Dairy,6,94,19.0,0,0,0,0,0
2025-07-01,Milk,Dairy,6,76,16.3,0,1,0,1,0
2025-07-02,Milk,Dairy,6,103,20.2,0,1,0,2,0
2025-07-03,Milk,Dairy,6,86,20.1,0,1,0,3,0
2025-07-04,Milk,Dairy,6,131,19.5,0,1,1,4,0
2025-07-05,Milk,Dairy,6,142,19.9,0,1,1,5,1
2025-07-06,Milk,Dairy,6,138,19.4,0,1,1,6,0
2025-07-07,Milk,Dairy,6,93,23.3,0,1,0,0,0
2025-07-08,Milk,Dairy,6,82,18.6,0,1,0,1,0
2025-07-09,Milk,Dairy,6,108,18.2,0,1,0,2,0
2025-07-10,Milk,Dairy,6,92,17.2,0,1,0,3,0
2025-07-11,Milk,Dairy,6,109,16.6,0,1,1,4,0
2025-07-12,Milk,Dairy,6,179,16.2,0,1,1,5,1
2025-07-13,Milk,Dairy,6,113,17.0,0,1,1,6,0
2025-07-14,Milk,Dairy,6,69,18.8,0,1,0,0,0
2025-07-15,Milk,Dairy,6,71,19.7,0,1,0,1,0
2025-07-16,Milk,Dairy,6,85,19.1,0,1,0,2,0
2025-07-17,Milk,Dairy,6,81,17.3,0,1,0,3,0
2025-07-18,Milk,Dairy,6,130,21.0,0,1,1,4,0
2025-07-19,Milk,Dairy,6,155,20.6,0,1,1,5,1
2025-07-20,Milk,Dairy,6,115,18.6,0,1,1,6,0
2025-07-21,Milk,Dairy,6,91,17.6,0,1,0,0,0
2025-07-22,Milk,Dairy,6,111,20.2,0,1,0,1,1
2025-07-23,Milk,Dairy,6,89,19.4,0,1,0,2,0
2025-07-24,Milk,Dairy,6,93,15.8,0,1,0,3,0
2025-07-25,Milk,Dairy,6,110,18.8,0,1,1,4,0
2025-07-26,Milk,Dairy,6,112,19.5,0,1,1,5,0
2025-07-27,Milk,Dairy,6,86,17.0,0,1,1,6,0
2025-07-28,Milk,Dairy,6,80,19.3,0,1,0,0,0
2025-07-29,Milk,Dairy,6,82,15.7,0,1,0,1,0
2025-07-30,Milk,Dairy,6,89,21.8,0,1,0,2,0
2025-07-31,Milk,Dairy,6,82,21.6,0,1,0,3,0
2025-08-01,Milk,Dairy,6,107,18.3,0,1,1,4,0
2025-08-02,Milk,Dairy,6,128,19.6,0,1,1,5,0
2025-08-03,Milk,Dairy,6,123,13.5,0,1,1,6,0
2025-08-04,Milk,Dairy,6,82,16.2,0,1,0,0,0
2025-08-05,Milk,Dairy,6,96,18.1,0,1,0,1,0
2025-08-06,Milk,Dairy,6,82,16.3,0,1,0,2,0
2025-08-07,Milk,Dairy,6,77,20.2,0,1,0,3,0
2025-08-08,Milk,Dairy,6,105,23.0,0,1,1,4,0
2025-08-09,Milk,Dairy,6,122,16.0,0,1,1,5,0
2025-08-10,Milk,Dairy,6,99,16.7,0,1,1,6,0
2025-08-11,Milk,Dairy,6,60,19.0,0,1,0,0,0
2025-08-12,Milk,Dairy,6,85,21.9,0,1,0,1,0
2025-08-13,Milk,Dairy,6,112,15.7,0,1,0,2,1
2025-08-14,Milk,Dairy,6,112,18.8,0,1,0,3,0
2025-08-15,Milk,Dairy,6,104,22.2,0,1,1,4,0
2025-08-16,Milk,Dairy,6,90,14.5,0,1,1,5,0
2025-08-17,Milk,Dairy,6,110,15.3,0,1,1,6,0
2025-08-18,Milk,Dairy,6,84,17.1,0,1,0,0,0
2025-08-19,Milk,Dairy,6,106,16.8,0,1,0,1,1
2025-08-20,Milk,Dairy,6,96,19.7,0,1,0,2,0
2025-08-21,Milk,Dairy,6,89,18.4,0,1,0,3,0
2025-08-22,Milk,Dairy,6,97,13.9,0,1,1,4,0
2025-08-23,Milk,Dairy,6,113,18.8,0,1,1,5,0
2025-08-24,Milk,Dairy,6,111,16.3,0,1,1,6,0
2025-08-25,Milk,Dairy,6,76,20.3,1,1,0,0,0
2025-08-26,Milk,Dairy,6,87,16.1,0,1,0,1,0
2025-08-27,Milk,Dairy,6,92,16.0,0,1,0,2,0
2025-08-28,Milk,Dairy,6,95,18.5,0,1,0,3,0
2025-08-29,Milk,Dairy,6,113,18.9,0,1,1,4,0
2025-08-30,Milk,Dairy,6,85,18.1,0,1,1,5,0
2025-08-31,Milk,Dairy,6,103,13.3,0,1,1,6,0
2025-09-01,Milk,Dairy,6,74,18.1,0,0,0,0,0
2025-09-02,Milk,Dairy,6,85,14.6,0,0,0,1,0
2025-09-03,Milk,Dairy,6,96,17.3,0,0,0,2,0
2025-09-04,Milk,Dairy,6,81,13.5,0,0,0,3,0
2025-09-05,Milk,Dairy,6,97,17.5,0,0,1,4,0
2025-09-06,Milk,Dairy,6,128,14.7,0,0,1,5,1
2025-09-07,Milk,Dairy,6,96,13.5,0,0,1,6,0
2025-09-08,Milk,Dairy,6,57,17.8,0,0,0,0,0
2025-09-09,Milk,Dairy,6,91,16.7,0,0,0,1,0
2025-09-10,Milk,Dairy,6,120,14.7,0,0,0,2,1
2025-09-11,Milk,Dairy,6,132,19.1,0,0,0,3,1
2025-09-12,Milk,Dairy,6,97,14.9,0,0,1,4,0
2025-09-13,Milk,Dairy,6,82,15.8,0,0,1,5,0
2025-09-14,Milk,Dairy,6,95,16.2,0,0,1,6,0
2025-09-15,Milk,Dairy,6,74,14.1,0,0,0,0,0
2025-09-16,Milk,Dairy,6,84,16.4,0,0,0,1,0
2025-09-17,Milk,Dairy,6,89,14.1,0,0,0,2,0
2025-09-18,Milk,Dairy,6,86,14.2,0,0,0,3,0
2025-09-19,Milk,Dairy,6,91,18.0,0,0,1,4,0
2025-09-20,Milk,Dairy,6,106,12.6,0,0,1,5,0
2025-09-21,Milk,Dairy,6,102,9.5,0,0,1,6,0
2025-09-22,Milk,Dairy,6,74,18.2,0,0,0,0,0
2025-09-23,Milk,Dairy,6,68,20.1,0,0,0,1,0
2025-09-24,Milk,Dairy,6,95,13.5,0,0,0,2,0
2025-09-25,Milk,Dairy,6,109,10.0,0,0,0,3,1
2025-09-26,Milk,Dairy,6,126,13.5,0,0,1,4,1
2025-09-27,Milk,Dairy,6,110,13.4,0,0,1,5,0
2025-09-28,Milk,Dairy,6,78,13.5,0,0,1,6,0
2025-09-29,Milk,Dairy,6,79,11.3,0,0,0,0,0
2025-09-30,Milk,Dairy,6,67,14.9,0,0,0,1,0
2025-10-01,Milk,Dairy,6,85,14.7,0,0,0,2,0
2025-10-02,Milk,Dairy,6,121,10.1,0,0,0,3,1
2025-10-03,Milk,Dairy,6,132,14.8,0,0,1,4,1
2025-10-04,Milk,Dairy,6,105,17.6,0,0,1,5,0
2025-10-05,Milk,Dairy,6,138,13.4,0,0,1,6,1
2025-10-06,Milk,Dairy,6,68,12.1,0,0,0,0,0
2025-10-07,Milk,Dairy,6,107,12.4,0,0,0,1,1
2025-10-08,Milk,Dairy,6,73,13.9,0,0,0,2,0
2025-10-09,Milk,Dairy,6,71,8.6,0,0,0,3,0
2025-10-10,Milk,Dairy,6,88,12.7,0,0,1,4,0
2025-10-11,Milk,Dairy,6,92,11.3,0,0,1,5,0
2025-10-12,Milk,Dairy,6,94,16.1,0,0,1,6,0
2025-10-13,Milk,Dairy,6,73,11.5,0,0,0,0,0
2025-10-14,Milk,Dairy,6,75,15.4,0,0,0,1,0
2025-10-15,Milk,Dairy,6,73,9.2,0,0,0,2,0
2025-10-16,Milk,Dairy,6,77,12.8,0,0,0,3,0
2025-10-17,Milk,Dairy,6,96,12.1,0,0,1,4,0
2025-10-18,Milk,Dairy,6,90,9.3,0,0,1,5,0
2025-10-19,Milk,Dairy,6,88,11.5,0,0,1,6,0
2025-10-20,Milk,Dairy,6,73,13.6,0,0,0,0,0
2025-10-21,Milk,Dairy,6,70,10.1,0,0,0,1,0
2025-10-22,Milk,Dairy,6,77,7.0,0,0,0,2,0
2025-10-23,Milk,Dairy,6,83,10.5,0,0,0,3,0
2025-10-24,Milk,Dairy,6,103,8.4,0,0,1,4,0
2025-10-25,Milk,Dairy,6,84,9.5,0,0,1,5,0
2025-10-26,Milk,Dairy,6,77,9.9,0,1,1,6,0
2025-10-27,Milk,Dairy,6,77,6.2,0,1,0,0,0
2025-10-28,Milk,Dairy,6,85,6.3,0,1,0,1,1
2025-10-29,Milk,Dairy,6,66,10.8,0,1,0,2,0
2025-10-30,Milk,Dairy,6,83,8.4,0,1,0,3,0
2025-10-31,Milk,Dairy,6,92,3.8,0,1,1,4,0
2025-11-01,Milk,Dairy,6,95,11.0,0,0,1,5,0
2025-11-02,Milk,Dairy,6,99,9.8,0,0,1,6,0
2025-11-03,Milk,Dairy,6,76,7.5,0,0,0,0,0
2025-11-04,Milk,Dairy,6,72,6.0,0,0,0,1,0
2025-11-05,Milk,Dairy,6,67,10.6,0,0,0,2,0
2025-11-06,Milk,Dairy,6,82,9.4,0,0,0,3,0
2025-11-07,Milk,Dairy,6,97,13.8,0,0,1,4,0
2025-11-08,Milk,Dairy,6,97,9.3,0,0,1,5,0
2025-11-09,Milk,Dairy,6,72,9.1,0,0,1,6,0
2025-11-10,Milk,Dairy,6,82,7.8,0,0,0,0,0
2025-11-11,Milk,Dairy,6,85,9.8,0,0,0,1,0
2025-11-12,Milk,Dairy,6,78,9.2,0,0,0,2,0
2025-11-13,Milk,Dairy,6,70,10.5,0,0,0,3,0
2025-11-14,Milk,Dairy,6,100,6.5,0,0,1,4,0
2025-11-15,Milk,Dairy,6,96,6.5,0,0,1,5,0
2025-11-16,Milk,Dairy,6,92,6.3,0,0,1,6,0
2025-11-17,Milk,Dairy,6,59,9.0,0,0,0,0,0
2025-11-18,Milk,Dairy,6,66,10.4,0,0,0,1,0
2025-11-19,Milk,Dairy,6,76,6.0,0,0,0,2,0
2025-11-20,Milk,Dairy,6,67,6.0,0,0,0,3,0
2025-11-21,Milk,Dairy,6,90,7.5,0,0,1,4,0
2025-11-22,Milk,Dairy,6,95,6.1,0,0,1,5,0
2025-11-23,Milk,Dairy,6,79,8.6,0,0,1,6,0
2025-11-24,Milk,Dairy,6,66,1.5,0,0,0,0,0
2025-11-25,Milk,Dairy,6,63,4.5,0,0,0,1,0
2025-11-26,Milk,Dairy,6,120,4.5,0,0,0,2,1
2025-11-27,Milk,Dairy,6,70,1.0,0,0,0,3,0
2025-11-28,Milk,Dairy,6,93,3.9,0,0,1,4,0
2025-11-29,Milk,Dairy,6,103,3.9,0,0,1,5,0
2025-11-30,Milk,Dairy,6,70,5.3,0,0,1,6,0
2025-12-01,Milk,Dairy,6,70,8.1,0,0,0,0,0
2025-12-02,Milk,Dairy,6,77,5.0,0,0,0,1,0
2025-12-03,Milk,Dairy,6,73,3.2,0,0,0,2,0
2025-12-04,Milk,Dairy,6,78,5.2,0,0,0,3,0
2025-12-05,Milk,Dairy,6,91,7.6,0,0,1,4,0
2025-12-06,Milk,Dairy,6,84,3.0,0,0,1,5,0
2025-12-07,Milk,Dairy,6,89,3.1,0,0,1,6,0
2025-12-08,Milk,Dairy,6,69,6.2,0,0,0,0,0
2025-12-09,Milk,Dairy,6,63,4.4,0,0,0,1,0
2025-12-10,Milk,Dairy,6,85,6.2,0,0,0,2,0
2025-12-11,Milk,Dairy,6,75,4.7,0,0,0,3,0
2025-12-12,Milk,Dairy,6,93,6.2,0,0,1,4,0
2025-12-13,Milk,Dairy,6,83,2.3,0,0,1,5,0
2025-12-14,Milk,Dairy,6,126,4.5,0,0,1,6,0
2025-12-15,Milk,Dairy,6,78,3.9,0,0,0,0,0
2025-12-16,Milk,Dairy,6,63,1.7,0,0,0,1,0
2025-12-17,Milk,Dairy,6,65,0.8,0,0,0,2,0
2025-12-18,Milk,Dairy,6,72,5.7,0,0,0,3,0
2025-12-19,Milk,Dairy,6,115,3.3,0,0,1,4,0
2025-12-20,Milk,Dairy,6,88,1.8,0,1,1,5,0
2025-12-21,Milk,Dairy,6,99,3.8,0,1,1,6,0
2025-12-22,Milk,Dairy,6,68,6.4,0,1,0,0,0
2025-12-23,Milk,Dairy,6,60,-1.2,0,1,0,1,0
2025-12-24,Milk,Dairy,6,85,0.5,0,1,0,2,0
2025-12-25,Milk,Dairy,6,0,1.7,1,1,0,3,0
2025-12-26,Milk,Dairy,6,98,6.9,1,1,1,4,0
2025-12-27,Milk,Dairy,6,104,4.2,0,1,1,5,0
2025-12-28,Milk,Dairy,6,105,5.3,0,1,1,6,0
2025-12-29,Milk,Dairy,6,68,1.0,0,1,0,0,0
2025-12-30,Milk,Dairy,6,61,1.0,0,1,0,1,0
2025-12-31,Milk,Dairy,6,84,4.4,0,1,0,2,0
2024-01-01,Lettuce,Produce,4,62,4.0,1,1,0,0,0
2024-01-02,Lettuce,Produce,4,36,1.0,0,1,0,1,0
2024-01-03,Lettuce,Produce,4,53,4.9,0,0,0,2,0
2024-01-04,Lettuce,Produce,4,66,5.3,0,0,0,3,1
2024-01-05,Lettuce,Produce,4,58,-1.1,0,0,1,4,0
2024-01-06,Lettuce,Produce,4,64,0.3,0,0,1,5,0
2024-01-07,Lettuce,Produce,4,72,3.4,0,0,1,6,0
2024-01-08,Lettuce,Produce,4,31,2.4,0,0,0,0,0
2024-01-09,Lettuce,Produce,4,46,3.1,0,0,0,1,0
2024-01-10,Lettuce,Produce,4,31,1.2,0,0,0,2,0
2024-01-11,Lettuce,Produce,4,50,5.0,0,0,0,3,0
2024-01-12,Lettuce,Produce,4,97,4.8,0,0,1,4,0
2024-01-13,Lettuce,Produce,4,77,3.2,0,0,1,5,1
2024-01-14,Lettuce,Produce,4,67,5.5,0,0,1,6,0
2024-01-15,Lettuce,Produce,4,46,4.0,0,0,0,0,0
2024-01-16,Lettuce,Produce,4,32,1.1,0,0,0,1,0
2024-01-17,Lettuce,Produce,4,53,3.8,0,0,0,2,0
2024-01-18,Lettuce,Produce,4,56,0.9,0,0,0,3,0
2024-01-19,Lettuce,Produce,4,76,4.9,0,0,1,4,0
2024-01-20,Lettuce,Produce,4,81,2.9,0,0,1,5,0
2024-01-21,Lettuce,Produce,4,61,2.6,0,0,1,6,0
2024-01-22,Lettuce,Produce,4,43,1.5,0,0,0,0,0
2024-01-23,Lettuce,Produce,4,57,5.7,0,0,0,1,0
2024-01-24,Lettuce,Produce,4,57,2.7,0,0,0,2,0
2024-01-25,Lettuce,Produce,4,45,2.1,0,0,0,3,0
2024-01-26,Lettuce,Produce,4,68,2.3,0,0,1,4,0
2024-01-27,Lettuce,Produce,4,78,4.3,0,0,1,5,0
2024-01-28,Lettuce,Produce,4,63,3.9,0,0,1,6,0
2024-01-29,Lettuce,Produce,4,46,4.0,0,0,0,0,0
2024-01-30,Lettuce,Produce,4,53,4.1,0,0,0,1,0
2024-01-31,Lettuce,Produce,4,59,7.9,0,0,0,2,0
2024-02-01,Lettuce,Produce,4,52,2.3,0,0,0,3,0
2024-02-02,Lettuce,Produce,4,61,2.1,0,0,1,4,0
2024-02-03,Lettuce,Produce,4,75,1.5,0,0,1,5,0
2024-02-04,Lettuce,Produce,4,110,4.7,0,0,1,6,1
2024-02-05,Lettuce,Produce,4,51,5.8,0,0,0,0,0
2024-02-06,Lettuce,Produce,4,38,3.1,0,0,0,1,0
2024-02-07,Lettuce,Produce,4,45,1.6,0,0,0,2,0
2024-02-08,Lettuce,Produce,4,69,1.7,0,0,0,3,1
2024-02-09,Lettuce,Produce,4,84,5.0,0,0,1,4,0
2024-02-10,Lettuce,Produce,4,77,5.2,0,0,1,5,0
2024-02-11,Lettuce,Produce,4,86,4.8,0,0,1,6,0
2024-02-12,Lettuce,Produce,4,52,2.2,0,1,0,0,0
2024-02-13,Lettuce,Produce,4,50,4.3,0,1,0,1,0
2024-02-14,Lettuce,Produce,4,40,4.1,0,1,0,2,0
2024-02-15,Lettuce,Produce,4,38,4.3,0,1,0,3,0
2024-02-16,Lettuce,Produce,4,84,5.8,0,1,1,4,0
2024-02-17,Lettuce,Produce,4,82,4.5,0,1,1,5,0
2024-02-18,Lettuce,Produce,4,76,5.6,0,1,1,6,0
2024-02-19,Lettuce,Produce,4,60,4.3,0,0,0,0,0
2024-02-20,Lettuce,Produce,4,63,4.8,0,0,0,1,0
2024-02-21,Lettuce,Produce,4,64,5.7,0,0,0,2,0
2024-02-22,Lettuce,Produce,4,43,1.1,0,0,0,3,0
2024-02-23,Lettuce,Produce,4,83,3.7,0,0,1,4,0
2024-02-24,Lettuce,Produce,4,69,3.5,0,0,1,5,0
2024-02-25,Lettuce,Produce,4,61,3.2,0,0,1,6,0
2024-02-26,Lettuce,Produce,4,63,4.1,0,0,0,0,0
2024-02-27,Lettuce,Produce,4,62,8.0,0,0,0,1,0
2024-02-28,Lettuce,Produce,4,59,2.9,0,0,0,2,0
2024-02-29,Lettuce,Produce,4,64,7.1,0,0,0,3,0
2024-03-01,Lettuce,Produce,4,69,1.3,0,0,1,4,0
2024-03-02,Lettuce,Produce,4,72,4.4,0,0,1,5,0
2024-03-03,Lettuce,Produce,4,77,5.6,0,0,1,6,0
2024-03-04,Lettuce,Produce,4,54,6.6,0,0,0,0,0
2024-03-05,Lettuce,Produce,4,64,7.0,0,0,0,1,0
2024-03-06,Lettuce,Produce,4,77,7.3,0,0,0,2,0
2024-03-07,Lettuce,Produce,4,70,4.8,0,0,0,3,0
2024-03-08,Lettuce,Produce,4,93,4.7,0,0,1,4,0
2024-03-09,Lettuce,Produce,4,84,7.7,0,0,1,5,0
2024-03-10,Lettuce,Produce,4,91,5.5,0,0,1,6,0
2024-03-11,Lettuce,Produce,4,56,3.2,0,0,0,0,0
2024-03-12,Lettuce,Produce,4,72,3.6,0,0,0,1,1
2024-03-13,Lettuce,Produce,4,51,4.2,0,0,0,2,0
2024-03-14,Lettuce,Produce,4,76,7.5,0,0,0,3,0
2024-03-15,Lettuce,Produce,4,114,6.8,0,0,1,4,0
2024-03-16,Lettuce,Produce,4,105,8.1,0,0,1,5,0
2024-03-17,Lettuce,Produce,4,96,5.8,0,0,1,6,0
2024-03-18,Lettuce,Produce,4,64,7.2,0,0,0,0,0
2024-03-19,Lettuce,Produce,4,49,8.3,0,0,0,1,0
2024-03-20,Lettuce,Produce,4,100,6.4,0,0,0,2,1
2024-03-21,Lettuce,Produce,4,59,8.2,0,0,0,3,0
2024-03-22,Lettuce,Produce,4,97,5.8,0,0,1,4,0
2024-03-23,Lettuce,Produce,4,94,6.6,0,0,1,5,0
2024-03-24,Lettuce,Produce,4,89,6.7,0,0,1,6,0
2024-03-25,Lettuce,Produce,4,63,5.0,0,0,0,0,0
2024-03-26,Lettuce,Produce,4,61,8.9,0,0,0,1,0
2024-03-27,Lettuce,Produce,4,62,6.9,0,0,0,2,0
2024-03-28,Lettuce,Produce,4,65,8.1,0,0,0,3,0
2024-03-29,Lettuce,Produce,4,150,9.2,1,0,1,4,0
2024-03-30,Lettuce,Produce,4,109,9.3,0,0,1,5,0
2024-03-31,Lettuce,Produce,4,101,9.9,0,0,1,6,0
2024-04-01,Lettuce,Produce,4,94,8.3,1,1,0,0,0
2024-04-02,Lettuce,Produce,4,56,7.8,0,1,0,1,0
2024-04-03,Lettuce,Produce,4,85,8.7,0,1,0,2,0
2024-04-04,Lettuce,Produce,4,65,5.2,0,1,0,3,0
2024-04-05,Lettuce,Produce,4,97,5.9,0,1,1,4,0
2024-04-06,Lettuce,Produce,4,107,6.3,0,1,1,5,0
2024-04-07,Lettuce,Produce,4,95,7.2,0,1,1,6,0
2024-04-08,Lettuce,Produce,4,78,10.4,0,1,0,0,0
2024-04-09,Lettuce,Produce,4,61,7.6,0,1,0,1,0
2024-04-10,Lettuce,Produce,4,51,8.9,0,1,0,2,0
2024-04-11,Lettuce,Produce,4,63,12.8,0,1,0,3,0
2024-04-12,Lettuce,Produce,4,93,9.3,0,1,1,4,0
2024-04-13,Lettuce,Produce,4,123,11.8,0,1,1,5,0
2024-04-14,Lettuce,Produce,4,105,8.3,0,1,1,6,0
2024-04-15,Lettuce,Produce,4,58,10.0,0,0,0,0,0
2024-04-16,Lettuce,Produce,4,60,8.5,0,0,0,1,0
2024-04-17,Lettuce,Produce,4,70,10.0,0,0,0,2,0
2024-04-18,Lettuce,Produce,4,97,12.7,0,0,0,3,1
2024-04-19,Lettuce,Produce,4,104,7.2,0,0,1,4,0
2024-04-20,Lettuce,Produce,4,116,12.1,0,0,1,5,0
2024-04-21,Lettuce,Produce,4,115,11.8,0,0,1,6,0
2024-04-22,Lettuce,Produce,4,69,10.1,0,0,0,0,0
2024-04-23,Lettuce,Produce,4,78,8.4,0,0,0,1,0
2024-04-24,Lettuce,Produce,4,81,11.8,0,0,0,2,0
2024-04-25,Lettuce,Produce,4,90,10.7,0,0,0,3,0
2024-04-26,Lettuce,Produce,4,161,12.5,0,0,1,4,1
2024-04-27,Lettuce,Produce,4,108,12.1,0,0,1,5,0
2024-04-28,Lettuce,Produce,4,118,15.8,0,0,1,6,0
2024-04-29,Lettuce,Produce,4,71,11.8,0,0,0,0,0
2024-04-30,Lettuce,Produce,4,81,10.3,0,0,0,1,0
2024-05-01,Lettuce,Produce,4,99,13.0,0,0,0,2,0
2024-05-02,Lettuce,Produce,4,69,13.3,0,0,0,3,0
2024-05-03,Lettuce,Produce,4,138,15.9,0,0,1,4,0
2024-05-04,Lettuce,Produce,4,128,14.9,0,0,1,5,0
2024-05-05,Lettuce,Produce,4,100,14.0,0,0,1,6,0
2024-05-06,Lettuce,Produce,4,98,16.5,1,0,0,0,0
2024-05-07,Lettuce,Produce,4,72,10.8,0,0,0,1,0
2024-05-08,Lettuce,Produce,4,91,12.2,0,0,0,2,0
2024-05-09,Lettuce,Produce,4,92,11.7,0,0,0,3,0
2024-05-10,Lettuce,Produce,4,117,13.0,0,0,1,4,0
2024-05-11,Lettuce,Produce,4,108,10.9,0,0,1,5,0
2024-05-12,Lettuce,Produce,4,130,15.5,0,0,1,6,0
2024-05-13,Lettuce,Produce,4,72,13.7,0,0,0,0,0
2024-05-14,Lettuce,Produce,4,62,11.1,0,0,0,1,0
2024-05-15,Lettuce,Produce,4,85,12.2,0,0,0,2,0
2024-05-16,Lettuce,Produce,4,96,15.3,0,0,0,3,0
2024-05-17,Lettuce,Produce,4,139,16.5,0,0,1,4,0
2024-05-18,Lettuce,Produce,4,154,19.2,0,0,1,5,0
2024-05-19,Lettuce,Produce,4,145,21.4,0,0,1,6,0
2024-05-20,Lettuce,Produce,4,72,16.0,0,0,0,0,0
2024-05-21,Lettuce,Produce,4,75,13.0,0,0,0,1,0
2024-05-22,Lettuce,Produce,4,78,10.6,0,0,0,2,0
2024-05-23,Lettuce,Produce,4,87,16.0,0,0,0,3,0
2024-05-24,Lettuce,Produce,4,132,13.7,0,0,1,4,0
2024-05-25,Lettuce,Produce,4,119,14.7,0,0,1,5,0
2024-05-26,Lettuce,Produce,4,129,14.4,0,1,1,6,0
2024-05-27,Lettuce,Produce,4,110,15.6,1,1,0,0,0
2024-05-28,Lettuce,Produce,4,113,18.3,0,1,0,1,1
2024-05-29,Lettuce,Produce,4,101,16.4,0,1,0,2,0
2024-05-30,Lettuce,Produce,4,78,15.8,0,1,0,3,0
2024-05-31,Lettuce,Produce,4,120,14.0,0,1,1,4,0
2024-06-01,Lettuce,Produce,4,134,12.7,0,0,1,5,0
2024-06-02,Lettuce,Produce,4,124,15.4,0,0,1,6,0
2024-06-03,Lettuce,Produce,4,80,16.5,0,0,0,0,0
2024-06-04,Lettuce,Produce,4,99,20.6,0,0,0,1,0
2024-06-05,Lettuce,Produce,4,106,17.1,0,0,0,2,0
2024-06-06,Lettuce,Produce,4,89,19.0,0,0,0,3,0
2024-06-07,Lettuce,Produce,4,132,15.9,0,0,1,4,0
2024-06-08,Lettuce,Produce,4,105,14.5,0,0,1,5,0
2024-06-09,Lettuce,Produce,4,105,15.0,0,0,1,6,0
2024-06-10,Lettuce,Produce,4,74,15.6,0,0,0,0,0
2024-06-11,Lettuce,Produce,4,107,22.0,0,0,0,1,0
2024-06-12,Lettuce,Produce,4,86,15.6,0,0,0,2,0
2024-06-13,Lettuce,Produce,4,93,19.3,0,0,0,3,0
2024-06-14,Lettuce,Produce,4,136,15.6,0,0,1,4,0
2024-06-15,Lettuce,Produce,4,140,19.7,0,0,1,5,0
2024-06-16,Lettuce,Produce,4,148,18.6,0,0,1,6,0
2024-06-17,Lettuce,Produce,4,80,17.5,0,0,0,0,0
2024-06-18,Lettuce,Produce,4,90,17.8,0,0,0,1,0
2024-06-19,Lettuce,Produce,4,84,16.5,0,0,0,2,0
2024-06-20,Lettuce,Produce,4,97,19.0,0,0,0,3,0
2024-06-21,Lettuce,Produce,4,140,17.1,0,0,1,4,0
2024-06-22,Lettuce,Produce,4,177,15.4,0,0,1,5,1
2024-06-23,Lettuce,Produce,4,121,15.4,0,0,1,6,0
2024-06-24,Lettuce,Produce,4,89,18.6,0,0,0,0,0
2024-06-25,Lettuce,Produce,4,96,21.8,0,0,0,1,0
2024-06-26,Lettuce,Produce,4,92,18.7,0,0,0,2,0
2024-06-27,Lettuce,Produce,4,93,18.2,0,0,0,3,0
2024-06-28,Lettuce,Produce,4,138,19.1,0,0,1,4,0
2024-06-29,Lettuce,Produce,4,132,21.4,0,0,1,5,0
2024-06-30,Lettuce,Produce,4,130,19.0,0,0,1,6,0
2024-07-01,Lettuce,Produce,4,92,17.7,0,1,0,0,0
2024-07-02,Lettuce,Produce,4,85,21.1,0,1,0,1,0
2024-07-03,Lettuce,Produce,4,104,19.6,0,1,0,2,0
2024-07-04,Lettuce,Produce,4,109,22.1,0,1,0,3,0
2024-07-05,Lettuce,Produce,4,133,19.2,0,1,1,4,0
2024-07-06,Lettuce,Produce,4,123,16.1,0,1,1,5,0
2024-07-07,Lettuce,Produce,4,123,15.8,0,1,1,6,0
2024-07-08,Lettuce,Produce,4,93,22.5,0,1,0,0,0
2024-07-09,Lettuce,Produce,4,91,22.7,0,1,0,1,0
2024-07-10,Lettuce,Produce,4,105,18.5,0,1,0,2,0
2024-07-11,Lettuce,Produce,4,83,18.1,0,1,0,3,0
2024-07-12,Lettuce,Produce,4,146,22.2,0,1,1,4,0
2024-07-13,Lettuce,Produce,4,114,16.5,0,1,1,5,0
2024-07-14,Lettuce,Produce,4,115,17.0,0,1,1,6,0
2024-07-15,Lettuce,Produce,4,82,20.4,0,1,0,0,0
2024-07-16,Lettuce,Produce,4,89,18.1,0,1,0,1,0
2024-07-17,Lettuce,Produce,4,104,19.0,0,1,0,2,0
2024-07-18,Lettuce,Produce,4,122,18.6,0,1,0,3,1
2024-07-19,Lettuce,Produce,4,123,19.7,0,1,1,4,0
2024-07-20,Lettuce,Produce,4,124,22.1,0,1,1,5,0
2024-07-21,Lettuce,Produce,4,132,19.2,0,1,1,6,0
2024-07-22,Lettuce,Produce,4,116,20.4,0,1,0,0,1
2024-07-23,Lettuce,Produce,4,78,14.5,0,1,0,1,0
2024-07-24,Lettuce,Produce,4,78,18.9,0,1,0,2,0
2024-07-25,Lettuce,Produce,4,99,17.1,0,1,0,3,0
2024-07-26,Lettuce,Produce,4,115,16.3,0,1,1,4,0
2024-07-27,Lettuce,Produce,4,106,17.0,0,1,1,5,0
2024-07-28,Lettuce,Produce,4,130,18.2,0,1,1,6,0
2024-07-29,Lettuce,Produce,4,65,20.9,0,1,0,0,0
2024-07-30,Lettuce,Produce,4,75,15.9,0,1,0,1,0
2024-07-31,Lettuce,Produce,4,130,18.9,0,1,0,2,1
2024-08-01,Lettuce,Produce,4,101,17.7,0,1,0,3,0
2024-08-02,Lettuce,Produce,4,156,18.1,0,1,1,4,0
2024-08-03,Lettuce,Produce,4,146,21.0,0,1,1,5,0
2024-08-04,Lettuce,Produce,4,126,19.9,0,1,1,6,0
2024-08-05,Lettuce,Produce,4,89,21.6,0,1,0,0,0
2024-08-06,Lettuce,Produce,4,78,18.3,0,1,0,1,0
2024-08-07,Lettuce,Produce,4,80,17.1,0,1,0,2,0
2024-08-08,Lettuce,Produce,4,83,18.1,0,1,0,3,0
2024-08-09,Lettuce,Produce,4,140,19.0,0,1,1,4,0
2024-08-10,Lettuce,Produce,4,130,18.8,0,1,1,5,0
2024-08-11,Lettuce,Produce,4,164,16.0,0,1,1,6,1
2024-08-12,Lettuce,Produce,4,103,18.5,0,1,0,0,0
2024-08-13,Lettuce,Produce,4,75,18.8,0,1,0,1,0
2024-08-14,Lettuce,Produce,4,98,23.8,0,1,0,2,0
2024-08-15,Lettuce,Produce,4,78,22.3,0,1,0,3,0
2024-08-16,Lettuce,Produce,4,137,16.2,0,1,1,4,0
2024-08-17,Lettuce,Produce,4,123,17.4,0,1,1,5,0
2024-08-18,Lettuce,Produce,4,108,14.8,0,1,1,6,0
2024-08-19,Lettuce,Produce,4,71,16.6,0,1,0,0,0
2024-08-20,Lettuce,Produce,4,71,18.5,0,1,0,1,0
2024-08-21,Lettuce,Produce,4,87,20.4,0,1,0,2,0
2024-08-22,Lettuce,Produce,4,84,16.1,0,1,0,3,0
2024-08-23,Lettuce,Produce,4,119,16.2,0,1,1,4,0
2024-08-24,Lettuce,Produce,4,108,12.8,0,1,1,5,0
2024-08-25,Lettuce,Produce,4,126,17.1,0,1,1,6,0
2024-08-26,Lettuce,Produce,4,102,15.0,1,1,0,0,0
2024-08-27,Lettuce,Produce,4,77,16.1,0,1,0,1,0
2024-08-28,Lettuce,Produce,4,84,15.3,0,1,0,2,0
2024-08-29,Lettuce,Produce,4,82,16.9,0,1,0,3,0
2024-08-30,Lettuce,Produce,4,93,13.2,0,1,1,4,0
2024-08-31,Lettuce,Produce,4,114,13.7,0,1,1,5,0
2024-09-01,Lettuce,Produce,4,135,21.5,0,0,1,6,0
2024-09-02,Lettuce,Produce,4,72,13.9,0,0,0,0,0
2024-09-03,Lettuce,Produce,4,71,14.2,0,0,0,1,0
2024-09-04,Lettuce,Produce,4,80,20.6,0,0,0,2,0
2024-09-05,Lettuce,Produce,4,120,22.8,0,0,0,3,0
2024-09-06,Lettuce,Produce,4,104,13.8,0,0,1,4,0
2024-09-07,Lettuce,Produce,4,114,15.4,0,0,1,5,0
2024-09-08,Lettuce,Produce,4,124,16.9,0,0,1,6,1
2024-09-09,Lettuce,Produce,4,86,19.8,0,0,0,0,0
2024-09-10,Lettuce,Produce,4,74,13.8,0,0,0,1,0
2024-09-11,Lettuce,Produce,4,82,15.3,0,0,0,2,0
2024-09-12,Lettuce,Produce,4,81,17.4,0,0,0,3,0
2024-09-13,Lettuce,Produce,4,103,16.6,0,0,1,4,0
2024-09-14,Lettuce,Produce,4,92,14.7,0,0,1,5,0
2024-09-15,Lettuce,Produce,4,109,15.1,0,0,1,6,0
2024-09-16,Lettuce,Produce,4,58,12.2,0,0,0,0,0
2024-09-17,Lettuce,Produce,4,68,14.6,0,0,0,1,0
2024-09-18,Lettuce,Produce,4,78,14.4,0,0,0,2,0
2024-09-19,Lettuce,Produce,4,91,15.4,0,0,0,3,0
2024-09-20,Lettuce,Produce,4,106,13.6,0,0,1,4,0
2024-09-21,Lettuce,Produce,4,106,15.7,0,0,1,5,0
2024-09-22,Lettuce,Produce,4,119,16.8,0,0,1,6,0
2024-09-23,Lettuce,Produce,4,58,14.8,0,0,0,0,0
2024-09-24,Lettuce,Produce,4,57,15.1,0,0,0,1,0
2024-09-25,Lettuce,Produce,4,70,14.3,0,0,0,2,0
2024-09-26,Lettuce,Produce,4,90,14.0,0,0,0,3,1
2024-09-27,Lettuce,Produce,4,89,12.3,0,0,1,4,0
2024-09-28,Lettuce,Produce,4,107,14.5,0,0,1,5,0
2024-09-29,Lettuce,Produce,4,111,13.4,0,0,1,6,0
2024-09-30,Lettuce,Produce,4,69,18.1,0,0,0,0,0
2024-10-01,Lettuce,Produce,4,67,16.8,0,0,0,1,0
2024-10-02,Lettuce,Produce,4,63,14.1,0,0,0,2,0
2024-10-03,Lettuce,Produce,4,72,11.4,0,0,0,3,0
2024-10-04,Lettuce,Produce,4,92,10.5,0,0,1,4,0
2024-10-05,Lettuce,Produce,4,115,15.5,0,0,1,5,0
2024-10-06,Lettuce,Produce,4,101,13.3,0,0,1,6,0
2024-10-07,Lettuce,Produce,4,66,13.6,0,0,0,0,0
2024-10-08,Lettuce,Produce,4,51,8.6,0,0,0,1,0
2024-10-09,Lettuce,Produce,4,81,14.4,0,0,0,2,0
2024-10-10,Lettuce,Produce,4,70,13.2,0,0,0,3,0
2024-10-11,Lettuce,Produce,4,122,9.6,0,0,1,4,1
2024-10-12,Lettuce,Produce,4,64,10.9,0,0,1,5,0
2024-10-13,Lettuce,Produce,4,91,12.4,0,0,1,6,0
2024-10-14,Lettuce,Produce,4,58,11.8,0,0,0,0,0
2024-10-15,Lettuce,Produce,4,47,10.9,0,0,0,1,0
2024-10-16,Lettuce,Produce,4,65,11.1,0,0,0,2,0
2024-10-17,Lettuce,Produce,4,59,10.7,0,0,0,3,0
2024-10-18,Lettuce,Produce,4,96,11.4,0,0,1,4,0
2024-10-19,Lettuce,Produce,4,97,14.2,0,0,1,5,0
2024-10-20,Lettuce,Produce,4,88,5.2,0,0,1,6,0
2024-10-21,Lettuce,Produce,4,70,10.2,0,0,0,0,0
2024-10-22,Lettuce,Produce,4,66,10.9,0,0,0,1,0
2024-10-23,Lettuce,Produce,4,95,11.0,0,0,0,2,1
2024-10-24,Lettuce,Produce,4,68,9.4,0,0,0,3,0
2024-10-25,Lettuce,Produce,4,69,6.3,0,0,1,4,0
2024-10-26,Lettuce,Produce,4,87,10.7,0,1,1,5,0
2024-10-27,Lettuce,Produce,4,105,13.7,0,1,1,6,0
2024-10-28,Lettuce,Produce,4,57,6.3,0,1,0,0,0
2024-10-29,Lettuce,Produce,4,50,11.5,0,1,0,1,0
2024-10-30,Lettuce,Produce,4,72,8.7,0,1,0,2,0
2024-10-31,Lettuce,Produce,4,58,9.2,0,1,0,3,0
2024-11-01,Lettuce,Produce,4,81,6.9,0,0,1,4,0
2024-11-02,Lettuce,Produce,4,76,8.3,0,0,1,5,0
2024-11-03,Lettuce,Produce,4,83,11.8,0,0,1,6,0
2024-11-04,Lettuce,Produce,4,47,10.1,0,0,0,0,0
2024-11-05,Lettuce,Produce,4,61,12.5,0,0,0,1,0
2024-11-06,Lettuce,Produce,4,75,11.1,0,0,0,2,0
2024-11-07,Lettuce,Produce,4,71,9.3,0,0,0,3,0
2024-11-08,Lettuce,Produce,4,136,12.1,0,0,1,4,1
2024-11-09,Lettuce,Produce,4,93,9.1,0,0,1,5,0
2024-11-10,Lettuce,Produce,4,87,9.8,0,0,1,6,0
2024-11-11,Lettuce,Produce,4,58,7.2,0,0,0,0,0
2024-11-12,Lettuce,Produce,4,65,7.9,0,0,0,1,1
2024-11-13,Lettuce,Produce,4,60,6.1,0,0,0,2,0
2024-11-14,Lettuce,Produce,4,63,9.7,0,0,0,3,0
2024-11-15,Lettuce,Produce,4,82,4.8,0,0,1,4,0
2024-11-16,Lettuce,Produce,4,104,9.0,0,0,1,5,0
2024-11-17,Lettuce,Produce,4,66,6.7,0,0,1,6,0
2024-11-18,Lettuce,Produce,4,43,9.6,0,0,0,0,0
2024-11-19,Lettuce,Produce,4,49,8.5,0,0,0,1,0
2024-11-20,Lettuce,Produce,4,65,10.8,0,0,0,2,0
2024-11-21,Lettuce,Produce,4,59,8.3,0,0,0,3,0
2024-11-22,Lettuce,Produce,4,61,3.1,0,0,1,4,0
2024-11-23,Lettuce,Produce,4,66,6.3,0,0,1,5,0
2024-11-24,Lettuce,Produce,4,116,3.7,0,0,1,6,1
2024-11-25,Lettuce,Produce,4,60,5.1,0,0,0,0,0
2024-11-26,Lettuce,Produce,4,65,9.4,0,0,0,1,0
2024-11-27,Lettuce,Produce,4,49,7.4,0,0,0,2,0
2024-11-28,Lettuce,Produce,4,38,4.3,0,0,0,3,0
2024-11-29,Lettuce,Produce,4,80,3.5,0,0,1,4,0
2024-11-30,Lettuce,Produce,4,78,5.7,0,0,1,5,0
2024-12-01,Lettuce,Produce,4,61,2.9,0,0,1,6,0
2024-12-02,Lettuce,Produce,4,53,4.0,0,0,0,0,0
2024-12-03,Lettuce,Produce,4,68,6.1,0,0,0,1,0
2024-12-04,Lettuce,Produce,4,71,7.8,0,0,0,2,0
2024-12-05,Lettuce,Produce,4,55,6.5,0,0,0,3,0
2024-12-06,Lettuce,Produce,4,64,0.0,0,0,1,4,0
2024-12-07,Lettuce,Produce,4,72,5.7,0,0,1,5,0
2024-12-08,Lettuce,Produce,4,72,5.1,0,0,1,6,0
2024-12-09,Lettuce,Produce,4,54,5.7,0,0,0,0,0
2024-12-10,Lettuce,Produce,4,67,8.3,0,0,0,1,0
2024-12-11,Lettuce,Produce,4,42,0.1,0,0,0,2,0
2024-12-12,Lettuce,Produce,4,44,3.3,0,0,0,3,0
2024-12-13,Lettuce,Produce,4,115,5.8,0,0,1,4,1
2024-12-14,Lettuce,Produce,4,83,0.9,0,0,1,5,1
2024-12-15,Lettuce,Produce,4,84,7.6,0,0,1,6,0
2024-12-16,Lettuce,Produce,4,54,5.1,0,0,0,0,0
2024-12-17,Lettuce,Produce,4,64,6.0,0,0,0,1,0
2024-12-18,Lettuce,Produce,4,41,2.9,0,0,0,2,0
2024-12-19,Lettuce,Produce,4,59,5.8,0,0,0,3,0
2024-12-20,Lettuce,Produce,4,82,6.3,0,1,1,4,0
2024-12-21,Lettuce,Produce,4,76,4.4,0,1,1,5,0
2024-12-22,Lettuce,Produce,4,62,4.4,0,1,1,6,0
2024-12-23,Lettuce,Produce,4,61,4.4,0,1,0,0,0
2024-12-24,Lettuce,Produce,4,42,1.8,0,1,0,1,0
2024-12-25,Lettuce,Produce,4,0,3.3,1,1,0,2,0
2024-12-26,Lettuce,Produce,4,71,3.3,1,1,0,3,0
2024-12-27,Lettuce,Produce,4,83,4.4,0,1,1,4,0
2024-12-28,Lettuce,Produce,4,89,5.7,0,1,1,5,0
2024-12-29,Lettuce,Produce,4,66,1.1,0,1,1,6,0
2024-12-30,Lettuce,Produce,4,66,3.1,0,1,0,0,0
2024-12-31,Lettuce,Produce,4,57,6.6,0,1,0,1,0
2025-01-01,Lettuce,Produce,4,58,1.7,1,1,0,2,0
2025-01-02,Lettuce,Produce,4,47,1.5,0,1,0,3,0
2025-01-03,Lettuce,Produce,4,87,3.7,0,0,1,4,0
2025-01-04,Lettuce,Produce,4,85,5.1,0,0,1,5,0
2025-01-05,Lettuce,Produce,4,109,3.2,0,0,1,6,1
2025-01-06,Lettuce,Produce,4,45,6.1,0,0,0,0,0
2025-01-07,Lettuce,Produce,4,54,5.0,0,0,0,1,0
2025-01-08,Lettuce,Produce,4,51,5.0,0,0,0,2,0
2025-01-09,Lettuce,Produce,4,54,4.3,0,0,0,3,0
2025-01-10,Lettuce,Produce,4,87,8.2,0,0,1,4,0
2025-01-11,Lettuce,Produce,4,62,2.6,0,0,1,5,0
2025-01-12,Lettuce,Produce,4,65,-1.4,0,0,1,6,0
2025-01-13,Lettuce,Produce,4,53,6.6,0,0,0,0,0
2025-01-14,Lettuce,Produce,4,65,2.0,0,0,0,1,1
2025-01-15,Lettuce,Produce,4,58,3.3,0,0,0,2,0
2025-01-16,Lettuce,Produce,4,48,5.9,0,0,0,3,0
2025-01-17,Lettuce,Produce,4,64,-0.5,0,0,1,4,0
2025-01-18,Lettuce,Produce,4,59,0.2,0,0,1,5,0
2025-01-19,Lettuce,Produce,4,61,-0.5,0,0,1,6,0
2025-01-20,Lettuce,Produce,4,50,1.3,0,0,0,0,0
2025-01-21,Lettuce,Produce,4,65,4.0,0,0,0,1,1
2025-01-22,Lettuce,Produce,4,62,4.2,0,0,0,2,0
2025-01-23,Lettuce,Produce,4,85,3.6,0,0,0,3,1
2025-01-24,Lettuce,Produce,4,72,-0.1,0,0,1,4,0
2025-01-25,Lettuce,Produce,4,72,-2.0,0,0,1,5,0
2025-01-26,Lettuce,Produce,4,68,3.2,0,0,1,6,0
2025-01-27,Lettuce,Produce,4,48,2.0,0,0,0,0,0
2025-01-28,Lettuce,Produce,4,58,4.1,0,0,0,1,0
2025-01-29,Lettuce,Produce,4,62,4.7,0,0,0,2,0
2025-01-30,Lettuce,Produce,4,48,3.5,0,0,0,3,0
2025-01-31,Lettuce,Produce,4,65,4.9,0,0,1,4,0
2025-02-01,Lettuce,Produce,4,88,3.7,0,0,1,5,0
2025-02-02,Lettuce,Produce,4,84,4.4,0,0,1,6,0
2025-02-03,Lettuce,Produce,4,58,1.7,0,0,0,0,0
2025-02-04,Lettuce,Produce,4,69,2.9,0,0,0,1,1
2025-02-05,Lettuce,Produce,4,47,3.8,0,0,0,2,0
2025-02-06,Lettuce,Produce,4,67,5.2,0,0,0,3,0
2025-02-07,Lettuce,Produce,4,81,2.6,0,0,1,4,0
2025-02-08,Lettuce,Produce,4,91,4.6,0,0,1,5,0
2025-02-09,Lettuce,Produce,4,64,2.9,0,0,1,6,0
2025-02-10,Lettuce,Produce,4,54,3.3,0,0,0,0,0
2025-02-11,Lettuce,Produce,4,65,5.5,0,0,0,1,0
2025-02-12,Lettuce,Produce,4,50,-0.7,0,1,0,2,0
2025-02-13,Lettuce,Produce,4,49,0.9,0,1,0,3,0
2025-02-14,Lettuce,Produce,4,85,0.5,0,1,1,4,0
2025-02-15,Lettuce,Produce,4,64,-1.3,0,1,1,5,0
2025-02-16,Lettuce,Produce,4,83,2.4,0,1,1,6,0
2025-02-17,Lettuce,Produce,4,55,5.6,0,1,0,0,0
2025-02-18,Lettuce,Produce,4,45,3.4,0,1,0,1,0
2025-02-19,Lettuce,Produce,4,51,4.6,0,0,0,2,0
2025-02-20,Lettuce,Produce,4,56,6.6,0,0,0,3,0
2025-02-21,Lettuce,Produce,4,92,7.2,0,0,1,4,0
2025-02-22,Lettuce,Produce,4,75,4.2,0,0,1,5,0
2025-02-23,Lettuce,Produce,4,89,7.4,0,0,1,6,0
2025-02-24,Lettuce,Produce,4,62,4.7,0,0,0,0,0
2025-02-25,Lettuce,Produce,4,64,2.7,0,0,0,1,0
2025-02-26,Lettuce,Produce,4,63,3.4,0,0,0,2,0
2025-02-27,Lettuce,Produce,4,52,1.5,0,0,0,3,0
2025-02-28,Lettuce,Produce,4,72,2.9,0,0,1,4,0
2025-03-01,Lettuce,Produce,4,67,4.1,0,0,1,5,0
2025-03-02,Lettuce,Produce,4,108,6.8,0,0,1,6,0
2025-03-03,Lettuce,Produce,4,51,8.9,0,0,0,0,0
2025-03-04,Lettuce,Produce,4,56,2.2,0,0,0,1,0
2025-03-05,Lettuce,Produce,4,68,6.2,0,0,0,2,0
2025-03-06,Lettuce,Produce,4,66,3.1,0,0,0,3,0
2025-03-07,Lettuce,Produce,4,87,6.6,0,0,1,4,0
2025-03-08,Lettuce,Produce,4,92,5.3,0,0,1,5,0
2025-03-09,Lettuce,Produce,4,83,1.7,0,0,1,6,0
2025-03-10,Lettuce,Produce,4,79,7.9,0,0,0,0,0
2025-03-11,Lettuce,Produce,4,70,4.6,0,0,0,1,0
2025-03-12,Lettuce,Produce,4,72,4.9,0,0,0,2,0
2025-03-13,Lettuce,Produce,4,56,3.8,0,0,0,3,0
2025-03-14,Lettuce,Produce,4,101,4.8,0,0,1,4,0
2025-03-15,Lettuce,Produce,4,102,7.3,0,0,1,5,0
2025-03-16,Lettuce,Produce,4,102,6.1,0,0,1,6,0
2025-03-17,Lettuce,Produce,4,62,7.3,0,0,0,0,0
2025-03-18,Lettuce,Produce,4,54,7.5,0,0,0,1,0
2025-03-19,Lettuce,Produce,4,91,9.7,0,0,0,2,0
2025-03-20,Lettuce,Produce,4,76,6.2,0,0,0,3,0
2025-03-21,Lettuce,Produce,4,88,3.8,0,0,1,4,0
2025-03-22,Lettuce,Produce,4,99,9.5,0,0,1,5,0
2025-03-23,Lettuce,Produce,4,84,6.6,0,0,1,6,0
2025-03-24,Lettuce,Produce,4,62,9.9,0,0,0,0,0
2025-03-25,Lettuce,Produce,4,59,8.4,0,0,0,1,0
2025-03-26,Lettuce,Produce,4,62,7.4,0,0,0,2,0
2025-03-27,Lettuce,Produce,4,74,8.6,0,0,0,3,0
2025-03-28,Lettuce,Produce,4,124,12.2,0,0,1,4,0
2025-03-29,Lettuce,Produce,4,126,12.6,0,0,1,5,0
2025-03-30,Lettuce,Produce,4,99,8.3,0,0,1,6,0
2025-03-31,Lettuce,Produce,4,61,8.7,0,0,0,0,0
2025-04-01,Lettuce,Produce,4,70,10.8,0,1,0,1,0
2025-04-02,Lettuce,Produce,4,77,6.7,0,1,0,2,0
2025-04-03,Lettuce,Produce,4,82,9.4,0,1,0,3,0
2025-04-04,Lettuce,Produce,4,81,8.8,0,1,1,4,0
2025-04-05,Lettuce,Produce,4,98,9.6,0,1,1,5,0
2025-04-06,Lettuce,Produce,4,102,7.3,0,1,1,6,0
2025-04-07,Lettuce,Produce,4,62,5.7,0,1,0,0,0
2025-04-08,Lettuce,Produce,4,58,4.8,0,1,0,1,0
2025-04-09,Lettuce,Produce,4,83,7.0,0,1,0,2,0
2025-04-10,Lettuce,Produce,4,73,8.6,0,1,0,3,0
2025-04-11,Lettuce,Produce,4,110,9.1,0,1,1,4,0
2025-04-12,Lettuce,Produce,4,127,14.2,0,1,1,5,0
2025-04-13,Lettuce,Produce,4,118,12.5,0,1,1,6,0
2025-04-14,Lettuce,Produce,4,69,8.1,0,1,0,0,0
2025-04-15,Lettuce,Produce,4,86,11.1,0,0,0,1,0
2025-04-16,Lettuce,Produce,4,78,9.6,0,0,0,2,0
2025-04-17,Lettuce,Produce,4,78,10.0,0,0,0,3,0
2025-04-18,Lettuce,Produce,4,146,11.1,1,0,1,4,0
2025-04-19,Lettuce,Produce,4,108,12.2,0,0,1,5,0
2025-04-20,Lettuce,Produce,4,117,10.3,0,0,1,6,0
2025-04-21,Lettuce,Produce,4,114,13.5,1,0,0,0,0
2025-04-22,Lettuce,Produce,4,66,8.8,0,0,0,1,0
2025-04-23,Lettuce,Produce,4,85,11.4,0,0,0,2,0
2025-04-24,Lettuce,Produce,4,101,17.3,0,0,0,3,0
2025-04-25,Lettuce,Produce,4,126,12.2,0,0,1,4,0
2025-04-26,Lettuce,Produce,4,157,15.0,0,0,1,5,0
2025-04-27,Lettuce,Produce,4,183,12.2,0,0,1,6,1
2025-04-28,Lettuce,Produce,4,79,13.4,0,0,0,0,0
2025-04-29,Lettuce,Produce,4,71,12.1,0,0,0,1,0
2025-04-30,Lettuce,Produce,4,87,12.0,0,0,0,2,0
2025-05-01,Lettuce,Produce,4,87,10.8,0,0,0,3,0
2025-05-02,Lettuce,Produce,4,126,13.6,0,0,1,4,0
2025-05-03,Lettuce,Produce,4,110,10.9,0,0,1,5,0
2025-05-04,Lettuce,Produce,4,132,14.4,0,0,1,6,0
2025-05-05,Lettuce,Produce,4,107,15.4,1,0,0,0,0
2025-05-06,Lettuce,Produce,4,76,14.0,0,0,0,1,0
2025-05-07,Lettuce,Produce,4,80,12.7,0,0,0,2,0
2025-05-08,Lettuce,Produce,4,84,14.4,0,0,0,3,0
2025-05-09,Lettuce,Produce,4,140,12.9,0,0,1,4,0
2025-05-10,Lettuce,Produce,4,127,15.8,0,0,1,5,0
2025-05-11,Lettuce,Produce,4,112,9.8,0,0,1,6,0
2025-05-12,Lettuce,Produce,4,77,13.2,0,0,0,0,0
2025-05-13,Lettuce,Produce,4,71,9.7,0,0,0,1,0
2025-05-14,Lettuce,Produce,4,87,10.9,0,0,0,2,0
2025-05-15,Lettuce,Produce,4,109,17.3,0,0,0,3,0
2025-05-16,Lettuce,Produce,4,139,16.4,0,0,1,4,0
2025-05-17,Lettuce,Produce,4,102,13.0,0,0,1,5,0
2025-05-18,Lettuce,Produce,4,117,11.4,0,0,1,6,0
2025-05-19,Lettuce,Produce,4,67,8.3,0,0,0,0,0
2025-05-20,Lettuce,Produce,4,85,13.8,0,0,0,1,0
2025-05-21,Lettuce,Produce,4,119,20.4,0,0,0,2,0
2025-05-22,Lettuce,Produce,4,129,16.1,0,0,0,3,1
2025-05-23,Lettuce,Produce,4,138,14.1,0,0,1,4,0
2025-05-24,Lettuce,Produce,4,127,16.4,0,0,1,5,0
2025-05-25,Lettuce,Produce,4,126,12.1,0,0,1,6,0
2025-05-26,Lettuce,Produce,4,139,15.0,1,1,0,0,0
2025-05-27,Lettuce,Produce,4,78,16.0,0,1,0,1,0
2025-05-28,Lettuce,Produce,4,91,15.7,0,1,0,2,0
2025-05-29,Lettuce,Produce,4,100,17.7,0,1,0,3,0
2025-05-30,Lettuce,Produce,4,154,16.8,0,1,1,4,0
2025-05-31,Lettuce,Produce,4,142,17.7,0,1,1,5,0
2025-06-01,Lettuce,Produce,4,129,14.8,0,0,1,6,0
2025-06-02,Lettuce,Produce,4,97,18.4,0,0,0,0,0
2025-06-03,Lettuce,Produce,4,88,20.1,0,0,0,1,0
2025-06-04,Lettuce,Produce,4,82,14.5,0,0,0,2,0
2025-06-05,Lettuce,Produce,4,97,14.7,0,0,0,3,0
2025-06-06,Lettuce,Produce,4,147,19.7,0,0,1,4,0
2025-06-07,Lettuce,Produce,4,151,16.5,0,0,1,5,0
2025-06-08,Lettuce,Produce,4,158,20.1,0,0,1,6,0
2025-06-09,Lettuce,Produce,4,100,16.1,0,0,0,0,0
2025-06-10,Lettuce,Produce,4,94,20.4,0,0,0,1,0
2025-06-11,Lettuce,Produce,4,88,17.5,0,0,0,2,0
2025-06-12,Lettuce,Produce,4,97,17.9,0,0,0,3,0
2025-06-13,Lettuce,Produce,4,131,20.9,0,0,1,4,0
2025-06-14,Lettuce,Produce,4,148,16.7,0,0,1,5,0
2025-06-15,Lettuce,Produce,4,117,15.5,0,0,1,6,0
2025-06-16,Lettuce,Produce,4,80,16.7,0,0,0,0,0
2025-06-17,Lettuce,Produce,4,84,18.7,0,0,0,1,0
2025-06-18,Lettuce,Produce,4,97,14.4,0,0,0,2,0
2025-06-19,Lettuce,Produce,4,106,19.3,0,0,0,3,0
2025-06-20,Lettuce,Produce,4,136,16.8,0,0,1,4,0
2025-06-21,Lettuce,Produce,4,155,20.5,0,0,1,5,0
2025-06-22,Lettuce,Produce,4,134,12.8,0,0,1,6,0
2025-06-23,Lettuce,Produce,4,91,16.4,0,0,0,0,0
2025-06-24,Lettuce,Produce,4,81,14.5,0,0,0,1,0
2025-06-25,Lettuce,Produce,4,88,16.4,0,0,0,2,0
2025-06-26,Lettuce,Produce,4,95,18.9,0,0,0,3,0
2025-06-27,Lettuce,Produce,4,153,18.0,0,0,1,4,0
2025-06-28,Lettuce,Produce,4,160,17.9,0,0,1,5,0
2025-06-29,Lettuce,Produce,4,137,18.1,0,0,1,6,0
2025-06-30,Lettuce,Produce,4,83,19.0,0,0,0,0,0
2025-07-01,Lettuce,Produce,4,70,16.3,0,1,0,1,0
2025-07-02,Lettuce,Produce,4,119,20.2,0,1,0,2,0
2025-07-03,Lettuce,Produce,4,105,20.1,0,1,0,3,0
2025-07-04,Lettuce,Produce,4,151,19.5,0,1,1,4,0
2025-07-05,Lettuce,Produce,4,134,19.9,0,1,1,5,0
2025-07-06,Lettuce,Produce,4,151,19.4,0,1,1,6,0
2025-07-07,Lettuce,Produce,4,108,23.3,0,1,0,0,0
2025-07-08,Lettuce,Produce,4,85,18.6,0,1,0,1,0
2025-07-09,Lettuce,Produce,4,89,18.2,0,1,0,2,0
2025-07-10,Lettuce,Produce,4,98,17.2,0,1,0,3,0
2025-07-11,Lettuce,Produce,4,124,16.6,0,1,1,4,0
2025-07-12,Lettuce,Produce,4,118,16.2,0,1,1,5,0
2025-07-13,Lettuce,Produce,4,121,17.0,0,1,1,6,0
2025-07-14,Lettuce,Produce,4,91,18.8,0,1,0,0,0
2025-07-15,Lettuce,Produce,4,91,19.7,0,1,0,1,0
2025-07-16,Lettuce,Produce,4,124,19.1,0,1,0,2,0
2025-07-17,Lettuce,Produce,4,97,17.3,0,1,0,3,0
2025-07-18,Lettuce,Produce,4,152,21.0,0,1,1,4,0
2025-07-19,Lettuce,Produce,4,146,20.6,0,1,1,5,0
2025-07-20,Lettuce,Produce,4,139,18.6,0,1,1,6,0
2025-07-21,Lettuce,Produce,4,93,17.6,0,1,0,0,0
2025-07-22,Lettuce,Produce,4,82,20.2,0,1,0,1,0
2025-07-23,Lettuce,Produce,4,96,19.4,0,1,0,2,0
2025-07-24,Lettuce,Produce,4,87,15.8,0,1,0,3,0
2025-07-25,Lettuce,Produce,4,137,18.8,0,1,1,4,0
2025-07-26,Lettuce,Produce,4,136,19.5,0,1,1,5,0
2025-07-27,Lettuce,Produce,4,124,17.0,0,1,1,6,0
2025-07-28,Lettuce,Produce,4,82,19.3,0,1,0,0,0
2025-07-29,Lettuce,Produce,4,104,15.7,0,1,0,1,1
2025-07-30,Lettuce,Produce,4,125,21.8,0,1,0,2,0
2025-07-31,Lettuce,Produce,4,128,21.6,0,1,0,3,1
2025-08-01,Lettuce,Produce,4,129,18.3,0,1,1,4,0
2025-08-02,Lettuce,Produce,4,137,19.6,0,1,1,5,0
2025-08-03,Lettuce,Produce,4,135,13.5,0,1,1,6,0
2025-08-04,Lettuce,Produce,4,74,16.2,0,1,0,0,0
2025-08-05,Lettuce,Produce,4,82,18.1,0,1,0,1,0
2025-08-06,Lettuce,Produce,4,89,16.3,0,1,0,2,0
2025-08-07,Lettuce,Produce,4,88,20.2,0,1,0,3,0
2025-08-08,Lettuce,Produce,4,157,23.0,0,1,1,4,0
2025-08-09,Lettuce,Produce,4,118,16.0,0,1,1,5,0
2025-08-10,Lettuce,Produce,4,125,16.7,0,1,1,6,0
2025-08-11,Lettuce,Produce,4,94,19.0,0,1,0,0,0
2025-08-12,Lettuce,Produce,4,104,21.9,0,1,0,1,0
2025-08-13,Lettuce,Produce,4,84,15.7,0,1,0,2,0
2025-08-14,Lettuce,Produce,4,92,18.8,0,1,0,3,0
2025-08-15,Lettuce,Produce,4,139,22.2,0,1,1,4,0
2025-08-16,Lettuce,Produce,4,105,14.5,0,1,1,5,0
2025-08-17,Lettuce,Produce,4,129,15.3,0,1,1,6,0
2025-08-18,Lettuce,Produce,4,95,17.1,0,1,0,0,0
2025-08-19,Lettuce,Produce,4,91,16.8,0,1,0,1,0
2025-08-20,Lettuce,Produce,4,86,19.7,0,1,0,2,0
2025-08-21,Lettuce,Produce,4,98,18.4,0,1,0,3,0
2025-08-22,Lettuce,Produce,4,125,13.9,0,1,1,4,0
2025-08-23,Lettuce,Produce,4,129,18.8,0,1,1,5,0
2025-08-24,Lettuce,Produce,4,131,16.3,0,1,1,6,0
2025-08-25,Lettuce,Produce,4,119,20.3,1,1,0,0,0
2025-08-26,Lettuce,Produce,4,80,16.1,0,1,0,1,0
2025-08-27,Lettuce,Produce,4,108,16.0,0,1,0,2,1
2025-08-28,Lettuce,Produce,4,98,18.5,0,1,0,3,0
2025-08-29,Lettuce,Produce,4,127,18.9,0,1,1,4,0
2025-08-30,Lettuce,Produce,4,131,18.1,0,1,1,5,0
2025-08-31,Lettuce,Produce,4,120,13.3,0,1,1,6,0
2025-09-01,Lettuce,Produce,4,80,18.1,0,0,0,0,0
2025-09-02,Lettuce,Produce,4,74,14.6,0,0,0,1,0
2025-09-03,Lettuce,Produce,4,81,17.3,0,0,0,2,0
2025-09-04,Lettuce,Produce,4,92,13.5,0,0,0,3,0
2025-09-05,Lettuce,Produce,4,117,17.5,0,0,1,4,0
2025-09-06,Lettuce,Produce,4,112,14.7,0,0,1,5,0
2025-09-07,Lettuce,Produce,4,119,13.5,0,0,1,6,0
2025-09-08,Lettuce,Produce,4,83,17.8,0,0,0,0,0
2025-09-09,Lettuce,Produce,4,76,16.7,0,0,0,1,0
2025-09-10,Lettuce,Produce,4,76,14.7,0,0,0,2,0
2025-09-11,Lettuce,Produce,4,96,19.1,0,0,0,3,0
2025-09-12,Lettuce,Produce,4,111,14.9,0,0,1,4,0
2025-09-13,Lettuce,Produce,4,122,15.8,0,0,1,5,0
2025-09-14,Lettuce,Produce,4,132,16.2,0,0,1,6,0
2025-09-15,Lettuce,Produce,4,86,14.1,0,0,0,0,0
2025-09-16,Lettuce,Produce,4,105,16.4,0,0,0,1,1
2025-09-17,Lettuce,Produce,4,69,14.1,0,0,0,2,0
2025-09-18,Lettuce,Produce,4,83,14.2,0,0,0,3,0
2025-09-19,Lettuce,Produce,4,115,18.0,0,0,1,4,0
2025-09-20,Lettuce,Produce,4,127,12.6,0,0,1,5,1
2025-09-21,Lettuce,Produce,4,94,9.5,0,0,1,6,0
2025-09-22,Lettuce,Produce,4,72,18.2,0,0,0,0,0
2025-09-23,Lettuce,Produce,4,85,20.1,0,0,0,1,0
2025-09-24,Lettuce,Produce,4,78,13.5,0,0,0,2,0
2025-09-25,Lettuce,Produce,4,64,10.0,0,0,0,3,0
2025-09-26,Lettuce,Produce,4,117,13.5,0,0,1,4,0
2025-09-27,Lettuce,Produce,4,114,13.4,0,0,1,5,0
2025-09-28,Lettuce,Produce,4,145,13.5,0,0,1,6,1
2025-09-29,Lettuce,Produce,4,69,11.3,0,0,0,0,0
2025-09-30,Lettuce,Produce,4,75,14.9,0,0,0,1,0
2025-10-01,Lettuce,Produce,4,88,14.7,0,0,0,2,0
2025-10-02,Lettuce,Produce,4,59,10.1,0,0,0,3,0
2025-10-03,Lettuce,Produce,4,101,14.8,0,0,1,4,0
2025-10-04,Lettuce,Produce,4,108,17.6,0,0,1,5,0
2025-10-05,Lettuce,Produce,4,105,13.4,0,0,1,6,0
2025-10-06,Lettuce,Produce,4,59,12.1,0,0,0,0,0
2025-10-07,Lettuce,Produce,4,71,12.4,0,0,0,1,0
2025-10-08,Lettuce,Produce,4,69,13.9,0,0,0,2,0
2025-10-09,Lettuce,Produce,4,73,8.6,0,0,0,3,1
2025-10-10,Lettuce,Produce,4,136,12.7,0,0,1,4,0
2025-10-11,Lettuce,Produce,4,85,11.3,0,0,1,5,0
2025-10-12,Lettuce,Produce,4,117,16.1,0,0,1,6,0
2025-10-13,Lettuce,Produce,4,72,11.5,0,0,0,0,1
2025-10-14,Lettuce,Produce,4,81,15.4,0,0,0,1,0
2025-10-15,Lettuce,Produce,4,83,9.2,0,0,0,2,0
2025-10-16,Lettuce,Produce,4,64,12.8,0,0,0,3,0
2025-10-17,Lettuce,Produce,4,102,12.1,0,0,1,4,0
2025-10-18,Lettuce,Produce,4,75,9.3,0,0,1,5,0
2025-10-19,Lettuce,Produce,4,93,11.5,0,0,1,6,0
2025-10-20,Lettuce,Produce,4,63,13.6,0,0,0,0,0
2025-10-21,Lettuce,Produce,4,50,10.1,0,0,0,1,0
2025-10-22,Lettuce,Produce,4,68,7.0,0,0,0,2,0
2025-10-23,Lettuce,Produce,4,63,10.5,0,0,0,3,0
2025-10-24,Lettuce,Produce,4,117,8.4,0,0,1,4,1
2025-10-25,Lettuce,Produce,4,94,9.5,0,0,1,5,0
2025-10-26,Lettuce,Produce,4,100,9.9,0,1,1,6,0
2025-10-27,Lettuce,Produce,4,60,6.2,0,1,0,0,1
2025-10-28,Lettuce,Produce,4,49,6.3,0,1,0,1,0
2025-10-29,Lettuce,Produce,4,58,10.8,0,1,0,2,0
2025-10-30,Lettuce,Produce,4,58,8.4,0,1,0,3,0
2025-10-31,Lettuce,Produce,4,56,3.8,0,1,1,4,0
2025-11-01,Lettuce,Produce,4,104,11.0,0,0,1,5,0
2025-11-02,Lettuce,Produce,4,100,9.8,0,0,1,6,0
2025-11-03,Lettuce,Produce,4,55,7.5,0,0,0,0,0
2025-11-04,Lettuce,Produce,4,49,6.0,0,0,0,1,0
2025-11-05,Lettuce,Produce,4,75,10.6,0,0,0,2,0
2025-11-06,Lettuce,Produce,4,60,9.4,0,0,0,3,0
2025-11-07,Lettuce,Produce,4,92,13.8,0,0,1,4,0
2025-11-08,Lettuce,Produce,4,127,9.3,0,0,1,5,1
2025-11-09,Lettuce,Produce,4,69,9.1,0,0,1,6,0
2025-11-10,Lettuce,Produce,4,59,7.8,0,0,0,0,0
2025-11-11,Lettuce,Produce,4,50,9.8,0,0,0,1,0
2025-11-12,Lettuce,Produce,4,60,9.2,0,0,0,2,0
2025-11-13,Lettuce,Produce,4,72,10.5,0,0,0,3,0
2025-11-14,Lettuce,Produce,4,77,6.5,0,0,1,4,0
2025-11-15,Lettuce,Produce,4,80,6.5,0,0,1,5,0
2025-11-16,Lettuce,Produce,4,93,6.3,0,0,1,6,0
2025-11-17,Lettuce,Produce,4,59,9.0,0,0,0,0,0
2025-11-18,Lettuce,Produce,4,56,10.4,0,0,0,1,0
2025-11-19,Lettuce,Produce,4,62,6.0,0,0,0,2,0
2025-11-20,Lettuce,Produce,4,50,6.0,0,0,0,3,0
2025-11-21,Lettuce,Produce,4,74,7.5,0,0,1,4,0
2025-11-22,Lettuce,Produce,4,83,6.1,0,0,1,5,0
2025-11-23,Lettuce,Produce,4,79,8.6,0,0,1,6,0
2025-11-24,Lettuce,Produce,4,36,1.5,0,0,0,0,0
2025-11-25,Lettuce,Produce,4,62,4.5,0,0,0,1,1
2025-11-26,Lettuce,Produce,4,54,4.5,0,0,0,2,0
2025-11-27,Lettuce,Produce,4,42,1.0,0,0,0,3,0
2025-11-28,Lettuce,Produce,4,77,3.9,0,0,1,4,0
2025-11-29,Lettuce,Produce,4,85,3.9,0,0,1,5,0
2025-11-30,Lettuce,Produce,4,84,5.3,0,0,1,6,0
2025-12-01,Lettuce,Produce,4,81,8.1,0,0,0,0,0
2025-12-02,Lettuce,Produce,4,46,5.0,0,0,0,1,0
2025-12-03,Lettuce,Produce,4,56,3.2,0,0,0,2,0
2025-12-04,Lettuce,Produce,4,62,5.2,0,0,0,3,1
2025-12-05,Lettuce,Produce,4,90,7.6,0,0,1,4,0
2025-12-06,Lettuce,Produce,4,86,3.0,0,0,1,5,0
2025-12-07,Lettuce,Produce,4,65,3.1,0,0,1,6,0
2025-12-08,Lettuce,Produce,4,64,6.2,0,0,0,0,0
2025-12-09,Lettuce,Produce,4,55,4.4,0,0,0,1,0
2025-12-10,Lettuce,Produce,4,52,6.2,0,0,0,2,0
2025-12-11,Lettuce,Produce,4,47,4.7,0,0,0,3,0
2025-12-12,Lettuce,Produce,4,123,6.2,0,0,1,4,1
2025-12-13,Lettuce,Produce,4,70,2.3,0,0,1,5,0
2025-12-14,Lettuce,Produce,4,96,4.5,0,0,1,6,1
2025-12-15,Lettuce,Produce,4,46,3.9,0,0,0,0,0
2025-12-16,Lettuce,Produce,4,50,1.7,0,0,0,1,0
2025-12-17,Lettuce,Produce,4,58,0.8,0,0,0,2,0
2025-12-18,Lettuce,Produce,4,59,5.7,0,0,0,3,0
2025-12-19,Lettuce,Produce,4,86,3.3,0,0,1,4,0
2025-12-20,Lettuce,Produce,4,60,1.8,0,1,1,5,0
2025-12-21,Lettuce,Produce,4,81,3.8,0,1,1,6,0
2025-12-22,Lettuce,Produce,4,57,6.4,0,1,0,0,0
2025-12-23,Lettuce,Produce,4,52,-1.2,0,1,0,1,1
2025-12-24,Lettuce,Produce,4,54,0.5,0,1,0,2,0
2025-12-25,Lettuce,Produce,4,0,1.7,1,1,0,3,0
2025-12-26,Lettuce,Produce,4,106,6.9,1,1,1,4,0
2025-12-27,Lettuce,Produce,4,88,4.2,0,1,1,5,0
2025-12-28,Lettuce,Produce,4,79,5.3,0,1,1,6,0
2025-12-29,Lettuce,Produce,4,46,1.0,0,1,0,0,0
2025-12-30,Lettuce,Produce,4,46,1.0,0,1,0,1,0
2025-12-31,Lettuce,Produce,4,53,4.4,0,1,0,2,0
2024-01-01,Tomatoes,Produce,5,64,4.0,1,1,0,0,0
2024-01-02,Tomatoes,Produce,5,45,1.0,0,1,0,1,0
2024-01-03,Tomatoes,Produce,5,59,4.9,0,0,0,2,0
2024-01-04,Tomatoes,Produce,5,49,5.3,0,0,0,3,0
2024-01-05,Tomatoes,Produce,5,70,-1.1,0,0,1,4,0
2024-01-06,Tomatoes,Produce,5,70,0.3,0,0,1,5,0
2024-01-07,Tomatoes,Produce,5,75,3.4,0,0,1,6,0
2024-01-08,Tomatoes,Produce,5,82,2.4,0,0,0,0,1
2024-01-09,Tomatoes,Produce,5,74,3.1,0,0,0,1,1
2024-01-10,Tomatoes,Produce,5,67,1.2,0,0,0,2,0
2024-01-11,Tomatoes,Produce,5,53,5.0,0,0,0,3,0
2024-01-12,Tomatoes,Produce,5,79,4.8,0,0,1,4,0
2024-01-13,Tomatoes,Produce,5,63,3.2,0,0,1,5,0
2024-01-14,Tomatoes,Produce,5,75,5.5,0,0,1,6,0
2024-01-15,Tomatoes,Produce,5,58,4.0,0,0,0,0,0
2024-01-16,Tomatoes,Produce,5,41,1.1,0,0,0,1,0
2024-01-17,Tomatoes,Produce,5,55,3.8,0,0,0,2,0
2024-01-18,Tomatoes,Produce,5,50,0.9,0,0,0,3,0
2024-01-19,Tomatoes,Produce,5,91,4.9,0,0,1,4,0
2024-01-20,Tomatoes,Produce,5,73,2.9,0,0,1,5,0
2024-01-21,Tomatoes,Produce,5,76,2.6,0,0,1,6,0
2024-01-22,Tomatoes,Produce,5,47,1.5,0,0,0,0,0
2024-01-23,Tomatoes,Produce,5,52,5.7,0,0,0,1,0
2024-01-24,Tomatoes,Produce,5,58,2.7,0,0,0,2,0
2024-01-25,Tomatoes,Produce,5,63,2.1,0,0,0,3,0
2024-01-26,Tomatoes,Produce,5,79,2.3,0,0,1,4,0
2024-01-27,Tomatoes,Produce,5,75,4.3,0,0,1,5,0
2024-01-28,Tomatoes,Produce,5,82,3.9,0,0,1,6,0
2024-01-29,Tomatoes,Produce,5,46,4.0,0,0,0,0,0
2024-01-30,Tomatoes,Produce,5,49,4.1,0,0,0,1,0
2024-01-31,Tomatoes,Produce,5,55,7.9,0,0,0,2,0
2024-02-01,Tomatoes,Produce,5,52,2.3,0,0,0,3,0
2024-02-02,Tomatoes,Produce,5,88,2.1,0,0,1,4,0
2024-02-03,Tomatoes,Produce,5,84,1.5,0,0,1,5,0
2024-02-04,Tomatoes,Produce,5,103,4.7,0,0,1,6,0
2024-02-05,Tomatoes,Produce,5,57,5.8,0,0,0,0,0
2024-02-06,Tomatoes,Produce,5,60,3.1,0,0,0,1,0
2024-02-07,Tomatoes,Produce,5,65,1.6,0,0,0,2,0
2024-02-08,Tomatoes,Produce,5,55,1.7,0,0,0,3,0
2024-02-09,Tomatoes,Produce,5,94,5.0,0,0,1,4,0
2024-02-10,Tomatoes,Produce,5,94,5.2,0,0,1,5,0
2024-02-11,Tomatoes,Produce,5,96,4.8,0,0,1,6,0
2024-02-12,Tomatoes,Produce,5,63,2.2,0,1,0,0,0
2024-02-13,Tomatoes,Produce,5,56,4.3,0,1,0,1,0
2024-02-14,Tomatoes,Produce,5,65,4.1,0,1,0,2,0
2024-02-15,Tomatoes,Produce,5,64,4.3,0,1,0,3,0
2024-02-16,Tomatoes,Produce,5,78,5.8,0,1,1,4,0
2024-02-17,Tomatoes,Produce,5,88,4.5,0,1,1,5,0
2024-02-18,Tomatoes,Produce,5,123,5.6,0,1,1,6,1
2024-02-19,Tomatoes,Produce,5,58,4.3,0,0,0,0,0
2024-02-20,Tomatoes,Produce,5,75,4.8,0,0,0,1,1
2024-02-21,Tomatoes,Produce,5,70,5.7,0,0,0,2,0
2024-02-22,Tomatoes,Produce,5,56,1.1,0,0,0,3,0
2024-02-23,Tomatoes,Produce,5,85,3.7,0,0,1,4,0
2024-02-24,Tomatoes,Produce,5,117,3.5,0,0,1,5,1
2024-02-25,Tomatoes,Produce,5,120,3.2,0,0,1,6,1
2024-02-26,Tomatoes,Produce,5,55,4.1,0,0,0,0,0
2024-02-27,Tomatoes,Produce,5,75,8.0,0,0,0,1,0
2024-02-28,Tomatoes,Produce,5,65,2.9,0,0,0,2,0
2024-02-29,Tomatoes,Produce,5,76,7.1,0,0,0,3,0
2024-03-01,Tomatoes,Produce,5,76,1.3,0,0,1,4,0
2024-03-02,Tomatoes,Produce,5,129,4.4,0,0,1,5,1
2024-03-03,Tomatoes,Produce,5,108,5.6,0,0,1,6,0
2024-03-04,Tomatoes,Produce,5,67,6.6,0,0,0,0,0
2024-03-05,Tomatoes,Produce,5,68,7.0,0,0,0,1,0
2024-03-06,Tomatoes,Produce,5,70,7.3,0,0,0,2,0
2024-03-07,Tomatoes,Produce,5,70,4.8,0,0,0,3,0
2024-03-08,Tomatoes,Produce,5,137,4.7,0,0,1,4,1
2024-03-09,Tomatoes,Produce,5,105,7.7,0,0,1,5,0
2024-03-10,Tomatoes,Produce,5,92,5.5,0,0,1,6,0
2024-03-11,Tomatoes,Produce,5,79,3.2,0,0,0,0,0
2024-03-12,Tomatoes,Produce,5,64,3.6,0,0,0,1,0
2024-03-13,Tomatoes,Produce,5,71,4.2,0,0,0,2,0
2024-03-14,Tomatoes,Produce,5,84,7.5,0,0,0,3,0
2024-03-15,Tomatoes,Produce,5,118,6.8,0,0,1,4,0
2024-03-16,Tomatoes,Produce,5,118,8.1,0,0,1,5,0
2024-03-17,Tomatoes,Produce,5,105,5.8,0,0,1,6,0
2024-03-18,Tomatoes,Produce,5,70,7.2,0,0,0,0,0
2024-03-19,Tomatoes,Produce,5,48,8.3,0,0,0,1,0
2024-03-20,Tomatoes,Produce,5,82,6.4,0,0,0,2,0
2024-03-21,Tomatoes,Produce,5,84,8.2,0,0,0,3,0
2024-03-22,Tomatoes,Produce,5,96,5.8,0,0,1,4,0
2024-03-23,Tomatoes,Produce,5,103,6.6,0,0,1,5,0
2024-03-24,Tomatoes,Produce,5,106,6.7,0,0,1,6,0
2024-03-25,Tomatoes,Produce,5,66,5.0,0,0,0,0,0
2024-03-26,Tomatoes,Produce,5,59,8.9,0,0,0,1,0
2024-03-27,Tomatoes,Produce,5,67,6.9,0,0,0,2,0
2024-03-28,Tomatoes,Produce,5,77,8.1,0,0,0,3,0
2024-03-29,Tomatoes,Produce,5,145,9.2,1,0,1,4,0
2024-03-30,Tomatoes,Produce,5,114,9.3,0,0,1,5,0
2024-03-31,Tomatoes,Produce,5,108,9.9,0,0,1,6,0
2024-04-01,Tomatoes,Produce,5,107,8.3,1,1,0,0,0
2024-04-02,Tomatoes,Produce,5,78,7.8,0,1,0,1,0
2024-04-03,Tomatoes,Produce,5,77,8.7,0,1,0,2,0
2024-04-04,Tomatoes,Produce,5,60,5.2,0,1,0,3,0
2024-04-05,Tomatoes,Produce,5,113,5.9,0,1,1,4,0
2024-04-06,Tomatoes,Produce,5,120,6.3,0,1,1,5,0
2024-04-07,Tomatoes,Produce,5,104,7.2,0,1,1,6,0
2024-04-08,Tomatoes,Produce,5,87,10.4,0,1,0,0,0
2024-04-09,Tomatoes,Produce,5,64,7.6,0,1,0,1,0
2024-04-10,Tomatoes,Produce,5,74,8.9,0,1,0,2,0
2024-04-11,Tomatoes,Produce,5,83,12.8,0,1,0,3,0
2024-04-12,Tomatoes,Produce,5,103,9.3,0,1,1,4,0
2024-04-13,Tomatoes,Produce,5,116,11.8,0,1,1,5,0
2024-04-14,Tomatoes,Produce,5,126,8.3,0,1,1,6,0
2024-04-15,Tomatoes,Produce,5,89,10.0,0,0,0,0,1
2024-04-16,Tomatoes,Produce,5,71,8.5,0,0,0,1,0
2024-04-17,Tomatoes,Produce,5,90,10.0,0,0,0,2,0
2024-04-18,Tomatoes,Produce,5,84,12.7,0,0,0,3,0
2024-04-19,Tomatoes,Produce,5,110,7.2,0,0,1,4,0
2024-04-20,Tomatoes,Produce,5,173,12.1,0,0,1,5,1
2024-04-21,Tomatoes,Produce,5,122,11.8,0,0,1,6,0
2024-04-22,Tomatoes,Produce,5,92,10.1,0,0,0,0,0
2024-04-23,Tomatoes,Produce,5,70,8.4,0,0,0,1,0
2024-04-24,Tomatoes,Produce,5,113,11.8,0,0,0,2,1
2024-04-25,Tomatoes,Produce,5,88,10.7,0,0,0,3,0
2024-04-26,Tomatoes,Produce,5,126,12.5,0,0,1,4,0
2024-04-27,Tomatoes,Produce,5,123,12.1,0,0,1,5,0
2024-04-28,Tomatoes,Produce,5,135,15.8,0,0,1,6,0
2024-04-29,Tomatoes,Produce,5,74,11.8,0,0,0,0,0
2024-04-30,Tomatoes,Produce,5,78,10.3,0,0,0,1,0
2024-05-01,Tomatoes,Produce,5,92,13.0,0,0,0,2,0
2024-05-02,Tomatoes,Produce,5,90,13.3,0,0,0,3,0
2024-05-03,Tomatoes,Produce,5,132,15.9,0,0,1,4,0
2024-05-04,Tomatoes,Produce,5,126,14.9,0,0,1,5,0
2024-05-05,Tomatoes,Produce,5,146,14.0,0,0,1,6,0
2024-05-06,Tomatoes,Produce,5,114,16.5,1,0,0,0,0
2024-05-07,Tomatoes,Produce,5,69,10.8,0,0,0,1,0
2024-05-08,Tomatoes,Produce,5,97,12.2,0,0,0,2,0
2024-05-09,Tomatoes,Produce,5,116,11.7,0,0,0,3,1
2024-05-10,Tomatoes,Produce,5,131,13.0,0,0,1,4,0
2024-05-11,Tomatoes,Produce,5,117,10.9,0,0,1,5,0
2024-05-12,Tomatoes,Produce,5,123,15.5,0,0,1,6,0
2024-05-13,Tomatoes,Produce,5,82,13.7,0,0,0,0,0
2024-05-14,Tomatoes,Produce,5,100,11.1,0,0,0,1,0
2024-05-15,Tomatoes,Produce,5,94,12.2,0,0,0,2,0
2024-05-16,Tomatoes,Produce,5,139,15.3,0,0,0,3,1
2024-05-17,Tomatoes,Produce,5,130,16.5,0,0,1,4,0
2024-05-18,Tomatoes,Produce,5,143,19.2,0,0,1,5,0
2024-05-19,Tomatoes,Produce,5,164,21.4,0,0,1,6,0
2024-05-20,Tomatoes,Produce,5,102,16.0,0,0,0,0,0
2024-05-21,Tomatoes,Produce,5,75,13.0,0,0,0,1,0
2024-05-22,Tomatoes,Produce,5,82,10.6,0,0,0,2,0
2024-05-23,Tomatoes,Produce,5,88,16.0,0,0,0,3,0
2024-05-24,Tomatoes,Produce,5,124,13.7,0,0,1,4,0
2024-05-25,Tomatoes,Produce,5,167,14.7,0,0,1,5,1
2024-05-26,Tomatoes,Produce,5,129,14.4,0,1,1,6,0
2024-05-27,Tomatoes,Produce,5,115,15.6,1,1,0,0,0
2024-05-28,Tomatoes,Produce,5,130,18.3,0,1,0,1,1
2024-05-29,Tomatoes,Produce,5,89,16.4,0,1,0,2,0
2024-05-30,Tomatoes,Produce,5,100,15.8,0,1,0,3,0
2024-05-31,Tomatoes,Produce,5,127,14.0,0,1,1,4,0
2024-06-01,Tomatoes,Produce,5,122,12.7,0,0,1,5,0
2024-06-02,Tomatoes,Produce,5,126,15.4,0,0,1,6,0
2024-06-03,Tomatoes,Produce,5,130,16.5,0,0,0,0,1
2024-06-04,Tomatoes,Produce,5,88,20.6,0,0,0,1,0
2024-06-05,Tomatoes,Produce,5,95,17.1,0,0,0,2,0
2024-06-06,Tomatoes,Produce,5,99,19.0,0,0,0,3,0
2024-06-07,Tomatoes,Produce,5,142,15.9,0,0,1,4,0
2024-06-08,Tomatoes,Produce,5,139,14.5,0,0,1,5,0
2024-06-09,Tomatoes,Produce,5,138,15.0,0,0,1,6,0
2024-06-10,Tomatoes,Produce,5,85,15.6,0,0,0,0,0
2024-06-11,Tomatoes,Produce,5,103,22.0,0,0,0,1,0
2024-06-12,Tomatoes,Produce,5,89,15.6,0,0,0,2,0
2024-06-13,Tomatoes,Produce,5,97,19.3,0,0,0,3,0
2024-06-14,Tomatoes,Produce,5,145,15.6,0,0,1,4,0
2024-06-15,Tomatoes,Produce,5,160,19.7,0,0,1,5,0
2024-06-16,Tomatoes,Produce,5,164,18.6,0,0,1,6,0
2024-06-17,Tomatoes,Produce,5,67,17.5,0,0,0,0,0
2024-06-18,Tomatoes,Produce,5,99,17.8,0,0,0,1,0
2024-06-19,Tomatoes,Produce,5,76,16.5,0,0,0,2,0
2024-06-20,Tomatoes,Produce,5,97,19.0,0,0,0,3,0
2024-06-21,Tomatoes,Produce,5,119,17.1,0,0,1,4,0
2024-06-22,Tomatoes,Produce,5,120,15.4,0,0,1,5,0
2024-06-23,Tomatoes,Produce,5,127,15.4,0,0,1,6,0
2024-06-24,Tomatoes,Produce,5,98,18.6,0,0,0,0,0
2024-06-25,Tomatoes,Produce,5,138,21.8,0,0,0,1,1
2024-06-26,Tomatoes,Produce,5,106,18.7,0,0,0,2,0
2024-06-27,Tomatoes,Produce,5,101,18.2,0,0,0,3,0
2024-06-28,Tomatoes,Produce,5,137,19.1,0,0,1,4,0
2024-06-29,Tomatoes,Produce,5,193,21.4,0,0,1,5,1
2024-06-30,Tomatoes,Produce,5,143,19.0,0,0,1,6,0
2024-07-01,Tomatoes,Produce,5,74,17.7,0,1,0,0,0
2024-07-02,Tomatoes,Produce,5,90,21.1,0,1,0,1,0
2024-07-03,Tomatoes,Produce,5,96,19.6,0,1,0,2,0
2024-07-04,Tomatoes,Produce,5,89,22.1,0,1,0,3,0
2024-07-05,Tomatoes,Produce,5,128,19.2,0,1,1,4,0
2024-07-06,Tomatoes,Produce,5,133,16.1,0,1,1,5,0
2024-07-07,Tomatoes,Produce,5,135,15.8,0,1,1,6,0
2024-07-08,Tomatoes,Produce,5,92,22.5,0,1,0,0,0
2024-07-09,Tomatoes,Produce,5,96,22.7,0,1,0,1,0
2024-07-10,Tomatoes,Produce,5,90,18.5,0,1,0,2,0
2024-07-11,Tomatoes,Produce,5,124,18.1,0,1,0,3,1
2024-07-12,Tomatoes,Produce,5,186,22.2,0,1,1,4,1
2024-07-13,Tomatoes,Produce,5,128,16.5,0,1,1,5,0
2024-07-14,Tomatoes,Produce,5,121,17.0,0,1,1,6,0
2024-07-15,Tomatoes,Produce,5,84,20.4,0,1,0,0,0
2024-07-16,Tomatoes,Produce,5,80,18.1,0,1,0,1,0
2024-07-17,Tomatoes,Produce,5,99,19.0,0,1,0,2,0
2024-07-18,Tomatoes,Produce,5,117,18.6,0,1,0,3,0
2024-07-19,Tomatoes,Produce,5,141,19.7,0,1,1,4,0
2024-07-20,Tomatoes,Produce,5,137,22.1,0,1,1,5,0
2024-07-21,Tomatoes,Produce,5,138,19.2,0,1,1,6,0
2024-07-22,Tomatoes,Produce,5,89,20.4,0,1,0,0,0
2024-07-23,Tomatoes,Produce,5,87,14.5,0,1,0,1,0
2024-07-24,Tomatoes,Produce,5,86,18.9,0,1,0,2,0
2024-07-25,Tomatoes,Produce,5,101,17.1,0,1,0,3,0
2024-07-26,Tomatoes,Produce,5,139,16.3,0,1,1,4,0
2024-07-27,Tomatoes,Produce,5,147,17.0,0,1,1,5,0
2024-07-28,Tomatoes,Produce,5,143,18.2,0,1,1,6,0
2024-07-29,Tomatoes,Produce,5,88,20.9,0,1,0,0,0
2024-07-30,Tomatoes,Produce,5,60,15.9,0,1,0,1,0
2024-07-31,Tomatoes,Produce,5,104,18.9,0,1,0,2,0
2024-08-01,Tomatoes,Produce,5,104,17.7,0,1,0,3,0
2024-08-02,Tomatoes,Produce,5,155,18.1,0,1,1,4,0
2024-08-03,Tomatoes,Produce,5,142,21.0,0,1,1,5,0
2024-08-04,Tomatoes,Produce,5,142,19.9,0,1,1,6,0
2024-08-05,Tomatoes,Produce,5,86,21.6,0,1,0,0,0
2024-08-06,Tomatoes,Produce,5,91,18.3,0,1,0,1,0
2024-08-07,Tomatoes,Produce,5,98,17.1,0,1,0,2,0
2024-08-08,Tomatoes,Produce,5,85,18.1,0,1,0,3,0
2024-08-09,Tomatoes,Produce,5,179,19.0,0,1,1,4,1
2024-08-10,Tomatoes,Produce,5,130,18.8,0,1,1,5,0
2024-08-11,Tomatoes,Produce,5,134,16.0,0,1,1,6,0
2024-08-12,Tomatoes,Produce,5,67,18.5,0,1,0,0,0
2024-08-13,Tomatoes,Produce,5,124,18.8,0,1,0,1,1
2024-08-14,Tomatoes,Produce,5,96,23.8,0,1,0,2,0
2024-08-15,Tomatoes,Produce,5,87,22.3,0,1,0,3,0
2024-08-16,Tomatoes,Produce,5,120,16.2,0,1,1,4,0
2024-08-17,Tomatoes,Produce,5,137,17.4,0,1,1,5,0
2024-08-18,Tomatoes,Produce,5,127,14.8,0,1,1,6,0
2024-08-19,Tomatoes,Produce,5,86,16.6,0,1,0,0,0
2024-08-20,Tomatoes,Produce,5,77,18.5,0,1,0,1,0
2024-08-21,Tomatoes,Produce,5,97,20.4,0,1,0,2,0
2024-08-22,Tomatoes,Produce,5,101,16.1,0,1,0,3,0
2024-08-23,Tomatoes,Produce,5,105,16.2,0,1,1,4,0
2024-08-24,Tomatoes,Produce,5,141,12.8,0,1,1,5,0
2024-08-25,Tomatoes,Produce,5,112,17.1,0,1,1,6,0
2024-08-26,Tomatoes,Produce,5,102,15.0,1,1,0,0,0
2024-08-27,Tomatoes,Produce,5,96,16.1,0,1,0,1,1
2024-08-28,Tomatoes,Produce,5,107,15.3,0,1,0,2,1
2024-08-29,Tomatoes,Produce,5,91,16.9,0,1,0,3,0
2024-08-30,Tomatoes,Produce,5,105,13.2,0,1,1,4,0
2024-08-31,Tomatoes,Produce,5,137,13.7,0,1,1,5,0
2024-09-01,Tomatoes,Produce,5,170,21.5,0,0,1,6,0
2024-09-02,Tomatoes,Produce,5,67,13.9,0,0,0,0,0
2024-09-03,Tomatoes,Produce,5,69,14.2,0,0,0,1,0
2024-09-04,Tomatoes,Produce,5,83,20.6,0,0,0,2,0
2024-09-05,Tomatoes,Produce,5,87,22.8,0,0,0,3,0
2024-09-06,Tomatoes,Produce,5,109,13.8,0,0,1,4,0
2024-09-07,Tomatoes,Produce,5,117,15.4,0,0,1,5,0
2024-09-08,Tomatoes,Produce,5,98,16.9,0,0,1,6,0
2024-09-09,Tomatoes,Produce,5,73,19.8,0,0,0,0,0
2024-09-10,Tomatoes,Produce,5,73,13.8,0,0,0,1,0
2024-09-11,Tomatoes,Produce,5,79,15.3,0,0,0,2,0
2024-09-12,Tomatoes,Produce,5,84,17.4,0,0,0,3,0
2024-09-13,Tomatoes,Produce,5,108,16.6,0,0,1,4,0
2024-09-14,Tomatoes,Produce,5,135,14.7,0,0,1,5,0
2024-09-15,Tomatoes,Produce,5,111,15.1,0,0,1,6,0
2024-09-16,Tomatoes,Produce,5,77,12.2,0,0,0,0,0
2024-09-17,Tomatoes,Produce,5,74,14.6,0,0,0,1,0
2024-09-18,Tomatoes,Produce,5,63,14.4,0,0,0,2,0
2024-09-19,Tomatoes,Produce,5,83,15.4,0,0,0,3,0
2024-09-20,Tomatoes,Produce,5,120,13.6,0,0,1,4,0
2024-09-21,Tomatoes,Produce,5,114,15.7,0,0,1,5,0
2024-09-22,Tomatoes,Produce,5,122,16.8,0,0,1,6,0
2024-09-23,Tomatoes,Produce,5,62,14.8,0,0,0,0,0
2024-09-24,Tomatoes,Produce,5,69,15.1,0,0,0,1,0
2024-09-25,Tomatoes,Produce,5,94,14.3,0,0,0,2,1
2024-09-26,Tomatoes,Produce,5,82,14.0,0,0,0,3,0
2024-09-27,Tomatoes,Produce,5,92,12.3,0,0,1,4,0
2024-09-28,Tomatoes,Produce,5,93,14.5,0,0,1,5,0
2024-09-29,Tomatoes,Produce,5,102,13.4,0,0,1,6,0
2024-09-30,Tomatoes,Produce,5,73,18.1,0,0,0,0,0
2024-10-01,Tomatoes,Produce,5,85,16.8,0,0,0,1,0
2024-10-02,Tomatoes,Produce,5,89,14.1,0,0,0,2,0
2024-10-03,Tomatoes,Produce,5,68,11.4,0,0,0,3,0
2024-10-04,Tomatoes,Produce,5,100,10.5,0,0,1,4,0
2024-10-05,Tomatoes,Produce,5,154,15.5,0,0,1,5,1
2024-10-06,Tomatoes,Produce,5,98,13.3,0,0,1,6,0
2024-10-07,Tomatoes,Produce,5,67,13.6,0,0,0,0,0
2024-10-08,Tomatoes,Produce,5,77,8.6,0,0,0,1,1
2024-10-09,Tomatoes,Produce,5,67,14.4,0,0,0,2,0
2024-10-10,Tomatoes,Produce,5,74,13.2,0,0,0,3,0
2024-10-11,Tomatoes,Produce,5,79,9.6,0,0,1,4,0
2024-10-12,Tomatoes,Produce,5,105,10.9,0,0,1,5,0
2024-10-13,Tomatoes,Produce,5,103,12.4,0,0,1,6,0
2024-10-14,Tomatoes,Produce,5,69,11.8,0,0,0,0,0
2024-10-15,Tomatoes,Produce,5,59,10.9,0,0,0,1,0
2024-10-16,Tomatoes,Produce,5,74,11.1,0,0,0,2,0
2024-10-17,Tomatoes,Produce,5,61,10.7,0,0,0,3,0
2024-10-18,Tomatoes,Produce,5,102,11.4,0,0,1,4,0
2024-10-19,Tomatoes,Produce,5,76,14.2,0,0,1,5,0
2024-10-20,Tomatoes,Produce,5,71,5.2,0,0,1,6,0
2024-10-21,Tomatoes,Produce,5,70,10.2,0,0,0,0,0
2024-10-22,Tomatoes,Produce,5,61,10.9,0,0,0,1,0
2024-10-23,Tomatoes,Produce,5,65,11.0,0,0,0,2,0
2024-10-24,Tomatoes,Produce,5,64,9.4,0,0,0,3,0
2024-10-25,Tomatoes,Produce,5,83,6.3,0,0,1,4,0
2024-10-26,Tomatoes,Produce,5,109,10.7,0,1,1,5,0
2024-10-27,Tomatoes,Produce,5,112,13.7,0,1,1,6,0
2024-10-28,Tomatoes,Produce,5,44,6.3,0,1,0,0,0
2024-10-29,Tomatoes,Produce,5,70,11.5,0,1,0,1,0
2024-10-30,Tomatoes,Produce,5,88,8.7,0,1,0,2,0
2024-10-31,Tomatoes,Produce,5,65,9.2,0,1,0,3,0
2024-11-01,Tomatoes,Produce,5,89,6.9,0,0,1,4,0
2024-11-02,Tomatoes,Produce,5,106,8.3,0,0,1,5,0
2024-11-03,Tomatoes,Produce,5,95,11.8,0,0,1,6,0
2024-11-04,Tomatoes,Produce,5,50,10.1,0,0,0,0,0
2024-11-05,Tomatoes,Produce,5,63,12.5,0,0,0,1,0
2024-11-06,Tomatoes,Produce,5,73,11.1,0,0,0,2,0
2024-11-07,Tomatoes,Produce,5,66,9.3,0,0,0,3,0
2024-11-08,Tomatoes,Produce,5,98,12.1,0,0,1,4,0
2024-11-09,Tomatoes,Produce,5,78,9.1,0,0,1,5,0
2024-11-10,Tomatoes,Produce,5,99,9.8,0,0,1,6,0
2024-11-11,Tomatoes,Produce,5,55,7.2,0,0,0,0,0
2024-11-12,Tomatoes,Produce,5,56,7.9,0,0,0,1,0
2024-11-13,Tomatoes,Produce,5,73,6.1,0,0,0,2,0
2024-11-14,Tomatoes,Produce,5,60,9.7,0,0,0,3,0
2024-11-15,Tomatoes,Produce,5,71,4.8,0,0,1,4,0
2024-11-16,Tomatoes,Produce,5,99,9.0,0,0,1,5,0
2024-11-17,Tomatoes,Produce,5,81,6.7,0,0,1,6,0
2024-11-18,Tomatoes,Produce,5,71,9.6,0,0,0,0,0
2024-11-19,Tomatoes,Produce,5,62,8.5,0,0,0,1,0
2024-11-20,Tomatoes,Produce,5,74,10.8,0,0,0,2,0
2024-11-21,Tomatoes,Produce,5,72,8.3,0,0,0,3,0
2024-11-22,Tomatoes,Produce,5,81,3.1,0,0,1,4,0
2024-11-23,Tomatoes,Produce,5,93,6.3,0,0,1,5,0
2024-11-24,Tomatoes,Produce,5,82,3.7,0,0,1,6,0
2024-11-25,Tomatoes,Produce,5,69,5.1,0,0,0,0,0
2024-11-26,Tomatoes,Produce,5,59,9.4,0,0,0,1,0
2024-11-27,Tomatoes,Produce,5,74,7.4,0,0,0,2,1
2024-11-28,Tomatoes,Produce,5,63,4.3,0,0,0,3,0
2024-11-29,Tomatoes,Produce,5,85,3.5,0,0,1,4,0
2024-11-30,Tomatoes,Produce,5,98,5.7,0,0,1,5,0
2024-12-01,Tomatoes,Produce,5,115,2.9,0,0,1,6,1
2024-12-02,Tomatoes,Produce,5,57,4.0,0,0,0,0,0
2024-12-03,Tomatoes,Produce,5,60,6.1,0,0,0,1,0
2024-12-04,Tomatoes,Produce,5,92,7.8,0,0,0,2,1
2024-12-05,Tomatoes,Produce,5,54,6.5,0,0,0,3,0
2024-12-06,Tomatoes,Produce,5,68,0.0,0,0,1,4,0
2024-12-07,Tomatoes,Produce,5,91,5.7,0,0,1,5,0
2024-12-08,Tomatoes,Produce,5,91,5.1,0,0,1,6,0
2024-12-09,Tomatoes,Produce,5,68,5.7,0,0,0,0,0
2024-12-10,Tomatoes,Produce,5,61,8.3,0,0,0,1,0
2024-12-11,Tomatoes,Produce,5,45,0.1,0,0,0,2,0
2024-12-12,Tomatoes,Produce,5,52,3.3,0,0,0,3,0
2024-12-13,Tomatoes,Produce,5,83,5.8,0,0,1,4,0
2024-12-14,Tomatoes,Produce,5,78,0.9,0,0,1,5,0
2024-12-15,Tomatoes,Produce,5,84,7.6,0,0,1,6,0
2024-12-16,Tomatoes,Produce,5,59,5.1,0,0,0,0,0
2024-12-17,Tomatoes,Produce,5,49,6.0,0,0,0,1,0
2024-12-18,Tomatoes,Produce,5,72,2.9,0,0,0,2,0
2024-12-19,Tomatoes,Produce,5,70,5.8,0,0,0,3,0
2024-12-20,Tomatoes,Produce,5,100,6.3,0,1,1,4,0
2024-12-21,Tomatoes,Produce,5,84,4.4,0,1,1,5,0
2024-12-22,Tomatoes,Produce,5,90,4.4,0,1,1,6,0
2024-12-23,Tomatoes,Produce,5,49,4.4,0,1,0,0,0
2024-12-24,Tomatoes,Produce,5,54,1.8,0,1,0,1,0
2024-12-25,Tomatoes,Produce,5,0,3.3,1,1,0,2,0
2024-12-26,Tomatoes,Produce,5,75,3.3,1,1,0,3,0
2024-12-27,Tomatoes,Produce,5,124,4.4,0,1,1,4,1
2024-12-28,Tomatoes,Produce,5,102,5.7,0,1,1,5,0
2024-12-29,Tomatoes,Produce,5,72,1.1,0,1,1,6,0
2024-12-30,Tomatoes,Produce,5,53,3.1,0,1,0,0,0
2024-12-31,Tomatoes,Produce,5,48,6.6,0,1,0,1,0
2025-01-01,Tomatoes,Produce,5,76,1.7,1,1,0,2,0
2025-01-02,Tomatoes,Produce,5,59,1.5,0,1,0,3,0
2025-01-03,Tomatoes,Produce,5,93,3.7,0,0,1,4,0
2025-01-04,Tomatoes,Produce,5,92,5.1,0,0,1,5,0
2025-01-05,Tomatoes,Produce,5,88,3.2,0,0,1,6,0
2025-01-06,Tomatoes,Produce,5,60,6.1,0,0,0,0,0
2025-01-07,Tomatoes,Produce,5,60,5.0,0,0,0,1,0
2025-01-08,Tomatoes,Produce,5,51,5.0,0,0,0,2,0
2025-01-09,Tomatoes,Produce,5,79,4.3,0,0,0,3,1
2025-01-10,Tomatoes,Produce,5,88,8.2,0,0,1,4,0
2025-01-11,Tomatoes,Produce,5,75,2.6,0,0,1,5,0
2025-01-12,Tomatoes,Produce,5,65,-1.4,0,0,1,6,0
2025-01-13,Tomatoes,Produce,5,62,6.6,0,0,0,0,0
2025-01-14,Tomatoes,Produce,5,65,2.0,0,0,0,1,0
2025-01-15,Tomatoes,Produce,5,79,3.3,0,0,0,2,0
2025-01-16,Tomatoes,Produce,5,69,5.9,0,0,0,3,0
2025-01-17,Tomatoes,Produce,5,59,-0.5,0,0,1,4,0
2025-01-18,Tomatoes,Produce,5,78,0.2,0,0,1,5,0
2025-01-19,Tomatoes,Produce,5,62,-0.5,0,0,1,6,0
2025-01-20,Tomatoes,Produce,5,48,1.3,0,0,0,0,0
2025-01-21,Tomatoes,Produce,5,55,4.0,0,0,0,1,0
2025-01-22,Tomatoes,Produce,5,67,4.2,0,0,0,2,0
2025-01-23,Tomatoes,Produce,5,53,3.6,0,0,0,3,0
2025-01-24,Tomatoes,Produce,5,79,-0.1,0,0,1,4,0
2025-01-25,Tomatoes,Produce,5,79,-2.0,0,0,1,5,0
2025-01-26,Tomatoes,Produce,5,92,3.2,0,0,1,6,0
2025-01-27,Tomatoes,Produce,5,67,2.0,0,0,0,0,1
2025-01-28,Tomatoes,Produce,5,58,4.1,0,0,0,1,0
2025-01-29,Tomatoes,Produce,5,69,4.7,0,0,0,2,0
2025-01-30,Tomatoes,Produce,5,52,3.5,0,0,0,3,0
2025-01-31,Tomatoes,Produce,5,102,4.9,0,0,1,4,0
2025-02-01,Tomatoes,Produce,5,89,3.7,0,0,1,5,0
2025-02-02,Tomatoes,Produce,5,101,4.4,0,0,1,6,0
2025-02-03,Tomatoes,Produce,5,80,1.7,0,0,0,0,1
2025-02-04,Tomatoes,Produce,5,60,2.9,0,0,0,1,0
2025-02-05,Tomatoes,Produce,5,76,3.8,0,0,0,2,1
2025-02-06,Tomatoes,Produce,5,60,5.2,0,0,0,3,0
2025-02-07,Tomatoes,Produce,5,89,2.6,0,0,1,4,0
2025-02-08,Tomatoes,Produce,5,101,4.6,0,0,1,5,0
2025-02-09,Tomatoes,Produce,5,91,2.9,0,0,1,6,0
2025-02-10,Tomatoes,Produce,5,69,3.3,0,0,0,0,0
2025-02-11,Tomatoes,Produce,5,56,5.5,0,0,0,1,0
2025-02-12,Tomatoes,Produce,5,73,-0.7,0,1,0,2,1
2025-02-13,Tomatoes,Produce,5,69,0.9,0,1,0,3,0
2025-02-14,Tomatoes,Produce,5,80,0.5,0,1,1,4,0
2025-02-15,Tomatoes,Produce,5,76,-1.3,0,1,1,5,0
2025-02-16,Tomatoes,Produce,5,93,2.4,0,1,1,6,0
2025-02-17,Tomatoes,Produce,5,70,5.6,0,1,0,0,0
2025-02-18,Tomatoes,Produce,5,65,3.4,0,1,0,1,0
2025-02-19,Tomatoes,Produce,5,61,4.6,0,0,0,2,0
2025-02-20,Tomatoes,Produce,5,83,6.6,0,0,0,3,0
2025-02-21,Tomatoes,Produce,5,93,7.2,0,0,1,4,0
2025-02-22,Tomatoes,Produce,5,103,4.2,0,0,1,5,0
2025-02-23,Tomatoes,Produce,5,136,7.4,0,0,1,6,1
2025-02-24,Tomatoes,Produce,5,66,4.7,0,0,0,0,0
2025-02-25,Tomatoes,Produce,5,63,2.7,0,0,0,1,0
2025-02-26,Tomatoes,Produce,5,85,3.4,0,0,0,2,1
2025-02-27,Tomatoes,Produce,5,99,1.5,0,0,0,3,1
2025-02-28,Tomatoes,Produce,5,96,2.9,0,0,1,4,0
2025-03-01,Tomatoes,Produce,5,95,4.1,0,0,1,5,0
2025-03-02,Tomatoes,Produce,5,88,6.8,0,0,1,6,0
2025-03-03,Tomatoes,Produce,5,68,8.9,0,0,0,0,0
2025-03-04,Tomatoes,Produce,5,62,2.2,0,0,0,1,0
2025-03-05,Tomatoes,Produce,5,82,6.2,0,0,0,2,0
2025-03-06,Tomatoes,Produce,5,56,3.1,0,0,0,3,0
2025-03-07,Tomatoes,Produce,5,104,6.6,0,0,1,4,0
2025-03-08,Tomatoes,Produce,5,103,5.3,0,0,1,5,0
2025-03-09,Tomatoes,Produce,5,113,1.7,0,0,1,6,0
2025-03-10,Tomatoes,Produce,5,72,7.9,0,0,0,0,0
2025-03-11,Tomatoes,Produce,5,54,4.6,0,0,0,1,0
2025-03-12,Tomatoes,Produce,5,83,4.9,0,0,0,2,0
2025-03-13,Tomatoes,Produce,5,86,3.8,0,0,0,3,0
2025-03-14,Tomatoes,Produce,5,98,4.8,0,0,1,4,0
2025-03-15,Tomatoes,Produce,5,100,7.3,0,0,1,5,0
2025-03-16,Tomatoes,Produce,5,114,6.1,0,0,1,6,0
2025-03-17,Tomatoes,Produce,5,112,7.3,0,0,0,0,1
2025-03-18,Tomatoes,Produce,5,77,7.5,0,0,0,1,0
2025-03-19,Tomatoes,Produce,5,92,9.7,0,0,0,2,0
2025-03-20,Tomatoes,Produce,5,67,6.2,0,0,0,3,0
2025-03-21,Tomatoes,Produce,5,99,3.8,0,0,1,4,0
2025-03-22,Tomatoes,Produce,5,120,9.5,0,0,1,5,0
2025-03-23,Tomatoes,Produce,5,98,6.6,0,0,1,6,0
2025-03-24,Tomatoes,Produce,5,72,9.9,0,0,0,0,0
2025-03-25,Tomatoes,Produce,5,74,8.4,0,0,0,1,0
2025-03-26,Tomatoes,Produce,5,97,7.4,0,0,0,2,1
2025-03-27,Tomatoes,Produce,5,98,8.6,0,0,0,3,0
2025-03-28,Tomatoes,Produce,5,177,12.2,0,0,1,4,1
2025-03-29,Tomatoes,Produce,5,129,12.6,0,0,1,5,0
2025-03-30,Tomatoes,Produce,5,130,8.3,0,0,1,6,0
2025-03-31,Tomatoes,Produce,5,81,8.7,0,0,0,0,0
2025-04-01,Tomatoes,Produce,5,69,10.8,0,1,0,1,0
2025-04-02,Tomatoes,Produce,5,80,6.7,0,1,0,2,0
2025-04-03,Tomatoes,Produce,5,106,9.4,0,1,0,3,0
2025-04-04,Tomatoes,Produce,5,125,8.8,0,1,1,4,0
2025-04-05,Tomatoes,Produce,5,106,9.6,0,1,1,5,0
2025-04-06,Tomatoes,Produce,5,118,7.3,0,1,1,6,0
2025-04-07,Tomatoes,Produce,5,76,5.7,0,1,0,0,0
2025-04-08,Tomatoes,Produce,5,87,4.8,0,1,0,1,1
2025-04-09,Tomatoes,Produce,5,83,7.0,0,1,0,2,0
2025-04-10,Tomatoes,Produce,5,92,8.6,0,1,0,3,0
2025-04-11,Tomatoes,Produce,5,141,9.1,0,1,1,4,0
2025-04-12,Tomatoes,Produce,5,130,14.2,0,1,1,5,0
2025-04-13,Tomatoes,Produce,5,119,12.5,0,1,1,6,0
2025-04-14,Tomatoes,Produce,5,71,8.1,0,1,0,0,0
2025-04-15,Tomatoes,Produce,5,97,11.1,0,0,0,1,0
2025-04-16,Tomatoes,Produce,5,80,9.6,0,0,0,2,0
2025-04-17,Tomatoes,Produce,5,84,10.0,0,0,0,3,0
2025-04-18,Tomatoes,Produce,5,173,11.1,1,0,1,4,0
2025-04-19,Tomatoes,Produce,5,163,12.2,0,0,1,5,1
2025-04-20,Tomatoes,Produce,5,104,10.3,0,0,1,6,0
2025-04-21,Tomatoes,Produce,5,106,13.5,1,0,0,0,0
2025-04-22,Tomatoes,Produce,5,71,8.8,0,0,0,1,0
2025-04-23,Tomatoes,Produce,5,90,11.4,0,0,0,2,0
2025-04-24,Tomatoes,Produce,5,116,17.3,0,0,0,3,0
2025-04-25,Tomatoes,Produce,5,140,12.2,0,0,1,4,0
2025-04-26,Tomatoes,Produce,5,159,15.0,0,0,1,5,0
2025-04-27,Tomatoes,Produce,5,132,12.2,0,0,1,6,0
2025-04-28,Tomatoes,Produce,5,88,13.4,0,0,0,0,0
2025-04-29,Tomatoes,Produce,5,98,12.1,0,0,0,1,1
2025-04-30,Tomatoes,Produce,5,93,12.0,0,0,0,2,0
2025-05-01,Tomatoes,Produce,5,98,10.8,0,0,0,3,0
2025-05-02,Tomatoes,Produce,5,152,13.6,0,0,1,4,0
2025-05-03,Tomatoes,Produce,5,124,10.9,0,0,1,5,0
2025-05-04,Tomatoes,Produce,5,137,14.4,0,0,1,6,0
2025-05-05,Tomatoes,Produce,5,134,15.4,1,0,0,0,0
2025-05-06,Tomatoes,Produce,5,69,14.0,0,0,0,1,0
2025-05-07,Tomatoes,Produce,5,88,12.7,0,0,0,2,0
2025-05-08,Tomatoes,Produce,5,102,14.4,0,0,0,3,0
2025-05-09,Tomatoes,Produce,5,134,12.9,0,0,1,4,0
2025-05-10,Tomatoes,Produce,5,145,15.8,0,0,1,5,0
2025-05-11,Tomatoes,Produce,5,144,9.8,0,0,1,6,0
2025-05-12,Tomatoes,Produce,5,99,13.2,0,0,0,0,0
2025-05-13,Tomatoes,Produce,5,65,9.7,0,0,0,1,0
2025-05-14,Tomatoes,Produce,5,91,10.9,0,0,0,2,0
2025-05-15,Tomatoes,Produce,5,102,17.3,0,0,0,3,0
2025-05-16,Tomatoes,Produce,5,144,16.4,0,0,1,4,0
2025-05-17,Tomatoes,Produce,5,148,13.0,0,0,1,5,0
2025-05-18,Tomatoes,Produce,5,127,11.4,0,0,1,6,0
2025-05-19,Tomatoes,Produce,5,75,8.3,0,0,0,0,0
2025-05-20,Tomatoes,Produce,5,100,13.8,0,0,0,1,0
2025-05-21,Tomatoes,Produce,5,128,20.4,0,0,0,2,0
2025-05-22,Tomatoes,Produce,5,105,16.1,0,0,0,3,0
2025-05-23,Tomatoes,Produce,5,138,14.1,0,0,1,4,0
2025-05-24,Tomatoes,Produce,5,121,16.4,0,0,1,5,0
2025-05-25,Tomatoes,Produce,5,125,12.1,0,0,1,6,0
2025-05-26,Tomatoes,Produce,5,92,15.0,1,1,0,0,0
2025-05-27,Tomatoes,Produce,5,83,16.0,0,1,0,1,0
2025-05-28,Tomatoes,Produce,5,94,15.7,0,1,0,2,0
2025-05-29,Tomatoes,Produce,5,109,17.7,0,1,0,3,0
2025-05-30,Tomatoes,Produce,5,152,16.8,0,1,1,4,0
2025-05-31,Tomatoes,Produce,5,163,17.7,0,1,1,5,0
2025-06-01,Tomatoes,Produce,5,143,14.8,0,0,1,6,0
2025-06-02,Tomatoes,Produce,5,89,18.4,0,0,0,0,0
2025-06-03,Tomatoes,Produce,5,92,20.1,0,0,0,1,0
2025-06-04,Tomatoes,Produce,5,93,14.5,0,0,0,2,0
2025-06-05,Tomatoes,Produce,5,87,14.7,0,0,0,3,0
2025-06-06,Tomatoes,Produce,5,152,19.7,0,0,1,4,0
2025-06-07,Tomatoes,Produce,5,145,16.5,0,0,1,5,0
2025-06-08,Tomatoes,Produce,5,157,20.1,0,0,1,6,0
2025-06-09,Tomatoes,Produce,5,104,16.1,0,0,0,0,0
2025-06-10,Tomatoes,Produce,5,98,20.4,0,0,0,1,0
2025-06-11,Tomatoes,Produce,5,123,17.5,0,0,0,2,0
2025-06-12,Tomatoes,Produce,5,90,17.9,0,0,0,3,0
2025-06-13,Tomatoes,Produce,5,188,20.9,0,0,1,4,1
2025-06-14,Tomatoes,Produce,5,154,16.7,0,0,1,5,0
2025-06-15,Tomatoes,Produce,5,142,15.5,0,0,1,6,0
2025-06-16,Tomatoes,Produce,5,104,16.7,0,0,0,0,0
2025-06-17,Tomatoes,Produce,5,86,18.7,0,0,0,1,0
2025-06-18,Tomatoes,Produce,5,95,14.4,0,0,0,2,0
2025-06-19,Tomatoes,Produce,5,87,19.3,0,0,0,3,0
2025-06-20,Tomatoes,Produce,5,156,16.8,0,0,1,4,0
2025-06-21,Tomatoes,Produce,5,135,20.5,0,0,1,5,0
2025-06-22,Tomatoes,Produce,5,125,12.8,0,0,1,6,0
2025-06-23,Tomatoes,Produce,5,95,16.4,0,0,0,0,0
2025-06-24,Tomatoes,Produce,5,115,14.5,0,0,0,1,1
2025-06-25,Tomatoes,Produce,5,93,16.4,0,0,0,2,0
2025-06-26,Tomatoes,Produce,5,110,18.9,0,0,0,3,0
2025-06-27,Tomatoes,Produce,5,156,18.0,0,0,1,4,0
2025-06-28,Tomatoes,Produce,5,158,17.9,0,0,1,5,0
2025-06-29,Tomatoes,Produce,5,196,18.1,0,0,1,6,1
2025-06-30,Tomatoes,Produce,5,92,19.0,0,0,0,0,0
2025-07-01,Tomatoes,Produce,5,76,16.3,0,1,0,1,0
2025-07-02,Tomatoes,Produce,5,107,20.2,0,1,0,2,0
2025-07-03,Tomatoes,Produce,5,107,20.1,0,1,0,3,0
2025-07-04,Tomatoes,Produce,5,142,19.5,0,1,1,4,0
2025-07-05,Tomatoes,Produce,5,164,19.9,0,1,1,5,0
2025-07-06,Tomatoes,Produce,5,222,19.4,0,1,1,6,1
2025-07-07,Tomatoes,Produce,5,103,23.3,0,1,0,0,0
2025-07-08,Tomatoes,Produce,5,102,18.6,0,1,0,1,0
2025-07-09,Tomatoes,Produce,5,105,18.2,0,1,0,2,0
2025-07-10,Tomatoes,Produce,5,105,17.2,0,1,0,3,0
2025-07-11,Tomatoes,Produce,5,150,16.6,0,1,1,4,0
2025-07-12,Tomatoes,Produce,5,149,16.2,0,1,1,5,0
2025-07-13,Tomatoes,Produce,5,149,17.0,0,1,1,6,0
2025-07-14,Tomatoes,Produce,5,92,18.8,0,1,0,0,0
2025-07-15,Tomatoes,Produce,5,101,19.7,0,1,0,1,0
2025-07-16,Tomatoes,Produce,5,93,19.1,0,1,0,2,0
2025-07-17,Tomatoes,Produce,5,113,17.3,0,1,0,3,0
2025-07-18,Tomatoes,Produce,5,140,21.0,0,1,1,4,0
2025-07-19,Tomatoes,Produce,5,150,20.6,0,1,1,5,0
2025-07-20,Tomatoes,Produce,5,153,18.6,0,1,1,6,0
2025-07-21,Tomatoes,Produce,5,97,17.6,0,1,0,0,0
2025-07-22,Tomatoes,Produce,5,93,20.2,0,1,0,1,0
2025-07-23,Tomatoes,Produce,5,87,19.4,0,1,0,2,0
2025-07-24,Tomatoes,Produce,5,91,15.8,0,1,0,3,0
2025-07-25,Tomatoes,Produce,5,160,18.8,0,1,1,4,0
2025-07-26,Tomatoes,Produce,5,166,19.5,0,1,1,5,0
2025-07-27,Tomatoes,Produce,5,151,17.0,0,1,1,6,0
2025-07-28,Tomatoes,Produce,5,104,19.3,0,1,0,0,0
2025-07-29,Tomatoes,Produce,5,84,15.7,0,1,0,1,0
2025-07-30,Tomatoes,Produce,5,124,21.8,0,1,0,2,0
2025-07-31,Tomatoes,Produce,5,96,21.6,0,1,0,3,0
2025-08-01,Tomatoes,Produce,5,142,18.3,0,1,1,4,0
2025-08-02,Tomatoes,Produce,5,135,19.6,0,1,1,5,0
2025-08-03,Tomatoes,Produce,5,119,13.5,0,1,1,6,0
2025-08-04,Tomatoes,Produce,5,79,16.2,0,1,0,0,0
2025-08-05,Tomatoes,Produce,5,88,18.1,0,1,0,1,0
2025-08-06,Tomatoes,Produce,5,89,16.3,0,1,0,2,0
2025-08-07,Tomatoes,Produce,5,100,20.2,0,1,0,3,0
2025-08-08,Tomatoes,Produce,5,136,23.0,0,1,1,4,0
2025-08-09,Tomatoes,Produce,5,142,16.0,0,1,1,5,0
2025-08-10,Tomatoes,Produce,5,130,16.7,0,1,1,6,0
2025-08-11,Tomatoes,Produce,5,86,19.0,0,1,0,0,0
2025-08-12,Tomatoes,Produce,5,102,21.9,0,1,0,1,0
2025-08-13,Tomatoes,Produce,5,101,15.7,0,1,0,2,0
2025-08-14,Tomatoes,Produce,5,90,18.8,0,1,0,3,0
2025-08-15,Tomatoes,Produce,5,152,22.2,0,1,1,4,0
2025-08-16,Tomatoes,Produce,5,140,14.5,0,1,1,5,0
2025-08-17,Tomatoes,Produce,5,114,15.3,0,1,1,6,0
2025-08-18,Tomatoes,Produce,5,95,17.1,0,1,0,0,0
2025-08-19,Tomatoes,Produce,5,96,16.8,0,1,0,1,0
2025-08-20,Tomatoes,Produce,5,95,19.7,0,1,0,2,0
2025-08-21,Tomatoes,Produce,5,93,18.4,0,1,0,3,0
2025-08-22,Tomatoes,Produce,5,104,13.9,0,1,1,4,0
2025-08-23,Tomatoes,Produce,5,137,18.8,0,1,1,5,0
2025-08-24,Tomatoes,Produce,5,110,16.3,0,1,1,6,0
2025-08-25,Tomatoes,Produce,5,133,20.3,1,1,0,0,0
2025-08-26,Tomatoes,Produce,5,82,16.1,0,1,0,1,0
2025-08-27,Tomatoes,Produce,5,99,16.0,0,1,0,2,0
2025-08-28,Tomatoes,Produce,5,108,18.5,0,1,0,3,0
2025-08-29,Tomatoes,Produce,5,135,18.9,0,1,1,4,0
2025-08-30,Tomatoes,Produce,5,131,18.1,0,1,1,5,0
2025-08-31,Tomatoes,Produce,5,129,13.3,0,1,1,6,0
2025-09-01,Tomatoes,Produce,5,63,18.1,0,0,0,0,0
2025-09-02,Tomatoes,Produce,5,68,14.6,0,0,0,1,0
2025-09-03,Tomatoes,Produce,5,125,17.3,0,0,0,2,1
2025-09-04,Tomatoes,Produce,5,85,13.5,0,0,0,3,0
2025-09-05,Tomatoes,Produce,5,132,17.5,0,0,1,4,0
2025-09-06,Tomatoes,Produce,5,116,14.7,0,0,1,5,0
2025-09-07,Tomatoes,Produce,5,111,13.5,0,0,1,6,0
2025-09-08,Tomatoes,Produce,5,77,17.8,0,0,0,0,0
2025-09-09,Tomatoes,Produce,5,69,16.7,0,0,0,1,0
2025-09-10,Tomatoes,Produce,5,75,14.7,0,0,0,2,0
2025-09-11,Tomatoes,Produce,5,88,19.1,0,0,0,3,0
2025-09-12,Tomatoes,Produce,5,109,14.9,0,0,1,4,0
2025-09-13,Tomatoes,Produce,5,124,15.8,0,0,1,5,0
2025-09-14,Tomatoes,Produce,5,129,16.2,0,0,1,6,0
2025-09-15,Tomatoes,Produce,5,84,14.1,0,0,0,0,0
2025-09-16,Tomatoes,Produce,5,82,16.4,0,0,0,1,0
2025-09-17,Tomatoes,Produce,5,90,14.1,0,0,0,2,0
2025-09-18,Tomatoes,Produce,5,81,14.2,0,0,0,3,0
2025-09-19,Tomatoes,Produce,5,125,18.0,0,0,1,4,0
2025-09-20,Tomatoes,Produce,5,110,12.6,0,0,1,5,0
2025-09-21,Tomatoes,Produce,5,93,9.5,0,0,1,6,0
2025-09-22,Tomatoes,Produce,5,79,18.2,0,0,0,0,0
2025-09-23,Tomatoes,Produce,5,78,20.1,0,0,0,1,0
2025-09-24,Tomatoes,Produce,5,96,13.5,0,0,0,2,1
2025-09-25,Tomatoes,Produce,5,74,10.0,0,0,0,3,0
2025-09-26,Tomatoes,Produce,5,125,13.5,0,0,1,4,0
2025-09-27,Tomatoes,Produce,5,101,13.4,0,0,1,5,0
2025-09-28,Tomatoes,Produce,5,122,13.5,0,0,1,6,0
2025-09-29,Tomatoes,Produce,5,76,11.3,0,0,0,0,0
2025-09-30,Tomatoes,Produce,5,76,14.9,0,0,0,1,0
2025-10-01,Tomatoes,Produce,5,63,14.7,0,0,0,2,0
2025-10-02,Tomatoes,Produce,5,107,10.1,0,0,0,3,1
2025-10-03,Tomatoes,Produce,5,158,14.8,0,0,1,4,1
2025-10-04,Tomatoes,Produce,5,96,17.6,0,0,1,5,0
2025-10-05,Tomatoes,Produce,5,107,13.4,0,0,1,6,0
2025-10-06,Tomatoes,Produce,5,65,12.1,0,0,0,0,0
2025-10-07,Tomatoes,Produce,5,79,12.4,0,0,0,1,0
2025-10-08,Tomatoes,Produce,5,83,13.9,0,0,0,2,0
2025-10-09,Tomatoes,Produce,5,66,8.6,0,0,0,3,0
2025-10-10,Tomatoes,Produce,5,113,12.7,0,0,1,4,0
2025-10-11,Tomatoes,Produce,5,91,11.3,0,0,1,5,0
2025-10-12,Tomatoes,Produce,5,126,16.1,0,0,1,6,0
2025-10-13,Tomatoes,Produce,5,92,11.5,0,0,0,0,1
2025-10-14,Tomatoes,Produce,5,66,15.4,0,0,0,1,0
2025-10-15,Tomatoes,Produce,5,59,9.2,0,0,0,2,0
2025-10-16,Tomatoes,Produce,5,75,12.8,0,0,0,3,0
2025-10-17,Tomatoes,Produce,5,103,12.1,0,0,1,4,0
2025-10-18,Tomatoes,Produce,5,92,9.3,0,0,1,5,0
2025-10-19,Tomatoes,Produce,5,107,11.5,0,0,1,6,0
2025-10-20,Tomatoes,Produce,5,70,13.6,0,0,0,0,0
2025-10-21,Tomatoes,Produce,5,73,10.1,0,0,0,1,0
2025-10-22,Tomatoes,Produce,5,59,7.0,0,0,0,2,0
2025-10-23,Tomatoes,Produce,5,57,10.5,0,0,0,3,0
2025-10-24,Tomatoes,Produce,5,91,8.4,0,0,1,4,0
2025-10-25,Tomatoes,Produce,5,102,9.5,0,0,1,5,0
2025-10-26,Tomatoes,Produce,5,120,9.9,0,1,1,6,0
2025-10-27,Tomatoes,Produce,5,49,6.2,0,1,0,0,0
2025-10-28,Tomatoes,Produce,5,47,6.3,0,1,0,1,0
2025-10-29,Tomatoes,Produce,5,76,10.8,0,1,0,2,0
2025-10-30,Tomatoes,Produce,5,61,8.4,0,1,0,3,0
2025-10-31,Tomatoes,Produce,5,88,3.8,0,1,1,4,0
2025-11-01,Tomatoes,Produce,5,133,11.0,0,0,1,5,1
2025-11-02,Tomatoes,Produce,5,108,9.8,0,0,1,6,0
2025-11-03,Tomatoes,Produce,5,63,7.5,0,0,0,0,0
2025-11-04,Tomatoes,Produce,5,53,6.0,0,0,0,1,0
2025-11-05,Tomatoes,Produce,5,71,10.6,0,0,0,2,0
2025-11-06,Tomatoes,Produce,5,62,9.4,0,0,0,3,0
2025-11-07,Tomatoes,Produce,5,116,13.8,0,0,1,4,0
2025-11-08,Tomatoes,Produce,5,100,9.3,0,0,1,5,0
2025-11-09,Tomatoes,Produce,5,92,9.1,0,0,1,6,0
2025-11-10,Tomatoes,Produce,5,51,7.8,0,0,0,0,0
2025-11-11,Tomatoes,Produce,5,68,9.8,0,0,0,1,0
2025-11-12,Tomatoes,Produce,5,88,9.2,0,0,0,2,1
2025-11-13,Tomatoes,Produce,5,77,10.5,0,0,0,3,0
2025-11-14,Tomatoes,Produce,5,98,6.5,0,0,1,4,0
2025-11-15,Tomatoes,Produce,5,94,6.5,0,0,1,5,0
2025-11-16,Tomatoes,Produce,5,76,6.3,0,0,1,6,0
2025-11-17,Tomatoes,Produce,5,94,9.0,0,0,0,0,1
2025-11-18,Tomatoes,Produce,5,67,10.4,0,0,0,1,0
2025-11-19,Tomatoes,Produce,5,71,6.0,0,0,0,2,0
2025-11-20,Tomatoes,Produce,5,75,6.0,0,0,0,3,0
2025-11-21,Tomatoes,Produce,5,83,7.5,0,0,1,4,0
2025-11-22,Tomatoes,Produce,5,97,6.1,0,0,1,5,0
2025-11-23,Tomatoes,Produce,5,88,8.6,0,0,1,6,0
2025-11-24,Tomatoes,Produce,5,47,1.5,0,0,0,0,0
2025-11-25,Tomatoes,Produce,5,55,4.5,0,0,0,1,0
2025-11-26,Tomatoes,Produce,5,53,4.5,0,0,0,2,0
2025-11-27,Tomatoes,Produce,5,53,1.0,0,0,0,3,0
2025-11-28,Tomatoes,Produce,5,80,3.9,0,0,1,4,0
2025-11-29,Tomatoes,Produce,5,95,3.9,0,0,1,5,1
2025-11-30,Tomatoes,Produce,5,93,5.3,0,0,1,6,0
2025-12-01,Tomatoes,Produce,5,54,8.1,0,0,0,0,0
2025-12-02,Tomatoes,Produce,5,65,5.0,0,0,0,1,0
2025-12-03,Tomatoes,Produce,5,53,3.2,0,0,0,2,0
2025-12-04,Tomatoes,Produce,5,80,5.2,0,0,0,3,0
2025-12-05,Tomatoes,Produce,5,139,7.6,0,0,1,4,1
2025-12-06,Tomatoes,Produce,5,90,3.0,0,0,1,5,0
2025-12-07,Tomatoes,Produce,5,90,3.1,0,0,1,6,0
2025-12-08,Tomatoes,Produce,5,71,6.2,0,0,0,0,0
2025-12-09,Tomatoes,Produce,5,46,4.4,0,0,0,1,0
2025-12-10,Tomatoes,Produce,5,55,6.2,0,0,0,2,0
2025-12-11,Tomatoes,Produce,5,71,4.7,0,0,0,3,0
2025-12-12,Tomatoes,Produce,5,84,6.2,0,0,1,4,0
2025-12-13,Tomatoes,Produce,5,80,2.3,0,0,1,5,0
2025-12-14,Tomatoes,Produce,5,92,4.5,0,0,1,6,0
2025-12-15,Tomatoes,Produce,5,58,3.9,0,0,0,0,0
2025-12-16,Tomatoes,Produce,5,49,1.7,0,0,0,1,0
2025-12-17,Tomatoes,Produce,5,74,0.8,0,0,0,2,1
2025-12-18,Tomatoes,Produce,5,72,5.7,0,0,0,3,0
2025-12-19,Tomatoes,Produce,5,85,3.3,0,0,1,4,0
2025-12-20,Tomatoes,Produce,5,88,1.8,0,1,1,5,0
2025-12-21,Tomatoes,Produce,5,83,3.8,0,1,1,6,0
2025-12-22,Tomatoes,Produce,5,75,6.4,0,1,0,0,0
2025-12-23,Tomatoes,Produce,5,43,-1.2,0,1,0,1,0
2025-12-24,Tomatoes,Produce,5,58,0.5,0,1,0,2,0
2025-12-25,Tomatoes,Produce,5,0,1.7,1,1,0,3,0
2025-12-26,Tomatoes,Produce,5,137,6.9,1,1,1,4,0
2025-12-27,Tomatoes,Produce,5,92,4.2,0,1,1,5,0
2025-12-28,Tomatoes,Produce,5,84,5.3,0,1,1,6,0
2025-12-29,Tomatoes,Produce,5,54,1.0,0,1,0,0,0
2025-12-30,Tomatoes,Produce,5,44,1.0,0,1,0,1,0
2025-12-31,Tomatoes,Produce,5,85,4.4,0,1,0,2,0
2024-01-01,Cheese Slices,Dairy,10,81,4.0,1,1,0,0,0
2024-01-02,Cheese Slices,Dairy,10,60,1.0,0,1,0,1,0
2024-01-03,Cheese Slices,Dairy,10,82,4.9,0,0,0,2,0
2024-01-04,Cheese Slices,Dairy,10,84,5.3,0,0,0,3,0
2024-01-05,Cheese Slices,Dairy,10,102,-1.1,0,0,1,4,0
2024-01-06,Cheese Slices,Dairy,10,114,0.3,0,0,1,5,0
2024-01-07,Cheese Slices,Dairy,10,100,3.4,0,0,1,6,0
2024-01-08,Cheese Slices,Dairy,10,87,2.4,0,0,0,0,0
2024-01-09,Cheese Slices,Dairy,10,66,3.1,0,0,0,1,0
2024-01-10,Cheese Slices,Dairy,10,100,1.2,0,0,0,2,1
2024-01-11,Cheese Slices,Dairy,10,83,5.0,0,0,0,3,0
2024-01-12,Cheese Slices,Dairy,10,107,4.8,0,0,1,4,0
2024-01-13,Cheese Slices,Dairy,10,116,3.2,0,0,1,5,0
2024-01-14,Cheese Slices,Dairy,10,101,5.5,0,0,1,6,0
2024-01-15,Cheese Slices,Dairy,10,80,4.0,0,0,0,0,0
2024-01-16,Cheese Slices,Dairy,10,85,1.1,0,0,0,1,0
2024-01-17,Cheese Slices,Dairy,10,73,3.8,0,0,0,2,0
2024-01-18,Cheese Slices,Dairy,10,80,0.9,0,0,0,3,0
2024-01-19,Cheese Slices,Dairy,10,130,4.9,0,0,1,4,0
2024-01-20,Cheese Slices,Dairy,10,110,2.9,0,0,1,5,0
2024-01-21,Cheese Slices,Dairy,10,109,2.6,0,0,1,6,0
2024-01-22,Cheese Slices,Dairy,10,68,1.5,0,0,0,0,0
2024-01-23,Cheese Slices,Dairy,10,83,5.7,0,0,0,1,0
2024-01-24,Cheese Slices,Dairy,10,80,2.7,0,0,0,2,0
2024-01-25,Cheese Slices,Dairy,10,114,2.1,0,0,0,3,1
2024-01-26,Cheese Slices,Dairy,10,98,2.3,0,0,1,4,0
2024-01-27,Cheese Slices,Dairy,10,108,4.3,0,0,1,5,0
2024-01-28,Cheese Slices,Dairy,10,107,3.9,0,0,1,6,0
2024-01-29,Cheese Slices,Dairy,10,69,4.0,0,0,0,0,0
2024-01-30,Cheese Slices,Dairy,10,72,4.1,0,0,0,1,0
2024-01-31,Cheese Slices,Dairy,10,103,7.9,0,0,0,2,1
2024-02-01,Cheese Slices,Dairy,10,71,2.3,0,0,0,3,0
2024-02-02,Cheese Slices,Dairy,10,121,2.1,0,0,1,4,0
2024-02-03,Cheese Slices,Dairy,10,99,1.5,0,0,1,5,0
2024-02-04,Cheese Slices,Dairy,10,122,4.7,0,0,1,6,0
2024-02-05,Cheese Slices,Dairy,10,68,5.8,0,0,0,0,0
2024-02-06,Cheese Slices,Dairy,10,81,3.1,0,0,0,1,0
2024-02-07,Cheese Slices,Dairy,10,79,1.6,0,0,0,2,0
2024-02-08,Cheese Slices,Dairy,10,96,1.7,0,0,0,3,0
2024-02-09,Cheese Slices,Dairy,10,126,5.0,0,0,1,4,0
2024-02-10,Cheese Slices,Dairy,10,114,5.2,0,0,1,5,0
2024-02-11,Cheese Slices,Dairy,10,140,4.8,0,0,1,6,0
2024-02-12,Cheese Slices,Dairy,10,73,2.2,0,1,0,0,0
2024-02-13,Cheese Slices,Dairy,10,77,4.3,0,1,0,1,0
2024-02-14,Cheese Slices,Dairy,10,104,4.1,0,1,0,2,0
2024-02-15,Cheese Slices,Dairy,10,77,4.3,0,1,0,3,0
2024-02-16,Cheese Slices,Dairy,10,122,5.8,0,1,1,4,0
2024-02-17,Cheese Slices,Dairy,10,124,4.5,0,1,1,5,0
2024-02-18,Cheese Slices,Dairy,10,112,5.6,0,1,1,6,0
2024-02-19,Cheese Slices,Dairy,10,69,4.3,0,0,0,0,0
2024-02-20,Cheese Slices,Dairy,10,71,4.8,0,0,0,1,0
2024-02-21,Cheese Slices,Dairy,10,87,5.7,0,0,0,2,0
2024-02-22,Cheese Slices,Dairy,10,105,1.1,0,0,0,3,0
2024-02-23,Cheese Slices,Dairy,10,128,3.7,0,0,1,4,0
2024-02-24,Cheese Slices,Dairy,10,131,3.5,0,0,1,5,0
2024-02-25,Cheese Slices,Dairy,10,113,3.2,0,0,1,6,0
2024-02-26,Cheese Slices,Dairy,10,83,4.1,0,0,0,0,0
2024-02-27,Cheese Slices,Dairy,10,83,8.0,0,0,0,1,0
2024-02-28,Cheese Slices,Dairy,10,89,2.9,0,0,0,2,0
2024-02-29,Cheese Slices,Dairy,10,80,7.1,0,0,0,3,0
2024-03-01,Cheese Slices,Dairy,10,124,1.3,0,0,1,4,0
2024-03-02,Cheese Slices,Dairy,10,124,4.4,0,0,1,5,0
2024-03-03,Cheese Slices,Dairy,10,118,5.6,0,0,1,6,0
2024-03-04,Cheese Slices,Dairy,10,68,6.6,0,0,0,0,0
2024-03-05,Cheese Slices,Dairy,10,70,7.0,0,0,0,1,0
2024-03-06,Cheese Slices,Dairy,10,99,7.3,0,0,0,2,0
2024-03-07,Cheese Slices,Dairy,10,89,4.8,0,0,0,3,0
2024-03-08,Cheese Slices,Dairy,10,142,4.7,0,0,1,4,0
2024-03-09,Cheese Slices,Dairy,10,121,7.7,0,0,1,5,0
2024-03-10,Cheese Slices,Dairy,10,130,5.5,0,0,1,6,0
2024-03-11,Cheese Slices,Dairy,10,76,3.2,0,0,0,0,0
2024-03-12,Cheese Slices,Dairy,10,70,3.6,0,0,0,1,0
2024-03-13,Cheese Slices,Dairy,10,118,4.2,0,0,0,2,1
2024-03-14,Cheese Slices,Dairy,10,80,7.5,0,0,0,3,0
2024-03-15,Cheese Slices,Dairy,10,134,6.8,0,0,1,4,0
2024-03-16,Cheese Slices,Dairy,10,144,8.1,0,0,1,5,0
2024-03-17,Cheese Slices,Dairy,10,153,5.8,0,0,1,6,1
2024-03-18,Cheese Slices,Dairy,10,104,7.2,0,0,0,0,0
2024-03-19,Cheese Slices,Dairy,10,103,8.3,0,0,0,1,0
2024-03-20,Cheese Slices,Dairy,10,95,6.4,0,0,0,2,0
2024-03-21,Cheese Slices,Dairy,10,101,8.2,0,0,0,3,0
2024-03-22,Cheese Slices,Dairy,10,154,5.8,0,0,1,4,1
2024-03-23,Cheese Slices,Dairy,10,124,6.6,0,0,1,5,0
2024-03-24,Cheese Slices,Dairy,10,119,6.7,0,0,1,6,0
2024-03-25,Cheese Slices,Dairy,10,87,5.0,0,0,0,0,0
2024-03-26,Cheese Slices,Dairy,10,78,8.9,0,0,0,1,0
2024-03-27,Cheese Slices,Dairy,10,98,6.9,0,0,0,2,0
2024-03-28,Cheese Slices,Dairy,10,91,8.1,0,0,0,3,0
2024-03-29,Cheese Slices,Dairy,10,183,9.2,1,0,1,4,0
2024-03-30,Cheese Slices,Dairy,10,127,9.3,0,0,1,5,0
2024-03-31,Cheese Slices,Dairy,10,133,9.9,0,0,1,6,0
2024-04-01,Cheese Slices,Dairy,10,108,8.3,1,1,0,0,0
2024-04-02,Cheese Slices,Dairy,10,74,7.8,0,1,0,1,0
2024-04-03,Cheese Slices,Dairy,10,92,8.7,0,1,0,2,0
2024-04-04,Cheese Slices,Dairy,10,105,5.2,0,1,0,3,0
2024-04-05,Cheese Slices,Dairy,10,135,5.9,0,1,1,4,0
2024-04-06,Cheese Slices,Dairy,10,142,6.3,0,1,1,5,0
2024-04-07,Cheese Slices,Dairy,10,142,7.2,0,1,1,6,0
2024-04-08,Cheese Slices,Dairy,10,83,10.4,0,1,0,0,0
2024-04-09,Cheese Slices,Dairy,10,93,7.6,0,1,0,1,0
2024-04-10,Cheese Slices,Dairy,10,85,8.9,0,1,0,2,0
2024-04-11,Cheese Slices,Dairy,10,84,12.8,0,1,0,3,0
2024-04-12,Cheese Slices,Dairy,10,140,9.3,0,1,1,4,0
2024-04-13,Cheese Slices,Dairy,10,125,11.8,0,1,1,5,0
2024-04-14,Cheese Slices,Dairy,10,128,8.3,0,1,1,6,0
2024-04-15,Cheese Slices,Dairy,10,103,10.0,0,0,0,0,0
2024-04-16,Cheese Slices,Dairy,10,92,8.5,0,0,0,1,0
2024-04-17,Cheese Slices,Dairy,10,82,10.0,0,0,0,2,0
2024-04-18,Cheese Slices,Dairy,10,97,12.7,0,0,0,3,0
2024-04-19,Cheese Slices,Dairy,10,138,7.2,0,0,1,4,0
2024-04-20,Cheese Slices,Dairy,10,134,12.1,0,0,1,5,0
2024-04-21,Cheese Slices,Dairy,10,145,11.8,0,0,1,6,0
2024-04-22,Cheese Slices,Dairy,10,85,10.1,0,0,0,0,0
2024-04-23,Cheese Slices,Dairy,10,79,8.4,0,0,0,1,0
2024-04-24,Cheese Slices,Dairy,10,103,11.8,0,0,0,2,0
2024-04-25,Cheese Slices,Dairy,10,104,10.7,0,0,0,3,0
2024-04-26,Cheese Slices,Dairy,10,192,12.5,0,0,1,4,1
2024-04-27,Cheese Slices,Dairy,10,130,12.1,0,0,1,5,0
2024-04-28,Cheese Slices,Dairy,10,214,15.8,0,0,1,6,1
2024-04-29,Cheese Slices,Dairy,10,82,11.8,0,0,0,0,0
2024-04-30,Cheese Slices,Dairy,10,115,10.3,0,0,0,1,1
2024-05-01,Cheese Slices,Dairy,10,95,13.0,0,0,0,2,0
2024-05-02,Cheese Slices,Dairy,10,94,13.3,0,0,0,3,0
2024-05-03,Cheese Slices,Dairy,10,162,15.9,0,0,1,4,0
2024-05-04,Cheese Slices,Dairy,10,149,14.9,0,0,1,5,0
2024-05-05,Cheese Slices,Dairy,10,130,14.0,0,0,1,6,0
2024-05-06,Cheese Slices,Dairy,10,101,16.5,1,0,0,0,0
2024-05-07,Cheese Slices,Dairy,10,99,10.8,0,0,0,1,0
2024-05-08,Cheese Slices,Dairy,10,97,12.2,0,0,0,2,0
2024-05-09,Cheese Slices,Dairy,10,88,11.7,0,0,0,3,0
2024-05-10,Cheese Slices,Dairy,10,148,13.0,0,0,1,4,0
2024-05-11,Cheese Slices,Dairy,10,119,10.9,0,0,1,5,0
2024-05-12,Cheese Slices,Dairy,10,141,15.5,0,0,1,6,0
2024-05-13,Cheese Slices,Dairy,10,90,13.7,0,0,0,0,0
2024-05-14,Cheese Slices,Dairy,10,102,11.1,0,0,0,1,0
2024-05-15,Cheese Slices,Dairy,10,108,12.2,0,0,0,2,0
2024-05-16,Cheese Slices,Dairy,10,99,15.3,0,0,0,3,0
2024-05-17,Cheese Slices,Dairy,10,138,16.5,0,0,1,4,0
2024-05-18,Cheese Slices,Dairy,10,157,19.2,0,0,1,5,0
2024-05-19,Cheese Slices,Dairy,10,134,21.4,0,0,1,6,0
2024-05-20,Cheese Slices,Dairy,10,90,16.0,0,0,0,0,0
2024-05-21,Cheese Slices,Dairy,10,88,13.0,0,0,0,1,0
2024-05-22,Cheese Slices,Dairy,10,95,10.6,0,0,0,2,0
2024-05-23,Cheese Slices,Dairy,10,103,16.0,0,0,0,3,0
2024-05-24,Cheese Slices,Dairy,10,202,13.7,0,0,1,4,1
2024-05-25,Cheese Slices,Dairy,10,137,14.7,0,0,1,5,0
2024-05-26,Cheese Slices,Dairy,10,127,14.4,0,1,1,6,0
2024-05-27,Cheese Slices,Dairy,10,134,15.6,1,1,0,0,0
2024-05-28,Cheese Slices,Dairy,10,80,18.3,0,1,0,1,0
2024-05-29,Cheese Slices,Dairy,10,98,16.4,0,1,0,2,0
2024-05-30,Cheese Slices,Dairy,10,99,15.8,0,1,0,3,0
2024-05-31,Cheese Slices,Dairy,10,135,14.0,0,1,1,4,0
2024-06-01,Cheese Slices,Dairy,10,131,12.7,0,0,1,5,0
2024-06-02,Cheese Slices,Dairy,10,132,15.4,0,0,1,6,0
2024-06-03,Cheese Slices,Dairy,10,88,16.5,0,0,0,0,0
2024-06-04,Cheese Slices,Dairy,10,78,20.6,0,0,0,1,0
2024-06-05,Cheese Slices,Dairy,10,108,17.1,0,0,0,2,0
2024-06-06,Cheese Slices,Dairy,10,91,19.0,0,0,0,3,0
2024-06-07,Cheese Slices,Dairy,10,125,15.9,0,0,1,4,0
2024-06-08,Cheese Slices,Dairy,10,153,14.5,0,0,1,5,0
2024-06-09,Cheese Slices,Dairy,10,159,15.0,0,0,1,6,0
2024-06-10,Cheese Slices,Dairy,10,82,15.6,0,0,0,0,0
2024-06-11,Cheese Slices,Dairy,10,80,22.0,0,0,0,1,0
2024-06-12,Cheese Slices,Dairy,10,93,15.6,0,0,0,2,0
2024-06-13,Cheese Slices,Dairy,10,96,19.3,0,0,0,3,0
2024-06-14,Cheese Slices,Dairy,10,138,15.6,0,0,1,4,0
2024-06-15,Cheese Slices,Dairy,10,146,19.7,0,0,1,5,0
2024-06-16,Cheese Slices,Dairy,10,157,18.6,0,0,1,6,0
2024-06-17,Cheese Slices,Dairy,10,96,17.5,0,0,0,0,0
2024-06-18,Cheese Slices,Dairy,10,98,17.8,0,0,0,1,0
2024-06-19,Cheese Slices,Dairy,10,100,16.5,0,0,0,2,0
2024-06-20,Cheese Slices,Dairy,10,99,19.0,0,0,0,3,0
2024-06-21,Cheese Slices,Dairy,10,141,17.1,0,0,1,4,0
2024-06-22,Cheese Slices,Dairy,10,143,15.4,0,0,1,5,0
2024-06-23,Cheese Slices,Dairy,10,124,15.4,0,0,1,6,0
2024-06-24,Cheese Slices,Dairy,10,95,18.6,0,0,0,0,0
2024-06-25,Cheese Slices,Dairy,10,101,21.8,0,0,0,1,0
2024-06-26,Cheese Slices,Dairy,10,85,18.7,0,0,0,2,0
2024-06-27,Cheese Slices,Dairy,10,96,18.2,0,0,0,3,0
2024-06-28,Cheese Slices,Dairy,10,135,19.1,0,0,1,4,0
2024-06-29,Cheese Slices,Dairy,10,146,21.4,0,0,1,5,0
2024-06-30,Cheese Slices,Dairy,10,134,19.0,0,0,1,6,0
2024-07-01,Cheese Slices,Dairy,10,83,17.7,0,1,0,0,0
2024-07-02,Cheese Slices,Dairy,10,76,21.1,0,1,0,1,0
2024-07-03,Cheese Slices,Dairy,10,100,19.6,0,1,0,2,0
2024-07-04,Cheese Slices,Dairy,10,99,22.1,0,1,0,3,0
2024-07-05,Cheese Slices,Dairy,10,156,19.2,0,1,1,4,0
2024-07-06,Cheese Slices,Dairy,10,151,16.1,0,1,1,5,0
2024-07-07,Cheese Slices,Dairy,10,138,15.8,0,1,1,6,0
2024-07-08,Cheese Slices,Dairy,10,80,22.5,0,1,0,0,0
2024-07-09,Cheese Slices,Dairy,10,100,22.7,0,1,0,1,1
2024-07-10,Cheese Slices,Dairy,10,99,18.5,0,1,0,2,0
2024-07-11,Cheese Slices,Dairy,10,90,18.1,0,1,0,3,0
2024-07-12,Cheese Slices,Dairy,10,139,22.2,0,1,1,4,0
2024-07-13,Cheese Slices,Dairy,10,134,16.5,0,1,1,5,0
2024-07-14,Cheese Slices,Dairy,10,132,17.0,0,1,1,6,0
2024-07-15,Cheese Slices,Dairy,10,104,20.4,0,1,0,0,0
2024-07-16,Cheese Slices,Dairy,10,80,18.1,0,1,0,1,0
2024-07-17,Cheese Slices,Dairy,10,87,19.0,0,1,0,2,0
2024-07-18,Cheese Slices,Dairy,10,87,18.6,0,1,0,3,0
2024-07-19,Cheese Slices,Dairy,10,152,19.7,0,1,1,4,0
2024-07-20,Cheese Slices,Dairy,10,129,22.1,0,1,1,5,0
2024-07-21,Cheese Slices,Dairy,10,129,19.2,0,1,1,6,0
2024-07-22,Cheese Slices,Dairy,10,93,20.4,0,1,0,0,0
2024-07-23,Cheese Slices,Dairy,10,66,14.5,0,1,0,1,0
2024-07-24,Cheese Slices,Dairy,10,83,18.9,0,1,0,2,0
2024-07-25,Cheese Slices,Dairy,10,108,17.1,0,1,0,3,0
2024-07-26,Cheese Slices,Dairy,10,139,16.3,0,1,1,4,0
2024-07-27,Cheese Slices,Dairy,10,142,17.0,0,1,1,5,0
2024-07-28,Cheese Slices,Dairy,10,154,18.2,0,1,1,6,0
2024-07-29,Cheese Slices,Dairy,10,65,20.9,0,1,0,0,0
2024-07-30,Cheese Slices,Dairy,10,111,15.9,0,1,0,1,1
2024-07-31,Cheese Slices,Dairy,10,102,18.9,0,1,0,2,0
2024-08-01,Cheese Slices,Dairy,10,141,17.7,0,1,0,3,1
2024-08-02,Cheese Slices,Dairy,10,127,18.1,0,1,1,4,0
2024-08-03,Cheese Slices,Dairy,10,136,21.0,0,1,1,5,0
2024-08-04,Cheese Slices,Dairy,10,129,19.9,0,1,1,6,0
2024-08-05,Cheese Slices,Dairy,10,95,21.6,0,1,0,0,0
2024-08-06,Cheese Slices,Dairy,10,78,18.3,0,1,0,1,0
2024-08-07,Cheese Slices,Dairy,10,79,17.1,0,1,0,2,0
2024-08-08,Cheese Slices,Dairy,10,95,18.1,0,1,0,3,0
2024-08-09,Cheese Slices,Dairy,10,163,19.0,0,1,1,4,0
2024-08-10,Cheese Slices,Dairy,10,174,18.8,0,1,1,5,1
2024-08-11,Cheese Slices,Dairy,10,115,16.0,0,1,1,6,0
2024-08-12,Cheese Slices,Dairy,10,78,18.5,0,1,0,0,0
2024-08-13,Cheese Slices,Dairy,10,85,18.8,0,1,0,1,0
2024-08-14,Cheese Slices,Dairy,10,96,23.8,0,1,0,2,0
2024-08-15,Cheese Slices,Dairy,10,98,22.3,0,1,0,3,0
2024-08-16,Cheese Slices,Dairy,10,136,16.2,0,1,1,4,0
2024-08-17,Cheese Slices,Dairy,10,122,17.4,0,1,1,5,0
2024-08-18,Cheese Slices,Dairy,10,154,14.8,0,1,1,6,1
2024-08-19,Cheese Slices,Dairy,10,82,16.6,0,1,0,0,0
2024-08-20,Cheese Slices,Dairy,10,70,18.5,0,1,0,1,0
2024-08-21,Cheese Slices,Dairy,10,120,20.4,0,1,0,2,1
2024-08-22,Cheese Slices,Dairy,10,88,16.1,0,1,0,3,0
2024-08-23,Cheese Slices,Dairy,10,132,16.2,0,1,1,4,0
2024-08-24,Cheese Slices,Dairy,10,132,12.8,0,1,1,5,0
2024-08-25,Cheese Slices,Dairy,10,121,17.1,0,1,1,6,0
2024-08-26,Cheese Slices,Dairy,10,120,15.0,1,1,0,0,0
2024-08-27,Cheese Slices,Dairy,10,64,16.1,0,1,0,1,0
2024-08-28,Cheese Slices,Dairy,10,84,15.3,0,1,0,2,0
2024-08-29,Cheese Slices,Dairy,10,91,16.9,0,1,0,3,0
2024-08-30,Cheese Slices,Dairy,10,115,13.2,0,1,1,4,0
2024-08-31,Cheese Slices,Dairy,10,130,13.7,0,1,1,5,0
2024-09-01,Cheese Slices,Dairy,10,184,21.5,0,0,1,6,1
2024-09-02,Cheese Slices,Dairy,10,77,13.9,0,0,0,0,0
2024-09-03,Cheese Slices,Dairy,10,64,14.2,0,0,0,1,0
2024-09-04,Cheese Slices,Dairy,10,88,20.6,0,0,0,2,0
2024-09-05,Cheese Slices,Dairy,10,131,22.8,0,0,0,3,1
2024-09-06,Cheese Slices,Dairy,10,184,13.8,0,0,1,4,1
2024-09-07,Cheese Slices,Dairy,10,116,15.4,0,0,1,5,0
2024-09-08,Cheese Slices,Dairy,10,120,16.9,0,0,1,6,0
2024-09-09,Cheese Slices,Dairy,10,76,19.8,0,0,0,0,0
2024-09-10,Cheese Slices,Dairy,10,96,13.8,0,0,0,1,0
2024-09-11,Cheese Slices,Dairy,10,85,15.3,0,0,0,2,0
2024-09-12,Cheese Slices,Dairy,10,75,17.4,0,0,0,3,0
2024-09-13,Cheese Slices,Dairy,10,169,16.6,0,0,1,4,1
2024-09-14,Cheese Slices,Dairy,10,136,14.7,0,0,1,5,0
2024-09-15,Cheese Slices,Dairy,10,110,15.1,0,0,1,6,0
2024-09-16,Cheese Slices,Dairy,10,71,12.2,0,0,0,0,0
2024-09-17,Cheese Slices,Dairy,10,62,14.6,0,0,0,1,0
2024-09-18,Cheese Slices,Dairy,10,80,14.4,0,0,0,2,0
2024-09-19,Cheese Slices,Dairy,10,79,15.4,0,0,0,3,0
2024-09-20,Cheese Slices,Dairy,10,125,13.6,0,0,1,4,0
2024-09-21,Cheese Slices,Dairy,10,109,15.7,0,0,1,5,0
2024-09-22,Cheese Slices,Dairy,10,120,16.8,0,0,1,6,0
2024-09-23,Cheese Slices,Dairy,10,86,14.8,0,0,0,0,1
2024-09-24,Cheese Slices,Dairy,10,75,15.1,0,0,0,1,0
2024-09-25,Cheese Slices,Dairy,10,86,14.3,0,0,0,2,0
2024-09-26,Cheese Slices,Dairy,10,74,14.0,0,0,0,3,0
2024-09-27,Cheese Slices,Dairy,10,115,12.3,0,0,1,4,0
2024-09-28,Cheese Slices,Dairy,10,130,14.5,0,0,1,5,0
2024-09-29,Cheese Slices,Dairy,10,137,13.4,0,0,1,6,0
2024-09-30,Cheese Slices,Dairy,10,87,18.1,0,0,0,0,0
2024-10-01,Cheese Slices,Dairy,10,62,16.8,0,0,0,1,0
2024-10-02,Cheese Slices,Dairy,10,86,14.1,0,0,0,2,0
2024-10-03,Cheese Slices,Dairy,10,78,11.4,0,0,0,3,0
2024-10-04,Cheese Slices,Dairy,10,171,10.5,0,0,1,4,1
2024-10-05,Cheese Slices,Dairy,10,126,15.5,0,0,1,5,0
2024-10-06,Cheese Slices,Dairy,10,133,13.3,0,0,1,6,0
2024-10-07,Cheese Slices,Dairy,10,58,13.6,0,0,0,0,0
2024-10-08,Cheese Slices,Dairy,10,75,8.6,0,0,0,1,0
2024-10-09,Cheese Slices,Dairy,10,72,14.4,0,0,0,2,0
2024-10-10,Cheese Slices,Dairy,10,76,13.2,0,0,0,3,0
2024-10-11,Cheese Slices,Dairy,10,118,9.6,0,0,1,4,0
2024-10-12,Cheese Slices,Dairy,10,107,10.9,0,0,1,5,0
2024-10-13,Cheese Slices,Dairy,10,115,12.4,0,0,1,6,0
2024-10-14,Cheese Slices,Dairy,10,84,11.8,0,0,0,0,0
2024-10-15,Cheese Slices,Dairy,10,67,10.9,0,0,0,1,0
2024-10-16,Cheese Slices,Dairy,10,67,11.1,0,0,0,2,0
2024-10-17,Cheese Slices,Dairy,10,77,10.7,0,0,0,3,0
2024-10-18,Cheese Slices,Dairy,10,115,11.4,0,0,1,4,0
2024-10-19,Cheese Slices,Dairy,10,122,14.2,0,0,1,5,0
2024-10-20,Cheese Slices,Dairy,10,151,5.2,0,0,1,6,1
2024-10-21,Cheese Slices,Dairy,10,74,10.2,0,0,0,0,0
2024-10-22,Cheese Slices,Dairy,10,71,10.9,0,0,0,1,0
2024-10-23,Cheese Slices,Dairy,10,102,11.0,0,0,0,2,1
2024-10-24,Cheese Slices,Dairy,10,85,9.4,0,0,0,3,0
2024-10-25,Cheese Slices,Dairy,10,116,6.3,0,0,1,4,0
2024-10-26,Cheese Slices,Dairy,10,112,10.7,0,1,1,5,0
2024-10-27,Cheese Slices,Dairy,10,122,13.7,0,1,1,6,0
2024-10-28,Cheese Slices,Dairy,10,71,6.3,0,1,0,0,0
2024-10-29,Cheese Slices,Dairy,10,69,11.5,0,1,0,1,0
2024-10-30,Cheese Slices,Dairy,10,77,8.7,0,1,0,2,0
2024-10-31,Cheese Slices,Dairy,10,70,9.2,0,1,0,3,0
2024-11-01,Cheese Slices,Dairy,10,116,6.9,0,0,1,4,0
2024-11-02,Cheese Slices,Dairy,10,117,8.3,0,0,1,5,0
2024-11-03,Cheese Slices,Dairy,10,169,11.8,0,0,1,6,1
2024-11-04,Cheese Slices,Dairy,10,85,10.1,0,0,0,0,0
2024-11-05,Cheese Slices,Dairy,10,83,12.5,0,0,0,1,0
2024-11-06,Cheese Slices,Dairy,10,92,11.1,0,0,0,2,0
2024-11-07,Cheese Slices,Dairy,10,84,9.3,0,0,0,3,0
2024-11-08,Cheese Slices,Dairy,10,123,12.1,0,0,1,4,0
2024-11-09,Cheese Slices,Dairy,10,106,9.1,0,0,1,5,0
2024-11-10,Cheese Slices,Dairy,10,100,9.8,0,0,1,6,0
2024-11-11,Cheese Slices,Dairy,10,80,7.2,0,0,0,0,0
2024-11-12,Cheese Slices,Dairy,10,70,7.9,0,0,0,1,0
2024-11-13,Cheese Slices,Dairy,10,73,6.1,0,0,0,2,0
2024-11-14,Cheese Slices,Dairy,10,73,9.7,0,0,0,3,0
2024-11-15,Cheese Slices,Dairy,10,104,4.8,0,0,1,4,0
2024-11-16,Cheese Slices,Dairy,10,124,9.0,0,0,1,5,0
2024-11-17,Cheese Slices,Dairy,10,104,6.7,0,0,1,6,0
2024-11-18,Cheese Slices,Dairy,10,61,9.6,0,0,0,0,0
2024-11-19,Cheese Slices,Dairy,10,77,8.5,0,0,0,1,0
2024-11-20,Cheese Slices,Dairy,10,84,10.8,0,0,0,2,1
2024-11-21,Cheese Slices,Dairy,10,86,8.3,0,0,0,3,0
2024-11-22,Cheese Slices,Dairy,10,102,3.1,0,0,1,4,0
2024-11-23,Cheese Slices,Dairy,10,122,6.3,0,0,1,5,0
2024-11-24,Cheese Slices,Dairy,10,94,3.7,0,0,1,6,0
2024-11-25,Cheese Slices,Dairy,10,80,5.1,0,0,0,0,0
2024-11-26,Cheese Slices,Dairy,10,93,9.4,0,0,0,1,1
2024-11-27,Cheese Slices,Dairy,10,60,7.4,0,0,0,2,0
2024-11-28,Cheese Slices,Dairy,10,95,4.3,0,0,0,3,0
2024-11-29,Cheese Slices,Dairy,10,110,3.5,0,0,1,4,0
2024-11-30,Cheese Slices,Dairy,10,118,5.7,0,0,1,5,0
2024-12-01,Cheese Slices,Dairy,10,156,2.9,0,0,1,6,1
2024-12-02,Cheese Slices,Dairy,10,64,4.0,0,0,0,0,0
2024-12-03,Cheese Slices,Dairy,10,62,6.1,0,0,0,1,0
2024-12-04,Cheese Slices,Dairy,10,82,7.8,0,0,0,2,0
2024-12-05,Cheese Slices,Dairy,10,79,6.5,0,0,0,3,0
2024-12-06,Cheese Slices,Dairy,10,116,0.0,0,0,1,4,0
2024-12-07,Cheese Slices,Dairy,10,96,5.7,0,0,1,5,0
2024-12-08,Cheese Slices,Dairy,10,101,5.1,0,0,1,6,0
2024-12-09,Cheese Slices,Dairy,10,67,5.7,0,0,0,0,0
2024-12-10,Cheese Slices,Dairy,10,56,8.3,0,0,0,1,0
2024-12-11,Cheese Slices,Dairy,10,93,0.1,0,0,0,2,0
2024-12-12,Cheese Slices,Dairy,10,66,3.3,0,0,0,3,0
2024-12-13,Cheese Slices,Dairy,10,115,5.8,0,0,1,4,0
2024-12-14,Cheese Slices,Dairy,10,104,0.9,0,0,1,5,0
2024-12-15,Cheese Slices,Dairy,10,114,7.6,0,0,1,6,0
2024-12-16,Cheese Slices,Dairy,10,94,5.1,0,0,0,0,1
2024-12-17,Cheese Slices,Dairy,10,70,6.0,0,0,0,1,0
2024-12-18,Cheese Slices,Dairy,10,77,2.9,0,0,0,2,0
2024-12-19,Cheese Slices,Dairy,10,87,5.8,0,0,0,3,0
2024-12-20,Cheese Slices,Dairy,10,108,6.3,0,1,1,4,0
2024-12-21,Cheese Slices,Dairy,10,103,4.4,0,1,1,5,0
2024-12-22,Cheese Slices,Dairy,10,126,4.4,0,1,1,6,0
2024-12-23,Cheese Slices,Dairy,10,94,4.4,0,1,0,0,0
2024-12-24,Cheese Slices,Dairy,10,60,1.8,0,1,0,1,0
2024-12-25,Cheese Slices,Dairy,10,0,3.3,1,1,0,2,0
2024-12-26,Cheese Slices,Dairy,10,95,3.3,1,1,0,3,0
2024-12-27,Cheese Slices,Dairy,10,117,4.4,0,1,1,4,0
2024-12-28,Cheese Slices,Dairy,10,161,5.7,0,1,1,5,1
2024-12-29,Cheese Slices,Dairy,10,117,1.1,0,1,1,6,0
2024-12-30,Cheese Slices,Dairy,10,58,3.1,0,1,0,0,0
2024-12-31,Cheese Slices,Dairy,10,76,6.6,0,1,0,1,0
2025-01-01,Cheese Slices,Dairy,10,108,1.7,1,1,0,2,0
2025-01-02,Cheese Slices,Dairy,10,90,1.5,0,1,0,3,0
2025-01-03,Cheese Slices,Dairy,10,104,3.7,0,0,1,4,0
2025-01-04,Cheese Slices,Dairy,10,117,5.1,0,0,1,5,0
2025-01-05,Cheese Slices,Dairy,10,123,3.2,0,0,1,6,0
2025-01-06,Cheese Slices,Dairy,10,86,6.1,0,0,0,0,0
2025-01-07,Cheese Slices,Dairy,10,80,5.0,0,0,0,1,0
2025-01-08,Cheese Slices,Dairy,10,79,5.0,0,0,0,2,0
2025-01-09,Cheese Slices,Dairy,10,112,4.3,0,0,0,3,1
2025-01-10,Cheese Slices,Dairy,10,108,8.2,0,0,1,4,0
2025-01-11,Cheese Slices,Dairy,10,108,2.6,0,0,1,5,0
2025-01-12,Cheese Slices,Dairy,10,94,-1.4,0,0,1,6,0
2025-01-13,Cheese Slices,Dairy,10,75,6.6,0,0,0,0,0
2025-01-14,Cheese Slices,Dairy,10,73,2.0,0,0,0,1,0
2025-01-15,Cheese Slices,Dairy,10,89,3.3,0,0,0,2,0
2025-01-16,Cheese Slices,Dairy,10,79,5.9,0,0,0,3,0
2025-01-17,Cheese Slices,Dairy,10,124,-0.5,0,0,1,4,0
2025-01-18,Cheese Slices,Dairy,10,127,0.2,0,0,1,5,0
2025-01-19,Cheese Slices,Dairy,10,120,-0.5,0,0,1,6,0
2025-01-20,Cheese Slices,Dairy,10,63,1.3,0,0,0,0,0
2025-01-21,Cheese Slices,Dairy,10,97,4.0,0,0,0,1,0
2025-01-22,Cheese Slices,Dairy,10,75,4.2,0,0,0,2,0
2025-01-23,Cheese Slices,Dairy,10,83,3.6,0,0,0,3,0
2025-01-24,Cheese Slices,Dairy,10,113,-0.1,0,0,1,4,0
2025-01-25,Cheese Slices,Dairy,10,123,-2.0,0,0,1,5,0
2025-01-26,Cheese Slices,Dairy,10,122,3.2,0,0,1,6,0
2025-01-27,Cheese Slices,Dairy,10,72,2.0,0,0,0,0,0
2025-01-28,Cheese Slices,Dairy,10,53,4.1,0,0,0,1,0
2025-01-29,Cheese Slices,Dairy,10,95,4.7,0,0,0,2,0
2025-01-30,Cheese Slices,Dairy,10,79,3.5,0,0,0,3,0
2025-01-31,Cheese Slices,Dairy,10,138,4.9,0,0,1,4,0
2025-02-01,Cheese Slices,Dairy,10,138,3.7,0,0,1,5,1
2025-02-02,Cheese Slices,Dairy,10,126,4.4,0,0,1,6,0
2025-02-03,Cheese Slices,Dairy,10,66,1.7,0,0,0,0,0
2025-02-04,Cheese Slices,Dairy,10,84,2.9,0,0,0,1,0
2025-02-05,Cheese Slices,Dairy,10,95,3.8,0,0,0,2,0
2025-02-06,Cheese Slices,Dairy,10,99,5.2,0,0,0,3,0
2025-02-07,Cheese Slices,Dairy,10,161,2.6,0,0,1,4,1
2025-02-08,Cheese Slices,Dairy,10,120,4.6,0,0,1,5,0
2025-02-09,Cheese Slices,Dairy,10,115,2.9,0,0,1,6,0
2025-02-10,Cheese Slices,Dairy,10,95,3.3,0,0,0,0,0
2025-02-11,Cheese Slices,Dairy,10,69,5.5,0,0,0,1,0
2025-02-12,Cheese Slices,Dairy,10,88,-0.7,0,1,0,2,0
2025-02-13,Cheese Slices,Dairy,10,81,0.9,0,1,0,3,0
2025-02-14,Cheese Slices,Dairy,10,163,0.5,0,1,1,4,1
2025-02-15,Cheese Slices,Dairy,10,116,-1.3,0,1,1,5,0
2025-02-16,Cheese Slices,Dairy,10,120,2.4,0,1,1,6,0
2025-02-17,Cheese Slices,Dairy,10,82,5.6,0,1,0,0,0
2025-02-18,Cheese Slices,Dairy,10,88,3.4,0,1,0,1,0
2025-02-19,Cheese Slices,Dairy,10,81,4.6,0,0,0,2,0
2025-02-20,Cheese Slices,Dairy,10,87,6.6,0,0,0,3,0
2025-02-21,Cheese Slices,Dairy,10,128,7.2,0,0,1,4,0
2025-02-22,Cheese Slices,Dairy,10,123,4.2,0,0,1,5,0
2025-02-23,Cheese Slices,Dairy,10,187,7.4,0,0,1,6,1
2025-02-24,Cheese Slices,Dairy,10,97,4.7,0,0,0,0,0
2025-02-25,Cheese Slices,Dairy,10,67,2.7,0,0,0,1,0
2025-02-26,Cheese Slices,Dairy,10,98,3.4,0,0,0,2,0
2025-02-27,Cheese Slices,Dairy,10,90,1.5,0,0,0,3,0
2025-02-28,Cheese Slices,Dairy,10,217,2.9,0,0,1,4,1
2025-03-01,Cheese Slices,Dairy,10,138,4.1,0,0,1,5,0
2025-03-02,Cheese Slices,Dairy,10,135,6.8,0,0,1,6,0
2025-03-03,Cheese Slices,Dairy,10,87,8.9,0,0,0,0,0
2025-03-04,Cheese Slices,Dairy,10,88,2.2,0,0,0,1,0
2025-03-05,Cheese Slices,Dairy,10,136,6.2,0,0,0,2,1
2025-03-06,Cheese Slices,Dairy,10,102,3.1,0,0,0,3,0
2025-03-07,Cheese Slices,Dairy,10,146,6.6,0,0,1,4,0
2025-03-08,Cheese Slices,Dairy,10,127,5.3,0,0,1,5,0
2025-03-09,Cheese Slices,Dairy,10,209,1.7,0,0,1,6,1
2025-03-10,Cheese Slices,Dairy,10,91,7.9,0,0,0,0,0
2025-03-11,Cheese Slices,Dairy,10,69,4.6,0,0,0,1,0
2025-03-12,Cheese Slices,Dairy,10,79,4.9,0,0,0,2,0
2025-03-13,Cheese Slices,Dairy,10,110,3.8,0,0,0,3,0
2025-03-14,Cheese Slices,Dairy,10,170,4.8,0,0,1,4,1
2025-03-15,Cheese Slices,Dairy,10,126,7.3,0,0,1,5,0
2025-03-16,Cheese Slices,Dairy,10,111,6.1,0,0,1,6,0
2025-03-17,Cheese Slices,Dairy,10,68,7.3,0,0,0,0,0
2025-03-18,Cheese Slices,Dairy,10,104,7.5,0,0,0,1,0
2025-03-19,Cheese Slices,Dairy,10,93,9.7,0,0,0,2,0
2025-03-20,Cheese Slices,Dairy,10,79,6.2,0,0,0,3,0
2025-03-21,Cheese Slices,Dairy,10,138,3.8,0,0,1,4,0
2025-03-22,Cheese Slices,Dairy,10,144,9.5,0,0,1,5,0
2025-03-23,Cheese Slices,Dairy,10,144,6.6,0,0,1,6,0
2025-03-24,Cheese Slices,Dairy,10,69,9.9,0,0,0,0,0
2025-03-25,Cheese Slices,Dairy,10,125,8.4,0,0,0,1,1
2025-03-26,Cheese Slices,Dairy,10,89,7.4,0,0,0,2,0
2025-03-27,Cheese Slices,Dairy,10,118,8.6,0,0,0,3,1
2025-03-28,Cheese Slices,Dairy,10,153,12.2,0,0,1,4,0
2025-03-29,Cheese Slices,Dairy,10,136,12.6,0,0,1,5,0
2025-03-30,Cheese Slices,Dairy,10,137,8.3,0,0,1,6,0
2025-03-31,Cheese Slices,Dairy,10,83,8.7,0,0,0,0,0
2025-04-01,Cheese Slices,Dairy,10,73,10.8,0,1,0,1,0
2025-04-02,Cheese Slices,Dairy,10,99,6.7,0,1,0,2,0
2025-04-03,Cheese Slices,Dairy,10,130,9.4,0,1,0,3,0
2025-04-04,Cheese Slices,Dairy,10,128,8.8,0,1,1,4,0
2025-04-05,Cheese Slices,Dairy,10,196,9.6,0,1,1,5,1
2025-04-06,Cheese Slices,Dairy,10,185,7.3,0,1,1,6,1
2025-04-07,Cheese Slices,Dairy,10,100,5.7,0,1,0,0,0
2025-04-08,Cheese Slices,Dairy,10,80,4.8,0,1,0,1,0
2025-04-09,Cheese Slices,Dairy,10,80,7.0,0,1,0,2,0
2025-04-10,Cheese Slices,Dairy,10,88,8.6,0,1,0,3,0
2025-04-11,Cheese Slices,Dairy,10,160,9.1,0,1,1,4,0
2025-04-12,Cheese Slices,Dairy,10,128,14.2,0,1,1,5,0
2025-04-13,Cheese Slices,Dairy,10,156,12.5,0,1,1,6,0
2025-04-14,Cheese Slices,Dairy,10,99,8.1,0,1,0,0,0
2025-04-15,Cheese Slices,Dairy,10,112,11.1,0,0,0,1,0
2025-04-16,Cheese Slices,Dairy,10,136,9.6,0,0,0,2,1
2025-04-17,Cheese Slices,Dairy,10,112,10.0,0,0,0,3,0
2025-04-18,Cheese Slices,Dairy,10,204,11.1,1,0,1,4,0
2025-04-19,Cheese Slices,Dairy,10,142,12.2,0,0,1,5,0
2025-04-20,Cheese Slices,Dairy,10,138,10.3,0,0,1,6,0
2025-04-21,Cheese Slices,Dairy,10,123,13.5,1,0,0,0,0
2025-04-22,Cheese Slices,Dairy,10,92,8.8,0,0,0,1,0
2025-04-23,Cheese Slices,Dairy,10,112,11.4,0,0,0,2,0
2025-04-24,Cheese Slices,Dairy,10,120,17.3,0,0,0,3,0
2025-04-25,Cheese Slices,Dairy,10,158,12.2,0,0,1,4,0
2025-04-26,Cheese Slices,Dairy,10,128,15.0,0,0,1,5,0
2025-04-27,Cheese Slices,Dairy,10,150,12.2,0,0,1,6,0
2025-04-28,Cheese Slices,Dairy,10,96,13.4,0,0,0,0,0
2025-04-29,Cheese Slices,Dairy,10,97,12.1,0,0,0,1,0
2025-04-30,Cheese Slices,Dairy,10,98,12.0,0,0,0,2,0
2025-05-01,Cheese Slices,Dairy,10,90,10.8,0,0,0,3,0
2025-05-02,Cheese Slices,Dairy,10,218,13.6,0,0,1,4,1
2025-05-03,Cheese Slices,Dairy,10,137,10.9,0,0,1,5,0
2025-05-04,Cheese Slices,Dairy,10,150,14.4,0,0,1,6,0
2025-05-05,Cheese Slices,Dairy,10,126,15.4,1,0,0,0,0
2025-05-06,Cheese Slices,Dairy,10,99,14.0,0,0,0,1,0
2025-05-07,Cheese Slices,Dairy,10,98,12.7,0,0,0,2,0
2025-05-08,Cheese Slices,Dairy,10,107,14.4,0,0,0,3,0
2025-05-09,Cheese Slices,Dairy,10,153,12.9,0,0,1,4,0
2025-05-10,Cheese Slices,Dairy,10,145,15.8,0,0,1,5,0
2025-05-11,Cheese Slices,Dairy,10,157,9.8,0,0,1,6,0
2025-05-12,Cheese Slices,Dairy,10,93,13.2,0,0,0,0,0
2025-05-13,Cheese Slices,Dairy,10,96,9.7,0,0,0,1,0
2025-05-14,Cheese Slices,Dairy,10,99,10.9,0,0,0,2,0
2025-05-15,Cheese Slices,Dairy,10,73,17.3,0,0,0,3,0
2025-05-16,Cheese Slices,Dairy,10,140,16.4,0,0,1,4,0
2025-05-17,Cheese Slices,Dairy,10,157,13.0,0,0,1,5,0
2025-05-18,Cheese Slices,Dairy,10,151,11.4,0,0,1,6,0
2025-05-19,Cheese Slices,Dairy,10,82,8.3,0,0,0,0,0
2025-05-20,Cheese Slices,Dairy,10,114,13.8,0,0,0,1,0
2025-05-21,Cheese Slices,Dairy,10,105,20.4,0,0,0,2,0
2025-05-22,Cheese Slices,Dairy,10,102,16.1,0,0,0,3,0
2025-05-23,Cheese Slices,Dairy,10,150,14.1,0,0,1,4,0
2025-05-24,Cheese Slices,Dairy,10,173,16.4,0,0,1,5,0
2025-05-25,Cheese Slices,Dairy,10,172,12.1,0,0,1,6,0
2025-05-26,Cheese Slices,Dairy,10,121,15.0,1,1,0,0,0
2025-05-27,Cheese Slices,Dairy,10,110,16.0,0,1,0,1,0
2025-05-28,Cheese Slices,Dairy,10,120,15.7,0,1,0,2,0
2025-05-29,Cheese Slices,Dairy,10,97,17.7,0,1,0,3,0
2025-05-30,Cheese Slices,Dairy,10,190,16.8,0,1,1,4,0
2025-05-31,Cheese Slices,Dairy,10,135,17.7,0,1,1,5,0
2025-06-01,Cheese Slices,Dairy,10,153,14.8,0,0,1,6,0
2025-06-02,Cheese Slices,Dairy,10,96,18.4,0,0,0,0,0
2025-06-03,Cheese Slices,Dairy,10,83,20.1,0,0,0,1,0
2025-06-04,Cheese Slices,Dairy,10,134,14.5,0,0,0,2,1
2025-06-05,Cheese Slices,Dairy,10,116,14.7,0,0,0,3,0
2025-06-06,Cheese Slices,Dairy,10,160,19.7,0,0,1,4,0
2025-06-07,Cheese Slices,Dairy,10,138,16.5,0,0,1,5,0
2025-06-08,Cheese Slices,Dairy,10,150,20.1,0,0,1,6,0
2025-06-09,Cheese Slices,Dairy,10,97,16.1,0,0,0,0,0
2025-06-10,Cheese Slices,Dairy,10,89,20.4,0,0,0,1,0
2025-06-11,Cheese Slices,Dairy,10,104,17.5,0,0,0,2,0
2025-06-12,Cheese Slices,Dairy,10,107,17.9,0,0,0,3,0
2025-06-13,Cheese Slices,Dairy,10,139,20.9,0,0,1,4,0
2025-06-14,Cheese Slices,Dairy,10,153,16.7,0,0,1,5,0
2025-06-15,Cheese Slices,Dairy,10,120,15.5,0,0,1,6,0
2025-06-16,Cheese Slices,Dairy,10,80,16.7,0,0,0,0,0
2025-06-17,Cheese Slices,Dairy,10,120,18.7,0,0,0,1,1
2025-06-18,Cheese Slices,Dairy,10,101,14.4,0,0,0,2,0
2025-06-19,Cheese Slices,Dairy,10,105,19.3,0,0,0,3,0
2025-06-20,Cheese Slices,Dairy,10,162,16.8,0,0,1,4,0
2025-06-21,Cheese Slices,Dairy,10,153,20.5,0,0,1,5,0
2025-06-22,Cheese Slices,Dairy,10,147,12.8,0,0,1,6,0
2025-06-23,Cheese Slices,Dairy,10,103,16.4,0,0,0,0,0
2025-06-24,Cheese Slices,Dairy,10,98,14.5,0,0,0,1,0
2025-06-25,Cheese Slices,Dairy,10,99,16.4,0,0,0,2,0
2025-06-26,Cheese Slices,Dairy,10,120,18.9,0,0,0,3,0
2025-06-27,Cheese Slices,Dairy,10,165,18.0,0,0,1,4,0
2025-06-28,Cheese Slices,Dairy,10,132,17.9,0,0,1,5,0
2025-06-29,Cheese Slices,Dairy,10,160,18.1,0,0,1,6,0
2025-06-30,Cheese Slices,Dairy,10,86,19.0,0,0,0,0,0
2025-07-01,Cheese Slices,Dairy,10,95,16.3,0,1,0,1,0
2025-07-02,Cheese Slices,Dairy,10,99,20.2,0,1,0,2,0
2025-07-03,Cheese Slices,Dairy,10,111,20.1,0,1,0,3,0
2025-07-04,Cheese Slices,Dairy,10,180,19.5,0,1,1,4,0
2025-07-05,Cheese Slices,Dairy,10,192,19.9,0,1,1,5,1
2025-07-06,Cheese Slices,Dairy,10,148,19.4,0,1,1,6,0
2025-07-07,Cheese Slices,Dairy,10,103,23.3,0,1,0,0,0
2025-07-08,Cheese Slices,Dairy,10,94,18.6,0,1,0,1,0
2025-07-09,Cheese Slices,Dairy,10,106,18.2,0,1,0,2,0
2025-07-10,Cheese Slices,Dairy,10,120,17.2,0,1,0,3,0
2025-07-11,Cheese Slices,Dairy,10,140,16.6,0,1,1,4,0
2025-07-12,Cheese Slices,Dairy,10,182,16.2,0,1,1,5,1
2025-07-13,Cheese Slices,Dairy,10,140,17.0,0,1,1,6,0
2025-07-14,Cheese Slices,Dairy,10,102,18.8,0,1,0,0,0
2025-07-15,Cheese Slices,Dairy,10,90,19.7,0,1,0,1,0
2025-07-16,Cheese Slices,Dairy,10,115,19.1,0,1,0,2,0
2025-07-17,Cheese Slices,Dairy,10,92,17.3,0,1,0,3,0
2025-07-18,Cheese Slices,Dairy,10,156,21.0,0,1,1,4,0
2025-07-19,Cheese Slices,Dairy,10,144,20.6,0,1,1,5,0
2025-07-20,Cheese Slices,Dairy,10,138,18.6,0,1,1,6,0
2025-07-21,Cheese Slices,Dairy,10,86,17.6,0,1,0,0,0
2025-07-22,Cheese Slices,Dairy,10,100,20.2,0,1,0,1,1
2025-07-23,Cheese Slices,Dairy,10,118,19.4,0,1,0,2,0
2025-07-24,Cheese Slices,Dairy,10,101,15.8,0,1,0,3,0
2025-07-25,Cheese Slices,Dairy,10,126,18.8,0,1,1,4,0
2025-07-26,Cheese Slices,Dairy,10,135,19.5,0,1,1,5,0
2025-07-27,Cheese Slices,Dairy,10,195,17.0,0,1,1,6,1
2025-07-28,Cheese Slices,Dairy,10,86,19.3,0,1,0,0,0
2025-07-29,Cheese Slices,Dairy,10,82,15.7,0,1,0,1,0
2025-07-30,Cheese Slices,Dairy,10,104,21.8,0,1,0,2,0
2025-07-31,Cheese Slices,Dairy,10,105,21.6,0,1,0,3,0
2025-08-01,Cheese Slices,Dairy,10,147,18.3,0,1,1,4,0
2025-08-02,Cheese Slices,Dairy,10,147,19.6,0,1,1,5,0
2025-08-03,Cheese Slices,Dairy,10,117,13.5,0,1,1,6,0
2025-08-04,Cheese Slices,Dairy,10,90,16.2,0,1,0,0,0
2025-08-05,Cheese Slices,Dairy,10,81,18.1,0,1,0,1,0
2025-08-06,Cheese Slices,Dairy,10,104,16.3,0,1,0,2,0
2025-08-07,Cheese Slices,Dairy,10,105,20.2,0,1,0,3,0
2025-08-08,Cheese Slices,Dairy,10,169,23.0,0,1,1,4,1
2025-08-09,Cheese Slices,Dairy,10,149,16.0,0,1,1,5,0
2025-08-10,Cheese Slices,Dairy,10,130,16.7,0,1,1,6,0
2025-08-11,Cheese Slices,Dairy,10,147,19.0,0,1,0,0,1
2025-08-12,Cheese Slices,Dairy,10,90,21.9,0,1,0,1,0
2025-08-13,Cheese Slices,Dairy,10,99,15.7,0,1,0,2,0
2025-08-14,Cheese Slices,Dairy,10,88,18.8,0,1,0,3,0
2025-08-15,Cheese Slices,Dairy,10,122,22.2,0,1,1,4,0
2025-08-16,Cheese Slices,Dairy,10,125,14.5,0,1,1,5,0
2025-08-17,Cheese Slices,Dairy,10,131,15.3,0,1,1,6,0
2025-08-18,Cheese Slices,Dairy,10,79,17.1,0,1,0,0,0
2025-08-19,Cheese Slices,Dairy,10,95,16.8,0,1,0,1,0
2025-08-20,Cheese Slices,Dairy,10,95,19.7,0,1,0,2,0
2025-08-21,Cheese Slices,Dairy,10,93,18.4,0,1,0,3,0
2025-08-22,Cheese Slices,Dairy,10,177,13.9,0,1,1,4,1
2025-08-23,Cheese Slices,Dairy,10,153,18.8,0,1,1,5,0
2025-08-24,Cheese Slices,Dairy,10,131,16.3,0,1,1,6,0
2025-08-25,Cheese Slices,Dairy,10,128,20.3,1,1,0,0,0
2025-08-26,Cheese Slices,Dairy,10,76,16.1,0,1,0,1,0
2025-08-27,Cheese Slices,Dairy,10,100,16.0,0,1,0,2,0
2025-08-28,Cheese Slices,Dairy,10,84,18.5,0,1,0,3,0
2025-08-29,Cheese Slices,Dairy,10,123,18.9,0,1,1,4,0
2025-08-30,Cheese Slices,Dairy,10,130,18.1,0,1,1,5,0
2025-08-31,Cheese Slices,Dairy,10,117,13.3,0,1,1,6,0
2025-09-01,Cheese Slices,Dairy,10,91,18.1,0,0,0,0,0
2025-09-02,Cheese Slices,Dairy,10,71,14.6,0,0,0,1,0
2025-09-03,Cheese Slices,Dairy,10,80,17.3,0,0,0,2,0
2025-09-04,Cheese Slices,Dairy,10,87,13.5,0,0,0,3,0
2025-09-05,Cheese Slices,Dairy,10,149,17.5,0,0,1,4,0
2025-09-06,Cheese Slices,Dairy,10,136,14.7,0,0,1,5,0
2025-09-07,Cheese Slices,Dairy,10,141,13.5,0,0,1,6,0
2025-09-08,Cheese Slices,Dairy,10,85,17.8,0,0,0,0,0
2025-09-09,Cheese Slices,Dairy,10,78,16.7,0,0,0,1,0
2025-09-10,Cheese Slices,Dairy,10,90,14.7,0,0,0,2,0
2025-09-11,Cheese Slices,Dairy,10,96,19.1,0,0,0,3,0
2025-09-12,Cheese Slices,Dairy,10,118,14.9,0,0,1,4,0
2025-09-13,Cheese Slices,Dairy,10,188,15.8,0,0,1,5,1
2025-09-14,Cheese Slices,Dairy,10,131,16.2,0,0,1,6,0
2025-09-15,Cheese Slices,Dairy,10,77,14.1,0,0,0,0,0
2025-09-16,Cheese Slices,Dairy,10,76,16.4,0,0,0,1,0
2025-09-17,Cheese Slices,Dairy,10,71,14.1,0,0,0,2,0
2025-09-18,Cheese Slices,Dairy,10,77,14.2,0,0,0,3,0
2025-09-19,Cheese Slices,Dairy,10,130,18.0,0,0,1,4,0
2025-09-20,Cheese Slices,Dairy,10,128,12.6,0,0,1,5,0
2025-09-21,Cheese Slices,Dairy,10,119,9.5,0,0,1,6,0
2025-09-22,Cheese Slices,Dairy,10,100,18.2,0,0,0,0,0
2025-09-23,Cheese Slices,Dairy,10,109,20.1,0,0,0,1,1
2025-09-24,Cheese Slices,Dairy,10,79,13.5,0,0,0,2,0
2025-09-25,Cheese Slices,Dairy,10,100,10.0,0,0,0,3,1
2025-09-26,Cheese Slices,Dairy,10,126,13.5,0,0,1,4,0
2025-09-27,Cheese Slices,Dairy,10,111,13.4,0,0,1,5,0
2025-09-28,Cheese Slices,Dairy,10,123,13.5,0,0,1,6,0
2025-09-29,Cheese Slices,Dairy,10,78,11.3,0,0,0,0,0
2025-09-30,Cheese Slices,Dairy,10,81,14.9,0,0,0,1,0
2025-10-01,Cheese Slices,Dairy,10,91,14.7,0,0,0,2,0
2025-10-02,Cheese Slices,Dairy,10,76,10.1,0,0,0,3,0
2025-10-03,Cheese Slices,Dairy,10,157,14.8,0,0,1,4,1
2025-10-04,Cheese Slices,Dairy,10,134,17.6,0,0,1,5,0
2025-10-05,Cheese Slices,Dairy,10,135,13.4,0,0,1,6,0
2025-10-06,Cheese Slices,Dairy,10,86,12.1,0,0,0,0,0
2025-10-07,Cheese Slices,Dairy,10,81,12.4,0,0,0,1,0
2025-10-08,Cheese Slices,Dairy,10,98,13.9,0,0,0,2,0
2025-10-09,Cheese Slices,Dairy,10,104,8.6,0,0,0,3,0
2025-10-10,Cheese Slices,Dairy,10,139,12.7,0,0,1,4,0
2025-10-11,Cheese Slices,Dairy,10,111,11.3,0,0,1,5,0
2025-10-12,Cheese Slices,Dairy,10,120,16.1,0,0,1,6,0
2025-10-13,Cheese Slices,Dairy,10,84,11.5,0,0,0,0,0
2025-10-14,Cheese Slices,Dairy,10,83,15.4,0,0,0,1,0
2025-10-15,Cheese Slices,Dairy,10,94,9.2,0,0,0,2,0
2025-10-16,Cheese Slices,Dairy,10,91,12.8,0,0,0,3,0
2025-10-17,Cheese Slices,Dairy,10,118,12.1,0,0,1,4,0
2025-10-18,Cheese Slices,Dairy,10,98,9.3,0,0,1,5,0
2025-10-19,Cheese Slices,Dairy,10,111,11.5,0,0,1,6,0
2025-10-20,Cheese Slices,Dairy,10,83,13.6,0,0,0,0,0
2025-10-21,Cheese Slices,Dairy,10,67,10.1,0,0,0,1,0
2025-10-22,Cheese Slices,Dairy,10,81,7.0,0,0,0,2,0
2025-10-23,Cheese Slices,Dairy,10,88,10.5,0,0,0,3,0
2025-10-24,Cheese Slices,Dairy,10,119,8.4,0,0,1,4,0
2025-10-25,Cheese Slices,Dairy,10,112,9.5,0,0,1,5,0
2025-10-26,Cheese Slices,Dairy,10,114,9.9,0,1,1,6,0
2025-10-27,Cheese Slices,Dairy,10,75,6.2,0,1,0,0,0
2025-10-28,Cheese Slices,Dairy,10,73,6.3,0,1,0,1,0
2025-10-29,Cheese Slices,Dairy,10,81,10.8,0,1,0,2,0
2025-10-30,Cheese Slices,Dairy,10,95,8.4,0,1,0,3,0
2025-10-31,Cheese Slices,Dairy,10,155,3.8,0,1,1,4,1
2025-11-01,Cheese Slices,Dairy,10,112,11.0,0,0,1,5,0
2025-11-02,Cheese Slices,Dairy,10,112,9.8,0,0,1,6,0
2025-11-03,Cheese Slices,Dairy,10,75,7.5,0,0,0,0,0
2025-11-04,Cheese Slices,Dairy,10,87,6.0,0,0,0,1,0
2025-11-05,Cheese Slices,Dairy,10,92,10.6,0,0,0,2,0
2025-11-06,Cheese Slices,Dairy,10,82,9.4,0,0,0,3,0
2025-11-07,Cheese Slices,Dairy,10,154,13.8,0,0,1,4,0
2025-11-08,Cheese Slices,Dairy,10,116,9.3,0,0,1,5,0
2025-11-09,Cheese Slices,Dairy,10,110,9.1,0,0,1,6,0
2025-11-10,Cheese Slices,Dairy,10,73,7.8,0,0,0,0,0
2025-11-11,Cheese Slices,Dairy,10,75,9.8,0,0,0,1,0
2025-11-12,Cheese Slices,Dairy,10,87,9.2,0,0,0,2,0
2025-11-13,Cheese Slices,Dairy,10,85,10.5,0,0,0,3,0
2025-11-14,Cheese Slices,Dairy,10,114,6.5,0,0,1,4,0
2025-11-15,Cheese Slices,Dairy,10,112,6.5,0,0,1,5,0
2025-11-16,Cheese Slices,Dairy,10,124,6.3,0,0,1,6,0
2025-11-17,Cheese Slices,Dairy,10,73,9.0,0,0,0,0,0
2025-11-18,Cheese Slices,Dairy,10,60,10.4,0,0,0,1,0
2025-11-19,Cheese Slices,Dairy,10,86,6.0,0,0,0,2,0
2025-11-20,Cheese Slices,Dairy,10,82,6.0,0,0,0,3,0
2025-11-21,Cheese Slices,Dairy,10,126,7.5,0,0,1,4,0
2025-11-22,Cheese Slices,Dairy,10,133,6.1,0,0,1,5,0
2025-11-23,Cheese Slices,Dairy,10,167,8.6,0,0,1,6,1
2025-11-24,Cheese Slices,Dairy,10,78,1.5,0,0,0,0,0
2025-11-25,Cheese Slices,Dairy,10,70,4.5,0,0,0,1,0
2025-11-26,Cheese Slices,Dairy,10,77,4.5,0,0,0,2,0
2025-11-27,Cheese Slices,Dairy,10,73,1.0,0,0,0,3,0
2025-11-28,Cheese Slices,Dairy,10,127,3.9,0,0,1,4,0
2025-11-29,Cheese Slices,Dairy,10,133,3.9,0,0,1,5,0
2025-11-30,Cheese Slices,Dairy,10,119,5.3,0,0,1,6,0
2025-12-01,Cheese Slices,Dairy,10,73,8.1,0,0,0,0,0
2025-12-02,Cheese Slices,Dairy,10,69,5.0,0,0,0,1,0
2025-12-03,Cheese Slices,Dairy,10,83,3.2,0,0,0,2,0
2025-12-04,Cheese Slices,Dairy,10,83,5.2,0,0,0,3,0
2025-12-05,Cheese Slices,Dairy,10,118,7.6,0,0,1,4,0
2025-12-06,Cheese Slices,Dairy,10,109,3.0,0,0,1,5,0
2025-12-07,Cheese Slices,Dairy,10,110,3.1,0,0,1,6,0
2025-12-08,Cheese Slices,Dairy,10,69,6.2,0,0,0,0,0
2025-12-09,Cheese Slices,Dairy,10,69,4.4,0,0,0,1,0
2025-12-10,Cheese Slices,Dairy,10,96,6.2,0,0,0,2,0
2025-12-11,Cheese Slices,Dairy,10,74,4.7,0,0,0,3,0
2025-12-12,Cheese Slices,Dairy,10,109,6.2,0,0,1,4,0
2025-12-13,Cheese Slices,Dairy,10,93,2.3,0,0,1,5,0
2025-12-14,Cheese Slices,Dairy,10,106,4.5,0,0,1,6,0
2025-12-15,Cheese Slices,Dairy,10,75,3.9,0,0,0,0,0
2025-12-16,Cheese Slices,Dairy,10,70,1.7,0,0,0,1,0
2025-12-17,Cheese Slices,Dairy,10,89,0.8,0,0,0,2,0
2025-12-18,Cheese Slices,Dairy,10,94,5.7,0,0,0,3,0
2025-12-19,Cheese Slices,Dairy,10,128,3.3,0,0,1,4,0
2025-12-20,Cheese Slices,Dairy,10,131,1.8,0,1,1,5,0
2025-12-21,Cheese Slices,Dairy,10,136,3.8,0,1,1,6,0
2025-12-22,Cheese Slices,Dairy,10,74,6.4,0,1,0,0,0
2025-12-23,Cheese Slices,Dairy,10,101,-1.2,0,1,0,1,1
2025-12-24,Cheese Slices,Dairy,10,102,0.5,0,1,0,2,1
2025-12-25,Cheese Slices,Dairy,10,0,1.7,1,1,0,3,0
2025-12-26,Cheese Slices,Dairy,10,180,6.9,1,1,1,4,0
2025-12-27,Cheese Slices,Dairy,10,119,4.2,0,1,1,5,0
2025-12-28,Cheese Slices,Dairy,10,125,5.3,0,1,1,6,0
2025-12-29,Cheese Slices,Dairy,10,68,1.0,0,1,0,0,0
2025-12-30,Cheese Slices,Dairy,10,101,1.0,0,1,0,1,1
2025-12-31,Cheese Slices,Dairy,10,90,4.4,0,1,0,2,0
2024-01-01,Soft Drinks,Beverage,90,88,4.0,1,1,0,0,0
2024-01-02,Soft Drinks,Beverage,90,37,1.0,0,1,0,1,0
2024-01-03,Soft Drinks,Beverage,90,68,4.9,0,0,0,2,0
2024-01-04,Soft Drinks,Beverage,90,74,5.3,0,0,0,3,0
2024-01-05,Soft Drinks,Beverage,90,80,-1.1,0,0,1,4,1
2024-01-06,Soft Drinks,Beverage,90,69,0.3,0,0,1,5,0
2024-01-07,Soft Drinks,Beverage,90,81,3.4,0,0,1,6,0
2024-01-08,Soft Drinks,Beverage,90,46,2.4,0,0,0,0,0
2024-01-09,Soft Drinks,Beverage,90,79,3.1,0,0,0,1,1
2024-01-10,Soft Drinks,Beverage,90,44,1.2,0,0,0,2,0
2024-01-11,Soft Drinks,Beverage,90,49,5.0,0,0,0,3,0
2024-01-12,Soft Drinks,Beverage,90,104,4.8,0,0,1,4,0
2024-01-13,Soft Drinks,Beverage,90,88,3.2,0,0,1,5,0
2024-01-14,Soft Drinks,Beverage,90,98,5.5,0,0,1,6,0
2024-01-15,Soft Drinks,Beverage,90,54,4.0,0,0,0,0,0
2024-01-16,Soft Drinks,Beverage,90,56,1.1,0,0,0,1,1
2024-01-17,Soft Drinks,Beverage,90,58,3.8,0,0,0,2,0
2024-01-18,Soft Drinks,Beverage,90,51,0.9,0,0,0,3,0
2024-01-19,Soft Drinks,Beverage,90,135,4.9,0,0,1,4,0
2024-01-20,Soft Drinks,Beverage,90,100,2.9,0,0,1,5,0
2024-01-21,Soft Drinks,Beverage,90,106,2.6,0,0,1,6,0
2024-01-22,Soft Drinks,Beverage,90,43,1.5,0,0,0,0,0
2024-01-23,Soft Drinks,Beverage,90,71,5.7,0,0,0,1,0
2024-01-24,Soft Drinks,Beverage,90,66,2.7,0,0,0,2,0
2024-01-25,Soft Drinks,Beverage,90,63,2.1,0,0,0,3,0
2024-01-26,Soft Drinks,Beverage,90,93,2.3,0,0,1,4,0
2024-01-27,Soft Drinks,Beverage,90,104,4.3,0,0,1,5,0
2024-01-28,Soft Drinks,Beverage,90,97,3.9,0,0,1,6,0
2024-01-29,Soft Drinks,Beverage,90,68,4.0,0,0,0,0,0
2024-01-30,Soft Drinks,Beverage,90,67,4.1,0,0,0,1,0
2024-01-31,Soft Drinks,Beverage,90,132,7.9,0,0,0,2,1
2024-02-01,Soft Drinks,Beverage,90,65,2.3,0,0,0,3,0
2024-02-02,Soft Drinks,Beverage,90,73,2.1,0,0,1,4,0
2024-02-03,Soft Drinks,Beverage,90,79,1.5,0,0,1,5,0
2024-02-04,Soft Drinks,Beverage,90,112,4.7,0,0,1,6,0
2024-02-05,Soft Drinks,Beverage,90,84,5.8,0,0,0,0,0
2024-02-06,Soft Drinks,Beverage,90,49,3.1,0,0,0,1,0
2024-02-07,Soft Drinks,Beverage,90,60,1.6,0,0,0,2,0
2024-02-08,Soft Drinks,Beverage,90,48,1.7,0,0,0,3,0
2024-02-09,Soft Drinks,Beverage,90,123,5.0,0,0,1,4,0
2024-02-10,Soft Drinks,Beverage,90,101,5.2,0,0,1,5,0
2024-02-11,Soft Drinks,Beverage,90,119,4.8,0,0,1,6,0
2024-02-12,Soft Drinks,Beverage,90,41,2.2,0,1,0,0,0
2024-02-13,Soft Drinks,Beverage,90,68,4.3,0,1,0,1,0
2024-02-14,Soft Drinks,Beverage,90,94,4.1,0,1,0,2,1
2024-02-15,Soft Drinks,Beverage,90,83,4.3,0,1,0,3,0
2024-02-16,Soft Drinks,Beverage,90,132,5.8,0,1,1,4,0
2024-02-17,Soft Drinks,Beverage,90,122,4.5,0,1,1,5,0
2024-02-18,Soft Drinks,Beverage,90,115,5.6,0,1,1,6,0
2024-02-19,Soft Drinks,Beverage,90,68,4.3,0,0,0,0,0
2024-02-20,Soft Drinks,Beverage,90,72,4.8,0,0,0,1,0
2024-02-21,Soft Drinks,Beverage,90,110,5.7,0,0,0,2,1
2024-02-22,Soft Drinks,Beverage,90,47,1.1,0,0,0,3,0
2024-02-23,Soft Drinks,Beverage,90,118,3.7,0,0,1,4,0
2024-02-24,Soft Drinks,Beverage,90,84,3.5,0,0,1,5,0
2024-02-25,Soft Drinks,Beverage,90,100,3.2,0,0,1,6,0
2024-02-26,Soft Drinks,Beverage,90,64,4.1,0,0,0,0,0
2024-02-27,Soft Drinks,Beverage,90,97,8.0,0,0,0,1,0
2024-02-28,Soft Drinks,Beverage,90,69,2.9,0,0,0,2,0
2024-02-29,Soft Drinks,Beverage,90,89,7.1,0,0,0,3,0
2024-03-01,Soft Drinks,Beverage,90,81,1.3,0,0,1,4,0
2024-03-02,Soft Drinks,Beverage,90,117,4.4,0,0,1,5,0
2024-03-03,Soft Drinks,Beverage,90,122,5.6,0,0,1,6,0
2024-03-04,Soft Drinks,Beverage,90,89,6.6,0,0,0,0,0
2024-03-05,Soft Drinks,Beverage,90,81,7.0,0,0,0,1,0
2024-03-06,Soft Drinks,Beverage,90,94,7.3,0,0,0,2,0
2024-03-07,Soft Drinks,Beverage,90,91,4.8,0,0,0,3,0
2024-03-08,Soft Drinks,Beverage,90,111,4.7,0,0,1,4,0
2024-03-09,Soft Drinks,Beverage,90,167,7.7,0,0,1,5,0
2024-03-10,Soft Drinks,Beverage,90,146,5.5,0,0,1,6,0
2024-03-11,Soft Drinks,Beverage,90,66,3.2,0,0,0,0,0
2024-03-12,Soft Drinks,Beverage,90,57,3.6,0,0,0,1,0
2024-03-13,Soft Drinks,Beverage,90,79,4.2,0,0,0,2,0
2024-03-14,Soft Drinks,Beverage,90,136,7.5,0,0,0,3,1
2024-03-15,Soft Drinks,Beverage,90,123,6.8,0,0,1,4,0
2024-03-16,Soft Drinks,Beverage,90,189,8.1,0,0,1,5,0
2024-03-17,Soft Drinks,Beverage,90,156,5.8,0,0,1,6,0
2024-03-18,Soft Drinks,Beverage,90,81,7.2,0,0,0,0,0
2024-03-19,Soft Drinks,Beverage,90,88,8.3,0,0,0,1,0
2024-03-20,Soft Drinks,Beverage,90,94,6.4,0,0,0,2,0
2024-03-21,Soft Drinks,Beverage,90,96,8.2,0,0,0,3,0
2024-03-22,Soft Drinks,Beverage,90,129,5.8,0,0,1,4,0
2024-03-23,Soft Drinks,Beverage,90,140,6.6,0,0,1,5,0
2024-03-24,Soft Drinks,Beverage,90,149,6.7,0,0,1,6,0
2024-03-25,Soft Drinks,Beverage,90,86,5.0,0,0,0,0,0
2024-03-26,Soft Drinks,Beverage,90,110,8.9,0,0,0,1,0
2024-03-27,Soft Drinks,Beverage,90,93,6.9,0,0,0,2,0
2024-03-28,Soft Drinks,Beverage,90,104,8.1,0,0,0,3,0
2024-03-29,Soft Drinks,Beverage,90,261,9.2,1,0,1,4,0
2024-03-30,Soft Drinks,Beverage,90,168,9.3,0,0,1,5,0
2024-03-31,Soft Drinks,Beverage,90,177,9.9,0,0,1,6,0
2024-04-01,Soft Drinks,Beverage,90,170,8.3,1,1,0,0,0
2024-04-02,Soft Drinks,Beverage,90,71,7.8,0,1,0,1,0
2024-04-03,Soft Drinks,Beverage,90,95,8.7,0,1,0,2,0
2024-04-04,Soft Drinks,Beverage,90,96,5.2,0,1,0,3,0
2024-04-05,Soft Drinks,Beverage,90,163,5.9,0,1,1,4,0
2024-04-06,Soft Drinks,Beverage,90,142,6.3,0,1,1,5,0
2024-04-07,Soft Drinks,Beverage,90,152,7.2,0,1,1,6,0
2024-04-08,Soft Drinks,Beverage,90,87,10.4,0,1,0,0,0
2024-04-09,Soft Drinks,Beverage,90,87,7.6,0,1,0,1,0
2024-04-10,Soft Drinks,Beverage,90,111,8.9,0,1,0,2,0
2024-04-11,Soft Drinks,Beverage,90,139,12.8,0,1,0,3,0
2024-04-12,Soft Drinks,Beverage,90,159,9.3,0,1,1,4,0
2024-04-13,Soft Drinks,Beverage,90,231,11.8,0,1,1,5,0
2024-04-14,Soft Drinks,Beverage,90,149,8.3,0,1,1,6,0
2024-04-15,Soft Drinks,Beverage,90,116,10.0,0,0,0,0,0
2024-04-16,Soft Drinks,Beverage,90,101,8.5,0,0,0,1,0
2024-04-17,Soft Drinks,Beverage,90,119,10.0,0,0,0,2,0
2024-04-18,Soft Drinks,Beverage,90,138,12.7,0,0,0,3,0
2024-04-19,Soft Drinks,Beverage,90,155,7.2,0,0,1,4,0
2024-04-20,Soft Drinks,Beverage,90,284,12.1,0,0,1,5,1
2024-04-21,Soft Drinks,Beverage,90,223,11.8,0,0,1,6,0
2024-04-22,Soft Drinks,Beverage,90,108,10.1,0,0,0,0,0
2024-04-23,Soft Drinks,Beverage,90,103,8.4,0,0,0,1,0
2024-04-24,Soft Drinks,Beverage,90,132,11.8,0,0,0,2,0
2024-04-25,Soft Drinks,Beverage,90,124,10.7,0,0,0,3,0
2024-04-26,Soft Drinks,Beverage,90,214,12.5,0,0,1,4,0
2024-04-27,Soft Drinks,Beverage,90,194,12.1,0,0,1,5,0
2024-04-28,Soft Drinks,Beverage,90,251,15.8,0,0,1,6,0
2024-04-29,Soft Drinks,Beverage,90,102,11.8,0,0,0,0,0
2024-04-30,Soft Drinks,Beverage,90,108,10.3,0,0,0,1,0
2024-05-01,Soft Drinks,Beverage,90,147,13.0,0,0,0,2,0
2024-05-02,Soft Drinks,Beverage,90,142,13.3,0,0,0,3,0
2024-05-03,Soft Drinks,Beverage,90,298,15.9,0,0,1,4,0
2024-05-04,Soft Drinks,Beverage,90,260,14.9,0,0,1,5,0
2024-05-05,Soft Drinks,Beverage,90,216,14.0,0,0,1,6,0
2024-05-06,Soft Drinks,Beverage,90,240,16.5,1,0,0,0,0
2024-05-07,Soft Drinks,Beverage,90,99,10.8,0,0,0,1,0
2024-05-08,Soft Drinks,Beverage,90,141,12.2,0,0,0,2,0
2024-05-09,Soft Drinks,Beverage,90,115,11.7,0,0,0,3,0
2024-05-10,Soft Drinks,Beverage,90,226,13.0,0,0,1,4,0
2024-05-11,Soft Drinks,Beverage,90,203,10.9,0,0,1,5,0
2024-05-12,Soft Drinks,Beverage,90,223,15.5,0,0,1,6,0
2024-05-13,Soft Drinks,Beverage,90,131,13.7,0,0,0,0,0
2024-05-14,Soft Drinks,Beverage,90,118,11.1,0,0,0,1,0
2024-05-15,Soft Drinks,Beverage,90,138,12.2,0,0,0,2,0
2024-05-16,Soft Drinks,Beverage,90,164,15.3,0,0,0,3,0
2024-05-17,Soft Drinks,Beverage,90,335,16.5,0,0,1,4,1
2024-05-18,Soft Drinks,Beverage,90,309,19.2,0,0,1,5,0
2024-05-19,Soft Drinks,Beverage,90,323,21.4,0,0,1,6,0
2024-05-20,Soft Drinks,Beverage,90,128,16.0,0,0,0,0,0
2024-05-21,Soft Drinks,Beverage,90,124,13.0,0,0,0,1,0
2024-05-22,Soft Drinks,Beverage,90,126,10.6,0,0,0,2,0
2024-05-23,Soft Drinks,Beverage,90,151,16.0,0,0,0,3,0
2024-05-24,Soft Drinks,Beverage,90,251,13.7,0,0,1,4,0
2024-05-25,Soft Drinks,Beverage,90,260,14.7,0,0,1,5,0
2024-05-26,Soft Drinks,Beverage,90,226,14.4,0,1,1,6,0
2024-05-27,Soft Drinks,Beverage,90,214,15.6,1,1,0,0,0
2024-05-28,Soft Drinks,Beverage,90,171,18.3,0,1,0,1,0
2024-05-29,Soft Drinks,Beverage,90,147,16.4,0,1,0,2,0
2024-05-30,Soft Drinks,Beverage,90,166,15.8,0,1,0,3,0
2024-05-31,Soft Drinks,Beverage,90,232,14.0,0,1,1,4,0
2024-06-01,Soft Drinks,Beverage,90,206,12.7,0,0,1,5,0
2024-06-02,Soft Drinks,Beverage,90,255,15.4,0,0,1,6,0
2024-06-03,Soft Drinks,Beverage,90,193,16.5,0,0,0,0,1
2024-06-04,Soft Drinks,Beverage,90,176,20.6,0,0,0,1,0
2024-06-05,Soft Drinks,Beverage,90,178,17.1,0,0,0,2,0
2024-06-06,Soft Drinks,Beverage,90,188,19.0,0,0,0,3,0
2024-06-07,Soft Drinks,Beverage,90,367,15.9,0,0,1,4,1
2024-06-08,Soft Drinks,Beverage,90,218,14.5,0,0,1,5,0
2024-06-09,Soft Drinks,Beverage,90,248,15.0,0,0,1,6,0
2024-06-10,Soft Drinks,Beverage,90,154,15.6,0,0,0,0,0
2024-06-11,Soft Drinks,Beverage,90,168,22.0,0,0,0,1,0
2024-06-12,Soft Drinks,Beverage,90,153,15.6,0,0,0,2,0
2024-06-13,Soft Drinks,Beverage,90,194,19.3,0,0,0,3,0
2024-06-14,Soft Drinks,Beverage,90,243,15.6,0,0,1,4,0
2024-06-15,Soft Drinks,Beverage,90,275,19.7,0,0,1,5,0
2024-06-16,Soft Drinks,Beverage,90,265,18.6,0,0,1,6,0
2024-06-17,Soft Drinks,Beverage,90,153,17.5,0,0,0,0,0
2024-06-18,Soft Drinks,Beverage,90,140,17.8,0,0,0,1,0
2024-06-19,Soft Drinks,Beverage,90,146,16.5,0,0,0,2,0
2024-06-20,Soft Drinks,Beverage,90,159,19.0,0,0,0,3,0
2024-06-21,Soft Drinks,Beverage,90,248,17.1,0,0,1,4,0
2024-06-22,Soft Drinks,Beverage,90,266,15.4,0,0,1,5,0
2024-06-23,Soft Drinks,Beverage,90,255,15.4,0,0,1,6,0
2024-06-24,Soft Drinks,Beverage,90,161,18.6,0,0,0,0,0
2024-06-25,Soft Drinks,Beverage,90,176,21.8,0,0,0,1,0
2024-06-26,Soft Drinks,Beverage,90,169,18.7,0,0,0,2,0
2024-06-27,Soft Drinks,Beverage,90,155,18.2,0,0,0,3,0
2024-06-28,Soft Drinks,Beverage,90,285,19.1,0,0,1,4,0
2024-06-29,Soft Drinks,Beverage,90,326,21.4,0,0,1,5,0
2024-06-30,Soft Drinks,Beverage,90,410,19.0,0,0,1,6,1
2024-07-01,Soft Drinks,Beverage,90,202,17.7,0,1,0,0,1
2024-07-02,Soft Drinks,Beverage,90,175,21.1,0,1,0,1,0
2024-07-03,Soft Drinks,Beverage,90,171,19.6,0,1,0,2,0
2024-07-04,Soft Drinks,Beverage,90,200,22.1,0,1,0,3,0
2024-07-05,Soft Drinks,Beverage,90,291,19.2,0,1,1,4,0
2024-07-06,Soft Drinks,Beverage,90,257,16.1,0,1,1,5,0
2024-07-07,Soft Drinks,Beverage,90,252,15.8,0,1,1,6,0
2024-07-08,Soft Drinks,Beverage,90,177,22.5,0,1,0,0,0
2024-07-09,Soft Drinks,Beverage,90,171,22.7,0,1,0,1,0
2024-07-10,Soft Drinks,Beverage,90,159,18.5,0,1,0,2,0
2024-07-11,Soft Drinks,Beverage,90,166,18.1,0,1,0,3,0
2024-07-12,Soft Drinks,Beverage,90,311,22.2,0,1,1,4,0
2024-07-13,Soft Drinks,Beverage,90,251,16.5,0,1,1,5,0
2024-07-14,Soft Drinks,Beverage,90,240,17.0,0,1,1,6,0
2024-07-15,Soft Drinks,Beverage,90,178,20.4,0,1,0,0,0
2024-07-16,Soft Drinks,Beverage,90,160,18.1,0,1,0,1,0
2024-07-17,Soft Drinks,Beverage,90,178,19.0,0,1,0,2,0
2024-07-18,Soft Drinks,Beverage,90,150,18.6,0,1,0,3,0
2024-07-19,Soft Drinks,Beverage,90,296,19.7,0,1,1,4,0
2024-07-20,Soft Drinks,Beverage,90,296,22.1,0,1,1,5,0
2024-07-21,Soft Drinks,Beverage,90,273,19.2,0,1,1,6,0
2024-07-22,Soft Drinks,Beverage,90,235,20.4,0,1,0,0,1
2024-07-23,Soft Drinks,Beverage,90,119,14.5,0,1,0,1,0
2024-07-24,Soft Drinks,Beverage,90,172,18.9,0,1,0,2,0
2024-07-25,Soft Drinks,Beverage,90,143,17.1,0,1,0,3,0
2024-07-26,Soft Drinks,Beverage,90,252,16.3,0,1,1,4,0
2024-07-27,Soft Drinks,Beverage,90,252,17.0,0,1,1,5,0
2024-07-28,Soft Drinks,Beverage,90,253,18.2,0,1,1,6,0
2024-07-29,Soft Drinks,Beverage,90,156,20.9,0,1,0,0,0
2024-07-30,Soft Drinks,Beverage,90,145,15.9,0,1,0,1,0
2024-07-31,Soft Drinks,Beverage,90,175,18.9,0,1,0,2,0
2024-08-01,Soft Drinks,Beverage,90,160,17.7,0,1,0,3,0
2024-08-02,Soft Drinks,Beverage,90,269,18.1,0,1,1,4,0
2024-08-03,Soft Drinks,Beverage,90,281,21.0,0,1,1,5,0
2024-08-04,Soft Drinks,Beverage,90,261,19.9,0,1,1,6,0
2024-08-05,Soft Drinks,Beverage,90,154,21.6,0,1,0,0,0
2024-08-06,Soft Drinks,Beverage,90,140,18.3,0,1,0,1,0
2024-08-07,Soft Drinks,Beverage,90,155,17.1,0,1,0,2,0
2024-08-08,Soft Drinks,Beverage,90,157,18.1,0,1,0,3,0
2024-08-09,Soft Drinks,Beverage,90,359,19.0,0,1,1,4,1
2024-08-10,Soft Drinks,Beverage,90,272,18.8,0,1,1,5,0
2024-08-11,Soft Drinks,Beverage,90,232,16.0,0,1,1,6,0
2024-08-12,Soft Drinks,Beverage,90,195,18.5,0,1,0,0,1
2024-08-13,Soft Drinks,Beverage,90,138,18.8,0,1,0,1,0
2024-08-14,Soft Drinks,Beverage,90,190,23.8,0,1,0,2,0
2024-08-15,Soft Drinks,Beverage,90,190,22.3,0,1,0,3,0
2024-08-16,Soft Drinks,Beverage,90,212,16.2,0,1,1,4,0
2024-08-17,Soft Drinks,Beverage,90,331,17.4,0,1,1,5,1
2024-08-18,Soft Drinks,Beverage,90,204,14.8,0,1,1,6,0
2024-08-19,Soft Drinks,Beverage,90,128,16.6,0,1,0,0,0
2024-08-20,Soft Drinks,Beverage,90,142,18.5,0,1,0,1,0
2024-08-21,Soft Drinks,Beverage,90,146,20.4,0,1,0,2,0
2024-08-22,Soft Drinks,Beverage,90,136,16.1,0,1,0,3,0
2024-08-23,Soft Drinks,Beverage,90,220,16.2,0,1,1,4,0
2024-08-24,Soft Drinks,Beverage,90,212,12.8,0,1,1,5,0
2024-08-25,Soft Drinks,Beverage,90,227,17.1,0,1,1,6,0
2024-08-26,Soft Drinks,Beverage,90,191,15.0,1,1,0,0,0
2024-08-27,Soft Drinks,Beverage,90,141,16.1,0,1,0,1,0
2024-08-28,Soft Drinks,Beverage,90,138,15.3,0,1,0,2,0
2024-08-29,Soft Drinks,Beverage,90,157,16.9,0,1,0,3,0
2024-08-30,Soft Drinks,Beverage,90,213,13.2,0,1,1,4,0
2024-08-31,Soft Drinks,Beverage,90,211,13.7,0,1,1,5,0
2024-09-01,Soft Drinks,Beverage,90,312,21.5,0,0,1,6,0
2024-09-02,Soft Drinks,Beverage,90,124,13.9,0,0,0,0,0
2024-09-03,Soft Drinks,Beverage,90,131,14.2,0,0,0,1,0
2024-09-04,Soft Drinks,Beverage,90,182,20.6,0,0,0,2,0
2024-09-05,Soft Drinks,Beverage,90,164,22.8,0,0,0,3,0
2024-09-06,Soft Drinks,Beverage,90,215,13.8,0,0,1,4,0
2024-09-07,Soft Drinks,Beverage,90,238,15.4,0,0,1,5,0
2024-09-08,Soft Drinks,Beverage,90,244,16.9,0,0,1,6,0
2024-09-09,Soft Drinks,Beverage,90,145,19.8,0,0,0,0,0
2024-09-10,Soft Drinks,Beverage,90,121,13.8,0,0,0,1,0
2024-09-11,Soft Drinks,Beverage,90,116,15.3,0,0,0,2,0
2024-09-12,Soft Drinks,Beverage,90,145,17.4,0,0,0,3,0
2024-09-13,Soft Drinks,Beverage,90,224,16.6,0,0,1,4,0
2024-09-14,Soft Drinks,Beverage,90,207,14.7,0,0,1,5,0
2024-09-15,Soft Drinks,Beverage,90,219,15.1,0,0,1,6,0
2024-09-16,Soft Drinks,Beverage,90,97,12.2,0,0,0,0,0
2024-09-17,Soft Drinks,Beverage,90,106,14.6,0,0,0,1,0
2024-09-18,Soft Drinks,Beverage,90,113,14.4,0,0,0,2,0
2024-09-19,Soft Drinks,Beverage,90,122,15.4,0,0,0,3,0
2024-09-20,Soft Drinks,Beverage,90,197,13.6,0,0,1,4,0
2024-09-21,Soft Drinks,Beverage,90,213,15.7,0,0,1,5,0
2024-09-22,Soft Drinks,Beverage,90,237,16.8,0,0,1,6,0
2024-09-23,Soft Drinks,Beverage,90,117,14.8,0,0,0,0,0
2024-09-24,Soft Drinks,Beverage,90,117,15.1,0,0,0,1,0
2024-09-25,Soft Drinks,Beverage,90,124,14.3,0,0,0,2,0
2024-09-26,Soft Drinks,Beverage,90,126,14.0,0,0,0,3,0
2024-09-27,Soft Drinks,Beverage,90,176,12.3,0,0,1,4,0
2024-09-28,Soft Drinks,Beverage,90,201,14.5,0,0,1,5,0
2024-09-29,Soft Drinks,Beverage,90,196,13.4,0,0,1,6,0
2024-09-30,Soft Drinks,Beverage,90,142,18.1,0,0,0,0,0
2024-10-01,Soft Drinks,Beverage,90,136,16.8,0,0,0,1,0
2024-10-02,Soft Drinks,Beverage,90,122,14.1,0,0,0,2,0
2024-10-03,Soft Drinks,Beverage,90,102,11.4,0,0,0,3,0
2024-10-04,Soft Drinks,Beverage,90,167,10.5,0,0,1,4,0
2024-10-05,Soft Drinks,Beverage,90,211,15.5,0,0,1,5,0
2024-10-06,Soft Drinks,Beverage,90,182,13.3,0,0,1,6,0
2024-10-07,Soft Drinks,Beverage,90,92,13.6,0,0,0,0,0
2024-10-08,Soft Drinks,Beverage,90,89,8.6,0,0,0,1,0
2024-10-09,Soft Drinks,Beverage,90,114,14.4,0,0,0,2,0
2024-10-10,Soft Drinks,Beverage,90,161,13.2,0,0,0,3,1
2024-10-11,Soft Drinks,Beverage,90,167,9.6,0,0,1,4,0
2024-10-12,Soft Drinks,Beverage,90,176,10.9,0,0,1,5,0
2024-10-13,Soft Drinks,Beverage,90,159,12.4,0,0,1,6,0
2024-10-14,Soft Drinks,Beverage,90,98,11.8,0,0,0,0,0
2024-10-15,Soft Drinks,Beverage,90,78,10.9,0,0,0,1,0
2024-10-16,Soft Drinks,Beverage,90,96,11.1,0,0,0,2,0
2024-10-17,Soft Drinks,Beverage,90,98,10.7,0,0,0,3,0
2024-10-18,Soft Drinks,Beverage,90,169,11.4,0,0,1,4,0
2024-10-19,Soft Drinks,Beverage,90,181,14.2,0,0,1,5,0
2024-10-20,Soft Drinks,Beverage,90,114,5.2,0,0,1,6,0
2024-10-21,Soft Drinks,Beverage,90,83,10.2,0,0,0,0,0
2024-10-22,Soft Drinks,Beverage,90,90,10.9,0,0,0,1,0
2024-10-23,Soft Drinks,Beverage,90,71,11.0,0,0,0,2,0
2024-10-24,Soft Drinks,Beverage,90,77,9.4,0,0,0,3,0
2024-10-25,Soft Drinks,Beverage,90,112,6.3,0,0,1,4,0
2024-10-26,Soft Drinks,Beverage,90,214,10.7,0,1,1,5,1
2024-10-27,Soft Drinks,Beverage,90,191,13.7,0,1,1,6,0
2024-10-28,Soft Drinks,Beverage,90,68,6.3,0,1,0,0,0
2024-10-29,Soft Drinks,Beverage,90,88,11.5,0,1,0,1,0
2024-10-30,Soft Drinks,Beverage,90,101,8.7,0,1,0,2,0
2024-10-31,Soft Drinks,Beverage,90,91,9.2,0,1,0,3,0
2024-11-01,Soft Drinks,Beverage,90,112,6.9,0,0,1,4,0
2024-11-02,Soft Drinks,Beverage,90,154,8.3,0,0,1,5,0
2024-11-03,Soft Drinks,Beverage,90,140,11.8,0,0,1,6,0
2024-11-04,Soft Drinks,Beverage,90,81,10.1,0,0,0,0,0
2024-11-05,Soft Drinks,Beverage,90,101,12.5,0,0,0,1,0
2024-11-06,Soft Drinks,Beverage,90,117,11.1,0,0,0,2,0
2024-11-07,Soft Drinks,Beverage,90,109,9.3,0,0,0,3,0
2024-11-08,Soft Drinks,Beverage,90,196,12.1,0,0,1,4,0
2024-11-09,Soft Drinks,Beverage,90,140,9.1,0,0,1,5,0
2024-11-10,Soft Drinks,Beverage,90,139,9.8,0,0,1,6,0
2024-11-11,Soft Drinks,Beverage,90,78,7.2,0,0,0,0,0
2024-11-12,Soft Drinks,Beverage,90,86,7.9,0,0,0,1,0
2024-11-13,Soft Drinks,Beverage,90,78,6.1,0,0,0,2,0
2024-11-14,Soft Drinks,Beverage,90,84,9.7,0,0,0,3,0
2024-11-15,Soft Drinks,Beverage,90,96,4.8,0,0,1,4,0
2024-11-16,Soft Drinks,Beverage,90,189,9.0,0,0,1,5,1
2024-11-17,Soft Drinks,Beverage,90,124,6.7,0,0,1,6,0
2024-11-18,Soft Drinks,Beverage,90,82,9.6,0,0,0,0,0
2024-11-19,Soft Drinks,Beverage,90,84,8.5,0,0,0,1,0
2024-11-20,Soft Drinks,Beverage,90,99,10.8,0,0,0,2,0
2024-11-21,Soft Drinks,Beverage,90,76,8.3,0,0,0,3,0
2024-11-22,Soft Drinks,Beverage,90,100,3.1,0,0,1,4,0
2024-11-23,Soft Drinks,Beverage,90,123,6.3,0,0,1,5,0
2024-11-24,Soft Drinks,Beverage,90,112,3.7,0,0,1,6,0
2024-11-25,Soft Drinks,Beverage,90,61,5.1,0,0,0,0,0
2024-11-26,Soft Drinks,Beverage,90,94,9.4,0,0,0,1,0
2024-11-27,Soft Drinks,Beverage,90,85,7.4,0,0,0,2,0
2024-11-28,Soft Drinks,Beverage,90,59,4.3,0,0,0,3,0
2024-11-29,Soft Drinks,Beverage,90,147,3.5,0,0,1,4,1
2024-11-30,Soft Drinks,Beverage,90,134,5.7,0,0,1,5,0
2024-12-01,Soft Drinks,Beverage,90,96,2.9,0,0,1,6,0
2024-12-02,Soft Drinks,Beverage,90,62,4.0,0,0,0,0,0
2024-12-03,Soft Drinks,Beverage,90,68,6.1,0,0,0,1,0
2024-12-04,Soft Drinks,Beverage,90,106,7.8,0,0,0,2,0
2024-12-05,Soft Drinks,Beverage,90,86,6.5,0,0,0,3,0
2024-12-06,Soft Drinks,Beverage,90,77,0.0,0,0,1,4,0
2024-12-07,Soft Drinks,Beverage,90,126,5.7,0,0,1,5,0
2024-12-08,Soft Drinks,Beverage,90,129,5.1,0,0,1,6,0
2024-12-09,Soft Drinks,Beverage,90,89,5.7,0,0,0,0,1
2024-12-10,Soft Drinks,Beverage,90,102,8.3,0,0,0,1,1
2024-12-11,Soft Drinks,Beverage,90,34,0.1,0,0,0,2,0
2024-12-12,Soft Drinks,Beverage,90,60,3.3,0,0,0,3,0
2024-12-13,Soft Drinks,Beverage,90,127,5.8,0,0,1,4,0
2024-12-14,Soft Drinks,Beverage,90,62,0.9,0,0,1,5,0
2024-12-15,Soft Drinks,Beverage,90,135,7.6,0,0,1,6,0
2024-12-16,Soft Drinks,Beverage,90,79,5.1,0,0,0,0,0
2024-12-17,Soft Drinks,Beverage,90,70,6.0,0,0,0,1,0
2024-12-18,Soft Drinks,Beverage,90,51,2.9,0,0,0,2,0
2024-12-19,Soft Drinks,Beverage,90,87,5.8,0,0,0,3,0
2024-12-20,Soft Drinks,Beverage,90,112,6.3,0,1,1,4,0
2024-12-21,Soft Drinks,Beverage,90,110,4.4,0,1,1,5,0
2024-12-22,Soft Drinks,Beverage,90,114,4.4,0,1,1,6,0
2024-12-23,Soft Drinks,Beverage,90,57,4.4,0,1,0,0,0
2024-12-24,Soft Drinks,Beverage,90,64,1.8,0,1,0,1,0
2024-12-25,Soft Drinks,Beverage,90,0,3.3,1,1,0,2,0
2024-12-26,Soft Drinks,Beverage,90,102,3.3,1,1,0,3,0
2024-12-27,Soft Drinks,Beverage,90,105,4.4,0,1,1,4,0
2024-12-28,Soft Drinks,Beverage,90,126,5.7,0,1,1,5,0
2024-12-29,Soft Drinks,Beverage,90,91,1.1,0,1,1,6,0
2024-12-30,Soft Drinks,Beverage,90,79,3.1,0,1,0,0,1
2024-12-31,Soft Drinks,Beverage,90,91,6.6,0,1,0,1,1
2025-01-01,Soft Drinks,Beverage,90,76,1.7,1,1,0,2,0
2025-01-02,Soft Drinks,Beverage,90,43,1.5,0,1,0,3,0
2025-01-03,Soft Drinks,Beverage,90,98,3.7,0,0,1,4,0
2025-01-04,Soft Drinks,Beverage,90,129,5.1,0,0,1,5,0
2025-01-05,Soft Drinks,Beverage,90,108,3.2,0,0,1,6,0
2025-01-06,Soft Drinks,Beverage,90,74,6.1,0,0,0,0,0
2025-01-07,Soft Drinks,Beverage,90,87,5.0,0,0,0,1,1
2025-01-08,Soft Drinks,Beverage,90,79,5.0,0,0,0,2,0
2025-01-09,Soft Drinks,Beverage,90,57,4.3,0,0,0,3,0
2025-01-10,Soft Drinks,Beverage,90,148,8.2,0,0,1,4,0
2025-01-11,Soft Drinks,Beverage,90,136,2.6,0,0,1,5,1
2025-01-12,Soft Drinks,Beverage,90,75,-1.4,0,0,1,6,1
2025-01-13,Soft Drinks,Beverage,90,74,6.6,0,0,0,0,0
2025-01-14,Soft Drinks,Beverage,90,45,2.0,0,0,0,1,0
2025-01-15,Soft Drinks,Beverage,90,69,3.3,0,0,0,2,0
2025-01-16,Soft Drinks,Beverage,90,73,5.9,0,0,0,3,0
2025-01-17,Soft Drinks,Beverage,90,74,-0.5,0,0,1,4,0
2025-01-18,Soft Drinks,Beverage,90,69,0.2,0,0,1,5,0
2025-01-19,Soft Drinks,Beverage,90,71,-0.5,0,0,1,6,0
2025-01-20,Soft Drinks,Beverage,90,39,1.3,0,0,0,0,0
2025-01-21,Soft Drinks,Beverage,90,61,4.0,0,0,0,1,0
2025-01-22,Soft Drinks,Beverage,90,66,4.2,0,0,0,2,0
2025-01-23,Soft Drinks,Beverage,90,61,3.6,0,0,0,3,0
2025-01-24,Soft Drinks,Beverage,90,86,-0.1,0,0,1,4,0
2025-01-25,Soft Drinks,Beverage,90,66,-2.0,0,0,1,5,0
2025-01-26,Soft Drinks,Beverage,90,110,3.2,0,0,1,6,0
2025-01-27,Soft Drinks,Beverage,90,46,2.0,0,0,0,0,0
2025-01-28,Soft Drinks,Beverage,90,60,4.1,0,0,0,1,0
2025-01-29,Soft Drinks,Beverage,90,99,4.7,0,0,0,2,1
2025-01-30,Soft Drinks,Beverage,90,61,3.5,0,0,0,3,0
2025-01-31,Soft Drinks,Beverage,90,178,4.9,0,0,1,4,1
2025-02-01,Soft Drinks,Beverage,90,101,3.7,0,0,1,5,0
2025-02-02,Soft Drinks,Beverage,90,165,4.4,0,0,1,6,1
2025-02-03,Soft Drinks,Beverage,90,46,1.7,0,0,0,0,0
2025-02-04,Soft Drinks,Beverage,90,60,2.9,0,0,0,1,0
2025-02-05,Soft Drinks,Beverage,90,78,3.8,0,0,0,2,0
2025-02-06,Soft Drinks,Beverage,90,61,5.2,0,0,0,3,0
2025-02-07,Soft Drinks,Beverage,90,109,2.6,0,0,1,4,0
2025-02-08,Soft Drinks,Beverage,90,126,4.6,0,0,1,5,0
2025-02-09,Soft Drinks,Beverage,90,108,2.9,0,0,1,6,0
2025-02-10,Soft Drinks,Beverage,90,68,3.3,0,0,0,0,0
2025-02-11,Soft Drinks,Beverage,90,103,5.5,0,0,0,1,1
2025-02-12,Soft Drinks,Beverage,90,37,-0.7,0,1,0,2,0
2025-02-13,Soft Drinks,Beverage,90,80,0.9,0,1,0,3,1
2025-02-14,Soft Drinks,Beverage,90,68,0.5,0,1,1,4,0
2025-02-15,Soft Drinks,Beverage,90,73,-1.3,0,1,1,5,0
2025-02-16,Soft Drinks,Beverage,90,115,2.4,0,1,1,6,0
2025-02-17,Soft Drinks,Beverage,90,83,5.6,0,1,0,0,0
2025-02-18,Soft Drinks,Beverage,90,47,3.4,0,1,0,1,0
2025-02-19,Soft Drinks,Beverage,90,70,4.6,0,0,0,2,0
2025-02-20,Soft Drinks,Beverage,90,82,6.6,0,0,0,3,0
2025-02-21,Soft Drinks,Beverage,90,146,7.2,0,0,1,4,0
2025-02-22,Soft Drinks,Beverage,90,108,4.2,0,0,1,5,0
2025-02-23,Soft Drinks,Beverage,90,150,7.4,0,0,1,6,0
2025-02-24,Soft Drinks,Beverage,90,67,4.7,0,0,0,0,0
2025-02-25,Soft Drinks,Beverage,90,62,2.7,0,0,0,1,0
2025-02-26,Soft Drinks,Beverage,90,70,3.4,0,0,0,2,0
2025-02-27,Soft Drinks,Beverage,90,60,1.5,0,0,0,3,0
2025-02-28,Soft Drinks,Beverage,90,107,2.9,0,0,1,4,0
2025-03-01,Soft Drinks,Beverage,90,102,4.1,0,0,1,5,0
2025-03-02,Soft Drinks,Beverage,90,141,6.8,0,0,1,6,0
2025-03-03,Soft Drinks,Beverage,90,87,8.9,0,0,0,0,0
2025-03-04,Soft Drinks,Beverage,90,57,2.2,0,0,0,1,0
2025-03-05,Soft Drinks,Beverage,90,86,6.2,0,0,0,2,0
2025-03-06,Soft Drinks,Beverage,90,82,3.1,0,0,0,3,0
2025-03-07,Soft Drinks,Beverage,90,141,6.6,0,0,1,4,0
2025-03-08,Soft Drinks,Beverage,90,142,5.3,0,0,1,5,0
2025-03-09,Soft Drinks,Beverage,90,109,1.7,0,0,1,6,0
2025-03-10,Soft Drinks,Beverage,90,88,7.9,0,0,0,0,0
2025-03-11,Soft Drinks,Beverage,90,73,4.6,0,0,0,1,0
2025-03-12,Soft Drinks,Beverage,90,91,4.9,0,0,0,2,0
2025-03-13,Soft Drinks,Beverage,90,82,3.8,0,0,0,3,0
2025-03-14,Soft Drinks,Beverage,90,175,4.8,0,0,1,4,1
2025-03-15,Soft Drinks,Beverage,90,152,7.3,0,0,1,5,0
2025-03-16,Soft Drinks,Beverage,90,138,6.1,0,0,1,6,0
2025-03-17,Soft Drinks,Beverage,90,104,7.3,0,0,0,0,0
2025-03-18,Soft Drinks,Beverage,90,90,7.5,0,0,0,1,0
2025-03-19,Soft Drinks,Beverage,90,116,9.7,0,0,0,2,0
2025-03-20,Soft Drinks,Beverage,90,96,6.2,0,0,0,3,0
2025-03-21,Soft Drinks,Beverage,90,124,3.8,0,0,1,4,0
2025-03-22,Soft Drinks,Beverage,90,197,9.5,0,0,1,5,0
2025-03-23,Soft Drinks,Beverage,90,150,6.6,0,0,1,6,0
2025-03-24,Soft Drinks,Beverage,90,107,9.9,0,0,0,0,0
2025-03-25,Soft Drinks,Beverage,90,99,8.4,0,0,0,1,0
2025-03-26,Soft Drinks,Beverage,90,94,7.4,0,0,0,2,0
2025-03-27,Soft Drinks,Beverage,90,132,8.6,0,0,0,3,0
2025-03-28,Soft Drinks,Beverage,90,231,12.2,0,0,1,4,0
2025-03-29,Soft Drinks,Beverage,90,205,12.6,0,0,1,5,0
2025-03-30,Soft Drinks,Beverage,90,197,8.3,0,0,1,6,0
2025-03-31,Soft Drinks,Beverage,90,109,8.7,0,0,0,0,0
2025-04-01,Soft Drinks,Beverage,90,160,10.8,0,1,0,1,1
2025-04-02,Soft Drinks,Beverage,90,103,6.7,0,1,0,2,0
2025-04-03,Soft Drinks,Beverage,90,107,9.4,0,1,0,3,0
2025-04-04,Soft Drinks,Beverage,90,186,8.8,0,1,1,4,0
2025-04-05,Soft Drinks,Beverage,90,190,9.6,0,1,1,5,0
2025-04-06,Soft Drinks,Beverage,90,165,7.3,0,1,1,6,0
2025-04-07,Soft Drinks,Beverage,90,72,5.7,0,1,0,0,0
2025-04-08,Soft Drinks,Beverage,90,83,4.8,0,1,0,1,0
2025-04-09,Soft Drinks,Beverage,90,111,7.0,0,1,0,2,0
2025-04-10,Soft Drinks,Beverage,90,120,8.6,0,1,0,3,0
2025-04-11,Soft Drinks,Beverage,90,164,9.1,0,1,1,4,0
2025-04-12,Soft Drinks,Beverage,90,231,14.2,0,1,1,5,0
2025-04-13,Soft Drinks,Beverage,90,234,12.5,0,1,1,6,0
2025-04-14,Soft Drinks,Beverage,90,96,8.1,0,1,0,0,0
2025-04-15,Soft Drinks,Beverage,90,126,11.1,0,0,0,1,0
2025-04-16,Soft Drinks,Beverage,90,116,9.6,0,0,0,2,0
2025-04-17,Soft Drinks,Beverage,90,120,10.0,0,0,0,3,0
2025-04-18,Soft Drinks,Beverage,90,326,11.1,1,0,1,4,0
2025-04-19,Soft Drinks,Beverage,90,206,12.2,0,0,1,5,0
2025-04-20,Soft Drinks,Beverage,90,241,10.3,0,0,1,6,0
2025-04-21,Soft Drinks,Beverage,90,202,13.5,1,0,0,0,0
2025-04-22,Soft Drinks,Beverage,90,99,8.8,0,0,0,1,0
2025-04-23,Soft Drinks,Beverage,90,126,11.4,0,0,0,2,0
2025-04-24,Soft Drinks,Beverage,90,185,17.3,0,0,0,3,0
2025-04-25,Soft Drinks,Beverage,90,232,12.2,0,0,1,4,0
2025-04-26,Soft Drinks,Beverage,90,251,15.0,0,0,1,5,0
2025-04-27,Soft Drinks,Beverage,90,313,12.2,0,0,1,6,1
2025-04-28,Soft Drinks,Beverage,90,140,13.4,0,0,0,0,0
2025-04-29,Soft Drinks,Beverage,90,166,12.1,0,0,0,1,1
2025-04-30,Soft Drinks,Beverage,90,136,12.0,0,0,0,2,0
2025-05-01,Soft Drinks,Beverage,90,116,10.8,0,0,0,3,0
2025-05-02,Soft Drinks,Beverage,90,314,13.6,0,0,1,4,1
2025-05-03,Soft Drinks,Beverage,90,219,10.9,0,0,1,5,0
2025-05-04,Soft Drinks,Beverage,90,243,14.4,0,0,1,6,0
2025-05-05,Soft Drinks,Beverage,90,211,15.4,1,0,0,0,0
2025-05-06,Soft Drinks,Beverage,90,137,14.0,0,0,0,1,0
2025-05-07,Soft Drinks,Beverage,90,130,12.7,0,0,0,2,0
2025-05-08,Soft Drinks,Beverage,90,167,14.4,0,0,0,3,0
2025-05-09,Soft Drinks,Beverage,90,249,12.9,0,0,1,4,0
2025-05-10,Soft Drinks,Beverage,90,273,15.8,0,0,1,5,0
2025-05-11,Soft Drinks,Beverage,90,197,9.8,0,0,1,6,0
2025-05-12,Soft Drinks,Beverage,90,131,13.2,0,0,0,0,0
2025-05-13,Soft Drinks,Beverage,90,121,9.7,0,0,0,1,0
2025-05-14,Soft Drinks,Beverage,90,121,10.9,0,0,0,2,0
2025-05-15,Soft Drinks,Beverage,90,181,17.3,0,0,0,3,0
2025-05-16,Soft Drinks,Beverage,90,268,16.4,0,0,1,4,0
2025-05-17,Soft Drinks,Beverage,90,214,13.0,0,0,1,5,0
2025-05-18,Soft Drinks,Beverage,90,237,11.4,0,0,1,6,0
2025-05-19,Soft Drinks,Beverage,90,97,8.3,0,0,0,0,0
2025-05-20,Soft Drinks,Beverage,90,118,13.8,0,0,0,1,0
2025-05-21,Soft Drinks,Beverage,90,199,20.4,0,0,0,2,0
2025-05-22,Soft Drinks,Beverage,90,181,16.1,0,0,0,3,0
2025-05-23,Soft Drinks,Beverage,90,230,14.1,0,0,1,4,0
2025-05-24,Soft Drinks,Beverage,90,311,16.4,0,0,1,5,0
2025-05-25,Soft Drinks,Beverage,90,245,12.1,0,0,1,6,0
2025-05-26,Soft Drinks,Beverage,90,229,15.0,1,1,0,0,0
2025-05-27,Soft Drinks,Beverage,90,157,16.0,0,1,0,1,0
2025-05-28,Soft Drinks,Beverage,90,169,15.7,0,1,0,2,0
2025-05-29,Soft Drinks,Beverage,90,187,17.7,0,1,0,3,0
2025-05-30,Soft Drinks,Beverage,90,251,16.8,0,1,1,4,0
2025-05-31,Soft Drinks,Beverage,90,272,17.7,0,1,1,5,0
2025-06-01,Soft Drinks,Beverage,90,236,14.8,0,0,1,6,0
2025-06-02,Soft Drinks,Beverage,90,164,18.4,0,0,0,0,0
2025-06-03,Soft Drinks,Beverage,90,185,20.1,0,0,0,1,0
2025-06-04,Soft Drinks,Beverage,90,166,14.5,0,0,0,2,0
2025-06-05,Soft Drinks,Beverage,90,152,14.7,0,0,0,3,0
2025-06-06,Soft Drinks,Beverage,90,346,19.7,0,0,1,4,0
2025-06-07,Soft Drinks,Beverage,90,334,16.5,0,0,1,5,1
2025-06-08,Soft Drinks,Beverage,90,416,20.1,0,0,1,6,1
2025-06-09,Soft Drinks,Beverage,90,148,16.1,0,0,0,0,0
2025-06-10,Soft Drinks,Beverage,90,186,20.4,0,0,0,1,0
2025-06-11,Soft Drinks,Beverage,90,193,17.5,0,0,0,2,0
2025-06-12,Soft Drinks,Beverage,90,208,17.9,0,0,0,3,0
2025-06-13,Soft Drinks,Beverage,90,326,20.9,0,0,1,4,0
2025-06-14,Soft Drinks,Beverage,90,421,16.7,0,0,1,5,1
2025-06-15,Soft Drinks,Beverage,90,283,15.5,0,0,1,6,0
2025-06-16,Soft Drinks,Beverage,90,164,16.7,0,0,0,0,0
2025-06-17,Soft Drinks,Beverage,90,174,18.7,0,0,0,1,0
2025-06-18,Soft Drinks,Beverage,90,152,14.4,0,0,0,2,0
2025-06-19,Soft Drinks,Beverage,90,177,19.3,0,0,0,3,0
2025-06-20,Soft Drinks,Beverage,90,386,16.8,0,0,1,4,1
2025-06-21,Soft Drinks,Beverage,90,347,20.5,0,0,1,5,0
2025-06-22,Soft Drinks,Beverage,90,199,12.8,0,0,1,6,0
2025-06-23,Soft Drinks,Beverage,90,168,16.4,0,0,0,0,0
2025-06-24,Soft Drinks,Beverage,90,155,14.5,0,0,0,1,0
2025-06-25,Soft Drinks,Beverage,90,192,16.4,0,0,0,2,0
2025-06-26,Soft Drinks,Beverage,90,247,18.9,0,0,0,3,1
2025-06-27,Soft Drinks,Beverage,90,304,18.0,0,0,1,4,0
2025-06-28,Soft Drinks,Beverage,90,261,17.9,0,0,1,5,0
2025-06-29,Soft Drinks,Beverage,90,329,18.1,0,0,1,6,0
2025-06-30,Soft Drinks,Beverage,90,152,19.0,0,0,0,0,0
2025-07-01,Soft Drinks,Beverage,90,134,16.3,0,1,0,1,0
2025-07-02,Soft Drinks,Beverage,90,187,20.2,0,1,0,2,0
2025-07-03,Soft Drinks,Beverage,90,253,20.1,0,1,0,3,1
2025-07-04,Soft Drinks,Beverage,90,293,19.5,0,1,1,4,0
2025-07-05,Soft Drinks,Beverage,90,310,19.9,0,1,1,5,0
2025-07-06,Soft Drinks,Beverage,90,320,19.4,0,1,1,6,0
2025-07-07,Soft Drinks,Beverage,90,203,23.3,0,1,0,0,0
2025-07-08,Soft Drinks,Beverage,90,171,18.6,0,1,0,1,0
2025-07-09,Soft Drinks,Beverage,90,152,18.2,0,1,0,2,0
2025-07-10,Soft Drinks,Beverage,90,165,17.2,0,1,0,3,0
2025-07-11,Soft Drinks,Beverage,90,305,16.6,0,1,1,4,0
2025-07-12,Soft Drinks,Beverage,90,268,16.2,0,1,1,5,0
2025-07-13,Soft Drinks,Beverage,90,314,17.0,0,1,1,6,0
2025-07-14,Soft Drinks,Beverage,90,134,18.8,0,1,0,0,0
2025-07-15,Soft Drinks,Beverage,90,159,19.7,0,1,0,1,0
2025-07-16,Soft Drinks,Beverage,90,171,19.1,0,1,0,2,0
2025-07-17,Soft Drinks,Beverage,90,147,17.3,0,1,0,3,0
2025-07-18,Soft Drinks,Beverage,90,332,21.0,0,1,1,4,0
2025-07-19,Soft Drinks,Beverage,90,315,20.6,0,1,1,5,0
2025-07-20,Soft Drinks,Beverage,90,259,18.6,0,1,1,6,0
2025-07-21,Soft Drinks,Beverage,90,152,17.6,0,1,0,0,0
2025-07-22,Soft Drinks,Beverage,90,164,20.2,0,1,0,1,0
2025-07-23,Soft Drinks,Beverage,90,164,19.4,0,1,0,2,0
2025-07-24,Soft Drinks,Beverage,90,165,15.8,0,1,0,3,0
2025-07-25,Soft Drinks,Beverage,90,376,18.8,0,1,1,4,1
2025-07-26,Soft Drinks,Beverage,90,311,19.5,0,1,1,5,0
2025-07-27,Soft Drinks,Beverage,90,235,17.0,0,1,1,6,0
2025-07-28,Soft Drinks,Beverage,90,171,19.3,0,1,0,0,0
2025-07-29,Soft Drinks,Beverage,90,130,15.7,0,1,0,1,0
2025-07-30,Soft Drinks,Beverage,90,204,21.8,0,1,0,2,0
2025-07-31,Soft Drinks,Beverage,90,203,21.6,0,1,0,3,0
2025-08-01,Soft Drinks,Beverage,90,302,18.3,0,1,1,4,0
2025-08-02,Soft Drinks,Beverage,90,317,19.6,0,1,1,5,0
2025-08-03,Soft Drinks,Beverage,90,207,13.5,0,1,1,6,0
2025-08-04,Soft Drinks,Beverage,90,200,16.2,0,1,0,0,1
2025-08-05,Soft Drinks,Beverage,90,216,18.1,0,1,0,1,1
2025-08-06,Soft Drinks,Beverage,90,145,16.3,0,1,0,2,0
2025-08-07,Soft Drinks,Beverage,90,191,20.2,0,1,0,3,0
2025-08-08,Soft Drinks,Beverage,90,330,23.0,0,1,1,4,0
2025-08-09,Soft Drinks,Beverage,90,261,16.0,0,1,1,5,0
2025-08-10,Soft Drinks,Beverage,90,258,16.7,0,1,1,6,0
2025-08-11,Soft Drinks,Beverage,90,158,19.0,0,1,0,0,0
2025-08-12,Soft Drinks,Beverage,90,242,21.9,0,1,0,1,1
2025-08-13,Soft Drinks,Beverage,90,167,15.7,0,1,0,2,0
2025-08-14,Soft Drinks,Beverage,90,173,18.8,0,1,0,3,0
2025-08-15,Soft Drinks,Beverage,90,320,22.2,0,1,1,4,0
2025-08-16,Soft Drinks,Beverage,90,191,14.5,0,1,1,5,0
2025-08-17,Soft Drinks,Beverage,90,241,15.3,0,1,1,6,0
2025-08-18,Soft Drinks,Beverage,90,148,17.1,0,1,0,0,0
2025-08-19,Soft Drinks,Beverage,90,153,16.8,0,1,0,1,0
2025-08-20,Soft Drinks,Beverage,90,174,19.7,0,1,0,2,0
2025-08-21,Soft Drinks,Beverage,90,162,18.4,0,1,0,3,0
2025-08-22,Soft Drinks,Beverage,90,218,13.9,0,1,1,4,0
2025-08-23,Soft Drinks,Beverage,90,281,18.8,0,1,1,5,0
2025-08-24,Soft Drinks,Beverage,90,266,16.3,0,1,1,6,0
2025-08-25,Soft Drinks,Beverage,90,228,20.3,1,1,0,0,0
2025-08-26,Soft Drinks,Beverage,90,150,16.1,0,1,0,1,0
2025-08-27,Soft Drinks,Beverage,90,144,16.0,0,1,0,2,0
2025-08-28,Soft Drinks,Beverage,90,173,18.5,0,1,0,3,0
2025-08-29,Soft Drinks,Beverage,90,251,18.9,0,1,1,4,0
2025-08-30,Soft Drinks,Beverage,90,272,18.1,0,1,1,5,0
2025-08-31,Soft Drinks,Beverage,90,220,13.3,0,1,1,6,0
2025-09-01,Soft Drinks,Beverage,90,142,18.1,0,0,0,0,0
2025-09-02,Soft Drinks,Beverage,90,111,14.6,0,0,0,1,0
2025-09-03,Soft Drinks,Beverage,90,173,17.3,0,0,0,2,0
2025-09-04,Soft Drinks,Beverage,90,161,13.5,0,0,0,3,0
2025-09-05,Soft Drinks,Beverage,90,332,17.5,0,0,1,4,1
2025-09-06,Soft Drinks,Beverage,90,239,14.7,0,0,1,5,0
2025-09-07,Soft Drinks,Beverage,90,262,13.5,0,0,1,6,1
2025-09-08,Soft Drinks,Beverage,90,135,17.8,0,0,0,0,0
2025-09-09,Soft Drinks,Beverage,90,148,16.7,0,0,0,1,0
2025-09-10,Soft Drinks,Beverage,90,151,14.7,0,0,0,2,0
2025-09-11,Soft Drinks,Beverage,90,179,19.1,0,0,0,3,0
2025-09-12,Soft Drinks,Beverage,90,219,14.9,0,0,1,4,0
2025-09-13,Soft Drinks,Beverage,90,229,15.8,0,0,1,5,0
2025-09-14,Soft Drinks,Beverage,90,232,16.2,0,0,1,6,0
2025-09-15,Soft Drinks,Beverage,90,115,14.1,0,0,0,0,0
2025-09-16,Soft Drinks,Beverage,90,123,16.4,0,0,0,1,0
2025-09-17,Soft Drinks,Beverage,90,104,14.1,0,0,0,2,0
2025-09-18,Soft Drinks,Beverage,90,141,14.2,0,0,0,3,0
2025-09-19,Soft Drinks,Beverage,90,258,18.0,0,0,1,4,0
2025-09-20,Soft Drinks,Beverage,90,239,12.6,0,0,1,5,0
2025-09-21,Soft Drinks,Beverage,90,161,9.5,0,0,1,6,0
2025-09-22,Soft Drinks,Beverage,90,150,18.2,0,0,0,0,0
2025-09-23,Soft Drinks,Beverage,90,151,20.1,0,0,0,1,0
2025-09-24,Soft Drinks,Beverage,90,115,13.5,0,0,0,2,0
2025-09-25,Soft Drinks,Beverage,90,118,10.0,0,0,0,3,0
2025-09-26,Soft Drinks,Beverage,90,183,13.5,0,0,1,4,0
2025-09-27,Soft Drinks,Beverage,90,194,13.4,0,0,1,5,0
2025-09-28,Soft Drinks,Beverage,90,210,13.5,0,0,1,6,0
2025-09-29,Soft Drinks,Beverage,90,101,11.3,0,0,0,0,0
2025-09-30,Soft Drinks,Beverage,90,127,14.9,0,0,0,1,0
2025-10-01,Soft Drinks,Beverage,90,152,14.7,0,0,0,2,0
2025-10-02,Soft Drinks,Beverage,90,101,10.1,0,0,0,3,0
2025-10-03,Soft Drinks,Beverage,90,222,14.8,0,0,1,4,0
2025-10-04,Soft Drinks,Beverage,90,235,17.6,0,0,1,5,0
2025-10-05,Soft Drinks,Beverage,90,196,13.4,0,0,1,6,0
2025-10-06,Soft Drinks,Beverage,90,118,12.1,0,0,0,0,0
2025-10-07,Soft Drinks,Beverage,90,98,12.4,0,0,0,1,0
2025-10-08,Soft Drinks,Beverage,90,99,13.9,0,0,0,2,0
2025-10-09,Soft Drinks,Beverage,90,92,8.6,0,0,0,3,0
2025-10-10,Soft Drinks,Beverage,90,207,12.7,0,0,1,4,0
2025-10-11,Soft Drinks,Beverage,90,189,11.3,0,0,1,5,0
2025-10-12,Soft Drinks,Beverage,90,228,16.1,0,0,1,6,0
2025-10-13,Soft Drinks,Beverage,90,94,11.5,0,0,0,0,0
2025-10-14,Soft Drinks,Beverage,90,124,15.4,0,0,0,1,0
2025-10-15,Soft Drinks,Beverage,90,80,9.2,0,0,0,2,0
2025-10-16,Soft Drinks,Beverage,90,124,12.8,0,0,0,3,0
2025-10-17,Soft Drinks,Beverage,90,184,12.1,0,0,1,4,0
2025-10-18,Soft Drinks,Beverage,90,174,9.3,0,0,1,5,0
2025-10-19,Soft Drinks,Beverage,90,188,11.5,0,0,1,6,0
2025-10-20,Soft Drinks,Beverage,90,98,13.6,0,0,0,0,0
2025-10-21,Soft Drinks,Beverage,90,88,10.1,0,0,0,1,0
2025-10-22,Soft Drinks,Beverage,90,110,7.0,0,0,0,2,1
2025-10-23,Soft Drinks,Beverage,90,103,10.5,0,0,0,3,0
2025-10-24,Soft Drinks,Beverage,90,149,8.4,0,0,1,4,0
2025-10-25,Soft Drinks,Beverage,90,124,9.5,0,0,1,5,0
2025-10-26,Soft Drinks,Beverage,90,166,9.9,0,1,1,6,0
2025-10-27,Soft Drinks,Beverage,90,76,6.2,0,1,0,0,0
2025-10-28,Soft Drinks,Beverage,90,73,6.3,0,1,0,1,0
2025-10-29,Soft Drinks,Beverage,90,112,10.8,0,1,0,2,0
2025-10-30,Soft Drinks,Beverage,90,87,8.4,0,1,0,3,0
2025-10-31,Soft Drinks,Beverage,90,92,3.8,0,1,1,4,0
2025-11-01,Soft Drinks,Beverage,90,155,11.0,0,0,1,5,0
2025-11-02,Soft Drinks,Beverage,90,143,9.8,0,0,1,6,0
2025-11-03,Soft Drinks,Beverage,90,83,7.5,0,0,0,0,0
2025-11-04,Soft Drinks,Beverage,90,67,6.0,0,0,0,1,0
2025-11-05,Soft Drinks,Beverage,90,111,10.6,0,0,0,2,0
2025-11-06,Soft Drinks,Beverage,90,100,9.4,0,0,0,3,0
2025-11-07,Soft Drinks,Beverage,90,195,13.8,0,0,1,4,0
2025-11-08,Soft Drinks,Beverage,90,158,9.3,0,0,1,5,0
2025-11-09,Soft Drinks,Beverage,90,148,9.1,0,0,1,6,0
2025-11-10,Soft Drinks,Beverage,90,83,7.8,0,0,0,0,0
2025-11-11,Soft Drinks,Beverage,90,83,9.8,0,0,0,1,0
2025-11-12,Soft Drinks,Beverage,90,114,9.2,0,0,0,2,0
2025-11-13,Soft Drinks,Beverage,90,113,10.5,0,0,0,3,0
2025-11-14,Soft Drinks,Beverage,90,127,6.5,0,0,1,4,0
2025-11-15,Soft Drinks,Beverage,90,147,6.5,0,0,1,5,0
2025-11-16,Soft Drinks,Beverage,90,139,6.3,0,0,1,6,0
2025-11-17,Soft Drinks,Beverage,90,81,9.0,0,0,0,0,0
2025-11-18,Soft Drinks,Beverage,90,81,10.4,0,0,0,1,0
2025-11-19,Soft Drinks,Beverage,90,83,6.0,0,0,0,2,0
2025-11-20,Soft Drinks,Beverage,90,72,6.0,0,0,0,3,0
2025-11-21,Soft Drinks,Beverage,90,155,7.5,0,0,1,4,0
2025-11-22,Soft Drinks,Beverage,90,139,6.1,0,0,1,5,0
2025-11-23,Soft Drinks,Beverage,90,133,8.6,0,0,1,6,0
2025-11-24,Soft Drinks,Beverage,90,52,1.5,0,0,0,0,0
2025-11-25,Soft Drinks,Beverage,90,55,4.5,0,0,0,1,0
2025-11-26,Soft Drinks,Beverage,90,54,4.5,0,0,0,2,0
2025-11-27,Soft Drinks,Beverage,90,49,1.0,0,0,0,3,0
2025-11-28,Soft Drinks,Beverage,90,137,3.9,0,0,1,4,1
2025-11-29,Soft Drinks,Beverage,90,115,3.9,0,0,1,5,0
2025-11-30,Soft Drinks,Beverage,90,131,5.3,0,0,1,6,0
2025-12-01,Soft Drinks,Beverage,90,77,8.1,0,0,0,0,0
2025-12-02,Soft Drinks,Beverage,90,52,5.0,0,0,0,1,0
2025-12-03,Soft Drinks,Beverage,90,49,3.2,0,0,0,2,0
2025-12-04,Soft Drinks,Beverage,90,109,5.2,0,0,0,3,1
2025-12-05,Soft Drinks,Beverage,90,154,7.6,0,0,1,4,0
2025-12-06,Soft Drinks,Beverage,90,94,3.0,0,0,1,5,0
2025-12-07,Soft Drinks,Beverage,90,86,3.1,0,0,1,6,0
2025-12-08,Soft Drinks,Beverage,90,56,6.2,0,0,0,0,0
2025-12-09,Soft Drinks,Beverage,90,68,4.4,0,0,0,1,0
2025-12-10,Soft Drinks,Beverage,90,85,6.2,0,0,0,2,0
2025-12-11,Soft Drinks,Beverage,90,82,4.7,0,0,0,3,0
2025-12-12,Soft Drinks,Beverage,90,141,6.2,0,0,1,4,0
2025-12-13,Soft Drinks,Beverage,90,103,2.3,0,0,1,5,0
2025-12-14,Soft Drinks,Beverage,90,110,4.5,0,0,1,6,0
2025-12-15,Soft Drinks,Beverage,90,47,3.9,0,0,0,0,0
2025-12-16,Soft Drinks,Beverage,90,45,1.7,0,0,0,1,0
2025-12-17,Soft Drinks,Beverage,90,64,0.8,0,0,0,2,0
2025-12-18,Soft Drinks,Beverage,90,79,5.7,0,0,0,3,0
2025-12-19,Soft Drinks,Beverage,90,111,3.3,0,0,1,4,0
2025-12-20,Soft Drinks,Beverage,90,80,1.8,0,1,1,5,0
2025-12-21,Soft Drinks,Beverage,90,126,3.8,0,1,1,6,0
2025-12-22,Soft Drinks,Beverage,90,75,6.4,0,1,0,0,0
2025-12-23,Soft Drinks,Beverage,90,45,-1.2,0,1,0,1,0
2025-12-24,Soft Drinks,Beverage,90,58,0.5,0,1,0,2,0
2025-12-25,Soft Drinks,Beverage,90,0,1.7,1,1,0,3,0
2025-12-26,Soft Drinks,Beverage,90,194,6.9,1,1,1,4,0
2025-12-27,Soft Drinks,Beverage,90,128,4.2,0,1,1,5,0
2025-12-28,Soft Drinks,Beverage,90,123,5.3,0,1,1,6,0
2025-12-29,Soft Drinks,Beverage,90,54,1.0,0,1,0,0,0
2025-12-30,Soft Drinks,Beverage,90,49,1.0,0,1,0,1,0
2025-12-31,Soft Drinks,Beverage,90,82,4.4,0,1,0,2,0
2024-01-01,Coffee Beans,Beverage,120,49,4.0,1,1,0,0,0
2024-01-02,Coffee Beans,Beverage,120,42,1.0,0,1,0,1,0
2024-01-03,Coffee Beans,Beverage,120,40,4.9,0,0,0,2,0
2024-01-04,Coffee Beans,Beverage,120,56,5.3,0,0,0,3,0
2024-01-05,Coffee Beans,Beverage,120,66,-1.1,0,0,1,4,0
2024-01-06,Coffee Beans,Beverage,120,43,0.3,0,0,1,5,0
2024-01-07,Coffee Beans,Beverage,120,50,3.4,0,0,1,6,0
2024-01-08,Coffee Beans,Beverage,120,50,2.4,0,0,0,0,0
2024-01-09,Coffee Beans,Beverage,120,57,3.1,0,0,0,1,1
2024-01-10,Coffee Beans,Beverage,120,46,1.2,0,0,0,2,0
2024-01-11,Coffee Beans,Beverage,120,51,5.0,0,0,0,3,0
2024-01-12,Coffee Beans,Beverage,120,53,4.8,0,0,1,4,0
2024-01-13,Coffee Beans,Beverage,120,55,3.2,0,0,1,5,0
2024-01-14,Coffee Beans,Beverage,120,54,5.5,0,0,1,6,0
2024-01-15,Coffee Beans,Beverage,120,59,4.0,0,0,0,0,0
2024-01-16,Coffee Beans,Beverage,120,56,1.1,0,0,0,1,0
2024-01-17,Coffee Beans,Beverage,120,39,3.8,0,0,0,2,0
2024-01-18,Coffee Beans,Beverage,120,45,0.9,0,0,0,3,0
2024-01-19,Coffee Beans,Beverage,120,77,4.9,0,0,1,4,1
2024-01-20,Coffee Beans,Beverage,120,76,2.9,0,0,1,5,0
2024-01-21,Coffee Beans,Beverage,120,55,2.6,0,0,1,6,0
2024-01-22,Coffee Beans,Beverage,120,35,1.5,0,0,0,0,0
2024-01-23,Coffee Beans,Beverage,120,55,5.7,0,0,0,1,1
2024-01-24,Coffee Beans,Beverage,120,70,2.7,0,0,0,2,1
2024-01-25,Coffee Beans,Beverage,120,51,2.1,0,0,0,3,0
2024-01-26,Coffee Beans,Beverage,120,50,2.3,0,0,1,4,0
2024-01-27,Coffee Beans,Beverage,120,55,4.3,0,0,1,5,0
2024-01-28,Coffee Beans,Beverage,120,70,3.9,0,0,1,6,0
2024-01-29,Coffee Beans,Beverage,120,50,4.0,0,0,0,0,0
2024-01-30,Coffee Beans,Beverage,120,59,4.1,0,0,0,1,1
2024-01-31,Coffee Beans,Beverage,120,54,7.9,0,0,0,2,0
2024-02-01,Coffee Beans,Beverage,120,48,2.3,0,0,0,3,0
2024-02-02,Coffee Beans,Beverage,120,64,2.1,0,0,1,4,0
2024-02-03,Coffee Beans,Beverage,120,57,1.5,0,0,1,5,0
2024-02-04,Coffee Beans,Beverage,120,68,4.7,0,0,1,6,0
2024-02-05,Coffee Beans,Beverage,120,51,5.8,0,0,0,0,0
2024-02-06,Coffee Beans,Beverage,120,50,3.1,0,0,0,1,1
2024-02-07,Coffee Beans,Beverage,120,56,1.6,0,0,0,2,0
2024-02-08,Coffee Beans,Beverage,120,63,1.7,0,0,0,3,0
2024-02-09,Coffee Beans,Beverage,120,56,5.0,0,0,1,4,0
2024-02-10,Coffee Beans,Beverage,120,49,5.2,0,0,1,5,0
2024-02-11,Coffee Beans,Beverage,120,55,4.8,0,0,1,6,0
2024-02-12,Coffee Beans,Beverage,120,40,2.2,0,1,0,0,0
2024-02-13,Coffee Beans,Beverage,120,41,4.3,0,1,0,1,0
2024-02-14,Coffee Beans,Beverage,120,58,4.1,0,1,0,2,0
2024-02-15,Coffee Beans,Beverage,120,50,4.3,0,1,0,3,0
2024-02-16,Coffee Beans,Beverage,120,46,5.8,0,1,1,4,0
2024-02-17,Coffee Beans,Beverage,120,59,4.5,0,1,1,5,0
2024-02-18,Coffee Beans,Beverage,120,63,5.6,0,1,1,6,0
2024-02-19,Coffee Beans,Beverage,120,48,4.3,0,0,0,0,0
2024-02-20,Coffee Beans,Beverage,120,52,4.8,0,0,0,1,0
2024-02-21,Coffee Beans,Beverage,120,51,5.7,0,0,0,2,0
2024-02-22,Coffee Beans,Beverage,120,68,1.1,0,0,0,3,0
2024-02-23,Coffee Beans,Beverage,120,55,3.7,0,0,1,4,0
2024-02-24,Coffee Beans,Beverage,120,52,3.5,0,0,1,5,0
2024-02-25,Coffee Beans,Beverage,120,53,3.2,0,0,1,6,0
2024-02-26,Coffee Beans,Beverage,120,67,4.1,0,0,0,0,1
2024-02-27,Coffee Beans,Beverage,120,35,8.0,0,0,0,1,0
2024-02-28,Coffee Beans,Beverage,120,61,2.9,0,0,0,2,0
2024-02-29,Coffee Beans,Beverage,120,64,7.1,0,0,0,3,0
2024-03-01,Coffee Beans,Beverage,120,55,1.3,0,0,1,4,0
2024-03-02,Coffee Beans,Beverage,120,64,4.4,0,0,1,5,0
2024-03-03,Coffee Beans,Beverage,120,62,5.6,0,0,1,6,0
2024-03-04,Coffee Beans,Beverage,120,41,6.6,0,0,0,0,0
2024-03-05,Coffee Beans,Beverage,120,49,7.0,0,0,0,1,0
2024-03-06,Coffee Beans,Beverage,120,62,7.3,0,0,0,2,1
2024-03-07,Coffee Beans,Beverage,120,60,4.8,0,0,0,3,0
2024-03-08,Coffee Beans,Beverage,120,45,4.7,0,0,1,4,0
2024-03-09,Coffee Beans,Beverage,120,64,7.7,0,0,1,5,0
2024-03-10,Coffee Beans,Beverage,120,59,5.5,0,0,1,6,0
2024-03-11,Coffee Beans,Beverage,120,41,3.2,0,0,0,0,0
2024-03-12,Coffee Beans,Beverage,120,63,3.6,0,0,0,1,1
2024-03-13,Coffee Beans,Beverage,120,54,4.2,0,0,0,2,0
2024-03-14,Coffee Beans,Beverage,120,49,7.5,0,0,0,3,0
2024-03-15,Coffee Beans,Beverage,120,56,6.8,0,0,1,4,0
2024-03-16,Coffee Beans,Beverage,120,42,8.1,0,0,1,5,0
2024-03-17,Coffee Beans,Beverage,120,51,5.8,0,0,1,6,0
2024-03-18,Coffee Beans,Beverage,120,48,7.2,0,0,0,0,0
2024-03-19,Coffee Beans,Beverage,120,41,8.3,0,0,0,1,0
2024-03-20,Coffee Beans,Beverage,120,65,6.4,0,0,0,2,1
2024-03-21,Coffee Beans,Beverage,120,60,8.2,0,0,0,3,0
2024-03-22,Coffee Beans,Beverage,120,61,5.8,0,0,1,4,0
2024-03-23,Coffee Beans,Beverage,120,51,6.6,0,0,1,5,0
2024-03-24,Coffee Beans,Beverage,120,59,6.7,0,0,1,6,0
2024-03-25,Coffee Beans,Beverage,120,39,5.0,0,0,0,0,0
2024-03-26,Coffee Beans,Beverage,120,46,8.9,0,0,0,1,0
2024-03-27,Coffee Beans,Beverage,120,61,6.9,0,0,0,2,0
2024-03-28,Coffee Beans,Beverage,120,67,8.1,0,0,0,3,0
2024-03-29,Coffee Beans,Beverage,120,61,9.2,1,0,1,4,0
2024-03-30,Coffee Beans,Beverage,120,65,9.3,0,0,1,5,0
2024-03-31,Coffee Beans,Beverage,120,54,9.9,0,0,1,6,0
2024-04-01,Coffee Beans,Beverage,120,42,8.3,1,1,0,0,0
2024-04-02,Coffee Beans,Beverage,120,48,7.8,0,1,0,1,0
2024-04-03,Coffee Beans,Beverage,120,54,8.7,0,1,0,2,0
2024-04-04,Coffee Beans,Beverage,120,75,5.2,0,1,0,3,0
2024-04-05,Coffee Beans,Beverage,120,68,5.9,0,1,1,4,0
2024-04-06,Coffee Beans,Beverage,120,66,6.3,0,1,1,5,0
2024-04-07,Coffee Beans,Beverage,120,54,7.2,0,1,1,6,0
2024-04-08,Coffee Beans,Beverage,120,73,10.4,0,1,0,0,1
2024-04-09,Coffee Beans,Beverage,120,51,7.6,0,1,0,1,0
2024-04-10,Coffee Beans,Beverage,120,50,8.9,0,1,0,2,0
2024-04-11,Coffee Beans,Beverage,120,53,12.8,0,1,0,3,0
2024-04-12,Coffee Beans,Beverage,120,44,9.3,0,1,1,4,0
2024-04-13,Coffee Beans,Beverage,120,55,11.8,0,1,1,5,0
2024-04-14,Coffee Beans,Beverage,120,61,8.3,0,1,1,6,0
2024-04-15,Coffee Beans,Beverage,120,54,10.0,0,0,0,0,0
2024-04-16,Coffee Beans,Beverage,120,65,8.5,0,0,0,1,0
2024-04-17,Coffee Beans,Beverage,120,63,10.0,0,0,0,2,0
2024-04-18,Coffee Beans,Beverage,120,77,12.7,0,0,0,3,1
2024-04-19,Coffee Beans,Beverage,120,69,7.2,0,0,1,4,0
2024-04-20,Coffee Beans,Beverage,120,51,12.1,0,0,1,5,0
2024-04-21,Coffee Beans,Beverage,120,62,11.8,0,0,1,6,0
2024-04-22,Coffee Beans,Beverage,120,50,10.1,0,0,0,0,0
2024-04-23,Coffee Beans,Beverage,120,47,8.4,0,0,0,1,0
2024-04-24,Coffee Beans,Beverage,120,52,11.8,0,0,0,2,0
2024-04-25,Coffee Beans,Beverage,120,52,10.7,0,0,0,3,0
2024-04-26,Coffee Beans,Beverage,120,60,12.5,0,0,1,4,0
2024-04-27,Coffee Beans,Beverage,120,55,12.1,0,0,1,5,0
2024-04-28,Coffee Beans,Beverage,120,58,15.8,0,0,1,6,0
2024-04-29,Coffee Beans,Beverage,120,53,11.8,0,0,0,0,0
2024-04-30,Coffee Beans,Beverage,120,56,10.3,0,0,0,1,0
2024-05-01,Coffee Beans,Beverage,120,76,13.0,0,0,0,2,1
2024-05-02,Coffee Beans,Beverage,120,51,13.3,0,0,0,3,0
2024-05-03,Coffee Beans,Beverage,120,49,15.9,0,0,1,4,0
2024-05-04,Coffee Beans,Beverage,120,40,14.9,0,0,1,5,0
2024-05-05,Coffee Beans,Beverage,120,55,14.0,0,0,1,6,0
2024-05-06,Coffee Beans,Beverage,120,29,16.5,1,0,0,0,0
2024-05-07,Coffee Beans,Beverage,120,56,10.8,0,0,0,1,0
2024-05-08,Coffee Beans,Beverage,120,40,12.2,0,0,0,2,0
2024-05-09,Coffee Beans,Beverage,120,42,11.7,0,0,0,3,0
2024-05-10,Coffee Beans,Beverage,120,59,13.0,0,0,1,4,0
2024-05-11,Coffee Beans,Beverage,120,60,10.9,0,0,1,5,0
2024-05-12,Coffee Beans,Beverage,120,48,15.5,0,0,1,6,0
2024-05-13,Coffee Beans,Beverage,120,60,13.7,0,0,0,0,1
2024-05-14,Coffee Beans,Beverage,120,53,11.1,0,0,0,1,0
2024-05-15,Coffee Beans,Beverage,120,48,12.2,0,0,0,2,0
2024-05-16,Coffee Beans,Beverage,120,46,15.3,0,0,0,3,0
2024-05-17,Coffee Beans,Beverage,120,55,16.5,0,0,1,4,0
2024-05-18,Coffee Beans,Beverage,120,58,19.2,0,0,1,5,1
2024-05-19,Coffee Beans,Beverage,120,42,21.4,0,0,1,6,0
2024-05-20,Coffee Beans,Beverage,120,48,16.0,0,0,0,0,0
2024-05-21,Coffee Beans,Beverage,120,52,13.0,0,0,0,1,0
2024-05-22,Coffee Beans,Beverage,120,48,10.6,0,0,0,2,0
2024-05-23,Coffee Beans,Beverage,120,38,16.0,0,0,0,3,0
2024-05-24,Coffee Beans,Beverage,120,51,13.7,0,0,1,4,0
2024-05-25,Coffee Beans,Beverage,120,40,14.7,0,0,1,5,0
2024-05-26,Coffee Beans,Beverage,120,62,14.4,0,1,1,6,0
2024-05-27,Coffee Beans,Beverage,120,50,15.6,1,1,0,0,0
2024-05-28,Coffee Beans,Beverage,120,40,18.3,0,1,0,1,0
2024-05-29,Coffee Beans,Beverage,120,44,16.4,0,1,0,2,0
2024-05-30,Coffee Beans,Beverage,120,52,15.8,0,1,0,3,0
2024-05-31,Coffee Beans,Beverage,120,64,14.0,0,1,1,4,0
2024-06-01,Coffee Beans,Beverage,120,58,12.7,0,0,1,5,0
2024-06-02,Coffee Beans,Beverage,120,49,15.4,0,0,1,6,0
2024-06-03,Coffee Beans,Beverage,120,35,16.5,0,0,0,0,0
2024-06-04,Coffee Beans,Beverage,120,34,20.6,0,0,0,1,0
2024-06-05,Coffee Beans,Beverage,120,34,17.1,0,0,0,2,0
2024-06-06,Coffee Beans,Beverage,120,59,19.0,0,0,0,3,0
2024-06-07,Coffee Beans,Beverage,120,40,15.9,0,0,1,4,0
2024-06-08,Coffee Beans,Beverage,120,50,14.5,0,0,1,5,0
2024-06-09,Coffee Beans,Beverage,120,51,15.0,0,0,1,6,0
2024-06-10,Coffee Beans,Beverage,120,37,15.6,0,0,0,0,0
2024-06-11,Coffee Beans,Beverage,120,29,22.0,0,0,0,1,0
2024-06-12,Coffee Beans,Beverage,120,52,15.6,0,0,0,2,0
2024-06-13,Coffee Beans,Beverage,120,34,19.3,0,0,0,3,0
2024-06-14,Coffee Beans,Beverage,120,53,15.6,0,0,1,4,0
2024-06-15,Coffee Beans,Beverage,120,58,19.7,0,0,1,5,0
2024-06-16,Coffee Beans,Beverage,120,51,18.6,0,0,1,6,0
2024-06-17,Coffee Beans,Beverage,120,29,17.5,0,0,0,0,0
2024-06-18,Coffee Beans,Beverage,120,37,17.8,0,0,0,1,0
2024-06-19,Coffee Beans,Beverage,120,50,16.5,0,0,0,2,1
2024-06-20,Coffee Beans,Beverage,120,51,19.0,0,0,0,3,0
2024-06-21,Coffee Beans,Beverage,120,46,17.1,0,0,1,4,0
2024-06-22,Coffee Beans,Beverage,120,62,15.4,0,0,1,5,0
2024-06-23,Coffee Beans,Beverage,120,52,15.4,0,0,1,6,0
2024-06-24,Coffee Beans,Beverage,120,43,18.6,0,0,0,0,0
2024-06-25,Coffee Beans,Beverage,120,39,21.8,0,0,0,1,0
2024-06-26,Coffee Beans,Beverage,120,37,18.7,0,0,0,2,0
2024-06-27,Coffee Beans,Beverage,120,45,18.2,0,0,0,3,0
2024-06-28,Coffee Beans,Beverage,120,51,19.1,0,0,1,4,0
2024-06-29,Coffee Beans,Beverage,120,50,21.4,0,0,1,5,1
2024-06-30,Coffee Beans,Beverage,120,38,19.0,0,0,1,6,0
2024-07-01,Coffee Beans,Beverage,120,41,17.7,0,1,0,0,0
2024-07-02,Coffee Beans,Beverage,120,40,21.1,0,1,0,1,0
2024-07-03,Coffee Beans,Beverage,120,36,19.6,0,1,0,2,0
2024-07-04,Coffee Beans,Beverage,120,42,22.1,0,1,0,3,0
2024-07-05,Coffee Beans,Beverage,120,43,19.2,0,1,1,4,0
2024-07-06,Coffee Beans,Beverage,120,46,16.1,0,1,1,5,0
2024-07-07,Coffee Beans,Beverage,120,67,15.8,0,1,1,6,0
2024-07-08,Coffee Beans,Beverage,120,42,22.5,0,1,0,0,0
2024-07-09,Coffee Beans,Beverage,120,35,22.7,0,1,0,1,0
2024-07-10,Coffee Beans,Beverage,120,47,18.5,0,1,0,2,0
2024-07-11,Coffee Beans,Beverage,120,38,18.1,0,1,0,3,0
2024-07-12,Coffee Beans,Beverage,120,48,22.2,0,1,1,4,0
2024-07-13,Coffee Beans,Beverage,120,46,16.5,0,1,1,5,0
2024-07-14,Coffee Beans,Beverage,120,53,17.0,0,1,1,6,0
2024-07-15,Coffee Beans,Beverage,120,51,20.4,0,1,0,0,1
2024-07-16,Coffee Beans,Beverage,120,37,18.1,0,1,0,1,0
2024-07-17,Coffee Beans,Beverage,120,38,19.0,0,1,0,2,0
2024-07-18,Coffee Beans,Beverage,120,28,18.6,0,1,0,3,0
2024-07-19,Coffee Beans,Beverage,120,48,19.7,0,1,1,4,0
2024-07-20,Coffee Beans,Beverage,120,35,22.1,0,1,1,5,0
2024-07-21,Coffee Beans,Beverage,120,59,19.2,0,1,1,6,0
2024-07-22,Coffee Beans,Beverage,120,33,20.4,0,1,0,0,0
2024-07-23,Coffee Beans,Beverage,120,31,14.5,0,1,0,1,0
2024-07-24,Coffee Beans,Beverage,120,60,18.9,0,1,0,2,0
2024-07-25,Coffee Beans,Beverage,120,34,17.1,0,1,0,3,0
2024-07-26,Coffee Beans,Beverage,120,39,16.3,0,1,1,4,0
2024-07-27,Coffee Beans,Beverage,120,66,17.0,0,1,1,5,1
2024-07-28,Coffee Beans,Beverage,120,54,18.2,0,1,1,6,1
2024-07-29,Coffee Beans,Beverage,120,26,20.9,0,1,0,0,0
2024-07-30,Coffee Beans,Beverage,120,43,15.9,0,1,0,1,0
2024-07-31,Coffee Beans,Beverage,120,42,18.9,0,1,0,2,0
2024-08-01,Coffee Beans,Beverage,120,44,17.7,0,1,0,3,0
2024-08-02,Coffee Beans,Beverage,120,46,18.1,0,1,1,4,0
2024-08-03,Coffee Beans,Beverage,120,47,21.0,0,1,1,5,0
2024-08-04,Coffee Beans,Beverage,120,48,19.9,0,1,1,6,0
2024-08-05,Coffee Beans,Beverage,120,33,21.6,0,1,0,0,0
2024-08-06,Coffee Beans,Beverage,120,38,18.3,0,1,0,1,0
2024-08-07,Coffee Beans,Beverage,120,40,17.1,0,1,0,2,0
2024-08-08,Coffee Beans,Beverage,120,30,18.1,0,1,0,3,0
2024-08-09,Coffee Beans,Beverage,120,43,19.0,0,1,1,4,0
2024-08-10,Coffee Beans,Beverage,120,51,18.8,0,1,1,5,0
2024-08-11,Coffee Beans,Beverage,120,44,16.0,0,1,1,6,0
2024-08-12,Coffee Beans,Beverage,120,35,18.5,0,1,0,0,0
2024-08-13,Coffee Beans,Beverage,120,51,18.8,0,1,0,1,1
2024-08-14,Coffee Beans,Beverage,120,36,23.8,0,1,0,2,0
2024-08-15,Coffee Beans,Beverage,120,33,22.3,0,1,0,3,0
2024-08-16,Coffee Beans,Beverage,120,54,16.2,0,1,1,4,0
2024-08-17,Coffee Beans,Beverage,120,43,17.4,0,1,1,5,0
2024-08-18,Coffee Beans,Beverage,120,48,14.8,0,1,1,6,0
2024-08-19,Coffee Beans,Beverage,120,36,16.6,0,1,0,0,0
2024-08-20,Coffee Beans,Beverage,120,20,18.5,0,1,0,1,0
2024-08-21,Coffee Beans,Beverage,120,38,20.4,0,1,0,2,0
2024-08-22,Coffee Beans,Beverage,120,40,16.1,0,1,0,3,0
2024-08-23,Coffee Beans,Beverage,120,48,16.2,0,1,1,4,0
2024-08-24,Coffee Beans,Beverage,120,54,12.8,0,1,1,5,0
2024-08-25,Coffee Beans,Beverage,120,55,17.1,0,1,1,6,0
2024-08-26,Coffee Beans,Beverage,120,41,15.0,1,1,0,0,0
2024-08-27,Coffee Beans,Beverage,120,37,16.1,0,1,0,1,0
2024-08-28,Coffee Beans,Beverage,120,45,15.3,0,1,0,2,1
2024-08-29,Coffee Beans,Beverage,120,45,16.9,0,1,0,3,0
2024-08-30,Coffee Beans,Beverage,120,43,13.2,0,1,1,4,0
2024-08-31,Coffee Beans,Beverage,120,37,13.7,0,1,1,5,0
2024-09-01,Coffee Beans,Beverage,120,62,21.5,0,0,1,6,1
2024-09-02,Coffee Beans,Beverage,120,43,13.9,0,0,0,0,0
2024-09-03,Coffee Beans,Beverage,120,39,14.2,0,0,0,1,0
2024-09-04,Coffee Beans,Beverage,120,26,20.6,0,0,0,2,0
2024-09-05,Coffee Beans,Beverage,120,41,22.8,0,0,0,3,0
2024-09-06,Coffee Beans,Beverage,120,45,13.8,0,0,1,4,0
2024-09-07,Coffee Beans,Beverage,120,50,15.4,0,0,1,5,0
2024-09-08,Coffee Beans,Beverage,120,35,16.9,0,0,1,6,0
2024-09-09,Coffee Beans,Beverage,120,25,19.8,0,0,0,0,0
2024-09-10,Coffee Beans,Beverage,120,40,13.8,0,0,0,1,0
2024-09-11,Coffee Beans,Beverage,120,42,15.3,0,0,0,2,0
2024-09-12,Coffee Beans,Beverage,120,31,17.4,0,0,0,3,0
2024-09-13,Coffee Beans,Beverage,120,44,16.6,0,0,1,4,0
2024-09-14,Coffee Beans,Beverage,120,53,14.7,0,0,1,5,1
2024-09-15,Coffee Beans,Beverage,120,56,15.1,0,0,1,6,1
2024-09-16,Coffee Beans,Beverage,120,33,12.2,0,0,0,0,0
2024-09-17,Coffee Beans,Beverage,120,33,14.6,0,0,0,1,0
2024-09-18,Coffee Beans,Beverage,120,47,14.4,0,0,0,2,0
2024-09-19,Coffee Beans,Beverage,120,29,15.4,0,0,0,3,0
2024-09-20,Coffee Beans,Beverage,120,40,13.6,0,0,1,4,0
2024-09-21,Coffee Beans,Beverage,120,43,15.7,0,0,1,5,0
2024-09-22,Coffee Beans,Beverage,120,47,16.8,0,0,1,6,0
2024-09-23,Coffee Beans,Beverage,120,48,14.8,0,0,0,0,0
2024-09-24,Coffee Beans,Beverage,120,28,15.1,0,0,0,1,0
2024-09-25,Coffee Beans,Beverage,120,40,14.3,0,0,0,2,0
2024-09-26,Coffee Beans,Beverage,120,35,14.0,0,0,0,3,0
2024-09-27,Coffee Beans,Beverage,120,47,12.3,0,0,1,4,0
2024-09-28,Coffee Beans,Beverage,120,50,14.5,0,0,1,5,1
2024-09-29,Coffee Beans,Beverage,120,45,13.4,0,0,1,6,0
2024-09-30,Coffee Beans,Beverage,120,27,18.1,0,0,0,0,0
2024-10-01,Coffee Beans,Beverage,120,37,16.8,0,0,0,1,0
2024-10-02,Coffee Beans,Beverage,120,33,14.1,0,0,0,2,0
2024-10-03,Coffee Beans,Beverage,120,44,11.4,0,0,0,3,0
2024-10-04,Coffee Beans,Beverage,120,70,10.5,0,0,1,4,1
2024-10-05,Coffee Beans,Beverage,120,37,15.5,0,0,1,5,0
2024-10-06,Coffee Beans,Beverage,120,43,13.3,0,0,1,6,0
2024-10-07,Coffee Beans,Beverage,120,45,13.6,0,0,0,0,0
2024-10-08,Coffee Beans,Beverage,120,36,8.6,0,0,0,1,0
2024-10-09,Coffee Beans,Beverage,120,34,14.4,0,0,0,2,0
2024-10-10,Coffee Beans,Beverage,120,44,13.2,0,0,0,3,0
2024-10-11,Coffee Beans,Beverage,120,48,9.6,0,0,1,4,0
2024-10-12,Coffee Beans,Beverage,120,56,10.9,0,0,1,5,0
2024-10-13,Coffee Beans,Beverage,120,54,12.4,0,0,1,6,0
2024-10-14,Coffee Beans,Beverage,120,19,11.8,0,0,0,0,0
2024-10-15,Coffee Beans,Beverage,120,36,10.9,0,0,0,1,0
2024-10-16,Coffee Beans,Beverage,120,41,11.1,0,0,0,2,0
2024-10-17,Coffee Beans,Beverage,120,42,10.7,0,0,0,3,0
2024-10-18,Coffee Beans,Beverage,120,48,11.4,0,0,1,4,0
2024-10-19,Coffee Beans,Beverage,120,57,14.2,0,0,1,5,0
2024-10-20,Coffee Beans,Beverage,120,62,5.2,0,0,1,6,0
2024-10-21,Coffee Beans,Beverage,120,62,10.2,0,0,0,0,1
2024-10-22,Coffee Beans,Beverage,120,50,10.9,0,0,0,1,1
2024-10-23,Coffee Beans,Beverage,120,37,11.0,0,0,0,2,0
2024-10-24,Coffee Beans,Beverage,120,49,9.4,0,0,0,3,0
2024-10-25,Coffee Beans,Beverage,120,47,6.3,0,0,1,4,0
2024-10-26,Coffee Beans,Beverage,120,44,10.7,0,1,1,5,0
2024-10-27,Coffee Beans,Beverage,120,42,13.7,0,1,1,6,0
2024-10-28,Coffee Beans,Beverage,120,46,6.3,0,1,0,0,0
2024-10-29,Coffee Beans,Beverage,120,37,11.5,0,1,0,1,0
2024-10-30,Coffee Beans,Beverage,120,44,8.7,0,1,0,2,0
2024-10-31,Coffee Beans,Beverage,120,49,9.2,0,1,0,3,0
2024-11-01,Coffee Beans,Beverage,120,43,6.9,0,0,1,4,0
2024-11-02,Coffee Beans,Beverage,120,49,8.3,0,0,1,5,0
2024-11-03,Coffee Beans,Beverage,120,43,11.8,0,0,1,6,0
2024-11-04,Coffee Beans,Beverage,120,45,10.1,0,0,0,0,0
2024-11-05,Coffee Beans,Beverage,120,29,12.5,0,0,0,1,0
2024-11-06,Coffee Beans,Beverage,120,42,11.1,0,0,0,2,0
2024-11-07,Coffee Beans,Beverage,120,49,9.3,0,0,0,3,0
2024-11-08,Coffee Beans,Beverage,120,39,12.1,0,0,1,4,0
2024-11-09,Coffee Beans,Beverage,120,38,9.1,0,0,1,5,0
2024-11-10,Coffee Beans,Beverage,120,64,9.8,0,0,1,6,1
2024-11-11,Coffee Beans,Beverage,120,46,7.2,0,0,0,0,0
2024-11-12,Coffee Beans,Beverage,120,45,7.9,0,0,0,1,0
2024-11-13,Coffee Beans,Beverage,120,46,6.1,0,0,0,2,0
2024-11-14,Coffee Beans,Beverage,120,50,9.7,0,0,0,3,1
2024-11-15,Coffee Beans,Beverage,120,43,4.8,0,0,1,4,0
2024-11-16,Coffee Beans,Beverage,120,39,9.0,0,0,1,5,0
2024-11-17,Coffee Beans,Beverage,120,36,6.7,0,0,1,6,0
2024-11-18,Coffee Beans,Beverage,120,43,9.6,0,0,0,0,0
2024-11-19,Coffee Beans,Beverage,120,42,8.5,0,0,0,1,0
2024-11-20,Coffee Beans,Beverage,120,41,10.8,0,0,0,2,0
2024-11-21,Coffee Beans,Beverage,120,45,8.3,0,0,0,3,0
2024-11-22,Coffee Beans,Beverage,120,54,3.1,0,0,1,4,0
2024-11-23,Coffee Beans,Beverage,120,56,6.3,0,0,1,5,0
2024-11-24,Coffee Beans,Beverage,120,46,3.7,0,0,1,6,0
2024-11-25,Coffee Beans,Beverage,120,52,5.1,0,0,0,0,0
2024-11-26,Coffee Beans,Beverage,120,31,9.4,0,0,0,1,0
2024-11-27,Coffee Beans,Beverage,120,39,7.4,0,0,0,2,0
2024-11-28,Coffee Beans,Beverage,120,59,4.3,0,0,0,3,0
2024-11-29,Coffee Beans,Beverage,120,51,3.5,0,0,1,4,0
2024-11-30,Coffee Beans,Beverage,120,54,5.7,0,0,1,5,0
2024-12-01,Coffee Beans,Beverage,120,51,2.9,0,0,1,6,0
2024-12-02,Coffee Beans,Beverage,120,47,4.0,0,0,0,0,0
2024-12-03,Coffee Beans,Beverage,120,49,6.1,0,0,0,1,0
2024-12-04,Coffee Beans,Beverage,120,41,7.8,0,0,0,2,0
2024-12-05,Coffee Beans,Beverage,120,43,6.5,0,0,0,3,0
2024-12-06,Coffee Beans,Beverage,120,82,0.0,0,0,1,4,1
2024-12-07,Coffee Beans,Beverage,120,57,5.7,0,0,1,5,0
2024-12-08,Coffee Beans,Beverage,120,77,5.1,0,0,1,6,1
2024-12-09,Coffee Beans,Beverage,120,47,5.7,0,0,0,0,0
2024-12-10,Coffee Beans,Beverage,120,37,8.3,0,0,0,1,0
2024-12-11,Coffee Beans,Beverage,120,62,0.1,0,0,0,2,0
2024-12-12,Coffee Beans,Beverage,120,48,3.3,0,0,0,3,0
2024-12-13,Coffee Beans,Beverage,120,43,5.8,0,0,1,4,0
2024-12-14,Coffee Beans,Beverage,120,56,0.9,0,0,1,5,0
2024-12-15,Coffee Beans,Beverage,120,64,7.6,0,0,1,6,0
2024-12-16,Coffee Beans,Beverage,120,34,5.1,0,0,0,0,0
2024-12-17,Coffee Beans,Beverage,120,36,6.0,0,0,0,1,0
2024-12-18,Coffee Beans,Beverage,120,42,2.9,0,0,0,2,0
2024-12-19,Coffee Beans,Beverage,120,68,5.8,0,0,0,3,1
2024-12-20,Coffee Beans,Beverage,120,55,6.3,0,1,1,4,0
2024-12-21,Coffee Beans,Beverage,120,53,4.4,0,1,1,5,0
2024-12-22,Coffee Beans,Beverage,120,44,4.4,0,1,1,6,0
2024-12-23,Coffee Beans,Beverage,120,44,4.4,0,1,0,0,0
2024-12-24,Coffee Beans,Beverage,120,41,1.8,0,1,0,1,0
2024-12-25,Coffee Beans,Beverage,120,0,3.3,1,1,0,2,0
2024-12-26,Coffee Beans,Beverage,120,71,3.3,1,1,0,3,0
2024-12-27,Coffee Beans,Beverage,120,48,4.4,0,1,1,4,0
2024-12-28,Coffee Beans,Beverage,120,57,5.7,0,1,1,5,0
2024-12-29,Coffee Beans,Beverage,120,59,1.1,0,1,1,6,0
2024-12-30,Coffee Beans,Beverage,120,40,3.1,0,1,0,0,0
2024-12-31,Coffee Beans,Beverage,120,50,6.6,0,1,0,1,0
2025-01-01,Coffee Beans,Beverage,120,51,1.7,1,1,0,2,0
2025-01-02,Coffee Beans,Beverage,120,54,1.5,0,1,0,3,0
2025-01-03,Coffee Beans,Beverage,120,56,3.7,0,0,1,4,0
2025-01-04,Coffee Beans,Beverage,120,55,5.1,0,0,1,5,0
2025-01-05,Coffee Beans,Beverage,120,57,3.2,0,0,1,6,0
2025-01-06,Coffee Beans,Beverage,120,50,6.1,0,0,0,0,0
2025-01-07,Coffee Beans,Beverage,120,38,5.0,0,0,0,1,0
2025-01-08,Coffee Beans,Beverage,120,51,5.0,0,0,0,2,0
2025-01-09,Coffee Beans,Beverage,120,53,4.3,0,0,0,3,0
2025-01-10,Coffee Beans,Beverage,120,57,8.2,0,0,1,4,0
2025-01-11,Coffee Beans,Beverage,120,74,2.6,0,0,1,5,0
2025-01-12,Coffee Beans,Beverage,120,54,-1.4,0,0,1,6,0
2025-01-13,Coffee Beans,Beverage,120,38,6.6,0,0,0,0,0
2025-01-14,Coffee Beans,Beverage,120,41,2.0,0,0,0,1,0
2025-01-15,Coffee Beans,Beverage,120,43,3.3,0,0,0,2,0
2025-01-16,Coffee Beans,Beverage,120,43,5.9,0,0,0,3,0
2025-01-17,Coffee Beans,Beverage,120,67,-0.5,0,0,1,4,0
2025-01-18,Coffee Beans,Beverage,120,48,0.2,0,0,1,5,0
2025-01-19,Coffee Beans,Beverage,120,76,-0.5,0,0,1,6,1
2025-01-20,Coffee Beans,Beverage,120,47,1.3,0,0,0,0,0
2025-01-21,Coffee Beans,Beverage,120,54,4.0,0,0,0,1,0
2025-01-22,Coffee Beans,Beverage,120,44,4.2,0,0,0,2,0
2025-01-23,Coffee Beans,Beverage,120,61,3.6,0,0,0,3,1
2025-01-24,Coffee Beans,Beverage,120,48,-0.1,0,0,1,4,0
2025-01-25,Coffee Beans,Beverage,120,53,-2.0,0,0,1,5,0
2025-01-26,Coffee Beans,Beverage,120,56,3.2,0,0,1,6,0
2025-01-27,Coffee Beans,Beverage,120,66,2.0,0,0,0,0,1
2025-01-28,Coffee Beans,Beverage,120,46,4.1,0,0,0,1,0
2025-01-29,Coffee Beans,Beverage,120,49,4.7,0,0,0,2,0
2025-01-30,Coffee Beans,Beverage,120,56,3.5,0,0,0,3,0
2025-01-31,Coffee Beans,Beverage,120,73,4.9,0,0,1,4,0
2025-02-01,Coffee Beans,Beverage,120,70,3.7,0,0,1,5,0
2025-02-02,Coffee Beans,Beverage,120,58,4.4,0,0,1,6,0
2025-02-03,Coffee Beans,Beverage,120,44,1.7,0,0,0,0,0
2025-02-04,Coffee Beans,Beverage,120,50,2.9,0,0,0,1,0
2025-02-05,Coffee Beans,Beverage,120,48,3.8,0,0,0,2,0
2025-02-06,Coffee Beans,Beverage,120,52,5.2,0,0,0,3,0
2025-02-07,Coffee Beans,Beverage,120,80,2.6,0,0,1,4,0
2025-02-08,Coffee Beans,Beverage,120,51,4.6,0,0,1,5,0
2025-02-09,Coffee Beans,Beverage,120,57,2.9,0,0,1,6,0
2025-02-10,Coffee Beans,Beverage,120,51,3.3,0,0,0,0,0
2025-02-11,Coffee Beans,Beverage,120,45,5.5,0,0,0,1,0
2025-02-12,Coffee Beans,Beverage,120,58,-0.7,0,1,0,2,0
2025-02-13,Coffee Beans,Beverage,120,58,0.9,0,1,0,3,0
2025-02-14,Coffee Beans,Beverage,120,76,0.5,0,1,1,4,0
2025-02-15,Coffee Beans,Beverage,120,82,-1.3,0,1,1,5,0
2025-02-16,Coffee Beans,Beverage,120,58,2.4,0,1,1,6,0
2025-02-17,Coffee Beans,Beverage,120,36,5.6,0,1,0,0,0
2025-02-18,Coffee Beans,Beverage,120,45,3.4,0,1,0,1,0
2025-02-19,Coffee Beans,Beverage,120,69,4.6,0,0,0,2,0
2025-02-20,Coffee Beans,Beverage,120,49,6.6,0,0,0,3,0
2025-02-21,Coffee Beans,Beverage,120,48,7.2,0,0,1,4,0
2025-02-22,Coffee Beans,Beverage,120,70,4.2,0,0,1,5,0
2025-02-23,Coffee Beans,Beverage,120,65,7.4,0,0,1,6,0
2025-02-24,Coffee Beans,Beverage,120,46,4.7,0,0,0,0,0
2025-02-25,Coffee Beans,Beverage,120,61,2.7,0,0,0,1,1
2025-02-26,Coffee Beans,Beverage,120,57,3.4,0,0,0,2,0
2025-02-27,Coffee Beans,Beverage,120,70,1.5,0,0,0,3,0
2025-02-28,Coffee Beans,Beverage,120,57,2.9,0,0,1,4,0
2025-03-01,Coffee Beans,Beverage,120,52,4.1,0,0,1,5,0
2025-03-02,Coffee Beans,Beverage,120,65,6.8,0,0,1,6,0
2025-03-03,Coffee Beans,Beverage,120,46,8.9,0,0,0,0,0
2025-03-04,Coffee Beans,Beverage,120,61,2.2,0,0,0,1,0
2025-03-05,Coffee Beans,Beverage,120,45,6.2,0,0,0,2,0
2025-03-06,Coffee Beans,Beverage,120,54,3.1,0,0,0,3,0
2025-03-07,Coffee Beans,Beverage,120,60,6.6,0,0,1,4,0
2025-03-08,Coffee Beans,Beverage,120,51,5.3,0,0,1,5,0
2025-03-09,Coffee Beans,Beverage,120,74,1.7,0,0,1,6,0
2025-03-10,Coffee Beans,Beverage,120,63,7.9,0,0,0,0,0
2025-03-11,Coffee Beans,Beverage,120,50,4.6,0,0,0,1,0
2025-03-12,Coffee Beans,Beverage,120,59,4.9,0,0,0,2,0
2025-03-13,Coffee Beans,Beverage,120,48,3.8,0,0,0,3,0
2025-03-14,Coffee Beans,Beverage,120,66,4.8,0,0,1,4,0
2025-03-15,Coffee Beans,Beverage,120,91,7.3,0,0,1,5,1
2025-03-16,Coffee Beans,Beverage,120,69,6.1,0,0,1,6,0
2025-03-17,Coffee Beans,Beverage,120,55,7.3,0,0,0,0,0
2025-03-18,Coffee Beans,Beverage,120,46,7.5,0,0,0,1,0
2025-03-19,Coffee Beans,Beverage,120,47,9.7,0,0,0,2,0
2025-03-20,Coffee Beans,Beverage,120,71,6.2,0,0,0,3,0
2025-03-21,Coffee Beans,Beverage,120,67,3.8,0,0,1,4,0
2025-03-22,Coffee Beans,Beverage,120,46,9.5,0,0,1,5,0
2025-03-23,Coffee Beans,Beverage,120,54,6.6,0,0,1,6,0
2025-03-24,Coffee Beans,Beverage,120,43,9.9,0,0,0,0,0
2025-03-25,Coffee Beans,Beverage,120,48,8.4,0,0,0,1,0
2025-03-26,Coffee Beans,Beverage,120,47,7.4,0,0,0,2,0
2025-03-27,Coffee Beans,Beverage,120,45,8.6,0,0,0,3,0
2025-03-28,Coffee Beans,Beverage,120,52,12.2,0,0,1,4,0
2025-03-29,Coffee Beans,Beverage,120,50,12.6,0,0,1,5,0
2025-03-30,Coffee Beans,Beverage,120,55,8.3,0,0,1,6,0
2025-03-31,Coffee Beans,Beverage,120,54,8.7,0,0,0,0,0
2025-04-01,Coffee Beans,Beverage,120,56,10.8,0,1,0,1,0
2025-04-02,Coffee Beans,Beverage,120,66,6.7,0,1,0,2,0
2025-04-03,Coffee Beans,Beverage,120,48,9.4,0,1,0,3,0
2025-04-04,Coffee Beans,Beverage,120,54,8.8,0,1,1,4,0
2025-04-05,Coffee Beans,Beverage,120,64,9.6,0,1,1,5,0
2025-04-06,Coffee Beans,Beverage,120,65,7.3,0,1,1,6,0
2025-04-07,Coffee Beans,Beverage,120,57,5.7,0,1,0,0,0
2025-04-08,Coffee Beans,Beverage,120,49,4.8,0,1,0,1,0
2025-04-09,Coffee Beans,Beverage,120,54,7.0,0,1,0,2,0
2025-04-10,Coffee Beans,Beverage,120,58,8.6,0,1,0,3,0
2025-04-11,Coffee Beans,Beverage,120,36,9.1,0,1,1,4,0
2025-04-12,Coffee Beans,Beverage,120,42,14.2,0,1,1,5,0
2025-04-13,Coffee Beans,Beverage,120,47,12.5,0,1,1,6,0
2025-04-14,Coffee Beans,Beverage,120,70,8.1,0,1,0,0,1
2025-04-15,Coffee Beans,Beverage,120,34,11.1,0,0,0,1,0
2025-04-16,Coffee Beans,Beverage,120,54,9.6,0,0,0,2,0
2025-04-17,Coffee Beans,Beverage,120,58,10.0,0,0,0,3,0
2025-04-18,Coffee Beans,Beverage,120,60,11.1,1,0,1,4,0
2025-04-19,Coffee Beans,Beverage,120,44,12.2,0,0,1,5,0
2025-04-20,Coffee Beans,Beverage,120,72,10.3,0,0,1,6,0
2025-04-21,Coffee Beans,Beverage,120,44,13.5,1,0,0,0,0
2025-04-22,Coffee Beans,Beverage,120,77,8.8,0,0,0,1,1
2025-04-23,Coffee Beans,Beverage,120,67,11.4,0,0,0,2,0
2025-04-24,Coffee Beans,Beverage,120,48,17.3,0,0,0,3,0
2025-04-25,Coffee Beans,Beverage,120,65,12.2,0,0,1,4,0
2025-04-26,Coffee Beans,Beverage,120,59,15.0,0,0,1,5,0
2025-04-27,Coffee Beans,Beverage,120,65,12.2,0,0,1,6,0
2025-04-28,Coffee Beans,Beverage,120,54,13.4,0,0,0,0,0
2025-04-29,Coffee Beans,Beverage,120,54,12.1,0,0,0,1,0
2025-04-30,Coffee Beans,Beverage,120,57,12.0,0,0,0,2,0
2025-05-01,Coffee Beans,Beverage,120,52,10.8,0,0,0,3,0
2025-05-02,Coffee Beans,Beverage,120,53,13.6,0,0,1,4,0
2025-05-03,Coffee Beans,Beverage,120,63,10.9,0,0,1,5,0
2025-05-04,Coffee Beans,Beverage,120,37,14.4,0,0,1,6,0
2025-05-05,Coffee Beans,Beverage,120,46,15.4,1,0,0,0,0
2025-05-06,Coffee Beans,Beverage,120,50,14.0,0,0,0,1,0
2025-05-07,Coffee Beans,Beverage,120,65,12.7,0,0,0,2,0
2025-05-08,Coffee Beans,Beverage,120,49,14.4,0,0,0,3,0
2025-05-09,Coffee Beans,Beverage,120,60,12.9,0,0,1,4,0
2025-05-10,Coffee Beans,Beverage,120,50,15.8,0,0,1,5,0
2025-05-11,Coffee Beans,Beverage,120,51,9.8,0,0,1,6,0
2025-05-12,Coffee Beans,Beverage,120,37,13.2,0,0,0,0,0
2025-05-13,Coffee Beans,Beverage,120,53,9.7,0,0,0,1,0
2025-05-14,Coffee Beans,Beverage,120,48,10.9,0,0,0,2,0
2025-05-15,Coffee Beans,Beverage,120,42,17.3,0,0,0,3,0
2025-05-16,Coffee Beans,Beverage,120,50,16.4,0,0,1,4,0
2025-05-17,Coffee Beans,Beverage,120,62,13.0,0,0,1,5,0
2025-05-18,Coffee Beans,Beverage,120,90,11.4,0,0,1,6,1
2025-05-19,Coffee Beans,Beverage,120,59,8.3,0,0,0,0,0
2025-05-20,Coffee Beans,Beverage,120,55,13.8,0,0,0,1,0
2025-05-21,Coffee Beans,Beverage,120,39,20.4,0,0,0,2,0
2025-05-22,Coffee Beans,Beverage,120,38,16.1,0,0,0,3,0
2025-05-23,Coffee Beans,Beverage,120,63,14.1,0,0,1,4,0
2025-05-24,Coffee Beans,Beverage,120,65,16.4,0,0,1,5,0
2025-05-25,Coffee Beans,Beverage,120,53,12.1,0,0,1,6,0
2025-05-26,Coffee Beans,Beverage,120,50,15.0,1,1,0,0,0
2025-05-27,Coffee Beans,Beverage,120,38,16.0,0,1,0,1,0
2025-05-28,Coffee Beans,Beverage,120,42,15.7,0,1,0,2,0
2025-05-29,Coffee Beans,Beverage,120,58,17.7,0,1,0,3,0
2025-05-30,Coffee Beans,Beverage,120,61,16.8,0,1,1,4,0
2025-05-31,Coffee Beans,Beverage,120,63,17.7,0,1,1,5,0
2025-06-01,Coffee Beans,Beverage,120,58,14.8,0,0,1,6,0
2025-06-02,Coffee Beans,Beverage,120,40,18.4,0,0,0,0,0
2025-06-03,Coffee Beans,Beverage,120,26,20.1,0,0,0,1,0
2025-06-04,Coffee Beans,Beverage,120,60,14.5,0,0,0,2,0
2025-06-05,Coffee Beans,Beverage,120,55,14.7,0,0,0,3,0
2025-06-06,Coffee Beans,Beverage,120,46,19.7,0,0,1,4,0
2025-06-07,Coffee Beans,Beverage,120,53,16.5,0,0,1,5,0
2025-06-08,Coffee Beans,Beverage,120,58,20.1,0,0,1,6,0
2025-06-09,Coffee Beans,Beverage,120,55,16.1,0,0,0,0,1
2025-06-10,Coffee Beans,Beverage,120,29,20.4,0,0,0,1,0
2025-06-11,Coffee Beans,Beverage,120,46,17.5,0,0,0,2,0
2025-06-12,Coffee Beans,Beverage,120,59,17.9,0,0,0,3,1
2025-06-13,Coffee Beans,Beverage,120,51,20.9,0,0,1,4,0
2025-06-14,Coffee Beans,Beverage,120,66,16.7,0,0,1,5,0
2025-06-15,Coffee Beans,Beverage,120,60,15.5,0,0,1,6,0
2025-06-16,Coffee Beans,Beverage,120,37,16.7,0,0,0,0,0
2025-06-17,Coffee Beans,Beverage,120,44,18.7,0,0,0,1,0
2025-06-18,Coffee Beans,Beverage,120,52,14.4,0,0,0,2,0
2025-06-19,Coffee Beans,Beverage,120,40,19.3,0,0,0,3,0
2025-06-20,Coffee Beans,Beverage,120,55,16.8,0,0,1,4,1
2025-06-21,Coffee Beans,Beverage,120,57,20.5,0,0,1,5,0
2025-06-22,Coffee Beans,Beverage,120,56,12.8,0,0,1,6,0
2025-06-23,Coffee Beans,Beverage,120,39,16.4,0,0,0,0,0
2025-06-24,Coffee Beans,Beverage,120,45,14.5,0,0,0,1,0
2025-06-25,Coffee Beans,Beverage,120,45,16.4,0,0,0,2,0
2025-06-26,Coffee Beans,Beverage,120,41,18.9,0,0,0,3,0
2025-06-27,Coffee Beans,Beverage,120,49,18.0,0,0,1,4,0
2025-06-28,Coffee Beans,Beverage,120,61,17.9,0,0,1,5,0
2025-06-29,Coffee Beans,Beverage,120,58,18.1,0,0,1,6,0
2025-06-30,Coffee Beans,Beverage,120,48,19.0,0,0,0,0,0
2025-07-01,Coffee Beans,Beverage,120,46,16.3,0,1,0,1,0
2025-07-02,Coffee Beans,Beverage,120,44,20.2,0,1,0,2,0
2025-07-03,Coffee Beans,Beverage,120,52,20.1,0,1,0,3,0
2025-07-04,Coffee Beans,Beverage,120,44,19.5,0,1,1,4,0
2025-07-05,Coffee Beans,Beverage,120,44,19.9,0,1,1,5,0
2025-07-06,Coffee Beans,Beverage,120,67,19.4,0,1,1,6,1
2025-07-07,Coffee Beans,Beverage,120,44,23.3,0,1,0,0,0
2025-07-08,Coffee Beans,Beverage,120,46,18.6,0,1,0,1,0
2025-07-09,Coffee Beans,Beverage,120,40,18.2,0,1,0,2,0
2025-07-10,Coffee Beans,Beverage,120,33,17.2,0,1,0,3,0
2025-07-11,Coffee Beans,Beverage,120,61,16.6,0,1,1,4,0
2025-07-12,Coffee Beans,Beverage,120,42,16.2,0,1,1,5,0
2025-07-13,Coffee Beans,Beverage,120,45,17.0,0,1,1,6,0
2025-07-14,Coffee Beans,Beverage,120,42,18.8,0,1,0,0,0
2025-07-15,Coffee Beans,Beverage,120,60,19.7,0,1,0,1,1
2025-07-16,Coffee Beans,Beverage,120,45,19.1,0,1,0,2,0
2025-07-17,Coffee Beans,Beverage,120,40,17.3,0,1,0,3,0
2025-07-18,Coffee Beans,Beverage,120,48,21.0,0,1,1,4,0
2025-07-19,Coffee Beans,Beverage,120,53,20.6,0,1,1,5,0
2025-07-20,Coffee Beans,Beverage,120,57,18.6,0,1,1,6,0
2025-07-21,Coffee Beans,Beverage,120,32,17.6,0,1,0,0,0
2025-07-22,Coffee Beans,Beverage,120,42,20.2,0,1,0,1,1
2025-07-23,Coffee Beans,Beverage,120,49,19.4,0,1,0,2,0
2025-07-24,Coffee Beans,Beverage,120,41,15.8,0,1,0,3,0
2025-07-25,Coffee Beans,Beverage,120,48,18.8,0,1,1,4,0
2025-07-26,Coffee Beans,Beverage,120,49,19.5,0,1,1,5,0
2025-07-27,Coffee Beans,Beverage,120,55,17.0,0,1,1,6,0
2025-07-28,Coffee Beans,Beverage,120,55,19.3,0,1,0,0,1
2025-07-29,Coffee Beans,Beverage,120,40,15.7,0,1,0,1,0
2025-07-30,Coffee Beans,Beverage,120,47,21.8,0,1,0,2,0
2025-07-31,Coffee Beans,Beverage,120,44,21.6,0,1,0,3,0
2025-08-01,Coffee Beans,Beverage,120,39,18.3,0,1,1,4,0
2025-08-02,Coffee Beans,Beverage,120,50,19.6,0,1,1,5,1
2025-08-03,Coffee Beans,Beverage,120,50,13.5,0,1,1,6,0
2025-08-04,Coffee Beans,Beverage,120,41,16.2,0,1,0,0,0
2025-08-05,Coffee Beans,Beverage,120,46,18.1,0,1,0,1,0
2025-08-06,Coffee Beans,Beverage,120,54,16.3,0,1,0,2,0
2025-08-07,Coffee Beans,Beverage,120,48,20.2,0,1,0,3,0
2025-08-08,Coffee Beans,Beverage,120,45,23.0,0,1,1,4,0
2025-08-09,Coffee Beans,Beverage,120,61,16.0,0,1,1,5,1
2025-08-10,Coffee Beans,Beverage,120,39,16.7,0,1,1,6,0
2025-08-11,Coffee Beans,Beverage,120,36,19.0,0,1,0,0,0
2025-08-12,Coffee Beans,Beverage,120,43,21.9,0,1,0,1,0
2025-08-13,Coffee Beans,Beverage,120,69,15.7,0,1,0,2,1
2025-08-14,Coffee Beans,Beverage,120,36,18.8,0,1,0,3,0
2025-08-15,Coffee Beans,Beverage,120,49,22.2,0,1,1,4,0
2025-08-16,Coffee Beans,Beverage,120,54,14.5,0,1,1,5,0
2025-08-17,Coffee Beans,Beverage,120,46,15.3,0,1,1,6,0
2025-08-18,Coffee Beans,Beverage,120,38,17.1,0,1,0,0,0
2025-08-19,Coffee Beans,Beverage,120,46,16.8,0,1,0,1,0
2025-08-20,Coffee Beans,Beverage,120,35,19.7,0,1,0,2,0
2025-08-21,Coffee Beans,Beverage,120,44,18.4,0,1,0,3,0
2025-08-22,Coffee Beans,Beverage,120,59,13.9,0,1,1,4,0
2025-08-23,Coffee Beans,Beverage,120,26,18.8,0,1,1,5,0
2025-08-24,Coffee Beans,Beverage,120,48,16.3,0,1,1,6,0
2025-08-25,Coffee Beans,Beverage,120,36,20.3,1,1,0,0,0
2025-08-26,Coffee Beans,Beverage,120,31,16.1,0,1,0,1,0
2025-08-27,Coffee Beans,Beverage,120,43,16.0,0,1,0,2,0
2025-08-28,Coffee Beans,Beverage,120,40,18.5,0,1,0,3,0
2025-08-29,Coffee Beans,Beverage,120,44,18.9,0,1,1,4,0
2025-08-30,Coffee Beans,Beverage,120,43,18.1,0,1,1,5,0
2025-08-31,Coffee Beans,Beverage,120,58,13.3,0,1,1,6,0
2025-09-01,Coffee Beans,Beverage,120,31,18.1,0,0,0,0,0
2025-09-02,Coffee Beans,Beverage,120,41,14.6,0,0,0,1,0
2025-09-03,Coffee Beans,Beverage,120,47,17.3,0,0,0,2,0
2025-09-04,Coffee Beans,Beverage,120,50,13.5,0,0,0,3,0
2025-09-05,Coffee Beans,Beverage,120,48,17.5,0,0,1,4,0
2025-09-06,Coffee Beans,Beverage,120,44,14.7,0,0,1,5,0
2025-09-07,Coffee Beans,Beverage,120,42,13.5,0,0,1,6,0
2025-09-08,Coffee Beans,Beverage,120,41,17.8,0,0,0,0,0
2025-09-09,Coffee Beans,Beverage,120,42,16.7,0,0,0,1,0
2025-09-10,Coffee Beans,Beverage,120,66,14.7,0,0,0,2,1
2025-09-11,Coffee Beans,Beverage,120,44,19.1,0,0,0,3,0
2025-09-12,Coffee Beans,Beverage,120,65,14.9,0,0,1,4,0
2025-09-13,Coffee Beans,Beverage,120,52,15.8,0,0,1,5,0
2025-09-14,Coffee Beans,Beverage,120,55,16.2,0,0,1,6,1
2025-09-15,Coffee Beans,Beverage,120,38,14.1,0,0,0,0,0
2025-09-16,Coffee Beans,Beverage,120,35,16.4,0,0,0,1,0
2025-09-17,Coffee Beans,Beverage,120,36,14.1,0,0,0,2,0
2025-09-18,Coffee Beans,Beverage,120,45,14.2,0,0,0,3,0
2025-09-19,Coffee Beans,Beverage,120,45,18.0,0,0,1,4,0
2025-09-20,Coffee Beans,Beverage,120,42,12.6,0,0,1,5,0
2025-09-21,Coffee Beans,Beverage,120,57,9.5,0,0,1,6,0
2025-09-22,Coffee Beans,Beverage,120,34,18.2,0,0,0,0,0
2025-09-23,Coffee Beans,Beverage,120,29,20.1,0,0,0,1,0
2025-09-24,Coffee Beans,Beverage,120,49,13.5,0,0,0,2,0
2025-09-25,Coffee Beans,Beverage,120,41,10.0,0,0,0,3,0
2025-09-26,Coffee Beans,Beverage,120,52,13.5,0,0,1,4,0
2025-09-27,Coffee Beans,Beverage,120,49,13.4,0,0,1,5,0
2025-09-28,Coffee Beans,Beverage,120,49,13.5,0,0,1,6,0
2025-09-29,Coffee Beans,Beverage,120,46,11.3,0,0,0,0,0
2025-09-30,Coffee Beans,Beverage,120,46,14.9,0,0,0,1,1
2025-10-01,Coffee Beans,Beverage,120,55,14.7,0,0,0,2,0
2025-10-02,Coffee Beans,Beverage,120,45,10.1,0,0,0,3,0
2025-10-03,Coffee Beans,Beverage,120,37,14.8,0,0,1,4,0
2025-10-04,Coffee Beans,Beverage,120,28,17.6,0,0,1,5,0
2025-10-05,Coffee Beans,Beverage,120,44,13.4,0,0,1,6,0
2025-10-06,Coffee Beans,Beverage,120,37,12.1,0,0,0,0,0
2025-10-07,Coffee Beans,Beverage,120,36,12.4,0,0,0,1,0
2025-10-08,Coffee Beans,Beverage,120,44,13.9,0,0,0,2,0
2025-10-09,Coffee Beans,Beverage,120,54,8.6,0,0,0,3,0
2025-10-10,Coffee Beans,Beverage,120,55,12.7,0,0,1,4,0
2025-10-11,Coffee Beans,Beverage,120,56,11.3,0,0,1,5,0
2025-10-12,Coffee Beans,Beverage,120,44,16.1,0,0,1,6,0
2025-10-13,Coffee Beans,Beverage,120,40,11.5,0,0,0,0,0
2025-10-14,Coffee Beans,Beverage,120,36,15.4,0,0,0,1,0
2025-10-15,Coffee Beans,Beverage,120,46,9.2,0,0,0,2,0
2025-10-16,Coffee Beans,Beverage,120,45,12.8,0,0,0,3,0
2025-10-17,Coffee Beans,Beverage,120,41,12.1,0,0,1,4,0
2025-10-18,Coffee Beans,Beverage,120,63,9.3,0,0,1,5,0
2025-10-19,Coffee Beans,Beverage,120,51,11.5,0,0,1,6,0
2025-10-20,Coffee Beans,Beverage,120,40,13.6,0,0,0,0,0
2025-10-21,Coffee Beans,Beverage,120,43,10.1,0,0,0,1,0
2025-10-22,Coffee Beans,Beverage,120,49,7.0,0,0,0,2,0
2025-10-23,Coffee Beans,Beverage,120,56,10.5,0,0,0,3,0
2025-10-24,Coffee Beans,Beverage,120,45,8.4,0,0,1,4,0
2025-10-25,Coffee Beans,Beverage,120,38,9.5,0,0,1,5,0
2025-10-26,Coffee Beans,Beverage,120,58,9.9,0,1,1,6,0
2025-10-27,Coffee Beans,Beverage,120,47,6.2,0,1,0,0,0
2025-10-28,Coffee Beans,Beverage,120,42,6.3,0,1,0,1,0
2025-10-29,Coffee Beans,Beverage,120,46,10.8,0,1,0,2,0
2025-10-30,Coffee Beans,Beverage,120,46,8.4,0,1,0,3,0
2025-10-31,Coffee Beans,Beverage,120,48,3.8,0,1,1,4,0
2025-11-01,Coffee Beans,Beverage,120,55,11.0,0,0,1,5,0
2025-11-02,Coffee Beans,Beverage,120,45,9.8,0,0,1,6,0
2025-11-03,Coffee Beans,Beverage,120,37,7.5,0,0,0,0,0
2025-11-04,Coffee Beans,Beverage,120,42,6.0,0,0,0,1,0
2025-11-05,Coffee Beans,Beverage,120,42,10.6,0,0,0,2,0
2025-11-06,Coffee Beans,Beverage,120,62,9.4,0,0,0,3,0
2025-11-07,Coffee Beans,Beverage,120,41,13.8,0,0,1,4,0
2025-11-08,Coffee Beans,Beverage,120,42,9.3,0,0,1,5,0
2025-11-09,Coffee Beans,Beverage,120,46,9.1,0,0,1,6,0
2025-11-10,Coffee Beans,Beverage,120,43,7.8,0,0,0,0,0
2025-11-11,Coffee Beans,Beverage,120,45,9.8,0,0,0,1,0
2025-11-12,Coffee Beans,Beverage,120,42,9.2,0,0,0,2,0
2025-11-13,Coffee Beans,Beverage,120,51,10.5,0,0,0,3,0
2025-11-14,Coffee Beans,Beverage,120,54,6.5,0,0,1,4,0
2025-11-15,Coffee Beans,Beverage,120,51,6.5,0,0,1,5,0
2025-11-16,Coffee Beans,Beverage,120,62,6.3,0,0,1,6,0
2025-11-17,Coffee Beans,Beverage,120,48,9.0,0,0,0,0,0
2025-11-18,Coffee Beans,Beverage,120,42,10.4,0,0,0,1,0
2025-11-19,Coffee Beans,Beverage,120,47,6.0,0,0,0,2,0
2025-11-20,Coffee Beans,Beverage,120,54,6.0,0,0,0,3,0
2025-11-21,Coffee Beans,Beverage,120,48,7.5,0,0,1,4,0
2025-11-22,Coffee Beans,Beverage,120,52,6.1,0,0,1,5,0
2025-11-23,Coffee Beans,Beverage,120,55,8.6,0,0,1,6,0
2025-11-24,Coffee Beans,Beverage,120,46,1.5,0,0,0,0,0
2025-11-25,Coffee Beans,Beverage,120,37,4.5,0,0,0,1,0
2025-11-26,Coffee Beans,Beverage,120,60,4.5,0,0,0,2,0
2025-11-27,Coffee Beans,Beverage,120,68,1.0,0,0,0,3,0
2025-11-28,Coffee Beans,Beverage,120,61,3.9,0,0,1,4,0
2025-11-29,Coffee Beans,Beverage,120,60,3.9,0,0,1,5,0
2025-11-30,Coffee Beans,Beverage,120,54,5.3,0,0,1,6,0
2025-12-01,Coffee Beans,Beverage,120,28,8.1,0,0,0,0,0
2025-12-02,Coffee Beans,Beverage,120,73,5.0,0,0,0,1,1
2025-12-03,Coffee Beans,Beverage,120,49,3.2,0,0,0,2,0
2025-12-04,Coffee Beans,Beverage,120,52,5.2,0,0,0,3,0
2025-12-05,Coffee Beans,Beverage,120,65,7.6,0,0,1,4,0
2025-12-06,Coffee Beans,Beverage,120,52,3.0,0,0,1,5,0
2025-12-07,Coffee Beans,Beverage,120,51,3.1,0,0,1,6,0
2025-12-08,Coffee Beans,Beverage,120,66,6.2,0,0,0,0,0
2025-12-09,Coffee Beans,Beverage,120,43,4.4,0,0,0,1,0
2025-12-10,Coffee Beans,Beverage,120,51,6.2,0,0,0,2,0
2025-12-11,Coffee Beans,Beverage,120,50,4.7,0,0,0,3,0
2025-12-12,Coffee Beans,Beverage,120,54,6.2,0,0,1,4,0
2025-12-13,Coffee Beans,Beverage,120,63,2.3,0,0,1,5,0
2025-12-14,Coffee Beans,Beverage,120,56,4.5,0,0,1,6,0
2025-12-15,Coffee Beans,Beverage,120,47,3.9,0,0,0,0,0
2025-12-16,Coffee Beans,Beverage,120,62,1.7,0,0,0,1,0
2025-12-17,Coffee Beans,Beverage,120,60,0.8,0,0,0,2,0
2025-12-18,Coffee Beans,Beverage,120,59,5.7,0,0,0,3,0
2025-12-19,Coffee Beans,Beverage,120,55,3.3,0,0,1,4,0
2025-12-20,Coffee Beans,Beverage,120,61,1.8,0,1,1,5,0
2025-12-21,Coffee Beans,Beverage,120,52,3.8,0,1,1,6,0
2025-12-22,Coffee Beans,Beverage,120,45,6.4,0,1,0,0,0
2025-12-23,Coffee Beans,Beverage,120,51,-1.2,0,1,0,1,0
2025-12-24,Coffee Beans,Beverage,120,77,0.5,0,1,0,2,1
2025-12-25,Coffee Beans,Beverage,120,0,1.7,1,1,0,3,0
2025-12-26,Coffee Beans,Beverage,120,72,6.9,1,1,1,4,0
2025-12-27,Coffee Beans,Beverage,120,54,4.2,0,1,1,5,0
2025-12-28,Coffee Beans,Beverage,120,50,5.3,0,1,1,6,0
2025-12-29,Coffee Beans,Beverage,120,47,1.0,0,1,0,0,0
2025-12-30,Coffee Beans,Beverage,120,51,1.0,0,1,0,1,0
2025-12-31,Coffee Beans,Beverage,120,60,4.4,0,1,0,2,0
2024-01-01,Cooking Oil,Ambient,180,19,4.0,1,1,0,0,0
2024-01-02,Cooking Oil,Ambient,180,22,1.0,0,1,0,1,0
2024-01-03,Cooking Oil,Ambient,180,31,4.9,0,0,0,2,0
2024-01-04,Cooking Oil,Ambient,180,29,5.3,0,0,0,3,0
2024-01-05,Cooking Oil,Ambient,180,30,-1.1,0,0,1,4,0
2024-01-06,Cooking Oil,Ambient,180,37,0.3,0,0,1,5,0
2024-01-07,Cooking Oil,Ambient,180,29,3.4,0,0,1,6,0
2024-01-08,Cooking Oil,Ambient,180,29,2.4,0,0,0,0,0
2024-01-09,Cooking Oil,Ambient,180,16,3.1,0,0,0,1,0
2024-01-10,Cooking Oil,Ambient,180,40,1.2,0,0,0,2,1
2024-01-11,Cooking Oil,Ambient,180,29,5.0,0,0,0,3,0
2024-01-12,Cooking Oil,Ambient,180,32,4.8,0,0,1,4,0
2024-01-13,Cooking Oil,Ambient,180,31,3.2,0,0,1,5,0
2024-01-14,Cooking Oil,Ambient,180,32,5.5,0,0,1,6,0
2024-01-15,Cooking Oil,Ambient,180,33,4.0,0,0,0,0,0
2024-01-16,Cooking Oil,Ambient,180,30,1.1,0,0,0,1,0
2024-01-17,Cooking Oil,Ambient,180,25,3.8,0,0,0,2,0
2024-01-18,Cooking Oil,Ambient,180,42,0.9,0,0,0,3,1
2024-01-19,Cooking Oil,Ambient,180,36,4.9,0,0,1,4,0
2024-01-20,Cooking Oil,Ambient,180,41,2.9,0,0,1,5,1
2024-01-21,Cooking Oil,Ambient,180,41,2.6,0,0,1,6,0
2024-01-22,Cooking Oil,Ambient,180,25,1.5,0,0,0,0,0
2024-01-23,Cooking Oil,Ambient,180,23,5.7,0,0,0,1,0
2024-01-24,Cooking Oil,Ambient,180,26,2.7,0,0,0,2,0
2024-01-25,Cooking Oil,Ambient,180,35,2.1,0,0,0,3,0
2024-01-26,Cooking Oil,Ambient,180,25,2.3,0,0,1,4,0
2024-01-27,Cooking Oil,Ambient,180,33,4.3,0,0,1,5,0
2024-01-28,Cooking Oil,Ambient,180,37,3.9,0,0,1,6,0
2024-01-29,Cooking Oil,Ambient,180,32,4.0,0,0,0,0,0
2024-01-30,Cooking Oil,Ambient,180,19,4.1,0,0,0,1,0
2024-01-31,Cooking Oil,Ambient,180,30,7.9,0,0,0,2,0
2024-02-01,Cooking Oil,Ambient,180,35,2.3,0,0,0,3,1
2024-02-02,Cooking Oil,Ambient,180,33,2.1,0,0,1,4,0
2024-02-03,Cooking Oil,Ambient,180,35,1.5,0,0,1,5,0
2024-02-04,Cooking Oil,Ambient,180,36,4.7,0,0,1,6,0
2024-02-05,Cooking Oil,Ambient,180,25,5.8,0,0,0,0,0
2024-02-06,Cooking Oil,Ambient,180,29,3.1,0,0,0,1,0
2024-02-07,Cooking Oil,Ambient,180,31,1.6,0,0,0,2,0
2024-02-08,Cooking Oil,Ambient,180,25,1.7,0,0,0,3,0
2024-02-09,Cooking Oil,Ambient,180,34,5.0,0,0,1,4,0
2024-02-10,Cooking Oil,Ambient,180,34,5.2,0,0,1,5,0
2024-02-11,Cooking Oil,Ambient,180,38,4.8,0,0,1,6,0
2024-02-12,Cooking Oil,Ambient,180,24,2.2,0,1,0,0,0
2024-02-13,Cooking Oil,Ambient,180,20,4.3,0,1,0,1,0
2024-02-14,Cooking Oil,Ambient,180,27,4.1,0,1,0,2,0
2024-02-15,Cooking Oil,Ambient,180,26,4.3,0,1,0,3,0
2024-02-16,Cooking Oil,Ambient,180,40,5.8,0,1,1,4,0
2024-02-17,Cooking Oil,Ambient,180,43,4.5,0,1,1,5,0
2024-02-18,Cooking Oil,Ambient,180,40,5.6,0,1,1,6,0
2024-02-19,Cooking Oil,Ambient,180,22,4.3,0,0,0,0,0
2024-02-20,Cooking Oil,Ambient,180,28,4.8,0,0,0,1,0
2024-02-21,Cooking Oil,Ambient,180,39,5.7,0,0,0,2,0
2024-02-22,Cooking Oil,Ambient,180,21,1.1,0,0,0,3,0
2024-02-23,Cooking Oil,Ambient,180,29,3.7,0,0,1,4,0
2024-02-24,Cooking Oil,Ambient,180,30,3.5,0,0,1,5,0
2024-02-25,Cooking Oil,Ambient,180,41,3.2,0,0,1,6,0
2024-02-26,Cooking Oil,Ambient,180,31,4.1,0,0,0,0,0
2024-02-27,Cooking Oil,Ambient,180,35,8.0,0,0,0,1,0
2024-02-28,Cooking Oil,Ambient,180,30,2.9,0,0,0,2,0
2024-02-29,Cooking Oil,Ambient,180,27,7.1,0,0,0,3,0
2024-03-01,Cooking Oil,Ambient,180,38,1.3,0,0,1,4,0
2024-03-02,Cooking Oil,Ambient,180,39,4.4,0,0,1,5,0
2024-03-03,Cooking Oil,Ambient,180,25,5.6,0,0,1,6,0
2024-03-04,Cooking Oil,Ambient,180,37,6.6,0,0,0,0,1
2024-03-05,Cooking Oil,Ambient,180,33,7.0,0,0,0,1,0
2024-03-06,Cooking Oil,Ambient,180,42,7.3,0,0,0,2,1
2024-03-07,Cooking Oil,Ambient,180,33,4.8,0,0,0,3,0
2024-03-08,Cooking Oil,Ambient,180,41,4.7,0,0,1,4,0
2024-03-09,Cooking Oil,Ambient,180,45,7.7,0,0,1,5,1
2024-03-10,Cooking Oil,Ambient,180,27,5.5,0,0,1,6,0
2024-03-11,Cooking Oil,Ambient,180,32,3.2,0,0,0,0,0
2024-03-12,Cooking Oil,Ambient,180,23,3.6,0,0,0,1,0
2024-03-13,Cooking Oil,Ambient,180,30,4.2,0,0,0,2,0
2024-03-14,Cooking Oil,Ambient,180,34,7.5,0,0,0,3,0
2024-03-15,Cooking Oil,Ambient,180,55,6.8,0,0,1,4,1
2024-03-16,Cooking Oil,Ambient,180,30,8.1,0,0,1,5,0
2024-03-17,Cooking Oil,Ambient,180,39,5.8,0,0,1,6,0
2024-03-18,Cooking Oil,Ambient,180,33,7.2,0,0,0,0,0
2024-03-19,Cooking Oil,Ambient,180,27,8.3,0,0,0,1,0
2024-03-20,Cooking Oil,Ambient,180,28,6.4,0,0,0,2,0
2024-03-21,Cooking Oil,Ambient,180,29,8.2,0,0,0,3,0
2024-03-22,Cooking Oil,Ambient,180,43,5.8,0,0,1,4,0
2024-03-23,Cooking Oil,Ambient,180,31,6.6,0,0,1,5,0
2024-03-24,Cooking Oil,Ambient,180,42,6.7,0,0,1,6,0
2024-03-25,Cooking Oil,Ambient,180,27,5.0,0,0,0,0,0
2024-03-26,Cooking Oil,Ambient,180,40,8.9,0,0,0,1,0
2024-03-27,Cooking Oil,Ambient,180,22,6.9,0,0,0,2,0
2024-03-28,Cooking Oil,Ambient,180,42,8.1,0,0,0,3,0
2024-03-29,Cooking Oil,Ambient,180,46,9.2,1,0,1,4,0
2024-03-30,Cooking Oil,Ambient,180,54,9.3,0,0,1,5,0
2024-03-31,Cooking Oil,Ambient,180,32,9.9,0,0,1,6,0
2024-04-01,Cooking Oil,Ambient,180,24,8.3,1,1,0,0,0
2024-04-02,Cooking Oil,Ambient,180,20,7.8,0,1,0,1,0
2024-04-03,Cooking Oil,Ambient,180,28,8.7,0,1,0,2,0
2024-04-04,Cooking Oil,Ambient,180,33,5.2,0,1,0,3,0
2024-04-05,Cooking Oil,Ambient,180,35,5.9,0,1,1,4,0
2024-04-06,Cooking Oil,Ambient,180,46,6.3,0,1,1,5,0
2024-04-07,Cooking Oil,Ambient,180,31,7.2,0,1,1,6,0
2024-04-08,Cooking Oil,Ambient,180,33,10.4,0,1,0,0,0
2024-04-09,Cooking Oil,Ambient,180,30,7.6,0,1,0,1,1
2024-04-10,Cooking Oil,Ambient,180,28,8.9,0,1,0,2,0
2024-04-11,Cooking Oil,Ambient,180,33,12.8,0,1,0,3,0
2024-04-12,Cooking Oil,Ambient,180,47,9.3,0,1,1,4,0
2024-04-13,Cooking Oil,Ambient,180,26,11.8,0,1,1,5,0
2024-04-14,Cooking Oil,Ambient,180,45,8.3,0,1,1,6,0
2024-04-15,Cooking Oil,Ambient,180,28,10.0,0,0,0,0,0
2024-04-16,Cooking Oil,Ambient,180,26,8.5,0,0,0,1,0
2024-04-17,Cooking Oil,Ambient,180,40,10.0,0,0,0,2,0
2024-04-18,Cooking Oil,Ambient,180,30,12.7,0,0,0,3,0
2024-04-19,Cooking Oil,Ambient,180,50,7.2,0,0,1,4,0
2024-04-20,Cooking Oil,Ambient,180,33,12.1,0,0,1,5,0
2024-04-21,Cooking Oil,Ambient,180,26,11.8,0,0,1,6,0
2024-04-22,Cooking Oil,Ambient,180,33,10.1,0,0,0,0,0
2024-04-23,Cooking Oil,Ambient,180,29,8.4,0,0,0,1,0
2024-04-24,Cooking Oil,Ambient,180,37,11.8,0,0,0,2,0
2024-04-25,Cooking Oil,Ambient,180,50,10.7,0,0,0,3,0
2024-04-26,Cooking Oil,Ambient,180,42,12.5,0,0,1,4,0
2024-04-27,Cooking Oil,Ambient,180,40,12.1,0,0,1,5,0
2024-04-28,Cooking Oil,Ambient,180,35,15.8,0,0,1,6,0
2024-04-29,Cooking Oil,Ambient,180,31,11.8,0,0,0,0,0
2024-04-30,Cooking Oil,Ambient,180,38,10.3,0,0,0,1,1
2024-05-01,Cooking Oil,Ambient,180,32,13.0,0,0,0,2,0
2024-05-02,Cooking Oil,Ambient,180,50,13.3,0,0,0,3,0
2024-05-03,Cooking Oil,Ambient,180,60,15.9,0,0,1,4,1
2024-05-04,Cooking Oil,Ambient,180,37,14.9,0,0,1,5,0
2024-05-05,Cooking Oil,Ambient,180,35,14.0,0,0,1,6,0
2024-05-06,Cooking Oil,Ambient,180,43,16.5,1,0,0,0,0
2024-05-07,Cooking Oil,Ambient,180,30,10.8,0,0,0,1,0
2024-05-08,Cooking Oil,Ambient,180,36,12.2,0,0,0,2,0
2024-05-09,Cooking Oil,Ambient,180,33,11.7,0,0,0,3,0
2024-05-10,Cooking Oil,Ambient,180,25,13.0,0,0,1,4,0
2024-05-11,Cooking Oil,Ambient,180,38,10.9,0,0,1,5,0
2024-05-12,Cooking Oil,Ambient,180,39,15.5,0,0,1,6,0
2024-05-13,Cooking Oil,Ambient,180,36,13.7,0,0,0,0,0
2024-05-14,Cooking Oil,Ambient,180,31,11.1,0,0,0,1,0
2024-05-15,Cooking Oil,Ambient,180,43,12.2,0,0,0,2,0
2024-05-16,Cooking Oil,Ambient,180,36,15.3,0,0,0,3,0
2024-05-17,Cooking Oil,Ambient,180,35,16.5,0,0,1,4,0
2024-05-18,Cooking Oil,Ambient,180,39,19.2,0,0,1,5,0
2024-05-19,Cooking Oil,Ambient,180,38,21.4,0,0,1,6,0
2024-05-20,Cooking Oil,Ambient,180,29,16.0,0,0,0,0,0
2024-05-21,Cooking Oil,Ambient,180,30,13.0,0,0,0,1,0
2024-05-22,Cooking Oil,Ambient,180,32,10.6,0,0,0,2,0
2024-05-23,Cooking Oil,Ambient,180,38,16.0,0,0,0,3,0
2024-05-24,Cooking Oil,Ambient,180,28,13.7,0,0,1,4,0
2024-05-25,Cooking Oil,Ambient,180,41,14.7,0,0,1,5,0
2024-05-26,Cooking Oil,Ambient,180,33,14.4,0,1,1,6,0
2024-05-27,Cooking Oil,Ambient,180,43,15.6,1,1,0,0,0
2024-05-28,Cooking Oil,Ambient,180,23,18.3,0,1,0,1,0
2024-05-29,Cooking Oil,Ambient,180,33,16.4,0,1,0,2,0
2024-05-30,Cooking Oil,Ambient,180,33,15.8,0,1,0,3,0
2024-05-31,Cooking Oil,Ambient,180,50,14.0,0,1,1,4,1
2024-06-01,Cooking Oil,Ambient,180,32,12.7,0,0,1,5,0
2024-06-02,Cooking Oil,Ambient,180,33,15.4,0,0,1,6,0
2024-06-03,Cooking Oil,Ambient,180,30,16.5,0,0,0,0,0
2024-06-04,Cooking Oil,Ambient,180,39,20.6,0,0,0,1,0
2024-06-05,Cooking Oil,Ambient,180,26,17.1,0,0,0,2,0
2024-06-06,Cooking Oil,Ambient,180,28,19.0,0,0,0,3,0
2024-06-07,Cooking Oil,Ambient,180,34,15.9,0,0,1,4,0
2024-06-08,Cooking Oil,Ambient,180,46,14.5,0,0,1,5,0
2024-06-09,Cooking Oil,Ambient,180,37,15.0,0,0,1,6,0
2024-06-10,Cooking Oil,Ambient,180,30,15.6,0,0,0,0,0
2024-06-11,Cooking Oil,Ambient,180,30,22.0,0,0,0,1,0
2024-06-12,Cooking Oil,Ambient,180,40,15.6,0,0,0,2,0
2024-06-13,Cooking Oil,Ambient,180,32,19.3,0,0,0,3,0
2024-06-14,Cooking Oil,Ambient,180,40,15.6,0,0,1,4,0
2024-06-15,Cooking Oil,Ambient,180,51,19.7,0,0,1,5,1
2024-06-16,Cooking Oil,Ambient,180,39,18.6,0,0,1,6,0
2024-06-17,Cooking Oil,Ambient,180,33,17.5,0,0,0,0,0
2024-06-18,Cooking Oil,Ambient,180,30,17.8,0,0,0,1,0
2024-06-19,Cooking Oil,Ambient,180,30,16.5,0,0,0,2,0
2024-06-20,Cooking Oil,Ambient,180,31,19.0,0,0,0,3,0
2024-06-21,Cooking Oil,Ambient,180,46,17.1,0,0,1,4,0
2024-06-22,Cooking Oil,Ambient,180,46,15.4,0,0,1,5,1
2024-06-23,Cooking Oil,Ambient,180,29,15.4,0,0,1,6,0
2024-06-24,Cooking Oil,Ambient,180,46,18.6,0,0,0,0,1
2024-06-25,Cooking Oil,Ambient,180,43,21.8,0,0,0,1,1
2024-06-26,Cooking Oil,Ambient,180,36,18.7,0,0,0,2,1
2024-06-27,Cooking Oil,Ambient,180,30,18.2,0,0,0,3,0
2024-06-28,Cooking Oil,Ambient,180,40,19.1,0,0,1,4,0
2024-06-29,Cooking Oil,Ambient,180,34,21.4,0,0,1,5,0
2024-06-30,Cooking Oil,Ambient,180,38,19.0,0,0,1,6,0
2024-07-01,Cooking Oil,Ambient,180,36,17.7,0,1,0,0,0
2024-07-02,Cooking Oil,Ambient,180,33,21.1,0,1,0,1,0
2024-07-03,Cooking Oil,Ambient,180,34,19.6,0,1,0,2,0
2024-07-04,Cooking Oil,Ambient,180,30,22.1,0,1,0,3,0
2024-07-05,Cooking Oil,Ambient,180,39,19.2,0,1,1,4,0
2024-07-06,Cooking Oil,Ambient,180,30,16.1,0,1,1,5,0
2024-07-07,Cooking Oil,Ambient,180,46,15.8,0,1,1,6,0
2024-07-08,Cooking Oil,Ambient,180,31,22.5,0,1,0,0,0
2024-07-09,Cooking Oil,Ambient,180,40,22.7,0,1,0,1,0
2024-07-10,Cooking Oil,Ambient,180,30,18.5,0,1,0,2,0
2024-07-11,Cooking Oil,Ambient,180,28,18.1,0,1,0,3,0
2024-07-12,Cooking Oil,Ambient,180,42,22.2,0,1,1,4,0
2024-07-13,Cooking Oil,Ambient,180,40,16.5,0,1,1,5,0
2024-07-14,Cooking Oil,Ambient,180,38,17.0,0,1,1,6,0
2024-07-15,Cooking Oil,Ambient,180,23,20.4,0,1,0,0,0
2024-07-16,Cooking Oil,Ambient,180,45,18.1,0,1,0,1,1
2024-07-17,Cooking Oil,Ambient,180,31,19.0,0,1,0,2,0
2024-07-18,Cooking Oil,Ambient,180,33,18.6,0,1,0,3,0
2024-07-19,Cooking Oil,Ambient,180,31,19.7,0,1,1,4,0
2024-07-20,Cooking Oil,Ambient,180,33,22.1,0,1,1,5,0
2024-07-21,Cooking Oil,Ambient,180,44,19.2,0,1,1,6,0
2024-07-22,Cooking Oil,Ambient,180,23,20.4,0,1,0,0,0
2024-07-23,Cooking Oil,Ambient,180,34,14.5,0,1,0,1,1
2024-07-24,Cooking Oil,Ambient,180,27,18.9,0,1,0,2,0
2024-07-25,Cooking Oil,Ambient,180,40,17.1,0,1,0,3,1
2024-07-26,Cooking Oil,Ambient,180,35,16.3,0,1,1,4,0
2024-07-27,Cooking Oil,Ambient,180,38,17.0,0,1,1,5,0
2024-07-28,Cooking Oil,Ambient,180,35,18.2,0,1,1,6,0
2024-07-29,Cooking Oil,Ambient,180,26,20.9,0,1,0,0,0
2024-07-30,Cooking Oil,Ambient,180,29,15.9,0,1,0,1,0
2024-07-31,Cooking Oil,Ambient,180,26,18.9,0,1,0,2,0
2024-08-01,Cooking Oil,Ambient,180,27,17.7,0,1,0,3,0
2024-08-02,Cooking Oil,Ambient,180,34,18.1,0,1,1,4,0
2024-08-03,Cooking Oil,Ambient,180,36,21.0,0,1,1,5,1
2024-08-04,Cooking Oil,Ambient,180,31,19.9,0,1,1,6,0
2024-08-05,Cooking Oil,Ambient,180,24,21.6,0,1,0,0,0
2024-08-06,Cooking Oil,Ambient,180,37,18.3,0,1,0,1,0
2024-08-07,Cooking Oil,Ambient,180,35,17.1,0,1,0,2,0
2024-08-08,Cooking Oil,Ambient,180,26,18.1,0,1,0,3,0
2024-08-09,Cooking Oil,Ambient,180,40,19.0,0,1,1,4,0
2024-08-10,Cooking Oil,Ambient,180,41,18.8,0,1,1,5,1
2024-08-11,Cooking Oil,Ambient,180,40,16.0,0,1,1,6,0
2024-08-12,Cooking Oil,Ambient,180,27,18.5,0,1,0,0,0
2024-08-13,Cooking Oil,Ambient,180,32,18.8,0,1,0,1,0
2024-08-14,Cooking Oil,Ambient,180,33,23.8,0,1,0,2,0
2024-08-15,Cooking Oil,Ambient,180,26,22.3,0,1,0,3,0
2024-08-16,Cooking Oil,Ambient,180,36,16.2,0,1,1,4,0
2024-08-17,Cooking Oil,Ambient,180,58,17.4,0,1,1,5,1
2024-08-18,Cooking Oil,Ambient,180,24,14.8,0,1,1,6,0
2024-08-19,Cooking Oil,Ambient,180,29,16.6,0,1,0,0,0
2024-08-20,Cooking Oil,Ambient,180,42,18.5,0,1,0,1,1
2024-08-21,Cooking Oil,Ambient,180,23,20.4,0,1,0,2,0
2024-08-22,Cooking Oil,Ambient,180,38,16.1,0,1,0,3,0
2024-08-23,Cooking Oil,Ambient,180,35,16.2,0,1,1,4,0
2024-08-24,Cooking Oil,Ambient,180,33,12.8,0,1,1,5,0
2024-08-25,Cooking Oil,Ambient,180,58,17.1,0,1,1,6,1
2024-08-26,Cooking Oil,Ambient,180,30,15.0,1,1,0,0,0
2024-08-27,Cooking Oil,Ambient,180,26,16.1,0,1,0,1,0
2024-08-28,Cooking Oil,Ambient,180,31,15.3,0,1,0,2,0
2024-08-29,Cooking Oil,Ambient,180,28,16.9,0,1,0,3,0
2024-08-30,Cooking Oil,Ambient,180,22,13.2,0,1,1,4,0
2024-08-31,Cooking Oil,Ambient,180,26,13.7,0,1,1,5,0
2024-09-01,Cooking Oil,Ambient,180,40,21.5,0,0,1,6,0
2024-09-02,Cooking Oil,Ambient,180,30,13.9,0,0,0,0,0
2024-09-03,Cooking Oil,Ambient,180,32,14.2,0,0,0,1,0
2024-09-04,Cooking Oil,Ambient,180,29,20.6,0,0,0,2,1
2024-09-05,Cooking Oil,Ambient,180,26,22.8,0,0,0,3,0
2024-09-06,Cooking Oil,Ambient,180,27,13.8,0,0,1,4,0
2024-09-07,Cooking Oil,Ambient,180,33,15.4,0,0,1,5,0
2024-09-08,Cooking Oil,Ambient,180,39,16.9,0,0,1,6,0
2024-09-09,Cooking Oil,Ambient,180,33,19.8,0,0,0,0,0
2024-09-10,Cooking Oil,Ambient,180,22,13.8,0,0,0,1,0
2024-09-11,Cooking Oil,Ambient,180,32,15.3,0,0,0,2,0
2024-09-12,Cooking Oil,Ambient,180,30,17.4,0,0,0,3,0
2024-09-13,Cooking Oil,Ambient,180,36,16.6,0,0,1,4,0
2024-09-14,Cooking Oil,Ambient,180,40,14.7,0,0,1,5,0
2024-09-15,Cooking Oil,Ambient,180,26,15.1,0,0,1,6,0
2024-09-16,Cooking Oil,Ambient,180,21,12.2,0,0,0,0,0
2024-09-17,Cooking Oil,Ambient,180,31,14.6,0,0,0,1,0
2024-09-18,Cooking Oil,Ambient,180,25,14.4,0,0,0,2,0
2024-09-19,Cooking Oil,Ambient,180,26,15.4,0,0,0,3,0
2024-09-20,Cooking Oil,Ambient,180,37,13.6,0,0,1,4,0
2024-09-21,Cooking Oil,Ambient,180,34,15.7,0,0,1,5,0
2024-09-22,Cooking Oil,Ambient,180,31,16.8,0,0,1,6,0
2024-09-23,Cooking Oil,Ambient,180,18,14.8,0,0,0,0,0
2024-09-24,Cooking Oil,Ambient,180,20,15.1,0,0,0,1,0
2024-09-25,Cooking Oil,Ambient,180,30,14.3,0,0,0,2,0
2024-09-26,Cooking Oil,Ambient,180,36,14.0,0,0,0,3,0
2024-09-27,Cooking Oil,Ambient,180,35,12.3,0,0,1,4,0
2024-09-28,Cooking Oil,Ambient,180,25,14.5,0,0,1,5,0
2024-09-29,Cooking Oil,Ambient,180,28,13.4,0,0,1,6,0
2024-09-30,Cooking Oil,Ambient,180,33,18.1,0,0,0,0,0
2024-10-01,Cooking Oil,Ambient,180,37,16.8,0,0,0,1,1
2024-10-02,Cooking Oil,Ambient,180,35,14.1,0,0,0,2,0
2024-10-03,Cooking Oil,Ambient,180,29,11.4,0,0,0,3,0
2024-10-04,Cooking Oil,Ambient,180,21,10.5,0,0,1,4,0
2024-10-05,Cooking Oil,Ambient,180,46,15.5,0,0,1,5,0
2024-10-06,Cooking Oil,Ambient,180,38,13.3,0,0,1,6,0
2024-10-07,Cooking Oil,Ambient,180,21,13.6,0,0,0,0,0
2024-10-08,Cooking Oil,Ambient,180,32,8.6,0,0,0,1,0
2024-10-09,Cooking Oil,Ambient,180,25,14.4,0,0,0,2,0
2024-10-10,Cooking Oil,Ambient,180,15,13.2,0,0,0,3,0
2024-10-11,Cooking Oil,Ambient,180,33,9.6,0,0,1,4,0
2024-10-12,Cooking Oil,Ambient,180,35,10.9,0,0,1,5,0
2024-10-13,Cooking Oil,Ambient,180,36,12.4,0,0,1,6,0
2024-10-14,Cooking Oil,Ambient,180,31,11.8,0,0,0,0,0
2024-10-15,Cooking Oil,Ambient,180,26,10.9,0,0,0,1,0
2024-10-16,Cooking Oil,Ambient,180,27,11.1,0,0,0,2,0
2024-10-17,Cooking Oil,Ambient,180,31,10.7,0,0,0,3,0
2024-10-18,Cooking Oil,Ambient,180,31,11.4,0,0,1,4,0
2024-10-19,Cooking Oil,Ambient,180,35,14.2,0,0,1,5,0
2024-10-20,Cooking Oil,Ambient,180,31,5.2,0,0,1,6,0
2024-10-21,Cooking Oil,Ambient,180,34,10.2,0,0,0,0,0
2024-10-22,Cooking Oil,Ambient,180,21,10.9,0,0,0,1,0
2024-10-23,Cooking Oil,Ambient,180,17,11.0,0,0,0,2,0
2024-10-24,Cooking Oil,Ambient,180,20,9.4,0,0,0,3,0
2024-10-25,Cooking Oil,Ambient,180,34,6.3,0,0,1,4,0
2024-10-26,Cooking Oil,Ambient,180,38,10.7,0,1,1,5,0
2024-10-27,Cooking Oil,Ambient,180,27,13.7,0,1,1,6,0
2024-10-28,Cooking Oil,Ambient,180,29,6.3,0,1,0,0,0
2024-10-29,Cooking Oil,Ambient,180,24,11.5,0,1,0,1,0
2024-10-30,Cooking Oil,Ambient,180,28,8.7,0,1,0,2,0
2024-10-31,Cooking Oil,Ambient,180,45,9.2,0,1,0,3,1
2024-11-01,Cooking Oil,Ambient,180,38,6.9,0,0,1,4,0
2024-11-02,Cooking Oil,Ambient,180,30,8.3,0,0,1,5,0
2024-11-03,Cooking Oil,Ambient,180,33,11.8,0,0,1,6,0
2024-11-04,Cooking Oil,Ambient,180,21,10.1,0,0,0,0,0
2024-11-05,Cooking Oil,Ambient,180,24,12.5,0,0,0,1,0
2024-11-06,Cooking Oil,Ambient,180,23,11.1,0,0,0,2,0
2024-11-07,Cooking Oil,Ambient,180,25,9.3,0,0,0,3,0
2024-11-08,Cooking Oil,Ambient,180,26,12.1,0,0,1,4,0
2024-11-09,Cooking Oil,Ambient,180,30,9.1,0,0,1,5,0
2024-11-10,Cooking Oil,Ambient,180,34,9.8,0,0,1,6,0
2024-11-11,Cooking Oil,Ambient,180,19,7.2,0,0,0,0,0
2024-11-12,Cooking Oil,Ambient,180,17,7.9,0,0,0,1,0
2024-11-13,Cooking Oil,Ambient,180,25,6.1,0,0,0,2,0
2024-11-14,Cooking Oil,Ambient,180,29,9.7,0,0,0,3,0
2024-11-15,Cooking Oil,Ambient,180,38,4.8,0,0,1,4,0
2024-11-16,Cooking Oil,Ambient,180,48,9.0,0,0,1,5,1
2024-11-17,Cooking Oil,Ambient,180,22,6.7,0,0,1,6,0
2024-11-18,Cooking Oil,Ambient,180,22,9.6,0,0,0,0,0
2024-11-19,Cooking Oil,Ambient,180,26,8.5,0,0,0,1,0
2024-11-20,Cooking Oil,Ambient,180,28,10.8,0,0,0,2,0
2024-11-21,Cooking Oil,Ambient,180,37,8.3,0,0,0,3,0
2024-11-22,Cooking Oil,Ambient,180,21,3.1,0,0,1,4,0
2024-11-23,Cooking Oil,Ambient,180,28,6.3,0,0,1,5,0
2024-11-24,Cooking Oil,Ambient,180,44,3.7,0,0,1,6,1
2024-11-25,Cooking Oil,Ambient,180,19,5.1,0,0,0,0,0
2024-11-26,Cooking Oil,Ambient,180,28,9.4,0,0,0,1,0
2024-11-27,Cooking Oil,Ambient,180,34,7.4,0,0,0,2,0
2024-11-28,Cooking Oil,Ambient,180,29,4.3,0,0,0,3,0
2024-11-29,Cooking Oil,Ambient,180,26,3.5,0,0,1,4,0
2024-11-30,Cooking Oil,Ambient,180,38,5.7,0,0,1,5,0
2024-12-01,Cooking Oil,Ambient,180,34,2.9,0,0,1,6,0
2024-12-02,Cooking Oil,Ambient,180,25,4.0,0,0,0,0,0
2024-12-03,Cooking Oil,Ambient,180,24,6.1,0,0,0,1,0
2024-12-04,Cooking Oil,Ambient,180,36,7.8,0,0,0,2,0
2024-12-05,Cooking Oil,Ambient,180,25,6.5,0,0,0,3,0
2024-12-06,Cooking Oil,Ambient,180,31,0.0,0,0,1,4,0
2024-12-07,Cooking Oil,Ambient,180,34,5.7,0,0,1,5,0
2024-12-08,Cooking Oil,Ambient,180,35,5.1,0,0,1,6,1
2024-12-09,Cooking Oil,Ambient,180,31,5.7,0,0,0,0,0
2024-12-10,Cooking Oil,Ambient,180,18,8.3,0,0,0,1,0
2024-12-11,Cooking Oil,Ambient,180,41,0.1,0,0,0,2,1
2024-12-12,Cooking Oil,Ambient,180,24,3.3,0,0,0,3,0
2024-12-13,Cooking Oil,Ambient,180,25,5.8,0,0,1,4,0
2024-12-14,Cooking Oil,Ambient,180,27,0.9,0,0,1,5,0
2024-12-15,Cooking Oil,Ambient,180,37,7.6,0,0,1,6,0
2024-12-16,Cooking Oil,Ambient,180,24,5.1,0,0,0,0,0
2024-12-17,Cooking Oil,Ambient,180,17,6.0,0,0,0,1,0
2024-12-18,Cooking Oil,Ambient,180,28,2.9,0,0,0,2,0
2024-12-19,Cooking Oil,Ambient,180,24,5.8,0,0,0,3,0
2024-12-20,Cooking Oil,Ambient,180,36,6.3,0,1,1,4,0
2024-12-21,Cooking Oil,Ambient,180,25,4.4,0,1,1,5,0
2024-12-22,Cooking Oil,Ambient,180,25,4.4,0,1,1,6,0
2024-12-23,Cooking Oil,Ambient,180,27,4.4,0,1,0,0,0
2024-12-24,Cooking Oil,Ambient,180,29,1.8,0,1,0,1,0
2024-12-25,Cooking Oil,Ambient,180,0,3.3,1,1,0,2,0
2024-12-26,Cooking Oil,Ambient,180,31,3.3,1,1,0,3,0
2024-12-27,Cooking Oil,Ambient,180,36,4.4,0,1,1,4,0
2024-12-28,Cooking Oil,Ambient,180,39,5.7,0,1,1,5,0
2024-12-29,Cooking Oil,Ambient,180,39,1.1,0,1,1,6,0
2024-12-30,Cooking Oil,Ambient,180,39,3.1,0,1,0,0,0
2024-12-31,Cooking Oil,Ambient,180,28,6.6,0,1,0,1,0
2025-01-01,Cooking Oil,Ambient,180,33,1.7,1,1,0,2,0
2025-01-02,Cooking Oil,Ambient,180,26,1.5,0,1,0,3,0
2025-01-03,Cooking Oil,Ambient,180,28,3.7,0,0,1,4,0
2025-01-04,Cooking Oil,Ambient,180,44,5.1,0,0,1,5,0
2025-01-05,Cooking Oil,Ambient,180,34,3.2,0,0,1,6,0
2025-01-06,Cooking Oil,Ambient,180,25,6.1,0,0,0,0,0
2025-01-07,Cooking Oil,Ambient,180,27,5.0,0,0,0,1,0
2025-01-08,Cooking Oil,Ambient,180,33,5.0,0,0,0,2,0
2025-01-09,Cooking Oil,Ambient,180,28,4.3,0,0,0,3,0
2025-01-10,Cooking Oil,Ambient,180,28,8.2,0,0,1,4,0
2025-01-11,Cooking Oil,Ambient,180,38,2.6,0,0,1,5,0
2025-01-12,Cooking Oil,Ambient,180,45,-1.4,0,0,1,6,0
2025-01-13,Cooking Oil,Ambient,180,24,6.6,0,0,0,0,0
2025-01-14,Cooking Oil,Ambient,180,33,2.0,0,0,0,1,0
2025-01-15,Cooking Oil,Ambient,180,36,3.3,0,0,0,2,0
2025-01-16,Cooking Oil,Ambient,180,33,5.9,0,0,0,3,0
2025-01-17,Cooking Oil,Ambient,180,34,-0.5,0,0,1,4,0
2025-01-18,Cooking Oil,Ambient,180,26,0.2,0,0,1,5,0
2025-01-19,Cooking Oil,Ambient,180,34,-0.5,0,0,1,6,0
2025-01-20,Cooking Oil,Ambient,180,27,1.3,0,0,0,0,0
2025-01-21,Cooking Oil,Ambient,180,30,4.0,0,0,0,1,0
2025-01-22,Cooking Oil,Ambient,180,32,4.2,0,0,0,2,0
2025-01-23,Cooking Oil,Ambient,180,36,3.6,0,0,0,3,0
2025-01-24,Cooking Oil,Ambient,180,46,-0.1,0,0,1,4,0
2025-01-25,Cooking Oil,Ambient,180,31,-2.0,0,0,1,5,0
2025-01-26,Cooking Oil,Ambient,180,33,3.2,0,0,1,6,0
2025-01-27,Cooking Oil,Ambient,180,45,2.0,0,0,0,0,1
2025-01-28,Cooking Oil,Ambient,180,43,4.1,0,0,0,1,0
2025-01-29,Cooking Oil,Ambient,180,33,4.7,0,0,0,2,0
2025-01-30,Cooking Oil,Ambient,180,31,3.5,0,0,0,3,0
2025-01-31,Cooking Oil,Ambient,180,39,4.9,0,0,1,4,0
2025-02-01,Cooking Oil,Ambient,180,31,3.7,0,0,1,5,0
2025-02-02,Cooking Oil,Ambient,180,35,4.4,0,0,1,6,0
2025-02-03,Cooking Oil,Ambient,180,31,1.7,0,0,0,0,0
2025-02-04,Cooking Oil,Ambient,180,26,2.9,0,0,0,1,0
2025-02-05,Cooking Oil,Ambient,180,37,3.8,0,0,0,2,0
2025-02-06,Cooking Oil,Ambient,180,38,5.2,0,0,0,3,0
2025-02-07,Cooking Oil,Ambient,180,40,2.6,0,0,1,4,0
2025-02-08,Cooking Oil,Ambient,180,59,4.6,0,0,1,5,1
2025-02-09,Cooking Oil,Ambient,180,43,2.9,0,0,1,6,0
2025-02-10,Cooking Oil,Ambient,180,33,3.3,0,0,0,0,0
2025-02-11,Cooking Oil,Ambient,180,22,5.5,0,0,0,1,0
2025-02-12,Cooking Oil,Ambient,180,37,-0.7,0,1,0,2,0
2025-02-13,Cooking Oil,Ambient,180,28,0.9,0,1,0,3,0
2025-02-14,Cooking Oil,Ambient,180,35,0.5,0,1,1,4,0
2025-02-15,Cooking Oil,Ambient,180,38,-1.3,0,1,1,5,0
2025-02-16,Cooking Oil,Ambient,180,50,2.4,0,1,1,6,1
2025-02-17,Cooking Oil,Ambient,180,31,5.6,0,1,0,0,0
2025-02-18,Cooking Oil,Ambient,180,29,3.4,0,1,0,1,0
2025-02-19,Cooking Oil,Ambient,180,29,4.6,0,0,0,2,0
2025-02-20,Cooking Oil,Ambient,180,29,6.6,0,0,0,3,0
2025-02-21,Cooking Oil,Ambient,180,37,7.2,0,0,1,4,0
2025-02-22,Cooking Oil,Ambient,180,39,4.2,0,0,1,5,0
2025-02-23,Cooking Oil,Ambient,180,30,7.4,0,0,1,6,0
2025-02-24,Cooking Oil,Ambient,180,17,4.7,0,0,0,0,0
2025-02-25,Cooking Oil,Ambient,180,40,2.7,0,0,0,1,0
2025-02-26,Cooking Oil,Ambient,180,25,3.4,0,0,0,2,0
2025-02-27,Cooking Oil,Ambient,180,34,1.5,0,0,0,3,0
2025-02-28,Cooking Oil,Ambient,180,40,2.9,0,0,1,4,0
2025-03-01,Cooking Oil,Ambient,180,41,4.1,0,0,1,5,0
2025-03-02,Cooking Oil,Ambient,180,40,6.8,0,0,1,6,0
2025-03-03,Cooking Oil,Ambient,180,25,8.9,0,0,0,0,0
2025-03-04,Cooking Oil,Ambient,180,32,2.2,0,0,0,1,0
2025-03-05,Cooking Oil,Ambient,180,47,6.2,0,0,0,2,0
2025-03-06,Cooking Oil,Ambient,180,29,3.1,0,0,0,3,0
2025-03-07,Cooking Oil,Ambient,180,50,6.6,0,0,1,4,1
2025-03-08,Cooking Oil,Ambient,180,35,5.3,0,0,1,5,0
2025-03-09,Cooking Oil,Ambient,180,42,1.7,0,0,1,6,0
2025-03-10,Cooking Oil,Ambient,180,34,7.9,0,0,0,0,0
2025-03-11,Cooking Oil,Ambient,180,27,4.6,0,0,0,1,0
2025-03-12,Cooking Oil,Ambient,180,34,4.9,0,0,0,2,0
2025-03-13,Cooking Oil,Ambient,180,35,3.8,0,0,0,3,0
2025-03-14,Cooking Oil,Ambient,180,45,4.8,0,0,1,4,0
2025-03-15,Cooking Oil,Ambient,180,42,7.3,0,0,1,5,0
2025-03-16,Cooking Oil,Ambient,180,39,6.1,0,0,1,6,0
2025-03-17,Cooking Oil,Ambient,180,28,7.3,0,0,0,0,0
2025-03-18,Cooking Oil,Ambient,180,32,7.5,0,0,0,1,0
2025-03-19,Cooking Oil,Ambient,180,26,9.7,0,0,0,2,0
2025-03-20,Cooking Oil,Ambient,180,40,6.2,0,0,0,3,0
2025-03-21,Cooking Oil,Ambient,180,38,3.8,0,0,1,4,0
2025-03-22,Cooking Oil,Ambient,180,33,9.5,0,0,1,5,0
2025-03-23,Cooking Oil,Ambient,180,28,6.6,0,0,1,6,0
2025-03-24,Cooking Oil,Ambient,180,33,9.9,0,0,0,0,0
2025-03-25,Cooking Oil,Ambient,180,26,8.4,0,0,0,1,0
2025-03-26,Cooking Oil,Ambient,180,33,7.4,0,0,0,2,0
2025-03-27,Cooking Oil,Ambient,180,30,8.6,0,0,0,3,0
2025-03-28,Cooking Oil,Ambient,180,31,12.2,0,0,1,4,0
2025-03-29,Cooking Oil,Ambient,180,42,12.6,0,0,1,5,0
2025-03-30,Cooking Oil,Ambient,180,42,8.3,0,0,1,6,0
2025-03-31,Cooking Oil,Ambient,180,35,8.7,0,0,0,0,0
2025-04-01,Cooking Oil,Ambient,180,32,10.8,0,1,0,1,0
2025-04-02,Cooking Oil,Ambient,180,33,6.7,0,1,0,2,0
2025-04-03,Cooking Oil,Ambient,180,33,9.4,0,1,0,3,0
2025-04-04,Cooking Oil,Ambient,180,49,8.8,0,1,1,4,0
2025-04-05,Cooking Oil,Ambient,180,51,9.6,0,1,1,5,1
2025-04-06,Cooking Oil,Ambient,180,36,7.3,0,1,1,6,0
2025-04-07,Cooking Oil,Ambient,180,29,5.7,0,1,0,0,0
2025-04-08,Cooking Oil,Ambient,180,26,4.8,0,1,0,1,0
2025-04-09,Cooking Oil,Ambient,180,27,7.0,0,1,0,2,0
2025-04-10,Cooking Oil,Ambient,180,43,8.6,0,1,0,3,0
2025-04-11,Cooking Oil,Ambient,180,37,9.1,0,1,1,4,0
2025-04-12,Cooking Oil,Ambient,180,38,14.2,0,1,1,5,0
2025-04-13,Cooking Oil,Ambient,180,41,12.5,0,1,1,6,0
2025-04-14,Cooking Oil,Ambient,180,36,8.1,0,1,0,0,0
2025-04-15,Cooking Oil,Ambient,180,31,11.1,0,0,0,1,0
2025-04-16,Cooking Oil,Ambient,180,48,9.6,0,0,0,2,1
2025-04-17,Cooking Oil,Ambient,180,40,10.0,0,0,0,3,0
2025-04-18,Cooking Oil,Ambient,180,44,11.1,1,0,1,4,0
2025-04-19,Cooking Oil,Ambient,180,29,12.2,0,0,1,5,0
2025-04-20,Cooking Oil,Ambient,180,43,10.3,0,0,1,6,0
2025-04-21,Cooking Oil,Ambient,180,38,13.5,1,0,0,0,0
2025-04-22,Cooking Oil,Ambient,180,31,8.8,0,0,0,1,0
2025-04-23,Cooking Oil,Ambient,180,41,11.4,0,0,0,2,0
2025-04-24,Cooking Oil,Ambient,180,44,17.3,0,0,0,3,0
2025-04-25,Cooking Oil,Ambient,180,46,12.2,0,0,1,4,0
2025-04-26,Cooking Oil,Ambient,180,31,15.0,0,0,1,5,0
2025-04-27,Cooking Oil,Ambient,180,44,12.2,0,0,1,6,0
2025-04-28,Cooking Oil,Ambient,180,28,13.4,0,0,0,0,0
2025-04-29,Cooking Oil,Ambient,180,28,12.1,0,0,0,1,0
2025-04-30,Cooking Oil,Ambient,180,45,12.0,0,0,0,2,0
2025-05-01,Cooking Oil,Ambient,180,32,10.8,0,0,0,3,0
2025-05-02,Cooking Oil,Ambient,180,42,13.6,0,0,1,4,0
2025-05-03,Cooking Oil,Ambient,180,54,10.9,0,0,1,5,1
2025-05-04,Cooking Oil,Ambient,180,45,14.4,0,0,1,6,0
2025-05-05,Cooking Oil,Ambient,180,46,15.4,1,0,0,0,0
2025-05-06,Cooking Oil,Ambient,180,33,14.0,0,0,0,1,0
2025-05-07,Cooking Oil,Ambient,180,40,12.7,0,0,0,2,0
2025-05-08,Cooking Oil,Ambient,180,31,14.4,0,0,0,3,0
2025-05-09,Cooking Oil,Ambient,180,40,12.9,0,0,1,4,0
2025-05-10,Cooking Oil,Ambient,180,43,15.8,0,0,1,5,0
2025-05-11,Cooking Oil,Ambient,180,49,9.8,0,0,1,6,0
2025-05-12,Cooking Oil,Ambient,180,24,13.2,0,0,0,0,0
2025-05-13,Cooking Oil,Ambient,180,29,9.7,0,0,0,1,0
2025-05-14,Cooking Oil,Ambient,180,40,10.9,0,0,0,2,0
2025-05-15,Cooking Oil,Ambient,180,37,17.3,0,0,0,3,0
2025-05-16,Cooking Oil,Ambient,180,57,16.4,0,0,1,4,1
2025-05-17,Cooking Oil,Ambient,180,49,13.0,0,0,1,5,0
2025-05-18,Cooking Oil,Ambient,180,36,11.4,0,0,1,6,0
2025-05-19,Cooking Oil,Ambient,180,33,8.3,0,0,0,0,0
2025-05-20,Cooking Oil,Ambient,180,28,13.8,0,0,0,1,0
2025-05-21,Cooking Oil,Ambient,180,54,20.4,0,0,0,2,1
2025-05-22,Cooking Oil,Ambient,180,26,16.1,0,0,0,3,0
2025-05-23,Cooking Oil,Ambient,180,51,14.1,0,0,1,4,0
2025-05-24,Cooking Oil,Ambient,180,38,16.4,0,0,1,5,0
2025-05-25,Cooking Oil,Ambient,180,39,12.1,0,0,1,6,0
2025-05-26,Cooking Oil,Ambient,180,37,15.0,1,1,0,0,0
2025-05-27,Cooking Oil,Ambient,180,33,16.0,0,1,0,1,0
2025-05-28,Cooking Oil,Ambient,180,49,15.7,0,1,0,2,0
2025-05-29,Cooking Oil,Ambient,180,23,17.7,0,1,0,3,0
2025-05-30,Cooking Oil,Ambient,180,49,16.8,0,1,1,4,0
2025-05-31,Cooking Oil,Ambient,180,44,17.7,0,1,1,5,0
2025-06-01,Cooking Oil,Ambient,180,43,14.8,0,0,1,6,0
2025-06-02,Cooking Oil,Ambient,180,32,18.4,0,0,0,0,0
2025-06-03,Cooking Oil,Ambient,180,35,20.1,0,0,0,1,0
2025-06-04,Cooking Oil,Ambient,180,33,14.5,0,0,0,2,0
2025-06-05,Cooking Oil,Ambient,180,33,14.7,0,0,0,3,0
2025-06-06,Cooking Oil,Ambient,180,63,19.7,0,0,1,4,1
2025-06-07,Cooking Oil,Ambient,180,36,16.5,0,0,1,5,0
2025-06-08,Cooking Oil,Ambient,180,35,20.1,0,0,1,6,0
2025-06-09,Cooking Oil,Ambient,180,40,16.1,0,0,0,0,1
2025-06-10,Cooking Oil,Ambient,180,36,20.4,0,0,0,1,0
2025-06-11,Cooking Oil,Ambient,180,37,17.5,0,0,0,2,0
2025-06-12,Cooking Oil,Ambient,180,31,17.9,0,0,0,3,0
2025-06-13,Cooking Oil,Ambient,180,51,20.9,0,0,1,4,0
2025-06-14,Cooking Oil,Ambient,180,54,16.7,0,0,1,5,0
2025-06-15,Cooking Oil,Ambient,180,47,15.5,0,0,1,6,0
2025-06-16,Cooking Oil,Ambient,180,32,16.7,0,0,0,0,0
2025-06-17,Cooking Oil,Ambient,180,36,18.7,0,0,0,1,0
2025-06-18,Cooking Oil,Ambient,180,40,14.4,0,0,0,2,0
2025-06-19,Cooking Oil,Ambient,180,46,19.3,0,0,0,3,0
2025-06-20,Cooking Oil,Ambient,180,34,16.8,0,0,1,4,0
2025-06-21,Cooking Oil,Ambient,180,37,20.5,0,0,1,5,0
2025-06-22,Cooking Oil,Ambient,180,47,12.8,0,0,1,6,0
2025-06-23,Cooking Oil,Ambient,180,23,16.4,0,0,0,0,0
2025-06-24,Cooking Oil,Ambient,180,33,14.5,0,0,0,1,0
2025-06-25,Cooking Oil,Ambient,180,35,16.4,0,0,0,2,0
2025-06-26,Cooking Oil,Ambient,180,36,18.9,0,0,0,3,0
2025-06-27,Cooking Oil,Ambient,180,46,18.0,0,0,1,4,0
2025-06-28,Cooking Oil,Ambient,180,46,17.9,0,0,1,5,0
2025-06-29,Cooking Oil,Ambient,180,52,18.1,0,0,1,6,0
2025-06-30,Cooking Oil,Ambient,180,38,19.0,0,0,0,0,0
2025-07-01,Cooking Oil,Ambient,180,23,16.3,0,1,0,1,0
2025-07-02,Cooking Oil,Ambient,180,45,20.2,0,1,0,2,0
2025-07-03,Cooking Oil,Ambient,180,39,20.1,0,1,0,3,0
2025-07-04,Cooking Oil,Ambient,180,42,19.5,0,1,1,4,0
2025-07-05,Cooking Oil,Ambient,180,43,19.9,0,1,1,5,0
2025-07-06,Cooking Oil,Ambient,180,47,19.4,0,1,1,6,0
2025-07-07,Cooking Oil,Ambient,180,29,23.3,0,1,0,0,0
2025-07-08,Cooking Oil,Ambient,180,28,18.6,0,1,0,1,0
2025-07-09,Cooking Oil,Ambient,180,30,18.2,0,1,0,2,0
2025-07-10,Cooking Oil,Ambient,180,30,17.2,0,1,0,3,0
2025-07-11,Cooking Oil,Ambient,180,45,16.6,0,1,1,4,0
2025-07-12,Cooking Oil,Ambient,180,42,16.2,0,1,1,5,1
2025-07-13,Cooking Oil,Ambient,180,50,17.0,0,1,1,6,0
2025-07-14,Cooking Oil,Ambient,180,29,18.8,0,1,0,0,0
2025-07-15,Cooking Oil,Ambient,180,39,19.7,0,1,0,1,0
2025-07-16,Cooking Oil,Ambient,180,38,19.1,0,1,0,2,0
2025-07-17,Cooking Oil,Ambient,180,29,17.3,0,1,0,3,0
2025-07-18,Cooking Oil,Ambient,180,33,21.0,0,1,1,4,0
2025-07-19,Cooking Oil,Ambient,180,36,20.6,0,1,1,5,0
2025-07-20,Cooking Oil,Ambient,180,40,18.6,0,1,1,6,0
2025-07-21,Cooking Oil,Ambient,180,27,17.6,0,1,0,0,0
2025-07-22,Cooking Oil,Ambient,180,24,20.2,0,1,0,1,0
2025-07-23,Cooking Oil,Ambient,180,30,19.4,0,1,0,2,0
2025-07-24,Cooking Oil,Ambient,180,30,15.8,0,1,0,3,0
2025-07-25,Cooking Oil,Ambient,180,40,18.8,0,1,1,4,0
2025-07-26,Cooking Oil,Ambient,180,38,19.5,0,1,1,5,0
2025-07-27,Cooking Oil,Ambient,180,48,17.0,0,1,1,6,1
2025-07-28,Cooking Oil,Ambient,180,33,19.3,0,1,0,0,0
2025-07-29,Cooking Oil,Ambient,180,28,15.7,0,1,0,1,0
2025-07-30,Cooking Oil,Ambient,180,35,21.8,0,1,0,2,0
2025-07-31,Cooking Oil,Ambient,180,54,21.6,0,1,0,3,1
2025-08-01,Cooking Oil,Ambient,180,49,18.3,0,1,1,4,0
2025-08-02,Cooking Oil,Ambient,180,42,19.6,0,1,1,5,0
2025-08-03,Cooking Oil,Ambient,180,57,13.5,0,1,1,6,1
2025-08-04,Cooking Oil,Ambient,180,36,16.2,0,1,0,0,0
2025-08-05,Cooking Oil,Ambient,180,26,18.1,0,1,0,1,0
2025-08-06,Cooking Oil,Ambient,180,31,16.3,0,1,0,2,0
2025-08-07,Cooking Oil,Ambient,180,32,20.2,0,1,0,3,1
2025-08-08,Cooking Oil,Ambient,180,51,23.0,0,1,1,4,0
2025-08-09,Cooking Oil,Ambient,180,34,16.0,0,1,1,5,0
2025-08-10,Cooking Oil,Ambient,180,36,16.7,0,1,1,6,0
2025-08-11,Cooking Oil,Ambient,180,30,19.0,0,1,0,0,0
2025-08-12,Cooking Oil,Ambient,180,33,21.9,0,1,0,1,1
2025-08-13,Cooking Oil,Ambient,180,35,15.7,0,1,0,2,0
2025-08-14,Cooking Oil,Ambient,180,37,18.8,0,1,0,3,1
2025-08-15,Cooking Oil,Ambient,180,41,22.2,0,1,1,4,0
2025-08-16,Cooking Oil,Ambient,180,42,14.5,0,1,1,5,0
2025-08-17,Cooking Oil,Ambient,180,44,15.3,0,1,1,6,0
2025-08-18,Cooking Oil,Ambient,180,29,17.1,0,1,0,0,0
2025-08-19,Cooking Oil,Ambient,180,38,16.8,0,1,0,1,0
2025-08-20,Cooking Oil,Ambient,180,30,19.7,0,1,0,2,0
2025-08-21,Cooking Oil,Ambient,180,34,18.4,0,1,0,3,0
2025-08-22,Cooking Oil,Ambient,180,39,13.9,0,1,1,4,0
2025-08-23,Cooking Oil,Ambient,180,34,18.8,0,1,1,5,0
2025-08-24,Cooking Oil,Ambient,180,39,16.3,0,1,1,6,0
2025-08-25,Cooking Oil,Ambient,180,37,20.3,1,1,0,0,0
2025-08-26,Cooking Oil,Ambient,180,22,16.1,0,1,0,1,0
2025-08-27,Cooking Oil,Ambient,180,30,16.0,0,1,0,2,0
2025-08-28,Cooking Oil,Ambient,180,36,18.5,0,1,0,3,1
2025-08-29,Cooking Oil,Ambient,180,35,18.9,0,1,1,4,0
2025-08-30,Cooking Oil,Ambient,180,29,18.1,0,1,1,5,0
2025-08-31,Cooking Oil,Ambient,180,43,13.3,0,1,1,6,0
2025-09-01,Cooking Oil,Ambient,180,29,18.1,0,0,0,0,0
2025-09-02,Cooking Oil,Ambient,180,31,14.6,0,0,0,1,0
2025-09-03,Cooking Oil,Ambient,180,26,17.3,0,0,0,2,0
2025-09-04,Cooking Oil,Ambient,180,39,13.5,0,0,0,3,0
2025-09-05,Cooking Oil,Ambient,180,25,17.5,0,0,1,4,0
2025-09-06,Cooking Oil,Ambient,180,40,14.7,0,0,1,5,0
2025-09-07,Cooking Oil,Ambient,180,30,13.5,0,0,1,6,0
2025-09-08,Cooking Oil,Ambient,180,38,17.8,0,0,0,0,0
2025-09-09,Cooking Oil,Ambient,180,33,16.7,0,0,0,1,0
2025-09-10,Cooking Oil,Ambient,180,34,14.7,0,0,0,2,0
2025-09-11,Cooking Oil,Ambient,180,49,19.1,0,0,0,3,1
2025-09-12,Cooking Oil,Ambient,180,32,14.9,0,0,1,4,0
2025-09-13,Cooking Oil,Ambient,180,55,15.8,0,0,1,5,1
2025-09-14,Cooking Oil,Ambient,180,39,16.2,0,0,1,6,0
2025-09-15,Cooking Oil,Ambient,180,18,14.1,0,0,0,0,0
2025-09-16,Cooking Oil,Ambient,180,27,16.4,0,0,0,1,0
2025-09-17,Cooking Oil,Ambient,180,25,14.1,0,0,0,2,0
2025-09-18,Cooking Oil,Ambient,180,23,14.2,0,0,0,3,0
2025-09-19,Cooking Oil,Ambient,180,38,18.0,0,0,1,4,0
2025-09-20,Cooking Oil,Ambient,180,26,12.6,0,0,1,5,0
2025-09-21,Cooking Oil,Ambient,180,57,9.5,0,0,1,6,1
2025-09-22,Cooking Oil,Ambient,180,27,18.2,0,0,0,0,0
2025-09-23,Cooking Oil,Ambient,180,24,20.1,0,0,0,1,0
2025-09-24,Cooking Oil,Ambient,180,17,13.5,0,0,0,2,0
2025-09-25,Cooking Oil,Ambient,180,18,10.0,0,0,0,3,0
2025-09-26,Cooking Oil,Ambient,180,39,13.5,0,0,1,4,0
2025-09-27,Cooking Oil,Ambient,180,33,13.4,0,0,1,5,0
2025-09-28,Cooking Oil,Ambient,180,47,13.5,0,0,1,6,0
2025-09-29,Cooking Oil,Ambient,180,23,11.3,0,0,0,0,0
2025-09-30,Cooking Oil,Ambient,180,29,14.9,0,0,0,1,1
2025-10-01,Cooking Oil,Ambient,180,27,14.7,0,0,0,2,0
2025-10-02,Cooking Oil,Ambient,180,28,10.1,0,0,0,3,0
2025-10-03,Cooking Oil,Ambient,180,42,14.8,0,0,1,4,0
2025-10-04,Cooking Oil,Ambient,180,31,17.6,0,0,1,5,0
2025-10-05,Cooking Oil,Ambient,180,36,13.4,0,0,1,6,0
2025-10-06,Cooking Oil,Ambient,180,29,12.1,0,0,0,0,0
2025-10-07,Cooking Oil,Ambient,180,22,12.4,0,0,0,1,0
2025-10-08,Cooking Oil,Ambient,180,30,13.9,0,0,0,2,0
2025-10-09,Cooking Oil,Ambient,180,29,8.6,0,0,0,3,0
2025-10-10,Cooking Oil,Ambient,180,39,12.7,0,0,1,4,0
2025-10-11,Cooking Oil,Ambient,180,36,11.3,0,0,1,5,0
2025-10-12,Cooking Oil,Ambient,180,31,16.1,0,0,1,6,0
2025-10-13,Cooking Oil,Ambient,180,27,11.5,0,0,0,0,0
2025-10-14,Cooking Oil,Ambient,180,27,15.4,0,0,0,1,1
2025-10-15,Cooking Oil,Ambient,180,27,9.2,0,0,0,2,0
2025-10-16,Cooking Oil,Ambient,180,28,12.8,0,0,0,3,0
2025-10-17,Cooking Oil,Ambient,180,39,12.1,0,0,1,4,0
2025-10-18,Cooking Oil,Ambient,180,35,9.3,0,0,1,5,0
2025-10-19,Cooking Oil,Ambient,180,40,11.5,0,0,1,6,1
2025-10-20,Cooking Oil,Ambient,180,24,13.6,0,0,0,0,0
2025-10-21,Cooking Oil,Ambient,180,23,10.1,0,0,0,1,0
2025-10-22,Cooking Oil,Ambient,180,23,7.0,0,0,0,2,0
2025-10-23,Cooking Oil,Ambient,180,35,10.5,0,0,0,3,0
2025-10-24,Cooking Oil,Ambient,180,25,8.4,0,0,1,4,0
2025-10-25,Cooking Oil,Ambient,180,46,9.5,0,0,1,5,1
2025-10-26,Cooking Oil,Ambient,180,29,9.9,0,1,1,6,0
2025-10-27,Cooking Oil,Ambient,180,23,6.2,0,1,0,0,0
2025-10-28,Cooking Oil,Ambient,180,33,6.3,0,1,0,1,0
2025-10-29,Cooking Oil,Ambient,180,45,10.8,0,1,0,2,1
2025-10-30,Cooking Oil,Ambient,180,34,8.4,0,1,0,3,0
2025-10-31,Cooking Oil,Ambient,180,32,3.8,0,1,1,4,0
2025-11-01,Cooking Oil,Ambient,180,39,11.0,0,0,1,5,0
2025-11-02,Cooking Oil,Ambient,180,36,9.8,0,0,1,6,0
2025-11-03,Cooking Oil,Ambient,180,21,7.5,0,0,0,0,0
2025-11-04,Cooking Oil,Ambient,180,42,6.0,0,0,0,1,0
2025-11-05,Cooking Oil,Ambient,180,25,10.6,0,0,0,2,0
2025-11-06,Cooking Oil,Ambient,180,29,9.4,0,0,0,3,0
2025-11-07,Cooking Oil,Ambient,180,37,13.8,0,0,1,4,0
2025-11-08,Cooking Oil,Ambient,180,29,9.3,0,0,1,5,0
2025-11-09,Cooking Oil,Ambient,180,43,9.1,0,0,1,6,0
2025-11-10,Cooking Oil,Ambient,180,33,7.8,0,0,0,0,0
2025-11-11,Cooking Oil,Ambient,180,34,9.8,0,0,0,1,0
2025-11-12,Cooking Oil,Ambient,180,34,9.2,0,0,0,2,0
2025-11-13,Cooking Oil,Ambient,180,27,10.5,0,0,0,3,0
2025-11-14,Cooking Oil,Ambient,180,26,6.5,0,0,1,4,0
2025-11-15,Cooking Oil,Ambient,180,34,6.5,0,0,1,5,0
2025-11-16,Cooking Oil,Ambient,180,31,6.3,0,0,1,6,0
2025-11-17,Cooking Oil,Ambient,180,26,9.0,0,0,0,0,0
2025-11-18,Cooking Oil,Ambient,180,32,10.4,0,0,0,1,0
2025-11-19,Cooking Oil,Ambient,180,33,6.0,0,0,0,2,1
2025-11-20,Cooking Oil,Ambient,180,39,6.0,0,0,0,3,0
2025-11-21,Cooking Oil,Ambient,180,26,7.5,0,0,1,4,0
2025-11-22,Cooking Oil,Ambient,180,40,6.1,0,0,1,5,0
2025-11-23,Cooking Oil,Ambient,180,31,8.6,0,0,1,6,0
2025-11-24,Cooking Oil,Ambient,180,21,1.5,0,0,0,0,0
2025-11-25,Cooking Oil,Ambient,180,30,4.5,0,0,0,1,0
2025-11-26,Cooking Oil,Ambient,180,33,4.5,0,0,0,2,0
2025-11-27,Cooking Oil,Ambient,180,28,1.0,0,0,0,3,0
2025-11-28,Cooking Oil,Ambient,180,44,3.9,0,0,1,4,0
2025-11-29,Cooking Oil,Ambient,180,32,3.9,0,0,1,5,0
2025-11-30,Cooking Oil,Ambient,180,26,5.3,0,0,1,6,0
2025-12-01,Cooking Oil,Ambient,180,28,8.1,0,0,0,0,0
2025-12-02,Cooking Oil,Ambient,180,22,5.0,0,0,0,1,0
2025-12-03,Cooking Oil,Ambient,180,30,3.2,0,0,0,2,0
2025-12-04,Cooking Oil,Ambient,180,26,5.2,0,0,0,3,0
2025-12-05,Cooking Oil,Ambient,180,32,7.6,0,0,1,4,0
2025-12-06,Cooking Oil,Ambient,180,42,3.0,0,0,1,5,0
2025-12-07,Cooking Oil,Ambient,180,44,3.1,0,0,1,6,0
2025-12-08,Cooking Oil,Ambient,180,28,6.2,0,0,0,0,0
2025-12-09,Cooking Oil,Ambient,180,23,4.4,0,0,0,1,0
2025-12-10,Cooking Oil,Ambient,180,34,6.2,0,0,0,2,0
2025-12-11,Cooking Oil,Ambient,180,37,4.7,0,0,0,3,0
2025-12-12,Cooking Oil,Ambient,180,29,6.2,0,0,1,4,0
2025-12-13,Cooking Oil,Ambient,180,43,2.3,0,0,1,5,0
2025-12-14,Cooking Oil,Ambient,180,31,4.5,0,0,1,6,0
2025-12-15,Cooking Oil,Ambient,180,12,3.9,0,0,0,0,0
2025-12-16,Cooking Oil,Ambient,180,30,1.7,0,0,0,1,0
2025-12-17,Cooking Oil,Ambient,180,18,0.8,0,0,0,2,0
2025-12-18,Cooking Oil,Ambient,180,29,5.7,0,0,0,3,0
2025-12-19,Cooking Oil,Ambient,180,39,3.3,0,0,1,4,0
2025-12-20,Cooking Oil,Ambient,180,40,1.8,0,1,1,5,0
2025-12-21,Cooking Oil,Ambient,180,28,3.8,0,1,1,6,0
2025-12-22,Cooking Oil,Ambient,180,37,6.4,0,1,0,0,0
2025-12-23,Cooking Oil,Ambient,180,28,-1.2,0,1,0,1,0
2025-12-24,Cooking Oil,Ambient,180,25,0.5,0,1,0,2,0
2025-12-25,Cooking Oil,Ambient,180,0,1.7,1,1,0,3,0
2025-12-26,Cooking Oil,Ambient,180,44,6.9,1,1,1,4,0
2025-12-27,Cooking Oil,Ambient,180,42,4.2,0,1,1,5,0
2025-12-28,Cooking Oil,Ambient,180,41,5.3,0,1,1,6,0
2025-12-29,Cooking Oil,Ambient,180,40,1.0,0,1,0,0,0
2025-12-30,Cooking Oil,Ambient,180,30,1.0,0,1,0,1,0
2025-12-31,Cooking Oil,Ambient,180,31,4.4,0,1,0,2,0
2024-01-01,Bacon,Meat,7,73,4.0,1,1,0,0,1
2024-01-02,Bacon,Meat,7,45,1.0,0,1,0,1,0
2024-01-03,Bacon,Meat,7,54,4.9,0,0,0,2,0
2024-01-04,Bacon,Meat,7,47,5.3,0,0,0,3,0
2024-01-05,Bacon,Meat,7,63,-1.1,0,0,1,4,0
2024-01-06,Bacon,Meat,7,64,0.3,0,0,1,5,0
2024-01-07,Bacon,Meat,7,83,3.4,0,0,1,6,1
2024-01-08,Bacon,Meat,7,0,2.4,0,0,0,0,0
2024-01-09,Bacon,Meat,7,47,3.1,0,0,0,1,0
2024-01-10,Bacon,Meat,7,45,1.2,0,0,0,2,0
2024-01-11,Bacon,Meat,7,56,5.0,0,0,0,3,0
2024-01-12,Bacon,Meat,7,71,4.8,0,0,1,4,0
2024-01-13,Bacon,Meat,7,77,3.2,0,0,1,5,0
2024-01-14,Bacon,Meat,7,84,5.5,0,0,1,6,0
2024-01-15,Bacon,Meat,7,45,4.0,0,0,0,0,0
2024-01-16,Bacon,Meat,7,45,1.1,0,0,0,1,0
2024-01-17,Bacon,Meat,7,65,3.8,0,0,0,2,1
2024-01-18,Bacon,Meat,7,47,0.9,0,0,0,3,0
2024-01-19,Bacon,Meat,7,65,4.9,0,0,1,4,0
2024-01-20,Bacon,Meat,7,82,2.9,0,0,1,5,0
2024-01-21,Bacon,Meat,7,81,2.6,0,0,1,6,0
2024-01-22,Bacon,Meat,7,41,1.5,0,0,0,0,0
2024-01-23,Bacon,Meat,7,61,5.7,0,0,0,1,1
2024-01-24,Bacon,Meat,7,45,2.7,0,0,0,2,0
2024-01-25,Bacon,Meat,7,51,2.1,0,0,0,3,0
2024-01-26,Bacon,Meat,7,88,2.3,0,0,1,4,0
2024-01-27,Bacon,Meat,7,85,4.3,0,0,1,5,1
2024-01-28,Bacon,Meat,7,67,3.9,0,0,1,6,0
2024-01-29,Bacon,Meat,7,56,4.0,0,0,0,0,0
2024-01-30,Bacon,Meat,7,53,4.1,0,0,0,1,0
2024-01-31,Bacon,Meat,7,62,7.9,0,0,0,2,0
2024-02-01,Bacon,Meat,7,54,2.3,0,0,0,3,0
2024-02-02,Bacon,Meat,7,68,2.1,0,0,1,4,0
2024-02-03,Bacon,Meat,7,66,1.5,0,0,1,5,0
2024-02-04,Bacon,Meat,7,71,4.7,0,0,1,6,0
2024-02-05,Bacon,Meat,7,50,5.8,0,0,0,0,0
2024-02-06,Bacon,Meat,7,42,3.1,0,0,0,1,0
2024-02-07,Bacon,Meat,7,43,1.6,0,0,0,2,0
2024-02-08,Bacon,Meat,7,60,1.7,0,0,0,3,0
2024-02-09,Bacon,Meat,7,82,5.0,0,0,1,4,0
2024-02-10,Bacon,Meat,7,88,5.2,0,0,1,5,0
2024-02-11,Bacon,Meat,7,92,4.8,0,0,1,6,0
2024-02-12,Bacon,Meat,7,53,2.2,0,1,0,0,0
2024-02-13,Bacon,Meat,7,49,4.3,0,1,0,1,0
2024-02-14,Bacon,Meat,7,61,4.1,0,1,0,2,0
2024-02-15,Bacon,Meat,7,72,4.3,0,1,0,3,1
2024-02-16,Bacon,Meat,7,72,5.8,0,1,1,4,0
2024-02-17,Bacon,Meat,7,78,4.5,0,1,1,5,0
2024-02-18,Bacon,Meat,7,93,5.6,0,1,1,6,1
2024-02-19,Bacon,Meat,7,40,4.3,0,0,0,0,0
2024-02-20,Bacon,Meat,7,39,4.8,0,0,0,1,0
2024-02-21,Bacon,Meat,7,48,5.7,0,0,0,2,0
2024-02-22,Bacon,Meat,7,50,1.1,0,0,0,3,0
2024-02-23,Bacon,Meat,7,0,3.7,0,0,1,4,0
2024-02-24,Bacon,Meat,7,78,3.5,0,0,1,5,0
2024-02-25,Bacon,Meat,7,53,3.2,0,0,1,6,0
2024-02-26,Bacon,Meat,7,47,4.1,0,0,0,0,0
2024-02-27,Bacon,Meat,7,41,8.0,0,0,0,1,0
2024-02-28,Bacon,Meat,7,70,2.9,0,0,0,2,0
2024-02-29,Bacon,Meat,7,66,7.1,0,0,0,3,0
2024-03-01,Bacon,Meat,7,73,1.3,0,0,1,4,0
2024-03-02,Bacon,Meat,7,84,4.4,0,0,1,5,0
2024-03-03,Bacon,Meat,7,89,5.6,0,0,1,6,0
2024-03-04,Bacon,Meat,7,54,6.6,0,0,0,0,0
2024-03-05,Bacon,Meat,7,52,7.0,0,0,0,1,0
2024-03-06,Bacon,Meat,7,62,7.3,0,0,0,2,0
2024-03-07,Bacon,Meat,7,51,4.8,0,0,0,3,0
2024-03-08,Bacon,Meat,7,83,4.7,0,0,1,4,0
2024-03-09,Bacon,Meat,7,77,7.7,0,0,1,5,0
2024-03-10,Bacon,Meat,7,79,5.5,0,0,1,6,0
2024-03-11,Bacon,Meat,7,51,3.2,0,0,0,0,0
2024-03-12,Bacon,Meat,7,57,3.6,0,0,0,1,0
2024-03-13,Bacon,Meat,7,79,4.2,0,0,0,2,0
2024-03-14,Bacon,Meat,7,66,7.5,0,0,0,3,0
2024-03-15,Bacon,Meat,7,122,6.8,0,0,1,4,1
2024-03-16,Bacon,Meat,7,86,8.1,0,0,1,5,0
2024-03-17,Bacon,Meat,7,90,5.8,0,0,1,6,0
2024-03-18,Bacon,Meat,7,51,7.2,0,0,0,0,0
2024-03-19,Bacon,Meat,7,53,8.3,0,0,0,1,0
2024-03-20,Bacon,Meat,7,63,6.4,0,0,0,2,0
2024-03-21,Bacon,Meat,7,66,8.2,0,0,0,3,0
2024-03-22,Bacon,Meat,7,85,5.8,0,0,1,4,0
2024-03-23,Bacon,Meat,7,80,6.6,0,0,1,5,0
2024-03-24,Bacon,Meat,7,88,6.7,0,0,1,6,0
2024-03-25,Bacon,Meat,7,52,5.0,0,0,0,0,0
2024-03-26,Bacon,Meat,7,78,8.9,0,0,0,1,1
2024-03-27,Bacon,Meat,7,52,6.9,0,0,0,2,0
2024-03-28,Bacon,Meat,7,54,8.1,0,0,0,3,0
2024-03-29,Bacon,Meat,7,105,9.2,1,0,1,4,0
2024-03-30,Bacon,Meat,7,80,9.3,0,0,1,5,0
2024-03-31,Bacon,Meat,7,84,9.9,0,0,1,6,0
2024-04-01,Bacon,Meat,7,78,8.3,1,1,0,0,0
2024-04-02,Bacon,Meat,7,54,7.8,0,1,0,1,0
2024-04-03,Bacon,Meat,7,56,8.7,0,1,0,2,0
2024-04-04,Bacon,Meat,7,52,5.2,0,1,0,3,0
2024-04-05,Bacon,Meat,7,80,5.9,0,1,1,4,0
2024-04-06,Bacon,Meat,7,76,6.3,0,1,1,5,0
2024-04-07,Bacon,Meat,7,93,7.2,0,1,1,6,0
2024-04-08,Bacon,Meat,7,62,10.4,0,1,0,0,0
2024-04-09,Bacon,Meat,7,54,7.6,0,1,0,1,0
2024-04-10,Bacon,Meat,7,60,8.9,0,1,0,2,0
2024-04-11,Bacon,Meat,7,72,12.8,0,1,0,3,0
2024-04-12,Bacon,Meat,7,96,9.3,0,1,1,4,0
2024-04-13,Bacon,Meat,7,88,11.8,0,1,1,5,0
2024-04-14,Bacon,Meat,7,81,8.3,0,1,1,6,0
2024-04-15,Bacon,Meat,7,59,10.0,0,0,0,0,0
2024-04-16,Bacon,Meat,7,61,8.5,0,0,0,1,0
2024-04-17,Bacon,Meat,7,71,10.0,0,0,0,2,0
2024-04-18,Bacon,Meat,7,71,12.7,0,0,0,3,0
2024-04-19,Bacon,Meat,7,70,7.2,0,0,1,4,0
2024-04-20,Bacon,Meat,7,86,12.1,0,0,1,5,0
2024-04-21,Bacon,Meat,7,100,11.8,0,0,1,6,0
2024-04-22,Bacon,Meat,7,54,10.1,0,0,0,0,0
2024-04-23,Bacon,Meat,7,46,8.4,0,0,0,1,0
2024-04-24,Bacon,Meat,7,73,11.8,0,0,0,2,0
2024-04-25,Bacon,Meat,7,76,10.7,0,0,0,3,0
2024-04-26,Bacon,Meat,7,81,12.5,0,0,1,4,0
2024-04-27,Bacon,Meat,7,88,12.1,0,0,1,5,0
2024-04-28,Bacon,Meat,7,79,15.8,0,0,1,6,0
2024-04-29,Bacon,Meat,7,58,11.8,0,0,0,0,0
2024-04-30,Bacon,Meat,7,54,10.3,0,0,0,1,0
2024-05-01,Bacon,Meat,7,60,13.0,0,0,0,2,0
2024-05-02,Bacon,Meat,7,59,13.3,0,0,0,3,0
2024-05-03,Bacon,Meat,7,89,15.9,0,0,1,4,0
2024-05-04,Bacon,Meat,7,98,14.9,0,0,1,5,0
2024-05-05,Bacon,Meat,7,75,14.0,0,0,1,6,0
2024-05-06,Bacon,Meat,7,77,16.5,1,0,0,0,0
2024-05-07,Bacon,Meat,7,63,10.8,0,0,0,1,0
2024-05-08,Bacon,Meat,7,50,12.2,0,0,0,2,0
2024-05-09,Bacon,Meat,7,68,11.7,0,0,0,3,0
2024-05-10,Bacon,Meat,7,89,13.0,0,0,1,4,0
2024-05-11,Bacon,Meat,7,130,10.9,0,0,1,5,1
2024-05-12,Bacon,Meat,7,98,15.5,0,0,1,6,0
2024-05-13,Bacon,Meat,7,58,13.7,0,0,0,0,0
2024-05-14,Bacon,Meat,7,53,11.1,0,0,0,1,0
2024-05-15,Bacon,Meat,7,66,12.2,0,0,0,2,0
2024-05-16,Bacon,Meat,7,63,15.3,0,0,0,3,0
2024-05-17,Bacon,Meat,7,81,16.5,0,0,1,4,0
2024-05-18,Bacon,Meat,7,77,19.2,0,0,1,5,0
2024-05-19,Bacon,Meat,7,78,21.4,0,0,1,6,0
2024-05-20,Bacon,Meat,7,55,16.0,0,0,0,0,0
2024-05-21,Bacon,Meat,7,84,13.0,0,0,0,1,1
2024-05-22,Bacon,Meat,7,68,10.6,0,0,0,2,0
2024-05-23,Bacon,Meat,7,83,16.0,0,0,0,3,1
2024-05-24,Bacon,Meat,7,84,13.7,0,0,1,4,0
2024-05-25,Bacon,Meat,7,92,14.7,0,0,1,5,0
2024-05-26,Bacon,Meat,7,88,14.4,0,1,1,6,0
2024-05-27,Bacon,Meat,7,79,15.6,1,1,0,0,0
2024-05-28,Bacon,Meat,7,63,18.3,0,1,0,1,0
2024-05-29,Bacon,Meat,7,71,16.4,0,1,0,2,0
2024-05-30,Bacon,Meat,7,63,15.8,0,1,0,3,0
2024-05-31,Bacon,Meat,7,89,14.0,0,1,1,4,0
2024-06-01,Bacon,Meat,7,85,12.7,0,0,1,5,0
2024-06-02,Bacon,Meat,7,125,15.4,0,0,1,6,1
2024-06-03,Bacon,Meat,7,78,16.5,0,0,0,0,1
2024-06-04,Bacon,Meat,7,74,20.6,0,0,0,1,0
2024-06-05,Bacon,Meat,7,70,17.1,0,0,0,2,0
2024-06-06,Bacon,Meat,7,96,19.0,0,0,0,3,1
2024-06-07,Bacon,Meat,7,97,15.9,0,0,1,4,0
2024-06-08,Bacon,Meat,7,93,14.5,0,0,1,5,0
2024-06-09,Bacon,Meat,7,100,15.0,0,0,1,6,0
2024-06-10,Bacon,Meat,7,57,15.6,0,0,0,0,0
2024-06-11,Bacon,Meat,7,63,22.0,0,0,0,1,0
2024-06-12,Bacon,Meat,7,59,15.6,0,0,0,2,0
2024-06-13,Bacon,Meat,7,62,19.3,0,0,0,3,0
2024-06-14,Bacon,Meat,7,88,15.6,0,0,1,4,0
2024-06-15,Bacon,Meat,7,97,19.7,0,0,1,5,0
2024-06-16,Bacon,Meat,7,122,18.6,0,0,1,6,1
2024-06-17,Bacon,Meat,7,57,17.5,0,0,0,0,0
2024-06-18,Bacon,Meat,7,61,17.8,0,0,0,1,0
2024-06-19,Bacon,Meat,7,61,16.5,0,0,0,2,0
2024-06-20,Bacon,Meat,7,67,19.0,0,0,0,3,0
2024-06-21,Bacon,Meat,7,86,17.1,0,0,1,4,0
2024-06-22,Bacon,Meat,7,103,15.4,0,0,1,5,0
2024-06-23,Bacon,Meat,7,79,15.4,0,0,1,6,0
2024-06-24,Bacon,Meat,7,65,18.6,0,0,0,0,0
2024-06-25,Bacon,Meat,7,55,21.8,0,0,0,1,0
2024-06-26,Bacon,Meat,7,63,18.7,0,0,0,2,0
2024-06-27,Bacon,Meat,7,64,18.2,0,0,0,3,0
2024-06-28,Bacon,Meat,7,81,19.1,0,0,1,4,0
2024-06-29,Bacon,Meat,7,88,21.4,0,0,1,5,0
2024-06-30,Bacon,Meat,7,99,19.0,0,0,1,6,0
2024-07-01,Bacon,Meat,7,52,17.7,0,1,0,0,0
2024-07-02,Bacon,Meat,7,58,21.1,0,1,0,1,0
2024-07-03,Bacon,Meat,7,90,19.6,0,1,0,2,1
2024-07-04,Bacon,Meat,7,71,22.1,0,1,0,3,0
2024-07-05,Bacon,Meat,7,103,19.2,0,1,1,4,1
2024-07-06,Bacon,Meat,7,109,16.1,0,1,1,5,1
2024-07-07,Bacon,Meat,7,88,15.8,0,1,1,6,0
2024-07-08,Bacon,Meat,7,61,22.5,0,1,0,0,0
2024-07-09,Bacon,Meat,7,77,22.7,0,1,0,1,1
2024-07-10,Bacon,Meat,7,73,18.5,0,1,0,2,0
2024-07-11,Bacon,Meat,7,56,18.1,0,1,0,3,0
2024-07-12,Bacon,Meat,7,96,22.2,0,1,1,4,0
2024-07-13,Bacon,Meat,7,80,16.5,0,1,1,5,0
2024-07-14,Bacon,Meat,7,77,17.0,0,1,1,6,0
2024-07-15,Bacon,Meat,7,73,20.4,0,1,0,0,0
2024-07-16,Bacon,Meat,7,81,18.1,0,1,0,1,1
2024-07-17,Bacon,Meat,7,93,19.0,0,1,0,2,1
2024-07-18,Bacon,Meat,7,60,18.6,0,1,0,3,0
2024-07-19,Bacon,Meat,7,91,19.7,0,1,1,4,0
2024-07-20,Bacon,Meat,7,93,22.1,0,1,1,5,0
2024-07-21,Bacon,Meat,7,89,19.2,0,1,1,6,0
2024-07-22,Bacon,Meat,7,62,20.4,0,1,0,0,0
2024-07-23,Bacon,Meat,7,51,14.5,0,1,0,1,0
2024-07-24,Bacon,Meat,7,74,18.9,0,1,0,2,0
2024-07-25,Bacon,Meat,7,70,17.1,0,1,0,3,0
2024-07-26,Bacon,Meat,7,91,16.3,0,1,1,4,0
2024-07-27,Bacon,Meat,7,92,17.0,0,1,1,5,0
2024-07-28,Bacon,Meat,7,0,18.2,0,1,1,6,0
2024-07-29,Bacon,Meat,7,49,20.9,0,1,0,0,0
2024-07-30,Bacon,Meat,7,58,15.9,0,1,0,1,0
2024-07-31,Bacon,Meat,7,68,18.9,0,1,0,2,0
2024-08-01,Bacon,Meat,7,56,17.7,0,1,0,3,0
2024-08-02,Bacon,Meat,7,91,18.1,0,1,1,4,0
2024-08-03,Bacon,Meat,7,99,21.0,0,1,1,5,0
2024-08-04,Bacon,Meat,7,87,19.9,0,1,1,6,0
2024-08-05,Bacon,Meat,7,54,21.6,0,1,0,0,0
2024-08-06,Bacon,Meat,7,51,18.3,0,1,0,1,0
2024-08-07,Bacon,Meat,7,54,17.1,0,1,0,2,0
2024-08-08,Bacon,Meat,7,56,18.1,0,1,0,3,0
2024-08-09,Bacon,Meat,7,82,19.0,0,1,1,4,0
2024-08-10,Bacon,Meat,7,103,18.8,0,1,1,5,0
2024-08-11,Bacon,Meat,7,99,16.0,0,1,1,6,1
2024-08-12,Bacon,Meat,7,53,18.5,0,1,0,0,0
2024-08-13,Bacon,Meat,7,62,18.8,0,1,0,1,0
2024-08-14,Bacon,Meat,7,54,23.8,0,1,0,2,0
2024-08-15,Bacon,Meat,7,85,22.3,0,1,0,3,1
2024-08-16,Bacon,Meat,7,76,16.2,0,1,1,4,0
2024-08-17,Bacon,Meat,7,77,17.4,0,1,1,5,0
2024-08-18,Bacon,Meat,7,76,14.8,0,1,1,6,0
2024-08-19,Bacon,Meat,7,50,16.6,0,1,0,0,0
2024-08-20,Bacon,Meat,7,57,18.5,0,1,0,1,0
2024-08-21,Bacon,Meat,7,71,20.4,0,1,0,2,0
2024-08-22,Bacon,Meat,7,64,16.1,0,1,0,3,1
2024-08-23,Bacon,Meat,7,97,16.2,0,1,1,4,1
2024-08-24,Bacon,Meat,7,80,12.8,0,1,1,5,0
2024-08-25,Bacon,Meat,7,80,17.1,0,1,1,6,0
2024-08-26,Bacon,Meat,7,81,15.0,1,1,0,0,0
2024-08-27,Bacon,Meat,7,50,16.1,0,1,0,1,0
2024-08-28,Bacon,Meat,7,60,15.3,0,1,0,2,0
2024-08-29,Bacon,Meat,7,60,16.9,0,1,0,3,0
2024-08-30,Bacon,Meat,7,69,13.2,0,1,1,4,0
2024-08-31,Bacon,Meat,7,78,13.7,0,1,1,5,0
2024-09-01,Bacon,Meat,7,73,21.5,0,0,1,6,0
2024-09-02,Bacon,Meat,7,42,13.9,0,0,0,0,0
2024-09-03,Bacon,Meat,7,49,14.2,0,0,0,1,0
2024-09-04,Bacon,Meat,7,84,20.6,0,0,0,2,1
2024-09-05,Bacon,Meat,7,68,22.8,0,0,0,3,0
2024-09-06,Bacon,Meat,7,69,13.8,0,0,1,4,0
2024-09-07,Bacon,Meat,7,68,15.4,0,0,1,5,0
2024-09-08,Bacon,Meat,7,63,16.9,0,0,1,6,0
2024-09-09,Bacon,Meat,7,43,19.8,0,0,0,0,0
2024-09-10,Bacon,Meat,7,59,13.8,0,0,0,1,1
2024-09-11,Bacon,Meat,7,0,15.3,0,0,0,2,0
2024-09-12,Bacon,Meat,7,59,17.4,0,0,0,3,0
2024-09-13,Bacon,Meat,7,89,16.6,0,0,1,4,1
2024-09-14,Bacon,Meat,7,87,14.7,0,0,1,5,0
2024-09-15,Bacon,Meat,7,66,15.1,0,0,1,6,0
2024-09-16,Bacon,Meat,7,52,12.2,0,0,0,0,0
2024-09-17,Bacon,Meat,7,45,14.6,0,0,0,1,0
2024-09-18,Bacon,Meat,7,62,14.4,0,0,0,2,0
2024-09-19,Bacon,Meat,7,71,15.4,0,0,0,3,1
2024-09-20,Bacon,Meat,7,70,13.6,0,0,1,4,0
2024-09-21,Bacon,Meat,7,72,15.7,0,0,1,5,0
2024-09-22,Bacon,Meat,7,61,16.8,0,0,1,6,0
2024-09-23,Bacon,Meat,7,38,14.8,0,0,0,0,0
2024-09-24,Bacon,Meat,7,50,15.1,0,0,0,1,0
2024-09-25,Bacon,Meat,7,64,14.3,0,0,0,2,0
2024-09-26,Bacon,Meat,7,80,14.0,0,0,0,3,1
2024-09-27,Bacon,Meat,7,63,12.3,0,0,1,4,0
2024-09-28,Bacon,Meat,7,64,14.5,0,0,1,5,0
2024-09-29,Bacon,Meat,7,92,13.4,0,0,1,6,0
2024-09-30,Bacon,Meat,7,54,18.1,0,0,0,0,0
2024-10-01,Bacon,Meat,7,44,16.8,0,0,0,1,0
2024-10-02,Bacon,Meat,7,48,14.1,0,0,0,2,0
2024-10-03,Bacon,Meat,7,48,11.4,0,0,0,3,0
2024-10-04,Bacon,Meat,7,76,10.5,0,0,1,4,0
2024-10-05,Bacon,Meat,7,62,15.5,0,0,1,5,0
2024-10-06,Bacon,Meat,7,68,13.3,0,0,1,6,0
2024-10-07,Bacon,Meat,7,34,13.6,0,0,0,0,0
2024-10-08,Bacon,Meat,7,52,8.6,0,0,0,1,0
2024-10-09,Bacon,Meat,7,52,14.4,0,0,0,2,0
2024-10-10,Bacon,Meat,7,45,13.2,0,0,0,3,0
2024-10-11,Bacon,Meat,7,72,9.6,0,0,1,4,0
2024-10-12,Bacon,Meat,7,74,10.9,0,0,1,5,0
2024-10-13,Bacon,Meat,7,81,12.4,0,0,1,6,0
2024-10-14,Bacon,Meat,7,56,11.8,0,0,0,0,0
2024-10-15,Bacon,Meat,7,67,10.9,0,0,0,1,0
2024-10-16,Bacon,Meat,7,68,11.1,0,0,0,2,1
2024-10-17,Bacon,Meat,7,48,10.7,0,0,0,3,0
2024-10-18,Bacon,Meat,7,74,11.4,0,0,1,4,0
2024-10-19,Bacon,Meat,7,97,14.2,0,0,1,5,0
2024-10-20,Bacon,Meat,7,67,5.2,0,0,1,6,0
2024-10-21,Bacon,Meat,7,41,10.2,0,0,0,0,0
2024-10-22,Bacon,Meat,7,50,10.9,0,0,0,1,0
2024-10-23,Bacon,Meat,7,55,11.0,0,0,0,2,0
2024-10-24,Bacon,Meat,7,51,9.4,0,0,0,3,0
2024-10-25,Bacon,Meat,7,74,6.3,0,0,1,4,0
2024-10-26,Bacon,Meat,7,69,10.7,0,1,1,5,0
2024-10-27,Bacon,Meat,7,56,13.7,0,1,1,6,0
2024-10-28,Bacon,Meat,7,47,6.3,0,1,0,0,0
2024-10-29,Bacon,Meat,7,36,11.5,0,1,0,1,0
2024-10-30,Bacon,Meat,7,45,8.7,0,1,0,2,0
2024-10-31,Bacon,Meat,7,75,9.2,0,1,0,3,1
2024-11-01,Bacon,Meat,7,73,6.9,0,0,1,4,0
2024-11-02,Bacon,Meat,7,82,8.3,0,0,1,5,0
2024-11-03,Bacon,Meat,7,62,11.8,0,0,1,6,0
2024-11-04,Bacon,Meat,7,49,10.1,0,0,0,0,0
2024-11-05,Bacon,Meat,7,41,12.5,0,0,0,1,0
2024-11-06,Bacon,Meat,7,51,11.1,0,0,0,2,0
2024-11-07,Bacon,Meat,7,45,9.3,0,0,0,3,0
2024-11-08,Bacon,Meat,7,71,12.1,0,0,1,4,0
2024-11-09,Bacon,Meat,7,71,9.1,0,0,1,5,0
2024-11-10,Bacon,Meat,7,65,9.8,0,0,1,6,0
2024-11-11,Bacon,Meat,7,42,7.2,0,0,0,0,0
2024-11-12,Bacon,Meat,7,43,7.9,0,0,0,1,0
2024-11-13,Bacon,Meat,7,49,6.1,0,0,0,2,0
2024-11-14,Bacon,Meat,7,39,9.7,0,0,0,3,0
2024-11-15,Bacon,Meat,7,72,4.8,0,0,1,4,0
2024-11-16,Bacon,Meat,7,72,9.0,0,0,1,5,0
2024-11-17,Bacon,Meat,7,62,6.7,0,0,1,6,0
2024-11-18,Bacon,Meat,7,56,9.6,0,0,0,0,0
2024-11-19,Bacon,Meat,7,57,8.5,0,0,0,1,1
2024-11-20,Bacon,Meat,7,50,10.8,0,0,0,2,0
2024-11-21,Bacon,Meat,7,47,8.3,0,0,0,3,0
2024-11-22,Bacon,Meat,7,75,3.1,0,0,1,4,0
2024-11-23,Bacon,Meat,7,82,6.3,0,0,1,5,0
2024-11-24,Bacon,Meat,7,90,3.7,0,0,1,6,1
2024-11-25,Bacon,Meat,7,39,5.1,0,0,0,0,0
2024-11-26,Bacon,Meat,7,40,9.4,0,0,0,1,0
2024-11-27,Bacon,Meat,7,65,7.4,0,0,0,2,1
2024-11-28,Bacon,Meat,7,52,4.3,0,0,0,3,0
2024-11-29,Bacon,Meat,7,58,3.5,0,0,1,4,0
2024-11-30,Bacon,Meat,7,73,5.7,0,0,1,5,0
2024-12-01,Bacon,Meat,7,44,2.9,0,0,1,6,0
2024-12-02,Bacon,Meat,7,41,4.0,0,0,0,0,0
2024-12-03,Bacon,Meat,7,43,6.1,0,0,0,1,0
2024-12-04,Bacon,Meat,7,48,7.8,0,0,0,2,0
2024-12-05,Bacon,Meat,7,45,6.5,0,0,0,3,0
2024-12-06,Bacon,Meat,7,67,0.0,0,0,1,4,0
2024-12-07,Bacon,Meat,7,90,5.7,0,0,1,5,1
2024-12-08,Bacon,Meat,7,69,5.1,0,0,1,6,0
2024-12-09,Bacon,Meat,7,42,5.7,0,0,0,0,0
2024-12-10,Bacon,Meat,7,34,8.3,0,0,0,1,0
2024-12-11,Bacon,Meat,7,43,0.1,0,0,0,2,0
2024-12-12,Bacon,Meat,7,67,3.3,0,0,0,3,0
2024-12-13,Bacon,Meat,7,86,5.8,0,0,1,4,0
2024-12-14,Bacon,Meat,7,73,0.9,0,0,1,5,0
2024-12-15,Bacon,Meat,7,72,7.6,0,0,1,6,0
2024-12-16,Bacon,Meat,7,50,5.1,0,0,0,0,0
2024-12-17,Bacon,Meat,7,45,6.0,0,0,0,1,0
2024-12-18,Bacon,Meat,7,42,2.9,0,0,0,2,0
2024-12-19,Bacon,Meat,7,52,5.8,0,0,0,3,0
2024-12-20,Bacon,Meat,7,73,6.3,0,1,1,4,0
2024-12-21,Bacon,Meat,7,79,4.4,0,1,1,5,0
2024-12-22,Bacon,Meat,7,68,4.4,0,1,1,6,0
2024-12-23,Bacon,Meat,7,37,4.4,0,1,0,0,0
2024-12-24,Bacon,Meat,7,51,1.8,0,1,0,1,0
2024-12-25,Bacon,Meat,7,0,3.3,1,1,0,2,1
2024-12-26,Bacon,Meat,7,80,3.3,1,1,0,3,0
2024-12-27,Bacon,Meat,7,81,4.4,0,1,1,4,0
2024-12-28,Bacon,Meat,7,79,5.7,0,1,1,5,0
2024-12-29,Bacon,Meat,7,56,1.1,0,1,1,6,0
2024-12-30,Bacon,Meat,7,49,3.1,0,1,0,0,0
2024-12-31,Bacon,Meat,7,55,6.6,0,1,0,1,0
2025-01-01,Bacon,Meat,7,69,1.7,1,1,0,2,0
2025-01-02,Bacon,Meat,7,44,1.5,0,1,0,3,0
2025-01-03,Bacon,Meat,7,79,3.7,0,0,1,4,0
2025-01-04,Bacon,Meat,7,84,5.1,0,0,1,5,0
2025-01-05,Bacon,Meat,7,72,3.2,0,0,1,6,0
2025-01-06,Bacon,Meat,7,41,6.1,0,0,0,0,0
2025-01-07,Bacon,Meat,7,49,5.0,0,0,0,1,0
2025-01-08,Bacon,Meat,7,62,5.0,0,0,0,2,0
2025-01-09,Bacon,Meat,7,55,4.3,0,0,0,3,0
2025-01-10,Bacon,Meat,7,109,8.2,0,0,1,4,1
2025-01-11,Bacon,Meat,7,62,2.6,0,0,1,5,0
2025-01-12,Bacon,Meat,7,77,-1.4,0,0,1,6,0
2025-01-13,Bacon,Meat,7,52,6.6,0,0,0,0,0
2025-01-14,Bacon,Meat,7,52,2.0,0,0,0,1,0
2025-01-15,Bacon,Meat,7,47,3.3,0,0,0,2,0
2025-01-16,Bacon,Meat,7,52,5.9,0,0,0,3,0
2025-01-17,Bacon,Meat,7,83,-0.5,0,0,1,4,0
2025-01-18,Bacon,Meat,7,77,0.2,0,0,1,5,0
2025-01-19,Bacon,Meat,7,99,-0.5,0,0,1,6,1
2025-01-20,Bacon,Meat,7,43,1.3,0,0,0,0,0
2025-01-21,Bacon,Meat,7,32,4.0,0,0,0,1,0
2025-01-22,Bacon,Meat,7,58,4.2,0,0,0,2,0
2025-01-23,Bacon,Meat,7,56,3.6,0,0,0,3,0
2025-01-24,Bacon,Meat,7,84,-0.1,0,0,1,4,0
2025-01-25,Bacon,Meat,7,70,-2.0,0,0,1,5,0
2025-01-26,Bacon,Meat,7,79,3.2,0,0,1,6,0
2025-01-27,Bacon,Meat,7,47,2.0,0,0,0,0,0
2025-01-28,Bacon,Meat,7,42,4.1,0,0,0,1,0
2025-01-29,Bacon,Meat,7,55,4.7,0,0,0,2,0
2025-01-30,Bacon,Meat,7,59,3.5,0,0,0,3,0
2025-01-31,Bacon,Meat,7,83,4.9,0,0,1,4,0
2025-02-01,Bacon,Meat,7,81,3.7,0,0,1,5,0
2025-02-02,Bacon,Meat,7,81,4.4,0,0,1,6,0
2025-02-03,Bacon,Meat,7,45,1.7,0,0,0,0,0
2025-02-04,Bacon,Meat,7,48,2.9,0,0,0,1,0
2025-02-05,Bacon,Meat,7,48,3.8,0,0,0,2,0
2025-02-06,Bacon,Meat,7,57,5.2,0,0,0,3,0
2025-02-07,Bacon,Meat,7,77,2.6,0,0,1,4,0
2025-02-08,Bacon,Meat,7,89,4.6,0,0,1,5,0
2025-02-09,Bacon,Meat,7,93,2.9,0,0,1,6,0
2025-02-10,Bacon,Meat,7,56,3.3,0,0,0,0,0
2025-02-11,Bacon,Meat,7,64,5.5,0,0,0,1,0
2025-02-12,Bacon,Meat,7,53,-0.7,0,1,0,2,0
2025-02-13,Bacon,Meat,7,70,0.9,0,1,0,3,1
2025-02-14,Bacon,Meat,7,0,0.5,0,1,1,4,1
2025-02-15,Bacon,Meat,7,84,-1.3,0,1,1,5,0
2025-02-16,Bacon,Meat,7,67,2.4,0,1,1,6,0
2025-02-17,Bacon,Meat,7,56,5.6,0,1,0,0,0
2025-02-18,Bacon,Meat,7,48,3.4,0,1,0,1,0
2025-02-19,Bacon,Meat,7,65,4.6,0,0,0,2,0
2025-02-20,Bacon,Meat,7,63,6.6,0,0,0,3,0
2025-02-21,Bacon,Meat,7,100,7.2,0,0,1,4,0
2025-02-22,Bacon,Meat,7,97,4.2,0,0,1,5,0
2025-02-23,Bacon,Meat,7,74,7.4,0,0,1,6,0
2025-02-24,Bacon,Meat,7,55,4.7,0,0,0,0,0
2025-02-25,Bacon,Meat,7,71,2.7,0,0,0,1,1
2025-02-26,Bacon,Meat,7,48,3.4,0,0,0,2,0
2025-02-27,Bacon,Meat,7,55,1.5,0,0,0,3,0
2025-02-28,Bacon,Meat,7,85,2.9,0,0,1,4,0
2025-03-01,Bacon,Meat,7,78,4.1,0,0,1,5,0
2025-03-02,Bacon,Meat,7,83,6.8,0,0,1,6,0
2025-03-03,Bacon,Meat,7,52,8.9,0,0,0,0,0
2025-03-04,Bacon,Meat,7,67,2.2,0,0,0,1,1
2025-03-05,Bacon,Meat,7,68,6.2,0,0,0,2,0
2025-03-06,Bacon,Meat,7,67,3.1,0,0,0,3,0
2025-03-07,Bacon,Meat,7,72,6.6,0,0,1,4,0
2025-03-08,Bacon,Meat,7,89,5.3,0,0,1,5,0
2025-03-09,Bacon,Meat,7,90,1.7,0,0,1,6,0
2025-03-10,Bacon,Meat,7,69,7.9,0,0,0,0,0
2025-03-11,Bacon,Meat,7,51,4.6,0,0,0,1,0
2025-03-12,Bacon,Meat,7,69,4.9,0,0,0,2,0
2025-03-13,Bacon,Meat,7,50,3.8,0,0,0,3,0
2025-03-14,Bacon,Meat,7,86,4.8,0,0,1,4,0
2025-03-15,Bacon,Meat,7,81,7.3,0,0,1,5,0
2025-03-16,Bacon,Meat,7,82,6.1,0,0,1,6,0
2025-03-17,Bacon,Meat,7,41,7.3,0,0,0,0,0
2025-03-18,Bacon,Meat,7,79,7.5,0,0,0,1,1
2025-03-19,Bacon,Meat,7,43,9.7,0,0,0,2,0
2025-03-20,Bacon,Meat,7,64,6.2,0,0,0,3,0
2025-03-21,Bacon,Meat,7,78,3.8,0,0,1,4,0
2025-03-22,Bacon,Meat,7,104,9.5,0,0,1,5,0
2025-03-23,Bacon,Meat,7,89,6.6,0,0,1,6,0
2025-03-24,Bacon,Meat,7,53,9.9,0,0,0,0,0
2025-03-25,Bacon,Meat,7,47,8.4,0,0,0,1,0
2025-03-26,Bacon,Meat,7,73,7.4,0,0,0,2,0
2025-03-27,Bacon,Meat,7,62,8.6,0,0,0,3,0
2025-03-28,Bacon,Meat,7,88,12.2,0,0,1,4,0
2025-03-29,Bacon,Meat,7,131,12.6,0,0,1,5,1
2025-03-30,Bacon,Meat,7,95,8.3,0,0,1,6,0
2025-03-31,Bacon,Meat,7,53,8.7,0,0,0,0,0
2025-04-01,Bacon,Meat,7,66,10.8,0,1,0,1,0
2025-04-02,Bacon,Meat,7,69,6.7,0,1,0,2,0
2025-04-03,Bacon,Meat,7,70,9.4,0,1,0,3,0
2025-04-04,Bacon,Meat,7,116,8.8,0,1,1,4,1
2025-04-05,Bacon,Meat,7,88,9.6,0,1,1,5,0
2025-04-06,Bacon,Meat,7,110,7.3,0,1,1,6,1
2025-04-07,Bacon,Meat,7,51,5.7,0,1,0,0,0
2025-04-08,Bacon,Meat,7,48,4.8,0,1,0,1,0
2025-04-09,Bacon,Meat,7,88,7.0,0,1,0,2,1
2025-04-10,Bacon,Meat,7,92,8.6,0,1,0,3,0
2025-04-11,Bacon,Meat,7,79,9.1,0,1,1,4,0
2025-04-12,Bacon,Meat,7,94,14.2,0,1,1,5,0
2025-04-13,Bacon,Meat,7,91,12.5,0,1,1,6,0
2025-04-14,Bacon,Meat,7,61,8.1,0,1,0,0,0
2025-04-15,Bacon,Meat,7,67,11.1,0,0,0,1,0
2025-04-16,Bacon,Meat,7,61,9.6,0,0,0,2,0
2025-04-17,Bacon,Meat,7,76,10.0,0,0,0,3,0
2025-04-18,Bacon,Meat,7,112,11.1,1,0,1,4,0
2025-04-19,Bacon,Meat,7,91,12.2,0,0,1,5,0
2025-04-20,Bacon,Meat,7,80,10.3,0,0,1,6,0
2025-04-21,Bacon,Meat,7,115,13.5,1,0,0,0,1
2025-04-22,Bacon,Meat,7,47,8.8,0,0,0,1,0
2025-04-23,Bacon,Meat,7,77,11.4,0,0,0,2,0
2025-04-24,Bacon,Meat,7,68,17.3,0,0,0,3,0
2025-04-25,Bacon,Meat,7,83,12.2,0,0,1,4,0
2025-04-26,Bacon,Meat,7,91,15.0,0,0,1,5,0
2025-04-27,Bacon,Meat,7,83,12.2,0,0,1,6,0
2025-04-28,Bacon,Meat,7,58,13.4,0,0,0,0,0
2025-04-29,Bacon,Meat,7,85,12.1,0,0,0,1,1
2025-04-30,Bacon,Meat,7,79,12.0,0,0,0,2,0
2025-05-01,Bacon,Meat,7,76,10.8,0,0,0,3,0
2025-05-02,Bacon,Meat,7,96,13.6,0,0,1,4,0
2025-05-03,Bacon,Meat,7,92,10.9,0,0,1,5,0
2025-05-04,Bacon,Meat,7,101,14.4,0,0,1,6,0
2025-05-05,Bacon,Meat,7,101,15.4,1,0,0,0,1
2025-05-06,Bacon,Meat,7,73,14.0,0,0,0,1,0
2025-05-07,Bacon,Meat,7,68,12.7,0,0,0,2,0
2025-05-08,Bacon,Meat,7,60,14.4,0,0,0,3,0
2025-05-09,Bacon,Meat,7,102,12.9,0,0,1,4,0
2025-05-10,Bacon,Meat,7,90,15.8,0,0,1,5,0
2025-05-11,Bacon,Meat,7,108,9.8,0,0,1,6,1
2025-05-12,Bacon,Meat,7,59,13.2,0,0,0,0,0
2025-05-13,Bacon,Meat,7,59,9.7,0,0,0,1,0
2025-05-14,Bacon,Meat,7,65,10.9,0,0,0,2,0
2025-05-15,Bacon,Meat,7,64,17.3,0,0,0,3,0
2025-05-16,Bacon,Meat,7,102,16.4,0,0,1,4,0
2025-05-17,Bacon,Meat,7,96,13.0,0,0,1,5,0
2025-05-18,Bacon,Meat,7,98,11.4,0,0,1,6,0
2025-05-19,Bacon,Meat,7,62,8.3,0,0,0,0,0
2025-05-20,Bacon,Meat,7,49,13.8,0,0,0,1,0
2025-05-21,Bacon,Meat,7,62,20.4,0,0,0,2,0
2025-05-22,Bacon,Meat,7,62,16.1,0,0,0,3,0
2025-05-23,Bacon,Meat,7,95,14.1,0,0,1,4,0
2025-05-24,Bacon,Meat,7,102,16.4,0,0,1,5,0
2025-05-25,Bacon,Meat,7,88,12.1,0,0,1,6,0
2025-05-26,Bacon,Meat,7,73,15.0,1,1,0,0,0
2025-05-27,Bacon,Meat,7,54,16.0,0,1,0,1,0
2025-05-28,Bacon,Meat,7,97,15.7,0,1,0,2,1
2025-05-29,Bacon,Meat,7,90,17.7,0,1,0,3,1
2025-05-30,Bacon,Meat,7,101,16.8,0,1,1,4,0
2025-05-31,Bacon,Meat,7,106,17.7,0,1,1,5,0
2025-06-01,Bacon,Meat,7,102,14.8,0,0,1,6,0
2025-06-02,Bacon,Meat,7,59,18.4,0,0,0,0,0
2025-06-03,Bacon,Meat,7,81,20.1,0,0,0,1,0
2025-06-04,Bacon,Meat,7,63,14.5,0,0,0,2,0
2025-06-05,Bacon,Meat,7,60,14.7,0,0,0,3,0
2025-06-06,Bacon,Meat,7,94,19.7,0,0,1,4,0
2025-06-07,Bacon,Meat,7,78,16.5,0,0,1,5,0
2025-06-08,Bacon,Meat,7,87,20.1,0,0,1,6,0
2025-06-09,Bacon,Meat,7,53,16.1,0,0,0,0,0
2025-06-10,Bacon,Meat,7,55,20.4,0,0,0,1,0
2025-06-11,Bacon,Meat,7,0,17.5,0,0,0,2,0
2025-06-12,Bacon,Meat,7,72,17.9,0,0,0,3,0
2025-06-13,Bacon,Meat,7,137,20.9,0,0,1,4,1
2025-06-14,Bacon,Meat,7,85,16.7,0,0,1,5,0
2025-06-15,Bacon,Meat,7,95,15.5,0,0,1,6,0
2025-06-16,Bacon,Meat,7,61,16.7,0,0,0,0,0
2025-06-17,Bacon,Meat,7,43,18.7,0,0,0,1,0
2025-06-18,Bacon,Meat,7,65,14.4,0,0,0,2,0
2025-06-19,Bacon,Meat,7,67,19.3,0,0,0,3,0
2025-06-20,Bacon,Meat,7,97,16.8,0,0,1,4,0
2025-06-21,Bacon,Meat,7,79,20.5,0,0,1,5,0
2025-06-22,Bacon,Meat,7,100,12.8,0,0,1,6,0
2025-06-23,Bacon,Meat,7,64,16.4,0,0,0,0,0
2025-06-24,Bacon,Meat,7,59,14.5,0,0,0,1,0
2025-06-25,Bacon,Meat,7,70,16.4,0,0,0,2,0
2025-06-26,Bacon,Meat,7,51,18.9,0,0,0,3,0
2025-06-27,Bacon,Meat,7,86,18.0,0,0,1,4,0
2025-06-28,Bacon,Meat,7,0,17.9,0,0,1,5,0
2025-06-29,Bacon,Meat,7,88,18.1,0,0,1,6,0
2025-06-30,Bacon,Meat,7,62,19.0,0,0,0,0,0
2025-07-01,Bacon,Meat,7,60,16.3,0,1,0,1,0
2025-07-02,Bacon,Meat,7,70,20.2,0,1,0,2,0
2025-07-03,Bacon,Meat,7,69,20.1,0,1,0,3,0
2025-07-04,Bacon,Meat,7,96,19.5,0,1,1,4,0
2025-07-05,Bacon,Meat,7,114,19.9,0,1,1,5,0
2025-07-06,Bacon,Meat,7,91,19.4,0,1,1,6,0
2025-07-07,Bacon,Meat,7,63,23.3,0,1,0,0,0
2025-07-08,Bacon,Meat,7,44,18.6,0,1,0,1,0
2025-07-09,Bacon,Meat,7,72,18.2,0,1,0,2,0
2025-07-10,Bacon,Meat,7,65,17.2,0,1,0,3,0
2025-07-11,Bacon,Meat,7,110,16.6,0,1,1,4,0
2025-07-12,Bacon,Meat,7,110,16.2,0,1,1,5,1
2025-07-13,Bacon,Meat,7,91,17.0,0,1,1,6,0
2025-07-14,Bacon,Meat,7,80,18.8,0,1,0,0,1
2025-07-15,Bacon,Meat,7,66,19.7,0,1,0,1,0
2025-07-16,Bacon,Meat,7,55,19.1,0,1,0,2,0
2025-07-17,Bacon,Meat,7,61,17.3,0,1,0,3,0
2025-07-18,Bacon,Meat,7,105,21.0,0,1,1,4,0
2025-07-19,Bacon,Meat,7,94,20.6,0,1,1,5,0
2025-07-20,Bacon,Meat,7,104,18.6,0,1,1,6,0
2025-07-21,Bacon,Meat,7,47,17.6,0,1,0,0,0
2025-07-22,Bacon,Meat,7,61,20.2,0,1,0,1,0
2025-07-23,Bacon,Meat,7,70,19.4,0,1,0,2,0
2025-07-24,Bacon,Meat,7,74,15.8,0,1,0,3,0
2025-07-25,Bacon,Meat,7,105,18.8,0,1,1,4,0
2025-07-26,Bacon,Meat,7,81,19.5,0,1,1,5,0
2025-07-27,Bacon,Meat,7,84,17.0,0,1,1,6,0
2025-07-28,Bacon,Meat,7,0,19.3,0,1,0,0,0
2025-07-29,Bacon,Meat,7,55,15.7,0,1,0,1,0
2025-07-30,Bacon,Meat,7,50,21.8,0,1,0,2,0
2025-07-31,Bacon,Meat,7,70,21.6,0,1,0,3,0
2025-08-01,Bacon,Meat,7,90,18.3,0,1,1,4,0
2025-08-02,Bacon,Meat,7,68,19.6,0,1,1,5,0
2025-08-03,Bacon,Meat,7,102,13.5,0,1,1,6,0
2025-08-04,Bacon,Meat,7,54,16.2,0,1,0,0,0
2025-08-05,Bacon,Meat,7,67,18.1,0,1,0,1,0
2025-08-06,Bacon,Meat,7,60,16.3,0,1,0,2,0
2025-08-07,Bacon,Meat,7,55,20.2,0,1,0,3,0
2025-08-08,Bacon,Meat,7,120,23.0,0,1,1,4,1
2025-08-09,Bacon,Meat,7,96,16.0,0,1,1,5,0
2025-08-10,Bacon,Meat,7,85,16.7,0,1,1,6,0
2025-08-11,Bacon,Meat,7,51,19.0,0,1,0,0,0
2025-08-12,Bacon,Meat,7,62,21.9,0,1,0,1,0
2025-08-13,Bacon,Meat,7,63,15.7,0,1,0,2,0
2025-08-14,Bacon,Meat,7,74,18.8,0,1,0,3,0
2025-08-15,Bacon,Meat,7,0,22.2,0,1,1,4,0
2025-08-16,Bacon,Meat,7,83,14.5,0,1,1,5,0
2025-08-17,Bacon,Meat,7,71,15.3,0,1,1,6,0
2025-08-18,Bacon,Meat,7,57,17.1,0,1,0,0,0
2025-08-19,Bacon,Meat,7,66,16.8,0,1,0,1,0
2025-08-20,Bacon,Meat,7,55,19.7,0,1,0,2,0
2025-08-21,Bacon,Meat,7,66,18.4,0,1,0,3,0
2025-08-22,Bacon,Meat,7,89,13.9,0,1,1,4,0
2025-08-23,Bacon,Meat,7,76,18.8,0,1,1,5,0
2025-08-24,Bacon,Meat,7,97,16.3,0,1,1,6,0
2025-08-25,Bacon,Meat,7,85,20.3,1,1,0,0,0
2025-08-26,Bacon,Meat,7,55,16.1,0,1,0,1,0
2025-08-27,Bacon,Meat,7,49,16.0,0,1,0,2,0
2025-08-28,Bacon,Meat,7,61,18.5,0,1,0,3,0
2025-08-29,Bacon,Meat,7,67,18.9,0,1,1,4,0
2025-08-30,Bacon,Meat,7,89,18.1,0,1,1,5,0
2025-08-31,Bacon,Meat,7,71,13.3,0,1,1,6,0
2025-09-01,Bacon,Meat,7,59,18.1,0,0,0,0,0
2025-09-02,Bacon,Meat,7,52,14.6,0,0,0,1,0
2025-09-03,Bacon,Meat,7,56,17.3,0,0,0,2,0
2025-09-04,Bacon,Meat,7,63,13.5,0,0,0,3,0
2025-09-05,Bacon,Meat,7,71,17.5,0,0,1,4,0
2025-09-06,Bacon,Meat,7,95,14.7,0,0,1,5,0
2025-09-07,Bacon,Meat,7,84,13.5,0,0,1,6,0
2025-09-08,Bacon,Meat,7,67,17.8,0,0,0,0,0
2025-09-09,Bacon,Meat,7,47,16.7,0,0,0,1,0
2025-09-10,Bacon,Meat,7,56,14.7,0,0,0,2,0
2025-09-11,Bacon,Meat,7,56,19.1,0,0,0,3,0
2025-09-12,Bacon,Meat,7,85,14.9,0,0,1,4,0
2025-09-13,Bacon,Meat,7,80,15.8,0,0,1,5,0
2025-09-14,Bacon,Meat,7,61,16.2,0,0,1,6,0
2025-09-15,Bacon,Meat,7,59,14.1,0,0,0,0,0
2025-09-16,Bacon,Meat,7,65,16.4,0,0,0,1,0
2025-09-17,Bacon,Meat,7,64,14.1,0,0,0,2,0
2025-09-18,Bacon,Meat,7,60,14.2,0,0,0,3,0
2025-09-19,Bacon,Meat,7,70,18.0,0,0,1,4,0
2025-09-20,Bacon,Meat,7,110,12.6,0,0,1,5,1
2025-09-21,Bacon,Meat,7,87,9.5,0,0,1,6,0
2025-09-22,Bacon,Meat,7,51,18.2,0,0,0,0,0
2025-09-23,Bacon,Meat,7,58,20.1,0,0,0,1,0
2025-09-24,Bacon,Meat,7,66,13.5,0,0,0,2,0
2025-09-25,Bacon,Meat,7,43,10.0,0,0,0,3,0
2025-09-26,Bacon,Meat,7,73,13.5,0,0,1,4,0
2025-09-27,Bacon,Meat,7,82,13.4,0,0,1,5,0
2025-09-28,Bacon,Meat,7,72,13.5,0,0,1,6,0
2025-09-29,Bacon,Meat,7,52,11.3,0,0,0,0,0
2025-09-30,Bacon,Meat,7,44,14.9,0,0,0,1,0
2025-10-01,Bacon,Meat,7,58,14.7,0,0,0,2,0
2025-10-02,Bacon,Meat,7,50,10.1,0,0,0,3,0
2025-10-03,Bacon,Meat,7,84,14.8,0,0,1,4,0
2025-10-04,Bacon,Meat,7,77,17.6,0,0,1,5,0
2025-10-05,Bacon,Meat,7,72,13.4,0,0,1,6,0
2025-10-06,Bacon,Meat,7,46,12.1,0,0,0,0,0
2025-10-07,Bacon,Meat,7,45,12.4,0,0,0,1,0
2025-10-08,Bacon,Meat,7,57,13.9,0,0,0,2,0
2025-10-09,Bacon,Meat,7,57,8.6,0,0,0,3,0
2025-10-10,Bacon,Meat,7,70,12.7,0,0,1,4,0
2025-10-11,Bacon,Meat,7,70,11.3,0,0,1,5,0
2025-10-12,Bacon,Meat,7,79,16.1,0,0,1,6,0
2025-10-13,Bacon,Meat,7,56,11.5,0,0,0,0,0
2025-10-14,Bacon,Meat,7,45,15.4,0,0,0,1,0
2025-10-15,Bacon,Meat,7,56,9.2,0,0,0,2,0
2025-10-16,Bacon,Meat,7,59,12.8,0,0,0,3,0
2025-10-17,Bacon,Meat,7,75,12.1,0,0,1,4,0
2025-10-18,Bacon,Meat,7,67,9.3,0,0,1,5,0
2025-10-19,Bacon,Meat,7,80,11.5,0,0,1,6,0
2025-10-20,Bacon,Meat,7,44,13.6,0,0,0,0,0
2025-10-21,Bacon,Meat,7,59,10.1,0,0,0,1,0
2025-10-22,Bacon,Meat,7,70,7.0,0,0,0,2,0
2025-10-23,Bacon,Meat,7,79,10.5,0,0,0,3,1
2025-10-24,Bacon,Meat,7,71,8.4,0,0,1,4,0
2025-10-25,Bacon,Meat,7,69,9.5,0,0,1,5,0
2025-10-26,Bacon,Meat,7,67,9.9,0,1,1,6,0
2025-10-27,Bacon,Meat,7,39,6.2,0,1,0,0,0
2025-10-28,Bacon,Meat,7,36,6.3,0,1,0,1,0
2025-10-29,Bacon,Meat,7,38,10.8,0,1,0,2,0
2025-10-30,Bacon,Meat,7,52,8.4,0,1,0,3,0
2025-10-31,Bacon,Meat,7,74,3.8,0,1,1,4,0
2025-11-01,Bacon,Meat,7,70,11.0,0,0,1,5,0
2025-11-02,Bacon,Meat,7,84,9.8,0,0,1,6,0
2025-11-03,Bacon,Meat,7,54,7.5,0,0,0,0,0
2025-11-04,Bacon,Meat,7,43,6.0,0,0,0,1,0
2025-11-05,Bacon,Meat,7,51,10.6,0,0,0,2,0
2025-11-06,Bacon,Meat,7,68,9.4,0,0,0,3,0
2025-11-07,Bacon,Meat,7,64,13.8,0,0,1,4,0
2025-11-08,Bacon,Meat,7,83,9.3,0,0,1,5,0
2025-11-09,Bacon,Meat,7,85,9.1,0,0,1,6,0
2025-11-10,Bacon,Meat,7,51,7.8,0,0,0,0,0
2025-11-11,Bacon,Meat,7,48,9.8,0,0,0,1,0
2025-11-12,Bacon,Meat,7,55,9.2,0,0,0,2,0
2025-11-13,Bacon,Meat,7,64,10.5,0,0,0,3,0
2025-11-14,Bacon,Meat,7,75,6.5,0,0,1,4,0
2025-11-15,Bacon,Meat,7,70,6.5,0,0,1,5,0
2025-11-16,Bacon,Meat,7,65,6.3,0,0,1,6,0
2025-11-17,Bacon,Meat,7,51,9.0,0,0,0,0,0
2025-11-18,Bacon,Meat,7,45,10.4,0,0,0,1,0
2025-11-19,Bacon,Meat,7,66,6.0,0,0,0,2,0
2025-11-20,Bacon,Meat,7,47,6.0,0,0,0,3,0
2025-11-21,Bacon,Meat,7,85,7.5,0,0,1,4,0
2025-11-22,Bacon,Meat,7,79,6.1,0,0,1,5,0
2025-11-23,Bacon,Meat,7,72,8.6,0,0,1,6,0
2025-11-24,Bacon,Meat,7,60,1.5,0,0,0,0,0
2025-11-25,Bacon,Meat,7,40,4.5,0,0,0,1,0
2025-11-26,Bacon,Meat,7,43,4.5,0,0,0,2,0
2025-11-27,Bacon,Meat,7,51,1.0,0,0,0,3,0
2025-11-28,Bacon,Meat,7,81,3.9,0,0,1,4,0
2025-11-29,Bacon,Meat,7,0,3.9,0,0,1,5,1
2025-11-30,Bacon,Meat,7,73,5.3,0,0,1,6,0
2025-12-01,Bacon,Meat,7,77,8.1,0,0,0,0,1
2025-12-02,Bacon,Meat,7,59,5.0,0,0,0,1,0
2025-12-03,Bacon,Meat,7,50,3.2,0,0,0,2,0
2025-12-04,Bacon,Meat,7,48,5.2,0,0,0,3,0
2025-12-05,Bacon,Meat,7,72,7.6,0,0,1,4,0
2025-12-06,Bacon,Meat,7,74,3.0,0,0,1,5,0
2025-12-07,Bacon,Meat,7,74,3.1,0,0,1,6,0
2025-12-08,Bacon,Meat,7,45,6.2,0,0,0,0,0
2025-12-09,Bacon,Meat,7,57,4.4,0,0,0,1,0
2025-12-10,Bacon,Meat,7,59,6.2,0,0,0,2,0
2025-12-11,Bacon,Meat,7,56,4.7,0,0,0,3,0
2025-12-12,Bacon,Meat,7,78,6.2,0,0,1,4,0
2025-12-13,Bacon,Meat,7,62,2.3,0,0,1,5,0
2025-12-14,Bacon,Meat,7,75,4.5,0,0,1,6,0
2025-12-15,Bacon,Meat,7,46,3.9,0,0,0,0,0
2025-12-16,Bacon,Meat,7,56,1.7,0,0,0,1,0
2025-12-17,Bacon,Meat,7,48,0.8,0,0,0,2,0
2025-12-18,Bacon,Meat,7,61,5.7,0,0,0,3,0
2025-12-19,Bacon,Meat,7,73,3.3,0,0,1,4,0
2025-12-20,Bacon,Meat,7,81,1.8,0,1,1,5,0
2025-12-21,Bacon,Meat,7,75,3.8,0,1,1,6,0
2025-12-22,Bacon,Meat,7,56,6.4,0,1,0,0,0
2025-12-23,Bacon,Meat,7,44,-1.2,0,1,0,1,0
2025-12-24,Bacon,Meat,7,48,0.5,0,1,0,2,0
2025-12-25,Bacon,Meat,7,0,1.7,1,1,0,3,0
2025-12-26,Bacon,Meat,7,150,6.9,1,1,1,4,1
2025-12-27,Bacon,Meat,7,64,4.2,0,1,1,5,0
2025-12-28,Bacon,Meat,7,110,5.3,0,1,1,6,1
2025-12-29,Bacon,Meat,7,50,1.0,0,1,0,0,0
2025-12-30,Bacon,Meat,7,38,1.0,0,1,0,1,0
2025-12-31,Bacon,Meat,7,66,4.4,0,1,0,2,0
2024-01-01,Salmon Fillet,Fish,3,38,4.0,1,1,0,0,0
2024-01-02,Salmon Fillet,Fish,3,34,1.0,0,1,0,1,0
2024-01-03,Salmon Fillet,Fish,3,33,4.9,0,0,0,2,0
2024-01-04,Salmon Fillet,Fish,3,46,5.3,0,0,0,3,1
2024-01-05,Salmon Fillet,Fish,3,38,-1.1,0,0,1,4,0
2024-01-06,Salmon Fillet,Fish,3,41,0.3,0,0,1,5,0
2024-01-07,Salmon Fillet,Fish,3,47,3.4,0,0,1,6,0
2024-01-08,Salmon Fillet,Fish,3,20,2.4,0,0,0,0,0
2024-01-09,Salmon Fillet,Fish,3,34,3.1,0,0,0,1,0
2024-01-10,Salmon Fillet,Fish,3,48,1.2,0,0,0,2,1
2024-01-11,Salmon Fillet,Fish,3,37,5.0,0,0,0,3,0
2024-01-12,Salmon Fillet,Fish,3,46,4.8,0,0,1,4,0
2024-01-13,Salmon Fillet,Fish,3,52,3.2,0,0,1,5,0
2024-01-14,Salmon Fillet,Fish,3,0,5.5,0,0,1,6,0
2024-01-15,Salmon Fillet,Fish,3,39,4.0,0,0,0,0,0
2024-01-16,Salmon Fillet,Fish,3,36,1.1,0,0,0,1,0
2024-01-17,Salmon Fillet,Fish,3,32,3.8,0,0,0,2,0
2024-01-18,Salmon Fillet,Fish,3,27,0.9,0,0,0,3,0
2024-01-19,Salmon Fillet,Fish,3,48,4.9,0,0,1,4,0
2024-01-20,Salmon Fillet,Fish,3,49,2.9,0,0,1,5,0
2024-01-21,Salmon Fillet,Fish,3,42,2.6,0,0,1,6,0
2024-01-22,Salmon Fillet,Fish,3,26,1.5,0,0,0,0,0
2024-01-23,Salmon Fillet,Fish,3,31,5.7,0,0,0,1,0
2024-01-24,Salmon Fillet,Fish,3,38,2.7,0,0,0,2,0
2024-01-25,Salmon Fillet,Fish,3,28,2.1,0,0,0,3,0
2024-01-26,Salmon Fillet,Fish,3,50,2.3,0,0,1,4,0
2024-01-27,Salmon Fillet,Fish,3,0,4.3,0,0,1,5,0
2024-01-28,Salmon Fillet,Fish,3,99,3.9,0,0,1,6,1
2024-01-29,Salmon Fillet,Fish,3,34,4.0,0,0,0,0,0
2024-01-30,Salmon Fillet,Fish,3,38,4.1,0,0,0,1,0
2024-01-31,Salmon Fillet,Fish,3,14,7.9,0,0,0,2,0
2024-02-01,Salmon Fillet,Fish,3,35,2.3,0,0,0,3,0
2024-02-02,Salmon Fillet,Fish,3,54,2.1,0,0,1,4,0
2024-02-03,Salmon Fillet,Fish,3,51,1.5,0,0,1,5,0
2024-02-04,Salmon Fillet,Fish,3,0,4.7,0,0,1,6,0
2024-02-05,Salmon Fillet,Fish,3,28,5.8,0,0,0,0,0
2024-02-06,Salmon Fillet,Fish,3,34,3.1,0,0,0,1,0
2024-02-07,Salmon Fillet,Fish,3,39,1.6,0,0,0,2,0
2024-02-08,Salmon Fillet,Fish,3,28,1.7,0,0,0,3,0
2024-02-09,Salmon Fillet,Fish,3,73,5.0,0,0,1,4,0
2024-02-10,Salmon Fillet,Fish,3,0,5.2,0,0,1,5,0
2024-02-11,Salmon Fillet,Fish,3,49,4.8,0,0,1,6,0
2024-02-12,Salmon Fillet,Fish,3,28,2.2,0,1,0,0,0
2024-02-13,Salmon Fillet,Fish,3,31,4.3,0,1,0,1,0
2024-02-14,Salmon Fillet,Fish,3,0,4.1,0,1,0,2,0
2024-02-15,Salmon Fillet,Fish,3,26,4.3,0,1,0,3,0
2024-02-16,Salmon Fillet,Fish,3,50,5.8,0,1,1,4,0
2024-02-17,Salmon Fillet,Fish,3,51,4.5,0,1,1,5,0
2024-02-18,Salmon Fillet,Fish,3,0,5.6,0,1,1,6,0
2024-02-19,Salmon Fillet,Fish,3,31,4.3,0,0,0,0,0
2024-02-20,Salmon Fillet,Fish,3,28,4.8,0,0,0,1,0
2024-02-21,Salmon Fillet,Fish,3,33,5.7,0,0,0,2,0
2024-02-22,Salmon Fillet,Fish,3,37,1.1,0,0,0,3,0
2024-02-23,Salmon Fillet,Fish,3,49,3.7,0,0,1,4,0
2024-02-24,Salmon Fillet,Fish,3,65,3.5,0,0,1,5,0
2024-02-25,Salmon Fillet,Fish,3,58,3.2,0,0,1,6,0
2024-02-26,Salmon Fillet,Fish,3,30,4.1,0,0,0,0,0
2024-02-27,Salmon Fillet,Fish,3,36,8.0,0,0,0,1,0
2024-02-28,Salmon Fillet,Fish,3,37,2.9,0,0,0,2,0
2024-02-29,Salmon Fillet,Fish,3,36,7.1,0,0,0,3,0
2024-03-01,Salmon Fillet,Fish,3,57,1.3,0,0,1,4,0
2024-03-02,Salmon Fillet,Fish,3,0,4.4,0,0,1,5,0
2024-03-03,Salmon Fillet,Fish,3,50,5.6,0,0,1,6,0
2024-03-04,Salmon Fillet,Fish,3,32,6.6,0,0,0,0,0
2024-03-05,Salmon Fillet,Fish,3,43,7.0,0,0,0,1,0
2024-03-06,Salmon Fillet,Fish,3,38,7.3,0,0,0,2,0
2024-03-07,Salmon Fillet,Fish,3,40,4.8,0,0,0,3,0
2024-03-08,Salmon Fillet,Fish,3,54,4.7,0,0,1,4,0
2024-03-09,Salmon Fillet,Fish,3,56,7.7,0,0,1,5,0
2024-03-10,Salmon Fillet,Fish,3,57,5.5,0,0,1,6,0
2024-03-11,Salmon Fillet,Fish,3,41,3.2,0,0,0,0,0
2024-03-12,Salmon Fillet,Fish,3,26,3.6,0,0,0,1,0
2024-03-13,Salmon Fillet,Fish,3,43,4.2,0,0,0,2,0
2024-03-14,Salmon Fillet,Fish,3,49,7.5,0,0,0,3,1
2024-03-15,Salmon Fillet,Fish,3,61,6.8,0,0,1,4,0
2024-03-16,Salmon Fillet,Fish,3,61,8.1,0,0,1,5,0
2024-03-17,Salmon Fillet,Fish,3,85,5.8,0,0,1,6,1
2024-03-18,Salmon Fillet,Fish,3,29,7.2,0,0,0,0,0
2024-03-19,Salmon Fillet,Fish,3,28,8.3,0,0,0,1,0
2024-03-20,Salmon Fillet,Fish,3,37,6.4,0,0,0,2,0
2024-03-21,Salmon Fillet,Fish,3,47,8.2,0,0,0,3,0
2024-03-22,Salmon Fillet,Fish,3,63,5.8,0,0,1,4,0
2024-03-23,Salmon Fillet,Fish,3,76,6.6,0,0,1,5,0
2024-03-24,Salmon Fillet,Fish,3,50,6.7,0,0,1,6,0
2024-03-25,Salmon Fillet,Fish,3,42,5.0,0,0,0,0,0
2024-03-26,Salmon Fillet,Fish,3,33,8.9,0,0,0,1,0
2024-03-27,Salmon Fillet,Fish,3,33,6.9,0,0,0,2,0
2024-03-28,Salmon Fillet,Fish,3,40,8.1,0,0,0,3,0
2024-03-29,Salmon Fillet,Fish,3,76,9.2,1,0,1,4,0
2024-03-30,Salmon Fillet,Fish,3,60,9.3,0,0,1,5,0
2024-03-31,Salmon Fillet,Fish,3,60,9.9,0,0,1,6,0
2024-04-01,Salmon Fillet,Fish,3,67,8.3,1,1,0,0,0
2024-04-02,Salmon Fillet,Fish,3,37,7.8,0,1,0,1,0
2024-04-03,Salmon Fillet,Fish,3,38,8.7,0,1,0,2,0
2024-04-04,Salmon Fillet,Fish,3,38,5.2,0,1,0,3,0
2024-04-05,Salmon Fillet,Fish,3,55,5.9,0,1,1,4,0
2024-04-06,Salmon Fillet,Fish,3,66,6.3,0,1,1,5,0
2024-04-07,Salmon Fillet,Fish,3,61,7.2,0,1,1,6,0
2024-04-08,Salmon Fillet,Fish,3,37,10.4,0,1,0,0,0
2024-04-09,Salmon Fillet,Fish,3,41,7.6,0,1,0,1,0
2024-04-10,Salmon Fillet,Fish,3,56,8.9,0,1,0,2,0
2024-04-11,Salmon Fillet,Fish,3,31,12.8,0,1,0,3,0
2024-04-12,Salmon Fillet,Fish,3,60,9.3,0,1,1,4,0
2024-04-13,Salmon Fillet,Fish,3,57,11.8,0,1,1,5,0
2024-04-14,Salmon Fillet,Fish,3,53,8.3,0,1,1,6,0
2024-04-15,Salmon Fillet,Fish,3,0,10.0,0,0,0,0,1
2024-04-16,Salmon Fillet,Fish,3,34,8.5,0,0,0,1,0
2024-04-17,Salmon Fillet,Fish,3,38,10.0,0,0,0,2,0
2024-04-18,Salmon Fillet,Fish,3,42,12.7,0,0,0,3,0
2024-04-19,Salmon Fillet,Fish,3,64,7.2,0,0,1,4,0
2024-04-20,Salmon Fillet,Fish,3,52,12.1,0,0,1,5,0
2024-04-21,Salmon Fillet,Fish,3,52,11.8,0,0,1,6,0
2024-04-22,Salmon Fillet,Fish,3,41,10.1,0,0,0,0,0
2024-04-23,Salmon Fillet,Fish,3,37,8.4,0,0,0,1,0
2024-04-24,Salmon Fillet,Fish,3,33,11.8,0,0,0,2,0
2024-04-25,Salmon Fillet,Fish,3,0,10.7,0,0,0,3,1
2024-04-26,Salmon Fillet,Fish,3,66,12.5,0,0,1,4,0
2024-04-27,Salmon Fillet,Fish,3,53,12.1,0,0,1,5,0
2024-04-28,Salmon Fillet,Fish,3,58,15.8,0,0,1,6,0
2024-04-29,Salmon Fillet,Fish,3,35,11.8,0,0,0,0,0
2024-04-30,Salmon Fillet,Fish,3,0,10.3,0,0,0,1,0
2024-05-01,Salmon Fillet,Fish,3,49,13.0,0,0,0,2,0
2024-05-02,Salmon Fillet,Fish,3,55,13.3,0,0,0,3,1
2024-05-03,Salmon Fillet,Fish,3,73,15.9,0,0,1,4,0
2024-05-04,Salmon Fillet,Fish,3,81,14.9,0,0,1,5,0
2024-05-05,Salmon Fillet,Fish,3,73,14.0,0,0,1,6,0
2024-05-06,Salmon Fillet,Fish,3,53,16.5,1,0,0,0,0
2024-05-07,Salmon Fillet,Fish,3,46,10.8,0,0,0,1,0
2024-05-08,Salmon Fillet,Fish,3,59,12.2,0,0,0,2,1
2024-05-09,Salmon Fillet,Fish,3,34,11.7,0,0,0,3,0
2024-05-10,Salmon Fillet,Fish,3,70,13.0,0,0,1,4,0
2024-05-11,Salmon Fillet,Fish,3,70,10.9,0,0,1,5,0
2024-05-12,Salmon Fillet,Fish,3,67,15.5,0,0,1,6,0
2024-05-13,Salmon Fillet,Fish,3,28,13.7,0,0,0,0,0
2024-05-14,Salmon Fillet,Fish,3,0,11.1,0,0,0,1,0
2024-05-15,Salmon Fillet,Fish,3,32,12.2,0,0,0,2,0
2024-05-16,Salmon Fillet,Fish,3,48,15.3,0,0,0,3,0
2024-05-17,Salmon Fillet,Fish,3,74,16.5,0,0,1,4,0
2024-05-18,Salmon Fillet,Fish,3,0,19.2,0,0,1,5,0
2024-05-19,Salmon Fillet,Fish,3,63,21.4,0,0,1,6,0
2024-05-20,Salmon Fillet,Fish,3,49,16.0,0,0,0,0,0
2024-05-21,Salmon Fillet,Fish,3,44,13.0,0,0,0,1,0
2024-05-22,Salmon Fillet,Fish,3,39,10.6,0,0,0,2,0
2024-05-23,Salmon Fillet,Fish,3,34,16.0,0,0,0,3,0
2024-05-24,Salmon Fillet,Fish,3,76,13.7,0,0,1,4,1
2024-05-25,Salmon Fillet,Fish,3,73,14.7,0,0,1,5,0
2024-05-26,Salmon Fillet,Fish,3,63,14.4,0,1,1,6,0
2024-05-27,Salmon Fillet,Fish,3,54,15.6,1,1,0,0,0
2024-05-28,Salmon Fillet,Fish,3,43,18.3,0,1,0,1,0
2024-05-29,Salmon Fillet,Fish,3,37,16.4,0,1,0,2,0
2024-05-30,Salmon Fillet,Fish,3,0,15.8,0,1,0,3,0
2024-05-31,Salmon Fillet,Fish,3,0,14.0,0,1,1,4,0
2024-06-01,Salmon Fillet,Fish,3,53,12.7,0,0,1,5,0
2024-06-02,Salmon Fillet,Fish,3,59,15.4,0,0,1,6,0
2024-06-03,Salmon Fillet,Fish,3,33,16.5,0,0,0,0,0
2024-06-04,Salmon Fillet,Fish,3,43,20.6,0,0,0,1,0
2024-06-05,Salmon Fillet,Fish,3,36,17.1,0,0,0,2,0
2024-06-06,Salmon Fillet,Fish,3,38,19.0,0,0,0,3,0
2024-06-07,Salmon Fillet,Fish,3,95,15.9,0,0,1,4,1
2024-06-08,Salmon Fillet,Fish,3,53,14.5,0,0,1,5,0
2024-06-09,Salmon Fillet,Fish,3,96,15.0,0,0,1,6,1
2024-06-10,Salmon Fillet,Fish,3,0,15.6,0,0,0,0,0
2024-06-11,Salmon Fillet,Fish,3,43,22.0,0,0,0,1,0
2024-06-12,Salmon Fillet,Fish,3,38,15.6,0,0,0,2,0
2024-06-13,Salmon Fillet,Fish,3,47,19.3,0,0,0,3,0
2024-06-14,Salmon Fillet,Fish,3,62,15.6,0,0,1,4,0
2024-06-15,Salmon Fillet,Fish,3,57,19.7,0,0,1,5,0
2024-06-16,Salmon Fillet,Fish,3,67,18.6,0,0,1,6,0
2024-06-17,Salmon Fillet,Fish,3,36,17.5,0,0,0,0,0
2024-06-18,Salmon Fillet,Fish,3,0,17.8,0,0,0,1,0
2024-06-19,Salmon Fillet,Fish,3,37,16.5,0,0,0,2,0
2024-06-20,Salmon Fillet,Fish,3,37,19.0,0,0,0,3,0
2024-06-21,Salmon Fillet,Fish,3,60,17.1,0,0,1,4,0
2024-06-22,Salmon Fillet,Fish,3,65,15.4,0,0,1,5,0
2024-06-23,Salmon Fillet,Fish,3,50,15.4,0,0,1,6,0
2024-06-24,Salmon Fillet,Fish,3,37,18.6,0,0,0,0,0
2024-06-25,Salmon Fillet,Fish,3,56,21.8,0,0,0,1,0
2024-06-26,Salmon Fillet,Fish,3,52,18.7,0,0,0,2,0
2024-06-27,Salmon Fillet,Fish,3,45,18.2,0,0,0,3,0
2024-06-28,Salmon Fillet,Fish,3,59,19.1,0,0,1,4,0
2024-06-29,Salmon Fillet,Fish,3,49,21.4,0,0,1,5,0
2024-06-30,Salmon Fillet,Fish,3,68,19.0,0,0,1,6,0
2024-07-01,Salmon Fillet,Fish,3,59,17.7,0,1,0,0,1
2024-07-02,Salmon Fillet,Fish,3,37,21.1,0,1,0,1,0
2024-07-03,Salmon Fillet,Fish,3,46,19.6,0,1,0,2,0
2024-07-04,Salmon Fillet,Fish,3,41,22.1,0,1,0,3,0
2024-07-05,Salmon Fillet,Fish,3,67,19.2,0,1,1,4,0
2024-07-06,Salmon Fillet,Fish,3,73,16.1,0,1,1,5,1
2024-07-07,Salmon Fillet,Fish,3,61,15.8,0,1,1,6,0
2024-07-08,Salmon Fillet,Fish,3,35,22.5,0,1,0,0,0
2024-07-09,Salmon Fillet,Fish,3,41,22.7,0,1,0,1,1
2024-07-10,Salmon Fillet,Fish,3,40,18.5,0,1,0,2,0
2024-07-11,Salmon Fillet,Fish,3,40,18.1,0,1,0,3,0
2024-07-12,Salmon Fillet,Fish,3,95,22.2,0,1,1,4,1
2024-07-13,Salmon Fillet,Fish,3,57,16.5,0,1,1,5,0
2024-07-14,Salmon Fillet,Fish,3,65,17.0,0,1,1,6,0
2024-07-15,Salmon Fillet,Fish,3,47,20.4,0,1,0,0,0
2024-07-16,Salmon Fillet,Fish,3,34,18.1,0,1,0,1,0
2024-07-17,Salmon Fillet,Fish,3,45,19.0,0,1,0,2,0
2024-07-18,Salmon Fillet,Fish,3,42,18.6,0,1,0,3,0
2024-07-19,Salmon Fillet,Fish,3,51,19.7,0,1,1,4,0
2024-07-20,Salmon Fillet,Fish,3,56,22.1,0,1,1,5,0
2024-07-21,Salmon Fillet,Fish,3,47,19.2,0,1,1,6,0
2024-07-22,Salmon Fillet,Fish,3,0,20.4,0,1,0,0,0
2024-07-23,Salmon Fillet,Fish,3,26,14.5,0,1,0,1,0
2024-07-24,Salmon Fillet,Fish,3,42,18.9,0,1,0,2,0
2024-07-25,Salmon Fillet,Fish,3,41,17.1,0,1,0,3,0
2024-07-26,Salmon Fillet,Fish,3,56,16.3,0,1,1,4,0
2024-07-27,Salmon Fillet,Fish,3,74,17.0,0,1,1,5,0
2024-07-28,Salmon Fillet,Fish,3,57,18.2,0,1,1,6,0
2024-07-29,Salmon Fillet,Fish,3,38,20.9,0,1,0,0,0
2024-07-30,Salmon Fillet,Fish,3,32,15.9,0,1,0,1,0
2024-07-31,Salmon Fillet,Fish,3,55,18.9,0,1,0,2,0
2024-08-01,Salmon Fillet,Fish,3,52,17.7,0,1,0,3,0
2024-08-02,Salmon Fillet,Fish,3,61,18.1,0,1,1,4,0
2024-08-03,Salmon Fillet,Fish,3,55,21.0,0,1,1,5,0
2024-08-04,Salmon Fillet,Fish,3,53,19.9,0,1,1,6,0
2024-08-05,Salmon Fillet,Fish,3,24,21.6,0,1,0,0,0
2024-08-06,Salmon Fillet,Fish,3,36,18.3,0,1,0,1,0
2024-08-07,Salmon Fillet,Fish,3,40,17.1,0,1,0,2,0
2024-08-08,Salmon Fillet,Fish,3,36,18.1,0,1,0,3,0
2024-08-09,Salmon Fillet,Fish,3,48,19.0,0,1,1,4,0
2024-08-10,Salmon Fillet,Fish,3,66,18.8,0,1,1,5,0
2024-08-11,Salmon Fillet,Fish,3,52,16.0,0,1,1,6,0
2024-08-12,Salmon Fillet,Fish,3,29,18.5,0,1,0,0,0
2024-08-13,Salmon Fillet,Fish,3,0,18.8,0,1,0,1,0
2024-08-14,Salmon Fillet,Fish,3,37,23.8,0,1,0,2,0
2024-08-15,Salmon Fillet,Fish,3,42,22.3,0,1,0,3,0
2024-08-16,Salmon Fillet,Fish,3,66,16.2,0,1,1,4,0
2024-08-17,Salmon Fillet,Fish,3,64,17.4,0,1,1,5,0
2024-08-18,Salmon Fillet,Fish,3,63,14.8,0,1,1,6,0
2024-08-19,Salmon Fillet,Fish,3,39,16.6,0,1,0,0,1
2024-08-20,Salmon Fillet,Fish,3,31,18.5,0,1,0,1,0
2024-08-21,Salmon Fillet,Fish,3,37,20.4,0,1,0,2,0
2024-08-22,Salmon Fillet,Fish,3,40,16.1,0,1,0,3,0
2024-08-23,Salmon Fillet,Fish,3,54,16.2,0,1,1,4,0
2024-08-24,Salmon Fillet,Fish,3,54,12.8,0,1,1,5,0
2024-08-25,Salmon Fillet,Fish,3,76,17.1,0,1,1,6,1
2024-08-26,Salmon Fillet,Fish,3,44,15.0,1,1,0,0,0
2024-08-27,Salmon Fillet,Fish,3,27,16.1,0,1,0,1,0
2024-08-28,Salmon Fillet,Fish,3,31,15.3,0,1,0,2,0
2024-08-29,Salmon Fillet,Fish,3,38,16.9,0,1,0,3,0
2024-08-30,Salmon Fillet,Fish,3,60,13.2,0,1,1,4,0
2024-08-31,Salmon Fillet,Fish,3,48,13.7,0,1,1,5,0
2024-09-01,Salmon Fillet,Fish,3,47,21.5,0,0,1,6,0
2024-09-02,Salmon Fillet,Fish,3,34,13.9,0,0,0,0,0
2024-09-03,Salmon Fillet,Fish,3,39,14.2,0,0,0,1,1
2024-09-04,Salmon Fillet,Fish,3,40,20.6,0,0,0,2,0
2024-09-05,Salmon Fillet,Fish,3,31,22.8,0,0,0,3,0
2024-09-06,Salmon Fillet,Fish,3,63,13.8,0,0,1,4,0
2024-09-07,Salmon Fillet,Fish,3,77,15.4,0,0,1,5,1
2024-09-08,Salmon Fillet,Fish,3,64,16.9,0,0,1,6,0
2024-09-09,Salmon Fillet,Fish,3,23,19.8,0,0,0,0,0
2024-09-10,Salmon Fillet,Fish,3,29,13.8,0,0,0,1,0
2024-09-11,Salmon Fillet,Fish,3,33,15.3,0,0,0,2,0
2024-09-12,Salmon Fillet,Fish,3,29,17.4,0,0,0,3,0
2024-09-13,Salmon Fillet,Fish,3,49,16.6,0,0,1,4,0
2024-09-14,Salmon Fillet,Fish,3,47,14.7,0,0,1,5,0
2024-09-15,Salmon Fillet,Fish,3,63,15.1,0,0,1,6,0
2024-09-16,Salmon Fillet,Fish,3,34,12.2,0,0,0,0,0
2024-09-17,Salmon Fillet,Fish,3,33,14.6,0,0,0,1,0
2024-09-18,Salmon Fillet,Fish,3,43,14.4,0,0,0,2,0
2024-09-19,Salmon Fillet,Fish,3,33,15.4,0,0,0,3,0
2024-09-20,Salmon Fillet,Fish,3,56,13.6,0,0,1,4,0
2024-09-21,Salmon Fillet,Fish,3,53,15.7,0,0,1,5,0
2024-09-22,Salmon Fillet,Fish,3,65,16.8,0,0,1,6,0
2024-09-23,Salmon Fillet,Fish,3,31,14.8,0,0,0,0,0
2024-09-24,Salmon Fillet,Fish,3,31,15.1,0,0,0,1,0
2024-09-25,Salmon Fillet,Fish,3,37,14.3,0,0,0,2,0
2024-09-26,Salmon Fillet,Fish,3,29,14.0,0,0,0,3,0
2024-09-27,Salmon Fillet,Fish,3,48,12.3,0,0,1,4,0
2024-09-28,Salmon Fillet,Fish,3,56,14.5,0,0,1,5,1
2024-09-29,Salmon Fillet,Fish,3,56,13.4,0,0,1,6,0
2024-09-30,Salmon Fillet,Fish,3,30,18.1,0,0,0,0,0
2024-10-01,Salmon Fillet,Fish,3,30,16.8,0,0,0,1,0
2024-10-02,Salmon Fillet,Fish,3,36,14.1,0,0,0,2,0
2024-10-03,Salmon Fillet,Fish,3,35,11.4,0,0,0,3,0
2024-10-04,Salmon Fillet,Fish,3,0,10.5,0,0,1,4,0
2024-10-05,Salmon Fillet,Fish,3,54,15.5,0,0,1,5,0
2024-10-06,Salmon Fillet,Fish,3,63,13.3,0,0,1,6,0
2024-10-07,Salmon Fillet,Fish,3,21,13.6,0,0,0,0,0
2024-10-08,Salmon Fillet,Fish,3,24,8.6,0,0,0,1,0
2024-10-09,Salmon Fillet,Fish,3,29,14.4,0,0,0,2,0
2024-10-10,Salmon Fillet,Fish,3,50,13.2,0,0,0,3,1
2024-10-11,Salmon Fillet,Fish,3,52,9.6,0,0,1,4,0
2024-10-12,Salmon Fillet,Fish,3,52,10.9,0,0,1,5,0
2024-10-13,Salmon Fillet,Fish,3,52,12.4,0,0,1,6,0
2024-10-14,Salmon Fillet,Fish,3,35,11.8,0,0,0,0,0
2024-10-15,Salmon Fillet,Fish,3,30,10.9,0,0,0,1,0
2024-10-16,Salmon Fillet,Fish,3,34,11.1,0,0,0,2,0
2024-10-17,Salmon Fillet,Fish,3,38,10.7,0,0,0,3,0
2024-10-18,Salmon Fillet,Fish,3,56,11.4,0,0,1,4,1
2024-10-19,Salmon Fillet,Fish,3,52,14.2,0,0,1,5,0
2024-10-20,Salmon Fillet,Fish,3,59,5.2,0,0,1,6,0
2024-10-21,Salmon Fillet,Fish,3,50,10.2,0,0,0,0,1
2024-10-22,Salmon Fillet,Fish,3,32,10.9,0,0,0,1,0
2024-10-23,Salmon Fillet,Fish,3,38,11.0,0,0,0,2,0
2024-10-24,Salmon Fillet,Fish,3,33,9.4,0,0,0,3,0
2024-10-25,Salmon Fillet,Fish,3,60,6.3,0,0,1,4,0
2024-10-26,Salmon Fillet,Fish,3,47,10.7,0,1,1,5,0
2024-10-27,Salmon Fillet,Fish,3,45,13.7,0,1,1,6,0
2024-10-28,Salmon Fillet,Fish,3,25,6.3,0,1,0,0,0
2024-10-29,Salmon Fillet,Fish,3,27,11.5,0,1,0,1,0
2024-10-30,Salmon Fillet,Fish,3,32,8.7,0,1,0,2,0
2024-10-31,Salmon Fillet,Fish,3,27,9.2,0,1,0,3,0
2024-11-01,Salmon Fillet,Fish,3,50,6.9,0,0,1,4,0
2024-11-02,Salmon Fillet,Fish,3,42,8.3,0,0,1,5,0
2024-11-03,Salmon Fillet,Fish,3,39,11.8,0,0,1,6,0
2024-11-04,Salmon Fillet,Fish,3,25,10.1,0,0,0,0,0
2024-11-05,Salmon Fillet,Fish,3,28,12.5,0,0,0,1,1
2024-11-06,Salmon Fillet,Fish,3,32,11.1,0,0,0,2,0
2024-11-07,Salmon Fillet,Fish,3,36,9.3,0,0,0,3,1
2024-11-08,Salmon Fillet,Fish,3,53,12.1,0,0,1,4,0
2024-11-09,Salmon Fillet,Fish,3,44,9.1,0,0,1,5,0
2024-11-10,Salmon Fillet,Fish,3,49,9.8,0,0,1,6,0
2024-11-11,Salmon Fillet,Fish,3,40,7.2,0,0,0,0,0
2024-11-12,Salmon Fillet,Fish,3,29,7.9,0,0,0,1,0
2024-11-13,Salmon Fillet,Fish,3,64,6.1,0,0,0,2,1
2024-11-14,Salmon Fillet,Fish,3,30,9.7,0,0,0,3,0
2024-11-15,Salmon Fillet,Fish,3,39,4.8,0,0,1,4,0
2024-11-16,Salmon Fillet,Fish,3,42,9.0,0,0,1,5,0
2024-11-17,Salmon Fillet,Fish,3,46,6.7,0,0,1,6,0
2024-11-18,Salmon Fillet,Fish,3,33,9.6,0,0,0,0,0
2024-11-19,Salmon Fillet,Fish,3,35,8.5,0,0,0,1,0
2024-11-20,Salmon Fillet,Fish,3,34,10.8,0,0,0,2,0
2024-11-21,Salmon Fillet,Fish,3,28,8.3,0,0,0,3,0
2024-11-22,Salmon Fillet,Fish,3,49,3.1,0,0,1,4,0
2024-11-23,Salmon Fillet,Fish,3,53,6.3,0,0,1,5,0
2024-11-24,Salmon Fillet,Fish,3,53,3.7,0,0,1,6,0
2024-11-25,Salmon Fillet,Fish,3,26,5.1,0,0,0,0,0
2024-11-26,Salmon Fillet,Fish,3,38,9.4,0,0,0,1,0
2024-11-27,Salmon Fillet,Fish,3,36,7.4,0,0,0,2,0
2024-11-28,Salmon Fillet,Fish,3,29,4.3,0,0,0,3,0
2024-11-29,Salmon Fillet,Fish,3,54,3.5,0,0,1,4,0
2024-11-30,Salmon Fillet,Fish,3,37,5.7,0,0,1,5,0
2024-12-01,Salmon Fillet,Fish,3,0,2.9,0,0,1,6,0
2024-12-02,Salmon Fillet,Fish,3,30,4.0,0,0,0,0,0
2024-12-03,Salmon Fillet,Fish,3,41,6.1,0,0,0,1,1
2024-12-04,Salmon Fillet,Fish,3,36,7.8,0,0,0,2,0
2024-12-05,Salmon Fillet,Fish,3,43,6.5,0,0,0,3,0
2024-12-06,Salmon Fillet,Fish,3,42,0.0,0,0,1,4,0
2024-12-07,Salmon Fillet,Fish,3,50,5.7,0,0,1,5,0
2024-12-08,Salmon Fillet,Fish,3,56,5.1,0,0,1,6,0
2024-12-09,Salmon Fillet,Fish,3,32,5.7,0,0,0,0,0
2024-12-10,Salmon Fillet,Fish,3,27,8.3,0,0,0,1,0
2024-12-11,Salmon Fillet,Fish,3,25,0.1,0,0,0,2,0
2024-12-12,Salmon Fillet,Fish,3,25,3.3,0,0,0,3,0
2024-12-13,Salmon Fillet,Fish,3,68,5.8,0,0,1,4,1
2024-12-14,Salmon Fillet,Fish,3,53,0.9,0,0,1,5,0
2024-12-15,Salmon Fillet,Fish,3,46,7.6,0,0,1,6,0
2024-12-16,Salmon Fillet,Fish,3,34,5.1,0,0,0,0,0
2024-12-17,Salmon Fillet,Fish,3,26,6.0,0,0,0,1,0
2024-12-18,Salmon Fillet,Fish,3,26,2.9,0,0,0,2,0
2024-12-19,Salmon Fillet,Fish,3,23,5.8,0,0,0,3,0
2024-12-20,Salmon Fillet,Fish,3,53,6.3,0,1,1,4,0
2024-12-21,Salmon Fillet,Fish,3,57,4.4,0,1,1,5,1
2024-12-22,Salmon Fillet,Fish,3,50,4.4,0,1,1,6,0
2024-12-23,Salmon Fillet,Fish,3,39,4.4,0,1,0,0,1
2024-12-24,Salmon Fillet,Fish,3,0,1.8,0,1,0,1,0
2024-12-25,Salmon Fillet,Fish,3,0,3.3,1,1,0,2,0
2024-12-26,Salmon Fillet,Fish,3,52,3.3,1,1,0,3,0
2024-12-27,Salmon Fillet,Fish,3,47,4.4,0,1,1,4,0
2024-12-28,Salmon Fillet,Fish,3,64,5.7,0,1,1,5,0
2024-12-29,Salmon Fillet,Fish,3,69,1.1,0,1,1,6,0
2024-12-30,Salmon Fillet,Fish,3,31,3.1,0,1,0,0,0
2024-12-31,Salmon Fillet,Fish,3,24,6.6,0,1,0,1,0
2025-01-01,Salmon Fillet,Fish,3,41,1.7,1,1,0,2,0
2025-01-02,Salmon Fillet,Fish,3,40,1.5,0,1,0,3,0
2025-01-03,Salmon Fillet,Fish,3,56,3.7,0,0,1,4,0
2025-01-04,Salmon Fillet,Fish,3,48,5.1,0,0,1,5,0
2025-01-05,Salmon Fillet,Fish,3,57,3.2,0,0,1,6,0
2025-01-06,Salmon Fillet,Fish,3,28,6.1,0,0,0,0,0
2025-01-07,Salmon Fillet,Fish,3,29,5.0,0,0,0,1,0
2025-01-08,Salmon Fillet,Fish,3,37,5.0,0,0,0,2,0
2025-01-09,Salmon Fillet,Fish,3,61,4.3,0,0,0,3,1
2025-01-10,Salmon Fillet,Fish,3,64,8.2,0,0,1,4,0
2025-01-11,Salmon Fillet,Fish,3,54,2.6,0,0,1,5,0
2025-01-12,Salmon Fillet,Fish,3,52,-1.4,0,0,1,6,0
2025-01-13,Salmon Fillet,Fish,3,26,6.6,0,0,0,0,0
2025-01-14,Salmon Fillet,Fish,3,46,2.0,0,0,0,1,1
2025-01-15,Salmon Fillet,Fish,3,35,3.3,0,0,0,2,0
2025-01-16,Salmon Fillet,Fish,3,23,5.9,0,0,0,3,0
2025-01-17,Salmon Fillet,Fish,3,61,-0.5,0,0,1,4,0
2025-01-18,Salmon Fillet,Fish,3,64,0.2,0,0,1,5,0
2025-01-19,Salmon Fillet,Fish,3,51,-0.5,0,0,1,6,0
2025-01-20,Salmon Fillet,Fish,3,27,1.3,0,0,0,0,0
2025-01-21,Salmon Fillet,Fish,3,34,4.0,0,0,0,1,0
2025-01-22,Salmon Fillet,Fish,3,44,4.2,0,0,0,2,0
2025-01-23,Salmon Fillet,Fish,3,32,3.6,0,0,0,3,0
2025-01-24,Salmon Fillet,Fish,3,48,-0.1,0,0,1,4,0
2025-01-25,Salmon Fillet,Fish,3,52,-2.0,0,0,1,5,0
2025-01-26,Salmon Fillet,Fish,3,47,3.2,0,0,1,6,0
2025-01-27,Salmon Fillet,Fish,3,30,2.0,0,0,0,0,0
2025-01-28,Salmon Fillet,Fish,3,47,4.1,0,0,0,1,0
2025-01-29,Salmon Fillet,Fish,3,32,4.7,0,0,0,2,0
2025-01-30,Salmon Fillet,Fish,3,33,3.5,0,0,0,3,0
2025-01-31,Salmon Fillet,Fish,3,45,4.9,0,0,1,4,0
2025-02-01,Salmon Fillet,Fish,3,84,3.7,0,0,1,5,1
2025-02-02,Salmon Fillet,Fish,3,69,4.4,0,0,1,6,0
2025-02-03,Salmon Fillet,Fish,3,37,1.7,0,0,0,0,0
2025-02-04,Salmon Fillet,Fish,3,26,2.9,0,0,0,1,0
2025-02-05,Salmon Fillet,Fish,3,29,3.8,0,0,0,2,0
2025-02-06,Salmon Fillet,Fish,3,54,5.2,0,0,0,3,1
2025-02-07,Salmon Fillet,Fish,3,54,2.6,0,0,1,4,0
2025-02-08,Salmon Fillet,Fish,3,61,4.6,0,0,1,5,0
2025-02-09,Salmon Fillet,Fish,3,51,2.9,0,0,1,6,0
2025-02-10,Salmon Fillet,Fish,3,33,3.3,0,0,0,0,0
2025-02-11,Salmon Fillet,Fish,3,35,5.5,0,0,0,1,0
2025-02-12,Salmon Fillet,Fish,3,32,-0.7,0,1,0,2,0
2025-02-13,Salmon Fillet,Fish,3,37,0.9,0,1,0,3,0
2025-02-14,Salmon Fillet,Fish,3,58,0.5,0,1,1,4,0
2025-02-15,Salmon Fillet,Fish,3,57,-1.3,0,1,1,5,0
2025-02-16,Salmon Fillet,Fish,3,55,2.4,0,1,1,6,0
2025-02-17,Salmon Fillet,Fish,3,0,5.6,0,1,0,0,0
2025-02-18,Salmon Fillet,Fish,3,45,3.4,0,1,0,1,1
2025-02-19,Salmon Fillet,Fish,3,46,4.6,0,0,0,2,1
2025-02-20,Salmon Fillet,Fish,3,42,6.6,0,0,0,3,1
2025-02-21,Salmon Fillet,Fish,3,58,7.2,0,0,1,4,0
2025-02-22,Salmon Fillet,Fish,3,58,4.2,0,0,1,5,0
2025-02-23,Salmon Fillet,Fish,3,57,7.4,0,0,1,6,0
2025-02-24,Salmon Fillet,Fish,3,36,4.7,0,0,0,0,0
2025-02-25,Salmon Fillet,Fish,3,34,2.7,0,0,0,1,1
2025-02-26,Salmon Fillet,Fish,3,43,3.4,0,0,0,2,0
2025-02-27,Salmon Fillet,Fish,3,32,1.5,0,0,0,3,0
2025-02-28,Salmon Fillet,Fish,3,47,2.9,0,0,1,4,0
2025-03-01,Salmon Fillet,Fish,3,89,4.1,0,0,1,5,1
2025-03-02,Salmon Fillet,Fish,3,62,6.8,0,0,1,6,0
2025-03-03,Salmon Fillet,Fish,3,42,8.9,0,0,0,0,0
2025-03-04,Salmon Fillet,Fish,3,34,2.2,0,0,0,1,0
2025-03-05,Salmon Fillet,Fish,3,39,6.2,0,0,0,2,0
2025-03-06,Salmon Fillet,Fish,3,35,3.1,0,0,0,3,0
2025-03-07,Salmon Fillet,Fish,3,0,6.6,0,0,1,4,0
2025-03-08,Salmon Fillet,Fish,3,60,5.3,0,0,1,5,0
2025-03-09,Salmon Fillet,Fish,3,41,1.7,0,0,1,6,0
2025-03-10,Salmon Fillet,Fish,3,40,7.9,0,0,0,0,1
2025-03-11,Salmon Fillet,Fish,3,47,4.6,0,0,0,1,1
2025-03-12,Salmon Fillet,Fish,3,39,4.9,0,0,0,2,0
2025-03-13,Salmon Fillet,Fish,3,37,3.8,0,0,0,3,0
2025-03-14,Salmon Fillet,Fish,3,52,4.8,0,0,1,4,0
2025-03-15,Salmon Fillet,Fish,3,55,7.3,0,0,1,5,0
2025-03-16,Salmon Fillet,Fish,3,66,6.1,0,0,1,6,0
2025-03-17,Salmon Fillet,Fish,3,48,7.3,0,0,0,0,1
2025-03-18,Salmon Fillet,Fish,3,41,7.5,0,0,0,1,0
2025-03-19,Salmon Fillet,Fish,3,31,9.7,0,0,0,2,0
2025-03-20,Salmon Fillet,Fish,3,45,6.2,0,0,0,3,0
2025-03-21,Salmon Fillet,Fish,3,64,3.8,0,0,1,4,0
2025-03-22,Salmon Fillet,Fish,3,100,9.5,0,0,1,5,1
2025-03-23,Salmon Fillet,Fish,3,78,6.6,0,0,1,6,1
2025-03-24,Salmon Fillet,Fish,3,41,9.9,0,0,0,0,0
2025-03-25,Salmon Fillet,Fish,3,44,8.4,0,0,0,1,0
2025-03-26,Salmon Fillet,Fish,3,29,7.4,0,0,0,2,0
2025-03-27,Salmon Fillet,Fish,3,36,8.6,0,0,0,3,0
2025-03-28,Salmon Fillet,Fish,3,64,12.2,0,0,1,4,0
2025-03-29,Salmon Fillet,Fish,3,71,12.6,0,0,1,5,0
2025-03-30,Salmon Fillet,Fish,3,49,8.3,0,0,1,6,0
2025-03-31,Salmon Fillet,Fish,3,42,8.7,0,0,0,0,0
2025-04-01,Salmon Fillet,Fish,3,38,10.8,0,1,0,1,0
2025-04-02,Salmon Fillet,Fish,3,42,6.7,0,1,0,2,0
2025-04-03,Salmon Fillet,Fish,3,38,9.4,0,1,0,3,0
2025-04-04,Salmon Fillet,Fish,3,59,8.8,0,1,1,4,0
2025-04-05,Salmon Fillet,Fish,3,85,9.6,0,1,1,5,1
2025-04-06,Salmon Fillet,Fish,3,58,7.3,0,1,1,6,0
2025-04-07,Salmon Fillet,Fish,3,37,5.7,0,1,0,0,0
2025-04-08,Salmon Fillet,Fish,3,56,4.8,0,1,0,1,1
2025-04-09,Salmon Fillet,Fish,3,44,7.0,0,1,0,2,0
2025-04-10,Salmon Fillet,Fish,3,39,8.6,0,1,0,3,0
2025-04-11,Salmon Fillet,Fish,3,67,9.1,0,1,1,4,0
2025-04-12,Salmon Fillet,Fish,3,53,14.2,0,1,1,5,0
2025-04-13,Salmon Fillet,Fish,3,77,12.5,0,1,1,6,0
2025-04-14,Salmon Fillet,Fish,3,33,8.1,0,1,0,0,0
2025-04-15,Salmon Fillet,Fish,3,0,11.1,0,0,0,1,0
2025-04-16,Salmon Fillet,Fish,3,50,9.6,0,0,0,2,0
2025-04-17,Salmon Fillet,Fish,3,0,10.0,0,0,0,3,0
2025-04-18,Salmon Fillet,Fish,3,80,11.1,1,0,1,4,0
2025-04-19,Salmon Fillet,Fish,3,69,12.2,0,0,1,5,0
2025-04-20,Salmon Fillet,Fish,3,81,10.3,0,0,1,6,0
2025-04-21,Salmon Fillet,Fish,3,43,13.5,1,0,0,0,0
2025-04-22,Salmon Fillet,Fish,3,24,8.8,0,0,0,1,0
2025-04-23,Salmon Fillet,Fish,3,44,11.4,0,0,0,2,0
2025-04-24,Salmon Fillet,Fish,3,50,17.3,0,0,0,3,0
2025-04-25,Salmon Fillet,Fish,3,71,12.2,0,0,1,4,0
2025-04-26,Salmon Fillet,Fish,3,56,15.0,0,0,1,5,0
2025-04-27,Salmon Fillet,Fish,3,100,12.2,0,0,1,6,1
2025-04-28,Salmon Fillet,Fish,3,32,13.4,0,0,0,0,0
2025-04-29,Salmon Fillet,Fish,3,35,12.1,0,0,0,1,0
2025-04-30,Salmon Fillet,Fish,3,37,12.0,0,0,0,2,0
2025-05-01,Salmon Fillet,Fish,3,40,10.8,0,0,0,3,0
2025-05-02,Salmon Fillet,Fish,3,56,13.6,0,0,1,4,0
2025-05-03,Salmon Fillet,Fish,3,59,10.9,0,0,1,5,0
2025-05-04,Salmon Fillet,Fish,3,76,14.4,0,0,1,6,0
2025-05-05,Salmon Fillet,Fish,3,48,15.4,1,0,0,0,0
2025-05-06,Salmon Fillet,Fish,3,33,14.0,0,0,0,1,0
2025-05-07,Salmon Fillet,Fish,3,43,12.7,0,0,0,2,0
2025-05-08,Salmon Fillet,Fish,3,55,14.4,0,0,0,3,1
2025-05-09,Salmon Fillet,Fish,3,69,12.9,0,0,1,4,0
2025-05-10,Salmon Fillet,Fish,3,67,15.8,0,0,1,5,0
2025-05-11,Salmon Fillet,Fish,3,64,9.8,0,0,1,6,0
2025-05-12,Salmon Fillet,Fish,3,34,13.2,0,0,0,0,0
2025-05-13,Salmon Fillet,Fish,3,51,9.7,0,0,0,1,0
2025-05-14,Salmon Fillet,Fish,3,42,10.9,0,0,0,2,0
2025-05-15,Salmon Fillet,Fish,3,55,17.3,0,0,0,3,0
2025-05-16,Salmon Fillet,Fish,3,70,16.4,0,0,1,4,0
2025-05-17,Salmon Fillet,Fish,3,60,13.0,0,0,1,5,0
2025-05-18,Salmon Fillet,Fish,3,65,11.4,0,0,1,6,0
2025-05-19,Salmon Fillet,Fish,3,33,8.3,0,0,0,0,0
2025-05-20,Salmon Fillet,Fish,3,38,13.8,0,0,0,1,0
2025-05-21,Salmon Fillet,Fish,3,39,20.4,0,0,0,2,0
2025-05-22,Salmon Fillet,Fish,3,51,16.1,0,0,0,3,0
2025-05-23,Salmon Fillet,Fish,3,65,14.1,0,0,1,4,0
2025-05-24,Salmon Fillet,Fish,3,70,16.4,0,0,1,5,0
2025-05-25,Salmon Fillet,Fish,3,75,12.1,0,0,1,6,0
2025-05-26,Salmon Fillet,Fish,3,46,15.0,1,1,0,0,0
2025-05-27,Salmon Fillet,Fish,3,51,16.0,0,1,0,1,0
2025-05-28,Salmon Fillet,Fish,3,37,15.7,0,1,0,2,0
2025-05-29,Salmon Fillet,Fish,3,45,17.7,0,1,0,3,0
2025-05-30,Salmon Fillet,Fish,3,73,16.8,0,1,1,4,0
2025-05-31,Salmon Fillet,Fish,3,62,17.7,0,1,1,5,0
2025-06-01,Salmon Fillet,Fish,3,71,14.8,0,0,1,6,0
2025-06-02,Salmon Fillet,Fish,3,36,18.4,0,0,0,0,0
2025-06-03,Salmon Fillet,Fish,3,37,20.1,0,0,0,1,0
2025-06-04,Salmon Fillet,Fish,3,47,14.5,0,0,0,2,0
2025-06-05,Salmon Fillet,Fish,3,42,14.7,0,0,0,3,0
2025-06-06,Salmon Fillet,Fish,3,75,19.7,0,0,1,4,0
2025-06-07,Salmon Fillet,Fish,3,64,16.5,0,0,1,5,0
2025-06-08,Salmon Fillet,Fish,3,60,20.1,0,0,1,6,0
2025-06-09,Salmon Fillet,Fish,3,34,16.1,0,0,0,0,0
2025-06-10,Salmon Fillet,Fish,3,28,20.4,0,0,0,1,0
2025-06-11,Salmon Fillet,Fish,3,37,17.5,0,0,0,2,0
2025-06-12,Salmon Fillet,Fish,3,47,17.9,0,0,0,3,0
2025-06-13,Salmon Fillet,Fish,3,65,20.9,0,0,1,4,0
2025-06-14,Salmon Fillet,Fish,3,78,16.7,0,0,1,5,0
2025-06-15,Salmon Fillet,Fish,3,70,15.5,0,0,1,6,0
2025-06-16,Salmon Fillet,Fish,3,43,16.7,0,0,0,0,0
2025-06-17,Salmon Fillet,Fish,3,39,18.7,0,0,0,1,0
2025-06-18,Salmon Fillet,Fish,3,49,14.4,0,0,0,2,0
2025-06-19,Salmon Fillet,Fish,3,44,19.3,0,0,0,3,0
2025-06-20,Salmon Fillet,Fish,3,69,16.8,0,0,1,4,0
2025-06-21,Salmon Fillet,Fish,3,53,20.5,0,0,1,5,0
2025-06-22,Salmon Fillet,Fish,3,52,12.8,0,0,1,6,0
2025-06-23,Salmon Fillet,Fish,3,38,16.4,0,0,0,0,0
2025-06-24,Salmon Fillet,Fish,3,39,14.5,0,0,0,1,0
2025-06-25,Salmon Fillet,Fish,3,45,16.4,0,0,0,2,0
2025-06-26,Salmon Fillet,Fish,3,46,18.9,0,0,0,3,0
2025-06-27,Salmon Fillet,Fish,3,65,18.0,0,0,1,4,0
2025-06-28,Salmon Fillet,Fish,3,67,17.9,0,0,1,5,0
2025-06-29,Salmon Fillet,Fish,3,64,18.1,0,0,1,6,0
2025-06-30,Salmon Fillet,Fish,3,41,19.0,0,0,0,0,0
2025-07-01,Salmon Fillet,Fish,3,37,16.3,0,1,0,1,0
2025-07-02,Salmon Fillet,Fish,3,35,20.2,0,1,0,2,0
2025-07-03,Salmon Fillet,Fish,3,47,20.1,0,1,0,3,0
2025-07-04,Salmon Fillet,Fish,3,67,19.5,0,1,1,4,0
2025-07-05,Salmon Fillet,Fish,3,63,19.9,0,1,1,5,0
2025-07-06,Salmon Fillet,Fish,3,81,19.4,0,1,1,6,0
2025-07-07,Salmon Fillet,Fish,3,35,23.3,0,1,0,0,0
2025-07-08,Salmon Fillet,Fish,3,44,18.6,0,1,0,1,0
2025-07-09,Salmon Fillet,Fish,3,39,18.2,0,1,0,2,0
2025-07-10,Salmon Fillet,Fish,3,46,17.2,0,1,0,3,0
2025-07-11,Salmon Fillet,Fish,3,80,16.6,0,1,1,4,1
2025-07-12,Salmon Fillet,Fish,3,63,16.2,0,1,1,5,0
2025-07-13,Salmon Fillet,Fish,3,65,17.0,0,1,1,6,0
2025-07-14,Salmon Fillet,Fish,3,31,18.8,0,1,0,0,0
2025-07-15,Salmon Fillet,Fish,3,35,19.7,0,1,0,1,0
2025-07-16,Salmon Fillet,Fish,3,39,19.1,0,1,0,2,0
2025-07-17,Salmon Fillet,Fish,3,44,17.3,0,1,0,3,1
2025-07-18,Salmon Fillet,Fish,3,56,21.0,0,1,1,4,0
2025-07-19,Salmon Fillet,Fish,3,80,20.6,0,1,1,5,0
2025-07-20,Salmon Fillet,Fish,3,71,18.6,0,1,1,6,0
2025-07-21,Salmon Fillet,Fish,3,53,17.6,0,1,0,0,1
2025-07-22,Salmon Fillet,Fish,3,41,20.2,0,1,0,1,0
2025-07-23,Salmon Fillet,Fish,3,40,19.4,0,1,0,2,0
2025-07-24,Salmon Fillet,Fish,3,34,15.8,0,1,0,3,0
2025-07-25,Salmon Fillet,Fish,3,57,18.8,0,1,1,4,0
2025-07-26,Salmon Fillet,Fish,3,60,19.5,0,1,1,5,0
2025-07-27,Salmon Fillet,Fish,3,64,17.0,0,1,1,6,0
2025-07-28,Salmon Fillet,Fish,3,39,19.3,0,1,0,0,0
2025-07-29,Salmon Fillet,Fish,3,0,15.7,0,1,0,1,0
2025-07-30,Salmon Fillet,Fish,3,39,21.8,0,1,0,2,0
2025-07-31,Salmon Fillet,Fish,3,39,21.6,0,1,0,3,0
2025-08-01,Salmon Fillet,Fish,3,0,18.3,0,1,1,4,1
2025-08-02,Salmon Fillet,Fish,3,66,19.6,0,1,1,5,0
2025-08-03,Salmon Fillet,Fish,3,57,13.5,0,1,1,6,0
2025-08-04,Salmon Fillet,Fish,3,53,16.2,0,1,0,0,1
2025-08-05,Salmon Fillet,Fish,3,33,18.1,0,1,0,1,0
2025-08-06,Salmon Fillet,Fish,3,31,16.3,0,1,0,2,0
2025-08-07,Salmon Fillet,Fish,3,43,20.2,0,1,0,3,0
2025-08-08,Salmon Fillet,Fish,3,69,23.0,0,1,1,4,0
2025-08-09,Salmon Fillet,Fish,3,49,16.0,0,1,1,5,0
2025-08-10,Salmon Fillet,Fish,3,85,16.7,0,1,1,6,1
2025-08-11,Salmon Fillet,Fish,3,31,19.0,0,1,0,0,0
2025-08-12,Salmon Fillet,Fish,3,39,21.9,0,1,0,1,0
2025-08-13,Salmon Fillet,Fish,3,52,15.7,0,1,0,2,0
2025-08-14,Salmon Fillet,Fish,3,39,18.8,0,1,0,3,0
2025-08-15,Salmon Fillet,Fish,3,78,22.2,0,1,1,4,1
2025-08-16,Salmon Fillet,Fish,3,62,14.5,0,1,1,5,0
2025-08-17,Salmon Fillet,Fish,3,54,15.3,0,1,1,6,0
2025-08-18,Salmon Fillet,Fish,3,40,17.1,0,1,0,0,0
2025-08-19,Salmon Fillet,Fish,3,46,16.8,0,1,0,1,0
2025-08-20,Salmon Fillet,Fish,3,46,19.7,0,1,0,2,0
2025-08-21,Salmon Fillet,Fish,3,31,18.4,0,1,0,3,0
2025-08-22,Salmon Fillet,Fish,3,67,13.9,0,1,1,4,0
2025-08-23,Salmon Fillet,Fish,3,61,18.8,0,1,1,5,0
2025-08-24,Salmon Fillet,Fish,3,83,16.3,0,1,1,6,1
2025-08-25,Salmon Fillet,Fish,3,48,20.3,1,1,0,0,0
2025-08-26,Salmon Fillet,Fish,3,44,16.1,0,1,0,1,0
2025-08-27,Salmon Fillet,Fish,3,34,16.0,0,1,0,2,0
2025-08-28,Salmon Fillet,Fish,3,35,18.5,0,1,0,3,0
2025-08-29,Salmon Fillet,Fish,3,60,18.9,0,1,1,4,0
2025-08-30,Salmon Fillet,Fish,3,45,18.1,0,1,1,5,0
2025-08-31,Salmon Fillet,Fish,3,63,13.3,0,1,1,6,0
2025-09-01,Salmon Fillet,Fish,3,40,18.1,0,0,0,0,0
2025-09-02,Salmon Fillet,Fish,3,23,14.6,0,0,0,1,0
2025-09-03,Salmon Fillet,Fish,3,42,17.3,0,0,0,2,0
2025-09-04,Salmon Fillet,Fish,3,37,13.5,0,0,0,3,0
2025-09-05,Salmon Fillet,Fish,3,77,17.5,0,0,1,4,1
2025-09-06,Salmon Fillet,Fish,3,55,14.7,0,0,1,5,0
2025-09-07,Salmon Fillet,Fish,3,56,13.5,0,0,1,6,0
2025-09-08,Salmon Fillet,Fish,3,30,17.8,0,0,0,0,0
2025-09-09,Salmon Fillet,Fish,3,35,16.7,0,0,0,1,0
2025-09-10,Salmon Fillet,Fish,3,0,14.7,0,0,0,2,1
2025-09-11,Salmon Fillet,Fish,3,35,19.1,0,0,0,3,0
2025-09-12,Salmon Fillet,Fish,3,45,14.9,0,0,1,4,0
2025-09-13,Salmon Fillet,Fish,3,47,15.8,0,0,1,5,0
2025-09-14,Salmon Fillet,Fish,3,54,16.2,0,0,1,6,0
2025-09-15,Salmon Fillet,Fish,3,31,14.1,0,0,0,0,0
2025-09-16,Salmon Fillet,Fish,3,33,16.4,0,0,0,1,0
2025-09-17,Salmon Fillet,Fish,3,36,14.1,0,0,0,2,0
2025-09-18,Salmon Fillet,Fish,3,28,14.2,0,0,0,3,0
2025-09-19,Salmon Fillet,Fish,3,54,18.0,0,0,1,4,0
2025-09-20,Salmon Fillet,Fish,3,66,12.6,0,0,1,5,0
2025-09-21,Salmon Fillet,Fish,3,61,9.5,0,0,1,6,0
2025-09-22,Salmon Fillet,Fish,3,44,18.2,0,0,0,0,0
2025-09-23,Salmon Fillet,Fish,3,28,20.1,0,0,0,1,0
2025-09-24,Salmon Fillet,Fish,3,46,13.5,0,0,0,2,0
2025-09-25,Salmon Fillet,Fish,3,40,10.0,0,0,0,3,0
2025-09-26,Salmon Fillet,Fish,3,57,13.5,0,0,1,4,0
2025-09-27,Salmon Fillet,Fish,3,63,13.4,0,0,1,5,0
2025-09-28,Salmon Fillet,Fish,3,55,13.5,0,0,1,6,0
2025-09-29,Salmon Fillet,Fish,3,38,11.3,0,0,0,0,0
2025-09-30,Salmon Fillet,Fish,3,42,14.9,0,0,0,1,0
2025-10-01,Salmon Fillet,Fish,3,34,14.7,0,0,0,2,0
2025-10-02,Salmon Fillet,Fish,3,36,10.1,0,0,0,3,0
2025-10-03,Salmon Fillet,Fish,3,0,14.8,0,0,1,4,0
2025-10-04,Salmon Fillet,Fish,3,65,17.6,0,0,1,5,0
2025-10-05,Salmon Fillet,Fish,3,61,13.4,0,0,1,6,0
2025-10-06,Salmon Fillet,Fish,3,31,12.1,0,0,0,0,0
2025-10-07,Salmon Fillet,Fish,3,37,12.4,0,0,0,1,0
2025-10-08,Salmon Fillet,Fish,3,36,13.9,0,0,0,2,0
2025-10-09,Salmon Fillet,Fish,3,35,8.6,0,0,0,3,0
2025-10-10,Salmon Fillet,Fish,3,54,12.7,0,0,1,4,0
2025-10-11,Salmon Fillet,Fish,3,61,11.3,0,0,1,5,0
2025-10-12,Salmon Fillet,Fish,3,51,16.1,0,0,1,6,0
2025-10-13,Salmon Fillet,Fish,3,35,11.5,0,0,0,0,0
2025-10-14,Salmon Fillet,Fish,3,48,15.4,0,0,0,1,1
2025-10-15,Salmon Fillet,Fish,3,42,9.2,0,0,0,2,0
2025-10-16,Salmon Fillet,Fish,3,0,12.8,0,0,0,3,0
2025-10-17,Salmon Fillet,Fish,3,44,12.1,0,0,1,4,0
2025-10-18,Salmon Fillet,Fish,3,0,9.3,0,0,1,5,0
2025-10-19,Salmon Fillet,Fish,3,58,11.5,0,0,1,6,0
2025-10-20,Salmon Fillet,Fish,3,0,13.6,0,0,0,0,0
2025-10-21,Salmon Fillet,Fish,3,20,10.1,0,0,0,1,0
2025-10-22,Salmon Fillet,Fish,3,0,7.0,0,0,0,2,0
2025-10-23,Salmon Fillet,Fish,3,49,10.5,0,0,0,3,1
2025-10-24,Salmon Fillet,Fish,3,49,8.4,0,0,1,4,0
2025-10-25,Salmon Fillet,Fish,3,52,9.5,0,0,1,5,0
2025-10-26,Salmon Fillet,Fish,3,59,9.9,0,1,1,6,0
2025-10-27,Salmon Fillet,Fish,3,32,6.2,0,1,0,0,0
2025-10-28,Salmon Fillet,Fish,3,34,6.3,0,1,0,1,0
2025-10-29,Salmon Fillet,Fish,3,34,10.8,0,1,0,2,0
2025-10-30,Salmon Fillet,Fish,3,38,8.4,0,1,0,3,0
2025-10-31,Salmon Fillet,Fish,3,62,3.8,0,1,1,4,1
2025-11-01,Salmon Fillet,Fish,3,53,11.0,0,0,1,5,0
2025-11-02,Salmon Fillet,Fish,3,57,9.8,0,0,1,6,0
2025-11-03,Salmon Fillet,Fish,3,29,7.5,0,0,0,0,0
2025-11-04,Salmon Fillet,Fish,3,28,6.0,0,0,0,1,0
2025-11-05,Salmon Fillet,Fish,3,0,10.6,0,0,0,2,0
2025-11-06,Salmon Fillet,Fish,3,34,9.4,0,0,0,3,0
2025-11-07,Salmon Fillet,Fish,3,47,13.8,0,0,1,4,0
2025-11-08,Salmon Fillet,Fish,3,62,9.3,0,0,1,5,0
2025-11-09,Salmon Fillet,Fish,3,46,9.1,0,0,1,6,0
2025-11-10,Salmon Fillet,Fish,3,31,7.8,0,0,0,0,0
2025-11-11,Salmon Fillet,Fish,3,34,9.8,0,0,0,1,0
2025-11-12,Salmon Fillet,Fish,3,32,9.2,0,0,0,2,0
2025-11-13,Salmon Fillet,Fish,3,27,10.5,0,0,0,3,0
2025-11-14,Salmon Fillet,Fish,3,47,6.5,0,0,1,4,0
2025-11-15,Salmon Fillet,Fish,3,47,6.5,0,0,1,5,0
2025-11-16,Salmon Fillet,Fish,3,76,6.3,0,0,1,6,1
2025-11-17,Salmon Fillet,Fish,3,36,9.0,0,0,0,0,0
2025-11-18,Salmon Fillet,Fish,3,37,10.4,0,0,0,1,1
2025-11-19,Salmon Fillet,Fish,3,31,6.0,0,0,0,2,0
2025-11-20,Salmon Fillet,Fish,3,32,6.0,0,0,0,3,0
2025-11-21,Salmon Fillet,Fish,3,61,7.5,0,0,1,4,0
2025-11-22,Salmon Fillet,Fish,3,50,6.1,0,0,1,5,0
2025-11-23,Salmon Fillet,Fish,3,88,8.6,0,0,1,6,1
2025-11-24,Salmon Fillet,Fish,3,32,1.5,0,0,0,0,0
2025-11-25,Salmon Fillet,Fish,3,26,4.5,0,0,0,1,0
2025-11-26,Salmon Fillet,Fish,3,34,4.5,0,0,0,2,0
2025-11-27,Salmon Fillet,Fish,3,49,1.0,0,0,0,3,1
2025-11-28,Salmon Fillet,Fish,3,50,3.9,0,0,1,4,0
2025-11-29,Salmon Fillet,Fish,3,53,3.9,0,0,1,5,0
2025-11-30,Salmon Fillet,Fish,3,47,5.3,0,0,1,6,0
2025-12-01,Salmon Fillet,Fish,3,23,8.1,0,0,0,0,0
2025-12-02,Salmon Fillet,Fish,3,0,5.0,0,0,0,1,0
2025-12-03,Salmon Fillet,Fish,3,27,3.2,0,0,0,2,0
2025-12-04,Salmon Fillet,Fish,3,30,5.2,0,0,0,3,0
2025-12-05,Salmon Fillet,Fish,3,54,7.6,0,0,1,4,0
2025-12-06,Salmon Fillet,Fish,3,60,3.0,0,0,1,5,0
2025-12-07,Salmon Fillet,Fish,3,61,3.1,0,0,1,6,0
2025-12-08,Salmon Fillet,Fish,3,27,6.2,0,0,0,0,0
2025-12-09,Salmon Fillet,Fish,3,31,4.4,0,0,0,1,0
2025-12-10,Salmon Fillet,Fish,3,37,6.2,0,0,0,2,0
2025-12-11,Salmon Fillet,Fish,3,27,4.7,0,0,0,3,0
2025-12-12,Salmon Fillet,Fish,3,56,6.2,0,0,1,4,0
2025-12-13,Salmon Fillet,Fish,3,56,2.3,0,0,1,5,0
2025-12-14,Salmon Fillet,Fish,3,0,4.5,0,0,1,6,0
2025-12-15,Salmon Fillet,Fish,3,28,3.9,0,0,0,0,0
2025-12-16,Salmon Fillet,Fish,3,33,1.7,0,0,0,1,0
2025-12-17,Salmon Fillet,Fish,3,34,0.8,0,0,0,2,0
2025-12-18,Salmon Fillet,Fish,3,34,5.7,0,0,0,3,0
2025-12-19,Salmon Fillet,Fish,3,0,3.3,0,0,1,4,0
2025-12-20,Salmon Fillet,Fish,3,51,1.8,0,1,1,5,0
2025-12-21,Salmon Fillet,Fish,3,58,3.8,0,1,1,6,0
2025-12-22,Salmon Fillet,Fish,3,21,6.4,0,1,0,0,0
2025-12-23,Salmon Fillet,Fish,3,21,-1.2,0,1,0,1,0
2025-12-24,Salmon Fillet,Fish,3,36,0.5,0,1,0,2,0
2025-12-25,Salmon Fillet,Fish,3,0,1.7,1,1,0,3,0
2025-12-26,Salmon Fillet,Fish,3,76,6.9,1,1,1,4,0
2025-12-27,Salmon Fillet,Fish,3,0,4.2,0,1,1,5,0
2025-12-28,Salmon Fillet,Fish,3,63,5.3,0,1,1,6,1
2025-12-29,Salmon Fillet,Fish,3,25,1.0,0,1,0,0,0
2025-12-30,Salmon Fillet,Fish,3,32,1.0,0,1,0,1,0
2025-12-31,Salmon Fillet,Fish,3,0,4.4,0,1,0,2,0
2024-01-01,Mushrooms,Produce,5,48,4.0,1,1,0,0,0
2024-01-02,Mushrooms,Produce,5,46,1.0,0,1,0,1,1
2024-01-03,Mushrooms,Produce,5,27,4.9,0,0,0,2,0
2024-01-04,Mushrooms,Produce,5,42,5.3,0,0,0,3,0
2024-01-05,Mushrooms,Produce,5,53,-1.1,0,0,1,4,0
2024-01-06,Mushrooms,Produce,5,42,0.3,0,0,1,5,0
2024-01-07,Mushrooms,Produce,5,39,3.4,0,0,1,6,0
2024-01-08,Mushrooms,Produce,5,38,2.4,0,0,0,0,0
2024-01-09,Mushrooms,Produce,5,32,3.1,0,0,0,1,0
2024-01-10,Mushrooms,Produce,5,30,1.2,0,0,0,2,0
2024-01-11,Mushrooms,Produce,5,44,5.0,0,0,0,3,0
2024-01-12,Mushrooms,Produce,5,0,4.8,0,0,1,4,0
2024-01-13,Mushrooms,Produce,5,48,3.2,0,0,1,5,0
2024-01-14,Mushrooms,Produce,5,56,5.5,0,0,1,6,0
2024-01-15,Mushrooms,Produce,5,34,4.0,0,0,0,0,0
2024-01-16,Mushrooms,Produce,5,28,1.1,0,0,0,1,0
2024-01-17,Mushrooms,Produce,5,32,3.8,0,0,0,2,0
2024-01-18,Mushrooms,Produce,5,44,0.9,0,0,0,3,0
2024-01-19,Mushrooms,Produce,5,38,4.9,0,0,1,4,0
2024-01-20,Mushrooms,Produce,5,35,2.9,0,0,1,5,0
2024-01-21,Mushrooms,Produce,5,52,2.6,0,0,1,6,0
2024-01-22,Mushrooms,Produce,5,30,1.5,0,0,0,0,0
2024-01-23,Mushrooms,Produce,5,25,5.7,0,0,0,1,0
2024-01-24,Mushrooms,Produce,5,46,2.7,0,0,0,2,0
2024-01-25,Mushrooms,Produce,5,42,2.1,0,0,0,3,0
2024-01-26,Mushrooms,Produce,5,44,2.3,0,0,1,4,0
2024-01-27,Mushrooms,Produce,5,54,4.3,0,0,1,5,0
2024-01-28,Mushrooms,Produce,5,0,3.9,0,0,1,6,0
2024-01-29,Mushrooms,Produce,5,35,4.0,0,0,0,0,0
2024-01-30,Mushrooms,Produce,5,32,4.1,0,0,0,1,0
2024-01-31,Mushrooms,Produce,5,34,7.9,0,0,0,2,0
2024-02-01,Mushrooms,Produce,5,36,2.3,0,0,0,3,0
2024-02-02,Mushrooms,Produce,5,48,2.1,0,0,1,4,0
2024-02-03,Mushrooms,Produce,5,44,1.5,0,0,1,5,0
2024-02-04,Mushrooms,Produce,5,62,4.7,0,0,1,6,0
2024-02-05,Mushrooms,Produce,5,46,5.8,0,0,0,0,0
2024-02-06,Mushrooms,Produce,5,37,3.1,0,0,0,1,0
2024-02-07,Mushrooms,Produce,5,43,1.6,0,0,0,2,1
2024-02-08,Mushrooms,Produce,5,49,1.7,0,0,0,3,1
2024-02-09,Mushrooms,Produce,5,45,5.0,0,0,1,4,0
2024-02-10,Mushrooms,Produce,5,44,5.2,0,0,1,5,0
2024-02-11,Mushrooms,Produce,5,44,4.8,0,0,1,6,0
2024-02-12,Mushrooms,Produce,5,39,2.2,0,1,0,0,0
2024-02-13,Mushrooms,Produce,5,28,4.3,0,1,0,1,0
2024-02-14,Mushrooms,Produce,5,41,4.1,0,1,0,2,0
2024-02-15,Mushrooms,Produce,5,38,4.3,0,1,0,3,0
2024-02-16,Mushrooms,Produce,5,57,5.8,0,1,1,4,0
2024-02-17,Mushrooms,Produce,5,50,4.5,0,1,1,5,0
2024-02-18,Mushrooms,Produce,5,55,5.6,0,1,1,6,0
2024-02-19,Mushrooms,Produce,5,40,4.3,0,0,0,0,0
2024-02-20,Mushrooms,Produce,5,33,4.8,0,0,0,1,0
2024-02-21,Mushrooms,Produce,5,39,5.7,0,0,0,2,0
2024-02-22,Mushrooms,Produce,5,41,1.1,0,0,0,3,0
2024-02-23,Mushrooms,Produce,5,42,3.7,0,0,1,4,0
2024-02-24,Mushrooms,Produce,5,50,3.5,0,0,1,5,0
2024-02-25,Mushrooms,Produce,5,51,3.2,0,0,1,6,0
2024-02-26,Mushrooms,Produce,5,41,4.1,0,0,0,0,0
2024-02-27,Mushrooms,Produce,5,36,8.0,0,0,0,1,0
2024-02-28,Mushrooms,Produce,5,39,2.9,0,0,0,2,0
2024-02-29,Mushrooms,Produce,5,56,7.1,0,0,0,3,0
2024-03-01,Mushrooms,Produce,5,63,1.3,0,0,1,4,0
2024-03-02,Mushrooms,Produce,5,62,4.4,0,0,1,5,0
2024-03-03,Mushrooms,Produce,5,50,5.6,0,0,1,6,0
2024-03-04,Mushrooms,Produce,5,59,6.6,0,0,0,0,1
2024-03-05,Mushrooms,Produce,5,33,7.0,0,0,0,1,0
2024-03-06,Mushrooms,Produce,5,47,7.3,0,0,0,2,0
2024-03-07,Mushrooms,Produce,5,40,4.8,0,0,0,3,0
2024-03-08,Mushrooms,Produce,5,59,4.7,0,0,1,4,0
2024-03-09,Mushrooms,Produce,5,54,7.7,0,0,1,5,0
2024-03-10,Mushrooms,Produce,5,53,5.5,0,0,1,6,0
2024-03-11,Mushrooms,Produce,5,44,3.2,0,0,0,0,0
2024-03-12,Mushrooms,Produce,5,41,3.6,0,0,0,1,0
2024-03-13,Mushrooms,Produce,5,59,4.2,0,0,0,2,1
2024-03-14,Mushrooms,Produce,5,55,7.5,0,0,0,3,0
2024-03-15,Mushrooms,Produce,5,70,6.8,0,0,1,4,0
2024-03-16,Mushrooms,Produce,5,63,8.1,0,0,1,5,0
2024-03-17,Mushrooms,Produce,5,61,5.8,0,0,1,6,0
2024-03-18,Mushrooms,Produce,5,29,7.2,0,0,0,0,0
2024-03-19,Mushrooms,Produce,5,31,8.3,0,0,0,1,0
2024-03-20,Mushrooms,Produce,5,43,6.4,0,0,0,2,0
2024-03-21,Mushrooms,Produce,5,34,8.2,0,0,0,3,0
2024-03-22,Mushrooms,Produce,5,60,5.8,0,0,1,4,0
2024-03-23,Mushrooms,Produce,5,52,6.6,0,0,1,5,0
2024-03-24,Mushrooms,Produce,5,50,6.7,0,0,1,6,0
2024-03-25,Mushrooms,Produce,5,43,5.0,0,0,0,0,0
2024-03-26,Mushrooms,Produce,5,32,8.9,0,0,0,1,0
2024-03-27,Mushrooms,Produce,5,49,6.9,0,0,0,2,0
2024-03-28,Mushrooms,Produce,5,50,8.1,0,0,0,3,0
2024-03-29,Mushrooms,Produce,5,112,9.2,1,0,1,4,1
2024-03-30,Mushrooms,Produce,5,56,9.3,0,0,1,5,0
2024-03-31,Mushrooms,Produce,5,61,9.9,0,0,1,6,0
2024-04-01,Mushrooms,Produce,5,52,8.3,1,1,0,0,0
2024-04-02,Mushrooms,Produce,5,32,7.8,0,1,0,1,0
2024-04-03,Mushrooms,Produce,5,0,8.7,0,1,0,2,1
2024-04-04,Mushrooms,Produce,5,49,5.2,0,1,0,3,1
2024-04-05,Mushrooms,Produce,5,51,5.9,0,1,1,4,0
2024-04-06,Mushrooms,Produce,5,64,6.3,0,1,1,5,0
2024-04-07,Mushrooms,Produce,5,71,7.2,0,1,1,6,0
2024-04-08,Mushrooms,Produce,5,40,10.4,0,1,0,0,0
2024-04-09,Mushrooms,Produce,5,0,7.6,0,1,0,1,0
2024-04-10,Mushrooms,Produce,5,48,8.9,0,1,0,2,0
2024-04-11,Mushrooms,Produce,5,40,12.8,0,1,0,3,0
2024-04-12,Mushrooms,Produce,5,54,9.3,0,1,1,4,0
2024-04-13,Mushrooms,Produce,5,58,11.8,0,1,1,5,0
2024-04-14,Mushrooms,Produce,5,69,8.3,0,1,1,6,0
2024-04-15,Mushrooms,Produce,5,40,10.0,0,0,0,0,0
2024-04-16,Mushrooms,Produce,5,39,8.5,0,0,0,1,0
2024-04-17,Mushrooms,Produce,5,51,10.0,0,0,0,2,0
2024-04-18,Mushrooms,Produce,5,57,12.7,0,0,0,3,0
2024-04-19,Mushrooms,Produce,5,47,7.2,0,0,1,4,0
2024-04-20,Mushrooms,Produce,5,55,12.1,0,0,1,5,0
2024-04-21,Mushrooms,Produce,5,64,11.8,0,0,1,6,0
2024-04-22,Mushrooms,Produce,5,39,10.1,0,0,0,0,0
2024-04-23,Mushrooms,Produce,5,39,8.4,0,0,0,1,0
2024-04-24,Mushrooms,Produce,5,45,11.8,0,0,0,2,0
2024-04-25,Mushrooms,Produce,5,40,10.7,0,0,0,3,0
2024-04-26,Mushrooms,Produce,5,65,12.5,0,0,1,4,0
2024-04-27,Mushrooms,Produce,5,66,12.1,0,0,1,5,0
2024-04-28,Mushrooms,Produce,5,55,15.8,0,0,1,6,0
2024-04-29,Mushrooms,Produce,5,39,11.8,0,0,0,0,0
2024-04-30,Mushrooms,Produce,5,38,10.3,0,0,0,1,0
2024-05-01,Mushrooms,Produce,5,56,13.0,0,0,0,2,1
2024-05-02,Mushrooms,Produce,5,62,13.3,0,0,0,3,0
2024-05-03,Mushrooms,Produce,5,61,15.9,0,0,1,4,0
2024-05-04,Mushrooms,Produce,5,67,14.9,0,0,1,5,0
2024-05-05,Mushrooms,Produce,5,65,14.0,0,0,1,6,0
2024-05-06,Mushrooms,Produce,5,61,16.5,1,0,0,0,0
2024-05-07,Mushrooms,Produce,5,44,10.8,0,0,0,1,0
2024-05-08,Mushrooms,Produce,5,47,12.2,0,0,0,2,0
2024-05-09,Mushrooms,Produce,5,43,11.7,0,0,0,3,0
2024-05-10,Mushrooms,Produce,5,51,13.0,0,0,1,4,0
2024-05-11,Mushrooms,Produce,5,80,10.9,0,0,1,5,1
2024-05-12,Mushrooms,Produce,5,70,15.5,0,0,1,6,0
2024-05-13,Mushrooms,Produce,5,47,13.7,0,0,0,0,0
2024-05-14,Mushrooms,Produce,5,45,11.1,0,0,0,1,0
2024-05-15,Mushrooms,Produce,5,52,12.2,0,0,0,2,0
2024-05-16,Mushrooms,Produce,5,44,15.3,0,0,0,3,0
2024-05-17,Mushrooms,Produce,5,62,16.5,0,0,1,4,0
2024-05-18,Mushrooms,Produce,5,78,19.2,0,0,1,5,0
2024-05-19,Mushrooms,Produce,5,57,21.4,0,0,1,6,0
2024-05-20,Mushrooms,Produce,5,51,16.0,0,0,0,0,1
2024-05-21,Mushrooms,Produce,5,36,13.0,0,0,0,1,0
2024-05-22,Mushrooms,Produce,5,44,10.6,0,0,0,2,0
2024-05-23,Mushrooms,Produce,5,43,16.0,0,0,0,3,0
2024-05-24,Mushrooms,Produce,5,56,13.7,0,0,1,4,0
2024-05-25,Mushrooms,Produce,5,65,14.7,0,0,1,5,0
2024-05-26,Mushrooms,Produce,5,63,14.4,0,1,1,6,0
2024-05-27,Mushrooms,Produce,5,49,15.6,1,1,0,0,0
2024-05-28,Mushrooms,Produce,5,46,18.3,0,1,0,1,0
2024-05-29,Mushrooms,Produce,5,46,16.4,0,1,0,2,0
2024-05-30,Mushrooms,Produce,5,45,15.8,0,1,0,3,0
2024-05-31,Mushrooms,Produce,5,61,14.0,0,1,1,4,0
2024-06-01,Mushrooms,Produce,5,56,12.7,0,0,1,5,0
2024-06-02,Mushrooms,Produce,5,63,15.4,0,0,1,6,0
2024-06-03,Mushrooms,Produce,5,46,16.5,0,0,0,0,0
2024-06-04,Mushrooms,Produce,5,48,20.6,0,0,0,1,0
2024-06-05,Mushrooms,Produce,5,39,17.1,0,0,0,2,0
2024-06-06,Mushrooms,Produce,5,44,19.0,0,0,0,3,0
2024-06-07,Mushrooms,Produce,5,52,15.9,0,0,1,4,0
2024-06-08,Mushrooms,Produce,5,61,14.5,0,0,1,5,0
2024-06-09,Mushrooms,Produce,5,65,15.0,0,0,1,6,0
2024-06-10,Mushrooms,Produce,5,38,15.6,0,0,0,0,0
2024-06-11,Mushrooms,Produce,5,64,22.0,0,0,0,1,1
2024-06-12,Mushrooms,Produce,5,55,15.6,0,0,0,2,0
2024-06-13,Mushrooms,Produce,5,51,19.3,0,0,0,3,0
2024-06-14,Mushrooms,Produce,5,66,15.6,0,0,1,4,0
2024-06-15,Mushrooms,Produce,5,63,19.7,0,0,1,5,0
2024-06-16,Mushrooms,Produce,5,61,18.6,0,0,1,6,0
2024-06-17,Mushrooms,Produce,5,46,17.5,0,0,0,0,0
2024-06-18,Mushrooms,Produce,5,34,17.8,0,0,0,1,0
2024-06-19,Mushrooms,Produce,5,53,16.5,0,0,0,2,0
2024-06-20,Mushrooms,Produce,5,46,19.0,0,0,0,3,0
2024-06-21,Mushrooms,Produce,5,65,17.1,0,0,1,4,0
2024-06-22,Mushrooms,Produce,5,84,15.4,0,0,1,5,1
2024-06-23,Mushrooms,Produce,5,59,15.4,0,0,1,6,0
2024-06-24,Mushrooms,Produce,5,31,18.6,0,0,0,0,0
2024-06-25,Mushrooms,Produce,5,43,21.8,0,0,0,1,0
2024-06-26,Mushrooms,Produce,5,40,18.7,0,0,0,2,0
2024-06-27,Mushrooms,Produce,5,53,18.2,0,0,0,3,0
2024-06-28,Mushrooms,Produce,5,56,19.1,0,0,1,4,0
2024-06-29,Mushrooms,Produce,5,66,21.4,0,0,1,5,0
2024-06-30,Mushrooms,Produce,5,46,19.0,0,0,1,6,0
2024-07-01,Mushrooms,Produce,5,36,17.7,0,1,0,0,0
2024-07-02,Mushrooms,Produce,5,44,21.1,0,1,0,1,0
2024-07-03,Mushrooms,Produce,5,52,19.6,0,1,0,2,0
2024-07-04,Mushrooms,Produce,5,55,22.1,0,1,0,3,0
2024-07-05,Mushrooms,Produce,5,68,19.2,0,1,1,4,0
2024-07-06,Mushrooms,Produce,5,62,16.1,0,1,1,5,0
2024-07-07,Mushrooms,Produce,5,66,15.8,0,1,1,6,0
2024-07-08,Mushrooms,Produce,5,52,22.5,0,1,0,0,0
2024-07-09,Mushrooms,Produce,5,37,22.7,0,1,0,1,0
2024-07-10,Mushrooms,Produce,5,0,18.5,0,1,0,2,0
2024-07-11,Mushrooms,Produce,5,49,18.1,0,1,0,3,0
2024-07-12,Mushrooms,Produce,5,57,22.2,0,1,1,4,0
2024-07-13,Mushrooms,Produce,5,53,16.5,0,1,1,5,0
2024-07-14,Mushrooms,Produce,5,64,17.0,0,1,1,6,0
2024-07-15,Mushrooms,Produce,5,51,20.4,0,1,0,0,0
2024-07-16,Mushrooms,Produce,5,35,18.1,0,1,0,1,0
2024-07-17,Mushrooms,Produce,5,49,19.0,0,1,0,2,0
2024-07-18,Mushrooms,Produce,5,52,18.6,0,1,0,3,1
2024-07-19,Mushrooms,Produce,5,64,19.7,0,1,1,4,0
2024-07-20,Mushrooms,Produce,5,67,22.1,0,1,1,5,0
2024-07-21,Mushrooms,Produce,5,64,19.2,0,1,1,6,0
2024-07-22,Mushrooms,Produce,5,33,20.4,0,1,0,0,0
2024-07-23,Mushrooms,Produce,5,37,14.5,0,1,0,1,0
2024-07-24,Mushrooms,Produce,5,37,18.9,0,1,0,2,0
2024-07-25,Mushrooms,Produce,5,42,17.1,0,1,0,3,0
2024-07-26,Mushrooms,Produce,5,50,16.3,0,1,1,4,0
2024-07-27,Mushrooms,Produce,5,68,17.0,0,1,1,5,0
2024-07-28,Mushrooms,Produce,5,72,18.2,0,1,1,6,1
2024-07-29,Mushrooms,Produce,5,45,20.9,0,1,0,0,0
2024-07-30,Mushrooms,Produce,5,24,15.9,0,1,0,1,0
2024-07-31,Mushrooms,Produce,5,42,18.9,0,1,0,2,0
2024-08-01,Mushrooms,Produce,5,56,17.7,0,1,0,3,0
2024-08-02,Mushrooms,Produce,5,67,18.1,0,1,1,4,0
2024-08-03,Mushrooms,Produce,5,47,21.0,0,1,1,5,0
2024-08-04,Mushrooms,Produce,5,65,19.9,0,1,1,6,0
2024-08-05,Mushrooms,Produce,5,39,21.6,0,1,0,0,0
2024-08-06,Mushrooms,Produce,5,38,18.3,0,1,0,1,0
2024-08-07,Mushrooms,Produce,5,39,17.1,0,1,0,2,1
2024-08-08,Mushrooms,Produce,5,47,18.1,0,1,0,3,0
2024-08-09,Mushrooms,Produce,5,68,19.0,0,1,1,4,0
2024-08-10,Mushrooms,Produce,5,70,18.8,0,1,1,5,1
2024-08-11,Mushrooms,Produce,5,67,16.0,0,1,1,6,0
2024-08-12,Mushrooms,Produce,5,35,18.5,0,1,0,0,0
2024-08-13,Mushrooms,Produce,5,29,18.8,0,1,0,1,0
2024-08-14,Mushrooms,Produce,5,55,23.8,0,1,0,2,0
2024-08-15,Mushrooms,Produce,5,42,22.3,0,1,0,3,0
2024-08-16,Mushrooms,Produce,5,58,16.2,0,1,1,4,0
2024-08-17,Mushrooms,Produce,5,55,17.4,0,1,1,5,0
2024-08-18,Mushrooms,Produce,5,65,14.8,0,1,1,6,0
2024-08-19,Mushrooms,Produce,5,44,16.6,0,1,0,0,0
2024-08-20,Mushrooms,Produce,5,23,18.5,0,1,0,1,0
2024-08-21,Mushrooms,Produce,5,48,20.4,0,1,0,2,0
2024-08-22,Mushrooms,Produce,5,31,16.1,0,1,0,3,0
2024-08-23,Mushrooms,Produce,5,67,16.2,0,1,1,4,0
2024-08-24,Mushrooms,Produce,5,52,12.8,0,1,1,5,0
2024-08-25,Mushrooms,Produce,5,54,17.1,0,1,1,6,0
2024-08-26,Mushrooms,Produce,5,39,15.0,1,1,0,0,0
2024-08-27,Mushrooms,Produce,5,34,16.1,0,1,0,1,0
2024-08-28,Mushrooms,Produce,5,34,15.3,0,1,0,2,0
2024-08-29,Mushrooms,Produce,5,37,16.9,0,1,0,3,0
2024-08-30,Mushrooms,Produce,5,59,13.2,0,1,1,4,0
2024-08-31,Mushrooms,Produce,5,69,13.7,0,1,1,5,0
2024-09-01,Mushrooms,Produce,5,47,21.5,0,0,1,6,0
2024-09-02,Mushrooms,Produce,5,33,13.9,0,0,0,0,0
2024-09-03,Mushrooms,Produce,5,43,14.2,0,0,0,1,0
2024-09-04,Mushrooms,Produce,5,45,20.6,0,0,0,2,0
2024-09-05,Mushrooms,Produce,5,46,22.8,0,0,0,3,0
2024-09-06,Mushrooms,Produce,5,54,13.8,0,0,1,4,0
2024-09-07,Mushrooms,Produce,5,58,15.4,0,0,1,5,0
2024-09-08,Mushrooms,Produce,5,63,16.9,0,0,1,6,0
2024-09-09,Mushrooms,Produce,5,0,19.8,0,0,0,0,0
2024-09-10,Mushrooms,Produce,5,49,13.8,0,0,0,1,0
2024-09-11,Mushrooms,Produce,5,44,15.3,0,0,0,2,0
2024-09-12,Mushrooms,Produce,5,39,17.4,0,0,0,3,0
2024-09-13,Mushrooms,Produce,5,51,16.6,0,0,1,4,0
2024-09-14,Mushrooms,Produce,5,58,14.7,0,0,1,5,0
2024-09-15,Mushrooms,Produce,5,47,15.1,0,0,1,6,0
2024-09-16,Mushrooms,Produce,5,29,12.2,0,0,0,0,0
2024-09-17,Mushrooms,Produce,5,29,14.6,0,0,0,1,0
2024-09-18,Mushrooms,Produce,5,40,14.4,0,0,0,2,0
2024-09-19,Mushrooms,Produce,5,42,15.4,0,0,0,3,0
2024-09-20,Mushrooms,Produce,5,44,13.6,0,0,1,4,0
2024-09-21,Mushrooms,Produce,5,47,15.7,0,0,1,5,0
2024-09-22,Mushrooms,Produce,5,44,16.8,0,0,1,6,0
2024-09-23,Mushrooms,Produce,5,32,14.8,0,0,0,0,0
2024-09-24,Mushrooms,Produce,5,28,15.1,0,0,0,1,0
2024-09-25,Mushrooms,Produce,5,38,14.3,0,0,0,2,0
2024-09-26,Mushrooms,Produce,5,28,14.0,0,0,0,3,0
2024-09-27,Mushrooms,Produce,5,48,12.3,0,0,1,4,0
2024-09-28,Mushrooms,Produce,5,0,14.5,0,0,1,5,0
2024-09-29,Mushrooms,Produce,5,50,13.4,0,0,1,6,0
2024-09-30,Mushrooms,Produce,5,36,18.1,0,0,0,0,0
2024-10-01,Mushrooms,Produce,5,37,16.8,0,0,0,1,0
2024-10-02,Mushrooms,Produce,5,38,14.1,0,0,0,2,0
2024-10-03,Mushrooms,Produce,5,46,11.4,0,0,0,3,0
2024-10-04,Mushrooms,Produce,5,49,10.5,0,0,1,4,0
2024-10-05,Mushrooms,Produce,5,43,15.5,0,0,1,5,0
2024-10-06,Mushrooms,Produce,5,49,13.3,0,0,1,6,0
2024-10-07,Mushrooms,Produce,5,29,13.6,0,0,0,0,0
2024-10-08,Mushrooms,Produce,5,23,8.6,0,0,0,1,0
2024-10-09,Mushrooms,Produce,5,35,14.4,0,0,0,2,0
2024-10-10,Mushrooms,Produce,5,31,13.2,0,0,0,3,0
2024-10-11,Mushrooms,Produce,5,52,9.6,0,0,1,4,0
2024-10-12,Mushrooms,Produce,5,49,10.9,0,0,1,5,0
2024-10-13,Mushrooms,Produce,5,48,12.4,0,0,1,6,0
2024-10-14,Mushrooms,Produce,5,30,11.8,0,0,0,0,0
2024-10-15,Mushrooms,Produce,5,34,10.9,0,0,0,1,0
2024-10-16,Mushrooms,Produce,5,44,11.1,0,0,0,2,0
2024-10-17,Mushrooms,Produce,5,32,10.7,0,0,0,3,0
2024-10-18,Mushrooms,Produce,5,46,11.4,0,0,1,4,0
2024-10-19,Mushrooms,Produce,5,73,14.2,0,0,1,5,1
2024-10-20,Mushrooms,Produce,5,38,5.2,0,0,1,6,0
2024-10-21,Mushrooms,Produce,5,26,10.2,0,0,0,0,0
2024-10-22,Mushrooms,Produce,5,32,10.9,0,0,0,1,0
2024-10-23,Mushrooms,Produce,5,30,11.0,0,0,0,2,0
2024-10-24,Mushrooms,Produce,5,0,9.4,0,0,0,3,1
2024-10-25,Mushrooms,Produce,5,42,6.3,0,0,1,4,0
2024-10-26,Mushrooms,Produce,5,51,10.7,0,1,1,5,0
2024-10-27,Mushrooms,Produce,5,53,13.7,0,1,1,6,0
2024-10-28,Mushrooms,Produce,5,32,6.3,0,1,0,0,0
2024-10-29,Mushrooms,Produce,5,32,11.5,0,1,0,1,0
2024-10-30,Mushrooms,Produce,5,28,8.7,0,1,0,2,0
2024-10-31,Mushrooms,Produce,5,34,9.2,0,1,0,3,0
2024-11-01,Mushrooms,Produce,5,55,6.9,0,0,1,4,0
2024-11-02,Mushrooms,Produce,5,49,8.3,0,0,1,5,0
2024-11-03,Mushrooms,Produce,5,44,11.8,0,0,1,6,0
2024-11-04,Mushrooms,Produce,5,35,10.1,0,0,0,0,0
2024-11-05,Mushrooms,Produce,5,26,12.5,0,0,0,1,0
2024-11-06,Mushrooms,Produce,5,40,11.1,0,0,0,2,0
2024-11-07,Mushrooms,Produce,5,47,9.3,0,0,0,3,0
2024-11-08,Mushrooms,Produce,5,56,12.1,0,0,1,4,0
2024-11-09,Mushrooms,Produce,5,61,9.1,0,0,1,5,1
2024-11-10,Mushrooms,Produce,5,53,9.8,0,0,1,6,1
2024-11-11,Mushrooms,Produce,5,50,7.2,0,0,0,0,0
2024-11-12,Mushrooms,Produce,5,37,7.9,0,0,0,1,0
2024-11-13,Mushrooms,Produce,5,32,6.1,0,0,0,2,0
2024-11-14,Mushrooms,Produce,5,38,9.7,0,0,0,3,0
2024-11-15,Mushrooms,Produce,5,0,4.8,0,0,1,4,0
2024-11-16,Mushrooms,Produce,5,51,9.0,0,0,1,5,0
2024-11-17,Mushrooms,Produce,5,52,6.7,0,0,1,6,1
2024-11-18,Mushrooms,Produce,5,44,9.6,0,0,0,0,1
2024-11-19,Mushrooms,Produce,5,38,8.5,0,0,0,1,0
2024-11-20,Mushrooms,Produce,5,34,10.8,0,0,0,2,0
2024-11-21,Mushrooms,Produce,5,44,8.3,0,0,0,3,0
2024-11-22,Mushrooms,Produce,5,42,3.1,0,0,1,4,0
2024-11-23,Mushrooms,Produce,5,40,6.3,0,0,1,5,0
2024-11-24,Mushrooms,Produce,5,37,3.7,0,0,1,6,0
2024-11-25,Mushrooms,Produce,5,39,5.1,0,0,0,0,0
2024-11-26,Mushrooms,Produce,5,29,9.4,0,0,0,1,0
2024-11-27,Mushrooms,Produce,5,37,7.4,0,0,0,2,0
2024-11-28,Mushrooms,Produce,5,48,4.3,0,0,0,3,1
2024-11-29,Mushrooms,Produce,5,55,3.5,0,0,1,4,0
2024-11-30,Mushrooms,Produce,5,49,5.7,0,0,1,5,0
2024-12-01,Mushrooms,Produce,5,56,2.9,0,0,1,6,0
2024-12-02,Mushrooms,Produce,5,27,4.0,0,0,0,0,0
2024-12-03,Mushrooms,Produce,5,35,6.1,0,0,0,1,0
2024-12-04,Mushrooms,Produce,5,38,7.8,0,0,0,2,0
2024-12-05,Mushrooms,Produce,5,36,6.5,0,0,0,3,0
2024-12-06,Mushrooms,Produce,5,0,0.0,0,0,1,4,0
2024-12-07,Mushrooms,Produce,5,53,5.7,0,0,1,5,0
2024-12-08,Mushrooms,Produce,5,68,5.1,0,0,1,6,0
2024-12-09,Mushrooms,Produce,5,30,5.7,0,0,0,0,0
2024-12-10,Mushrooms,Produce,5,35,8.3,0,0,0,1,1
2024-12-11,Mushrooms,Produce,5,34,0.1,0,0,0,2,0
2024-12-12,Mushrooms,Produce,5,43,3.3,0,0,0,3,0
2024-12-13,Mushrooms,Produce,5,58,5.8,0,0,1,4,0
2024-12-14,Mushrooms,Produce,5,49,0.9,0,0,1,5,0
2024-12-15,Mushrooms,Produce,5,66,7.6,0,0,1,6,0
2024-12-16,Mushrooms,Produce,5,33,5.1,0,0,0,0,0
2024-12-17,Mushrooms,Produce,5,31,6.0,0,0,0,1,0
2024-12-18,Mushrooms,Produce,5,37,2.9,0,0,0,2,0
2024-12-19,Mushrooms,Produce,5,0,5.8,0,0,0,3,0
2024-12-20,Mushrooms,Produce,5,60,6.3,0,1,1,4,0
2024-12-21,Mushrooms,Produce,5,49,4.4,0,1,1,5,0
2024-12-22,Mushrooms,Produce,5,60,4.4,0,1,1,6,0
2024-12-23,Mushrooms,Produce,5,0,4.4,0,1,0,0,0
2024-12-24,Mushrooms,Produce,5,33,1.8,0,1,0,1,0
2024-12-25,Mushrooms,Produce,5,0,3.3,1,1,0,2,0
2024-12-26,Mushrooms,Produce,5,36,3.3,1,1,0,3,0
2024-12-27,Mushrooms,Produce,5,58,4.4,0,1,1,4,0
2024-12-28,Mushrooms,Produce,5,54,5.7,0,1,1,5,0
2024-12-29,Mushrooms,Produce,5,65,1.1,0,1,1,6,0
2024-12-30,Mushrooms,Produce,5,19,3.1,0,1,0,0,0
2024-12-31,Mushrooms,Produce,5,34,6.6,0,1,0,1,0
2025-01-01,Mushrooms,Produce,5,46,1.7,1,1,0,2,0
2025-01-02,Mushrooms,Produce,5,49,1.5,0,1,0,3,0
2025-01-03,Mushrooms,Produce,5,35,3.7,0,0,1,4,0
2025-01-04,Mushrooms,Produce,5,49,5.1,0,0,1,5,0
2025-01-05,Mushrooms,Produce,5,50,3.2,0,0,1,6,0
2025-01-06,Mushrooms,Produce,5,39,6.1,0,0,0,0,0
2025-01-07,Mushrooms,Produce,5,0,5.0,0,0,0,1,0
2025-01-08,Mushrooms,Produce,5,36,5.0,0,0,0,2,0
2025-01-09,Mushrooms,Produce,5,43,4.3,0,0,0,3,0
2025-01-10,Mushrooms,Produce,5,43,8.2,0,0,1,4,0
2025-01-11,Mushrooms,Produce,5,53,2.6,0,0,1,5,0
2025-01-12,Mushrooms,Produce,5,64,-1.4,0,0,1,6,0
2025-01-13,Mushrooms,Produce,5,36,6.6,0,0,0,0,0
2025-01-14,Mushrooms,Produce,5,33,2.0,0,0,0,1,0
2025-01-15,Mushrooms,Produce,5,46,3.3,0,0,0,2,0
2025-01-16,Mushrooms,Produce,5,42,5.9,0,0,0,3,0
2025-01-17,Mushrooms,Produce,5,57,-0.5,0,0,1,4,0
2025-01-18,Mushrooms,Produce,5,64,0.2,0,0,1,5,0
2025-01-19,Mushrooms,Produce,5,47,-0.5,0,0,1,6,0
2025-01-20,Mushrooms,Produce,5,36,1.3,0,0,0,0,0
2025-01-21,Mushrooms,Produce,5,37,4.0,0,0,0,1,0
2025-01-22,Mushrooms,Produce,5,40,4.2,0,0,0,2,0
2025-01-23,Mushrooms,Produce,5,37,3.6,0,0,0,3,0
2025-01-24,Mushrooms,Produce,5,70,-0.1,0,0,1,4,0
2025-01-25,Mushrooms,Produce,5,61,-2.0,0,0,1,5,0
2025-01-26,Mushrooms,Produce,5,60,3.2,0,0,1,6,0
2025-01-27,Mushrooms,Produce,5,27,2.0,0,0,0,0,0
2025-01-28,Mushrooms,Produce,5,32,4.1,0,0,0,1,0
2025-01-29,Mushrooms,Produce,5,38,4.7,0,0,0,2,0
2025-01-30,Mushrooms,Produce,5,31,3.5,0,0,0,3,0
2025-01-31,Mushrooms,Produce,5,67,4.9,0,0,1,4,0
2025-02-01,Mushrooms,Produce,5,58,3.7,0,0,1,5,0
2025-02-02,Mushrooms,Produce,5,48,4.4,0,0,1,6,0
2025-02-03,Mushrooms,Produce,5,38,1.7,0,0,0,0,0
2025-02-04,Mushrooms,Produce,5,36,2.9,0,0,0,1,0
2025-02-05,Mushrooms,Produce,5,25,3.8,0,0,0,2,0
2025-02-06,Mushrooms,Produce,5,33,5.2,0,0,0,3,0
2025-02-07,Mushrooms,Produce,5,55,2.6,0,0,1,4,0
2025-02-08,Mushrooms,Produce,5,54,4.6,0,0,1,5,0
2025-02-09,Mushrooms,Produce,5,48,2.9,0,0,1,6,0
2025-02-10,Mushrooms,Produce,5,32,3.3,0,0,0,0,0
2025-02-11,Mushrooms,Produce,5,42,5.5,0,0,0,1,0
2025-02-12,Mushrooms,Produce,5,41,-0.7,0,1,0,2,0
2025-02-13,Mushrooms,Produce,5,63,0.9,0,1,0,3,1
2025-02-14,Mushrooms,Produce,5,58,0.5,0,1,1,4,0
2025-02-15,Mushrooms,Produce,5,57,-1.3,0,1,1,5,0
2025-02-16,Mushrooms,Produce,5,51,2.4,0,1,1,6,0
2025-02-17,Mushrooms,Produce,5,31,5.6,0,1,0,0,0
2025-02-18,Mushrooms,Produce,5,42,3.4,0,1,0,1,0
2025-02-19,Mushrooms,Produce,5,56,4.6,0,0,0,2,0
2025-02-20,Mushrooms,Produce,5,39,6.6,0,0,0,3,0
2025-02-21,Mushrooms,Produce,5,52,7.2,0,0,1,4,0
2025-02-22,Mushrooms,Produce,5,60,4.2,0,0,1,5,0
2025-02-23,Mushrooms,Produce,5,0,7.4,0,0,1,6,0
2025-02-24,Mushrooms,Produce,5,42,4.7,0,0,0,0,0
2025-02-25,Mushrooms,Produce,5,31,2.7,0,0,0,1,0
2025-02-26,Mushrooms,Produce,5,47,3.4,0,0,0,2,0
2025-02-27,Mushrooms,Produce,5,41,1.5,0,0,0,3,0
2025-02-28,Mushrooms,Produce,5,51,2.9,0,0,1,4,0
2025-03-01,Mushrooms,Produce,5,63,4.1,0,0,1,5,0
2025-03-02,Mushrooms,Produce,5,55,6.8,0,0,1,6,0
2025-03-03,Mushrooms,Produce,5,40,8.9,0,0,0,0,0
2025-03-04,Mushrooms,Produce,5,42,2.2,0,0,0,1,0
2025-03-05,Mushrooms,Produce,5,36,6.2,0,0,0,2,0
2025-03-06,Mushrooms,Produce,5,38,3.1,0,0,0,3,0
2025-03-07,Mushrooms,Produce,5,59,6.6,0,0,1,4,0
2025-03-08,Mushrooms,Produce,5,61,5.3,0,0,1,5,0
2025-03-09,Mushrooms,Produce,5,61,1.7,0,0,1,6,0
2025-03-10,Mushrooms,Produce,5,35,7.9,0,0,0,0,0
2025-03-11,Mushrooms,Produce,5,45,4.6,0,0,0,1,0
2025-03-12,Mushrooms,Produce,5,40,4.9,0,0,0,2,0
2025-03-13,Mushrooms,Produce,5,0,3.8,0,0,0,3,0
2025-03-14,Mushrooms,Produce,5,70,4.8,0,0,1,4,0
2025-03-15,Mushrooms,Produce,5,61,7.3,0,0,1,5,0
2025-03-16,Mushrooms,Produce,5,68,6.1,0,0,1,6,0
2025-03-17,Mushrooms,Produce,5,35,7.3,0,0,0,0,0
2025-03-18,Mushrooms,Produce,5,39,7.5,0,0,0,1,0
2025-03-19,Mushrooms,Produce,5,40,9.7,0,0,0,2,0
2025-03-20,Mushrooms,Produce,5,67,6.2,0,0,0,3,1
2025-03-21,Mushrooms,Produce,5,72,3.8,0,0,1,4,0
2025-03-22,Mushrooms,Produce,5,62,9.5,0,0,1,5,0
2025-03-23,Mushrooms,Produce,5,79,6.6,0,0,1,6,0
2025-03-24,Mushrooms,Produce,5,43,9.9,0,0,0,0,0
2025-03-25,Mushrooms,Produce,5,41,8.4,0,0,0,1,0
2025-03-26,Mushrooms,Produce,5,50,7.4,0,0,0,2,0
2025-03-27,Mushrooms,Produce,5,52,8.6,0,0,0,3,0
2025-03-28,Mushrooms,Produce,5,64,12.2,0,0,1,4,0
2025-03-29,Mushrooms,Produce,5,72,12.6,0,0,1,5,0
2025-03-30,Mushrooms,Produce,5,68,8.3,0,0,1,6,0
2025-03-31,Mushrooms,Produce,5,46,8.7,0,0,0,0,0
2025-04-01,Mushrooms,Produce,5,44,10.8,0,1,0,1,0
2025-04-02,Mushrooms,Produce,5,67,6.7,0,1,0,2,0
2025-04-03,Mushrooms,Produce,5,45,9.4,0,1,0,3,0
2025-04-04,Mushrooms,Produce,5,52,8.8,0,1,1,4,0
2025-04-05,Mushrooms,Produce,5,57,9.6,0,1,1,5,0
2025-04-06,Mushrooms,Produce,5,53,7.3,0,1,1,6,0
2025-04-07,Mushrooms,Produce,5,49,5.7,0,1,0,0,1
2025-04-08,Mushrooms,Produce,5,42,4.8,0,1,0,1,0
2025-04-09,Mushrooms,Produce,5,46,7.0,0,1,0,2,0
2025-04-10,Mushrooms,Produce,5,51,8.6,0,1,0,3,0
2025-04-11,Mushrooms,Produce,5,61,9.1,0,1,1,4,0
2025-04-12,Mushrooms,Produce,5,58,14.2,0,1,1,5,0
2025-04-13,Mushrooms,Produce,5,64,12.5,0,1,1,6,0
2025-04-14,Mushrooms,Produce,5,55,8.1,0,1,0,0,0
2025-04-15,Mushrooms,Produce,5,39,11.1,0,0,0,1,0
2025-04-16,Mushrooms,Produce,5,48,9.6,0,0,0,2,0
2025-04-17,Mushrooms,Produce,5,49,10.0,0,0,0,3,0
2025-04-18,Mushrooms,Produce,5,80,11.1,1,0,1,4,0
2025-04-19,Mushrooms,Produce,5,82,12.2,0,0,1,5,0
2025-04-20,Mushrooms,Produce,5,71,10.3,0,0,1,6,0
2025-04-21,Mushrooms,Produce,5,49,13.5,1,0,0,0,0
2025-04-22,Mushrooms,Produce,5,41,8.8,0,0,0,1,0
2025-04-23,Mushrooms,Produce,5,0,11.4,0,0,0,2,0
2025-04-24,Mushrooms,Produce,5,38,17.3,0,0,0,3,0
2025-04-25,Mushrooms,Produce,5,62,12.2,0,0,1,4,0
2025-04-26,Mushrooms,Produce,5,78,15.0,0,0,1,5,0
2025-04-27,Mushrooms,Produce,5,52,12.2,0,0,1,6,0
2025-04-28,Mushrooms,Produce,5,35,13.4,0,0,0,0,0
2025-04-29,Mushrooms,Produce,5,42,12.1,0,0,0,1,0
2025-04-30,Mushrooms,Produce,5,53,12.0,0,0,0,2,0
2025-05-01,Mushrooms,Produce,5,46,10.8,0,0,0,3,0
2025-05-02,Mushrooms,Produce,5,61,13.6,0,0,1,4,0
2025-05-03,Mushrooms,Produce,5,66,10.9,0,0,1,5,0
2025-05-04,Mushrooms,Produce,5,53,14.4,0,0,1,6,0
2025-05-05,Mushrooms,Produce,5,67,15.4,1,0,0,0,0
2025-05-06,Mushrooms,Produce,5,45,14.0,0,0,0,1,0
2025-05-07,Mushrooms,Produce,5,71,12.7,0,0,0,2,1
2025-05-08,Mushrooms,Produce,5,69,14.4,0,0,0,3,0
2025-05-09,Mushrooms,Produce,5,49,12.9,0,0,1,4,0
2025-05-10,Mushrooms,Produce,5,57,15.8,0,0,1,5,0
2025-05-11,Mushrooms,Produce,5,55,9.8,0,0,1,6,0
2025-05-12,Mushrooms,Produce,5,43,13.2,0,0,0,0,0
2025-05-13,Mushrooms,Produce,5,38,9.7,0,0,0,1,0
2025-05-14,Mushrooms,Produce,5,42,10.9,0,0,0,2,0
2025-05-15,Mushrooms,Produce,5,72,17.3,0,0,0,3,1
2025-05-16,Mushrooms,Produce,5,72,16.4,0,0,1,4,0
2025-05-17,Mushrooms,Produce,5,70,13.0,0,0,1,5,0
2025-05-18,Mushrooms,Produce,5,77,11.4,0,0,1,6,0
2025-05-19,Mushrooms,Produce,5,55,8.3,0,0,0,0,0
2025-05-20,Mushrooms,Produce,5,44,13.8,0,0,0,1,0
2025-05-21,Mushrooms,Produce,5,0,20.4,0,0,0,2,1
2025-05-22,Mushrooms,Produce,5,52,16.1,0,0,0,3,0
2025-05-23,Mushrooms,Produce,5,48,14.1,0,0,1,4,0
2025-05-24,Mushrooms,Produce,5,59,16.4,0,0,1,5,0
2025-05-25,Mushrooms,Produce,5,94,12.1,0,0,1,6,1
2025-05-26,Mushrooms,Produce,5,63,15.0,1,1,0,0,0
2025-05-27,Mushrooms,Produce,5,51,16.0,0,1,0,1,0
2025-05-28,Mushrooms,Produce,5,46,15.7,0,1,0,2,0
2025-05-29,Mushrooms,Produce,5,72,17.7,0,1,0,3,1
2025-05-30,Mushrooms,Produce,5,66,16.8,0,1,1,4,0
2025-05-31,Mushrooms,Produce,5,75,17.7,0,1,1,5,0
2025-06-01,Mushrooms,Produce,5,93,14.8,0,0,1,6,1
2025-06-02,Mushrooms,Produce,5,54,18.4,0,0,0,0,0
2025-06-03,Mushrooms,Produce,5,43,20.1,0,0,0,1,0
2025-06-04,Mushrooms,Produce,5,48,14.5,0,0,0,2,0
2025-06-05,Mushrooms,Produce,5,57,14.7,0,0,0,3,0
2025-06-06,Mushrooms,Produce,5,59,19.7,0,0,1,4,0
2025-06-07,Mushrooms,Produce,5,63,16.5,0,0,1,5,0
2025-06-08,Mushrooms,Produce,5,65,20.1,0,0,1,6,0
2025-06-09,Mushrooms,Produce,5,0,16.1,0,0,0,0,0
2025-06-10,Mushrooms,Produce,5,40,20.4,0,0,0,1,0
2025-06-11,Mushrooms,Produce,5,46,17.5,0,0,0,2,0
2025-06-12,Mushrooms,Produce,5,0,17.9,0,0,0,3,0
2025-06-13,Mushrooms,Produce,5,74,20.9,0,0,1,4,0
2025-06-14,Mushrooms,Produce,5,64,16.7,0,0,1,5,0
2025-06-15,Mushrooms,Produce,5,69,15.5,0,0,1,6,0
2025-06-16,Mushrooms,Produce,5,49,16.7,0,0,0,0,0
2025-06-17,Mushrooms,Produce,5,42,18.7,0,0,0,1,0
2025-06-18,Mushrooms,Produce,5,50,14.4,0,0,0,2,1
2025-06-19,Mushrooms,Produce,5,86,19.3,0,0,0,3,1
2025-06-20,Mushrooms,Produce,5,85,16.8,0,0,1,4,1
2025-06-21,Mushrooms,Produce,5,77,20.5,0,0,1,5,0
2025-06-22,Mushrooms,Produce,5,53,12.8,0,0,1,6,0
2025-06-23,Mushrooms,Produce,5,54,16.4,0,0,0,0,0
2025-06-24,Mushrooms,Produce,5,49,14.5,0,0,0,1,0
2025-06-25,Mushrooms,Produce,5,51,16.4,0,0,0,2,0
2025-06-26,Mushrooms,Produce,5,60,18.9,0,0,0,3,0
2025-06-27,Mushrooms,Produce,5,75,18.0,0,0,1,4,0
2025-06-28,Mushrooms,Produce,5,70,17.9,0,0,1,5,0
2025-06-29,Mushrooms,Produce,5,74,18.1,0,0,1,6,0
2025-06-30,Mushrooms,Produce,5,46,19.0,0,0,0,0,0
2025-07-01,Mushrooms,Produce,5,34,16.3,0,1,0,1,0
2025-07-02,Mushrooms,Produce,5,51,20.2,0,1,0,2,0
2025-07-03,Mushrooms,Produce,5,43,20.1,0,1,0,3,0
2025-07-04,Mushrooms,Produce,5,71,19.5,0,1,1,4,0
2025-07-05,Mushrooms,Produce,5,72,19.9,0,1,1,5,0
2025-07-06,Mushrooms,Produce,5,85,19.4,0,1,1,6,1
2025-07-07,Mushrooms,Produce,5,51,23.3,0,1,0,0,0
2025-07-08,Mushrooms,Produce,5,42,18.6,0,1,0,1,0
2025-07-09,Mushrooms,Produce,5,53,18.2,0,1,0,2,0
2025-07-10,Mushrooms,Produce,5,38,17.2,0,1,0,3,0
2025-07-11,Mushrooms,Produce,5,92,16.6,0,1,1,4,1
2025-07-12,Mushrooms,Produce,5,122,16.2,0,1,1,5,1
2025-07-13,Mushrooms,Produce,5,75,17.0,0,1,1,6,0
2025-07-14,Mushrooms,Produce,5,37,18.8,0,1,0,0,0
2025-07-15,Mushrooms,Produce,5,41,19.7,0,1,0,1,0
2025-07-16,Mushrooms,Produce,5,0,19.1,0,1,0,2,1
2025-07-17,Mushrooms,Produce,5,48,17.3,0,1,0,3,0
2025-07-18,Mushrooms,Produce,5,52,21.0,0,1,1,4,0
2025-07-19,Mushrooms,Produce,5,69,20.6,0,1,1,5,0
2025-07-20,Mushrooms,Produce,5,65,18.6,0,1,1,6,0
2025-07-21,Mushrooms,Produce,5,64,17.6,0,1,0,0,1
2025-07-22,Mushrooms,Produce,5,69,20.2,0,1,0,1,1
2025-07-23,Mushrooms,Produce,5,48,19.4,0,1,0,2,0
2025-07-24,Mushrooms,Produce,5,45,15.8,0,1,0,3,0
2025-07-25,Mushrooms,Produce,5,68,18.8,0,1,1,4,0
2025-07-26,Mushrooms,Produce,5,60,19.5,0,1,1,5,0
2025-07-27,Mushrooms,Produce,5,55,17.0,0,1,1,6,0
2025-07-28,Mushrooms,Produce,5,41,19.3,0,1,0,0,0
2025-07-29,Mushrooms,Produce,5,34,15.7,0,1,0,1,0
2025-07-30,Mushrooms,Produce,5,48,21.8,0,1,0,2,0
2025-07-31,Mushrooms,Produce,5,48,21.6,0,1,0,3,0
2025-08-01,Mushrooms,Produce,5,64,18.3,0,1,1,4,0
2025-08-02,Mushrooms,Produce,5,0,19.6,0,1,1,5,0
2025-08-03,Mushrooms,Produce,5,59,13.5,0,1,1,6,0
2025-08-04,Mushrooms,Produce,5,35,16.2,0,1,0,0,0
2025-08-05,Mushrooms,Produce,5,32,18.1,0,1,0,1,0
2025-08-06,Mushrooms,Produce,5,42,16.3,0,1,0,2,0
2025-08-07,Mushrooms,Produce,5,46,20.2,0,1,0,3,0
2025-08-08,Mushrooms,Produce,5,62,23.0,0,1,1,4,0
2025-08-09,Mushrooms,Produce,5,47,16.0,0,1,1,5,0
2025-08-10,Mushrooms,Produce,5,67,16.7,0,1,1,6,0
2025-08-11,Mushrooms,Produce,5,38,19.0,0,1,0,0,0
2025-08-12,Mushrooms,Produce,5,42,21.9,0,1,0,1,0
2025-08-13,Mushrooms,Produce,5,34,15.7,0,1,0,2,0
2025-08-14,Mushrooms,Produce,5,51,18.8,0,1,0,3,0
2025-08-15,Mushrooms,Produce,5,42,22.2,0,1,1,4,0
2025-08-16,Mushrooms,Produce,5,83,14.5,0,1,1,5,1
2025-08-17,Mushrooms,Produce,5,64,15.3,0,1,1,6,0
2025-08-18,Mushrooms,Produce,5,40,17.1,0,1,0,0,0
2025-08-19,Mushrooms,Produce,5,38,16.8,0,1,0,1,0
2025-08-20,Mushrooms,Produce,5,41,19.7,0,1,0,2,0
2025-08-21,Mushrooms,Produce,5,56,18.4,0,1,0,3,0
2025-08-22,Mushrooms,Produce,5,64,13.9,0,1,1,4,0
2025-08-23,Mushrooms,Produce,5,74,18.8,0,1,1,5,0
2025-08-24,Mushrooms,Produce,5,0,16.3,0,1,1,6,0
2025-08-25,Mushrooms,Produce,5,42,20.3,1,1,0,0,0
2025-08-26,Mushrooms,Produce,5,42,16.1,0,1,0,1,0
2025-08-27,Mushrooms,Produce,5,39,16.0,0,1,0,2,0
2025-08-28,Mushrooms,Produce,5,46,18.5,0,1,0,3,0
2025-08-29,Mushrooms,Produce,5,79,18.9,0,1,1,4,1
2025-08-30,Mushrooms,Produce,5,70,18.1,0,1,1,5,0
2025-08-31,Mushrooms,Produce,5,62,13.3,0,1,1,6,0
2025-09-01,Mushrooms,Produce,5,43,18.1,0,0,0,0,0
2025-09-02,Mushrooms,Produce,5,0,14.6,0,0,0,1,0
2025-09-03,Mushrooms,Produce,5,69,17.3,0,0,0,2,1
2025-09-04,Mushrooms,Produce,5,44,13.5,0,0,0,3,0
2025-09-05,Mushrooms,Produce,5,50,17.5,0,0,1,4,0
2025-09-06,Mushrooms,Produce,5,58,14.7,0,0,1,5,0
2025-09-07,Mushrooms,Produce,5,48,13.5,0,0,1,6,0
2025-09-08,Mushrooms,Produce,5,38,17.8,0,0,0,0,0
2025-09-09,Mushrooms,Produce,5,24,16.7,0,0,0,1,0
2025-09-10,Mushrooms,Produce,5,44,14.7,0,0,0,2,0
2025-09-11,Mushrooms,Produce,5,41,19.1,0,0,0,3,0
2025-09-12,Mushrooms,Produce,5,57,14.9,0,0,1,4,0
2025-09-13,Mushrooms,Produce,5,48,15.8,0,0,1,5,0
2025-09-14,Mushrooms,Produce,5,67,16.2,0,0,1,6,0
2025-09-15,Mushrooms,Produce,5,38,14.1,0,0,0,0,0
2025-09-16,Mushrooms,Produce,5,43,16.4,0,0,0,1,0
2025-09-17,Mushrooms,Produce,5,46,14.1,0,0,0,2,0
2025-09-18,Mushrooms,Produce,5,51,14.2,0,0,0,3,0
2025-09-19,Mushrooms,Produce,5,58,18.0,0,0,1,4,0
2025-09-20,Mushrooms,Produce,5,50,12.6,0,0,1,5,0
2025-09-21,Mushrooms,Produce,5,60,9.5,0,0,1,6,0
2025-09-22,Mushrooms,Produce,5,45,18.2,0,0,0,0,0
2025-09-23,Mushrooms,Produce,5,35,20.1,0,0,0,1,0
2025-09-24,Mushrooms,Produce,5,44,13.5,0,0,0,2,0
2025-09-25,Mushrooms,Produce,5,38,10.0,0,0,0,3,0
2025-09-26,Mushrooms,Produce,5,83,13.5,0,0,1,4,1
2025-09-27,Mushrooms,Produce,5,58,13.4,0,0,1,5,0
2025-09-28,Mushrooms,Produce,5,82,13.5,0,0,1,6,1
2025-09-29,Mushrooms,Produce,5,34,11.3,0,0,0,0,0
2025-09-30,Mushrooms,Produce,5,44,14.9,0,0,0,1,0
2025-10-01,Mushrooms,Produce,5,37,14.7,0,0,0,2,0
2025-10-02,Mushrooms,Produce,5,34,10.1,0,0,0,3,0
2025-10-03,Mushrooms,Produce,5,56,14.8,0,0,1,4,0
2025-10-04,Mushrooms,Produce,5,71,17.6,0,0,1,5,1
2025-10-05,Mushrooms,Produce,5,59,13.4,0,0,1,6,0
2025-10-06,Mushrooms,Produce,5,32,12.1,0,0,0,0,0
2025-10-07,Mushrooms,Produce,5,28,12.4,0,0,0,1,0
2025-10-08,Mushrooms,Produce,5,47,13.9,0,0,0,2,0
2025-10-09,Mushrooms,Produce,5,42,8.6,0,0,0,3,0
2025-10-10,Mushrooms,Produce,5,58,12.7,0,0,1,4,0
2025-10-11,Mushrooms,Produce,5,49,11.3,0,0,1,5,0
2025-10-12,Mushrooms,Produce,5,53,16.1,0,0,1,6,0
2025-10-13,Mushrooms,Produce,5,35,11.5,0,0,0,0,0
2025-10-14,Mushrooms,Produce,5,28,15.4,0,0,0,1,0
2025-10-15,Mushrooms,Produce,5,37,9.2,0,0,0,2,0
2025-10-16,Mushrooms,Produce,5,48,12.8,0,0,0,3,0
2025-10-17,Mushrooms,Produce,5,56,12.1,0,0,1,4,0
2025-10-18,Mushrooms,Produce,5,47,9.3,0,0,1,5,0
2025-10-19,Mushrooms,Produce,5,52,11.5,0,0,1,6,0
2025-10-20,Mushrooms,Produce,5,34,13.6,0,0,0,0,0
2025-10-21,Mushrooms,Produce,5,24,10.1,0,0,0,1,0
2025-10-22,Mushrooms,Produce,5,25,7.0,0,0,0,2,0
2025-10-23,Mushrooms,Produce,5,33,10.5,0,0,0,3,0
2025-10-24,Mushrooms,Produce,5,54,8.4,0,0,1,4,0
2025-10-25,Mushrooms,Produce,5,64,9.5,0,0,1,5,0
2025-10-26,Mushrooms,Produce,5,71,9.9,0,1,1,6,1
2025-10-27,Mushrooms,Produce,5,0,6.2,0,1,0,0,0
2025-10-28,Mushrooms,Produce,5,36,6.3,0,1,0,1,0
2025-10-29,Mushrooms,Produce,5,45,10.8,0,1,0,2,0
2025-10-30,Mushrooms,Produce,5,48,8.4,0,1,0,3,0
2025-10-31,Mushrooms,Produce,5,58,3.8,0,1,1,4,0
2025-11-01,Mushrooms,Produce,5,53,11.0,0,0,1,5,0
2025-11-02,Mushrooms,Produce,5,44,9.8,0,0,1,6,0
2025-11-03,Mushrooms,Produce,5,25,7.5,0,0,0,0,0
2025-11-04,Mushrooms,Produce,5,22,6.0,0,0,0,1,0
2025-11-05,Mushrooms,Produce,5,41,10.6,0,0,0,2,0
2025-11-06,Mushrooms,Produce,5,46,9.4,0,0,0,3,0
2025-11-07,Mushrooms,Produce,5,54,13.8,0,0,1,4,0
2025-11-08,Mushrooms,Produce,5,49,9.3,0,0,1,5,0
2025-11-09,Mushrooms,Produce,5,67,9.1,0,0,1,6,1
2025-11-10,Mushrooms,Produce,5,36,7.8,0,0,0,0,0
2025-11-11,Mushrooms,Produce,5,42,9.8,0,0,0,1,0
2025-11-12,Mushrooms,Produce,5,32,9.2,0,0,0,2,0
2025-11-13,Mushrooms,Produce,5,37,10.5,0,0,0,3,0
2025-11-14,Mushrooms,Produce,5,63,6.5,0,0,1,4,0
2025-11-15,Mushrooms,Produce,5,46,6.5,0,0,1,5,0
2025-11-16,Mushrooms,Produce,5,56,6.3,0,0,1,6,0
2025-11-17,Mushrooms,Produce,5,34,9.0,0,0,0,0,0
2025-11-18,Mushrooms,Produce,5,23,10.4,0,0,0,1,0
2025-11-19,Mushrooms,Produce,5,49,6.0,0,0,0,2,0
2025-11-20,Mushrooms,Produce,5,34,6.0,0,0,0,3,0
2025-11-21,Mushrooms,Produce,5,43,7.5,0,0,1,4,0
2025-11-22,Mushrooms,Produce,5,59,6.1,0,0,1,5,1
2025-11-23,Mushrooms,Produce,5,61,8.6,0,0,1,6,0
2025-11-24,Mushrooms,Produce,5,25,1.5,0,0,0,0,0
2025-11-25,Mushrooms,Produce,5,27,4.5,0,0,0,1,0
2025-11-26,Mushrooms,Produce,5,40,4.5,0,0,0,2,0
2025-11-27,Mushrooms,Produce,5,32,1.0,0,0,0,3,0
2025-11-28,Mushrooms,Produce,5,49,3.9,0,0,1,4,0
2025-11-29,Mushrooms,Produce,5,61,3.9,0,0,1,5,1
2025-11-30,Mushrooms,Produce,5,43,5.3,0,0,1,6,0
2025-12-01,Mushrooms,Produce,5,33,8.1,0,0,0,0,0
2025-12-02,Mushrooms,Produce,5,35,5.0,0,0,0,1,0
2025-12-03,Mushrooms,Produce,5,40,3.2,0,0,0,2,0
2025-12-04,Mushrooms,Produce,5,56,5.2,0,0,0,3,1
2025-12-05,Mushrooms,Produce,5,53,7.6,0,0,1,4,0
2025-12-06,Mushrooms,Produce,5,71,3.0,0,0,1,5,1
2025-12-07,Mushrooms,Produce,5,41,3.1,0,0,1,6,0
2025-12-08,Mushrooms,Produce,5,25,6.2,0,0,0,0,0
2025-12-09,Mushrooms,Produce,5,29,4.4,0,0,0,1,0
2025-12-10,Mushrooms,Produce,5,41,6.2,0,0,0,2,0
2025-12-11,Mushrooms,Produce,5,39,4.7,0,0,0,3,0
2025-12-12,Mushrooms,Produce,5,83,6.2,0,0,1,4,1
2025-12-13,Mushrooms,Produce,5,57,2.3,0,0,1,5,0
2025-12-14,Mushrooms,Produce,5,73,4.5,0,0,1,6,1
2025-12-15,Mushrooms,Produce,5,45,3.9,0,0,0,0,1
2025-12-16,Mushrooms,Produce,5,42,1.7,0,0,0,1,0
2025-12-17,Mushrooms,Produce,5,49,0.8,0,0,0,2,1
2025-12-18,Mushrooms,Produce,5,35,5.7,0,0,0,3,0
2025-12-19,Mushrooms,Produce,5,55,3.3,0,0,1,4,0
2025-12-20,Mushrooms,Produce,5,78,1.8,0,1,1,5,1
2025-12-21,Mushrooms,Produce,5,52,3.8,0,1,1,6,0
2025-12-22,Mushrooms,Produce,5,31,6.4,0,1,0,0,0
2025-12-23,Mushrooms,Produce,5,44,-1.2,0,1,0,1,0
2025-12-24,Mushrooms,Produce,5,48,0.5,0,1,0,2,0
2025-12-25,Mushrooms,Produce,5,0,1.7,1,1,0,3,0
2025-12-26,Mushrooms,Produce,5,69,6.9,1,1,1,4,0
2025-12-27,Mushrooms,Produce,5,58,4.2,0,1,1,5,0
2025-12-28,Mushrooms,Produce,5,55,5.3,0,1,1,6,0
2025-12-29,Mushrooms,Produce,5,34,1.0,0,1,0,0,0
2025-12-30,Mushrooms,Produce,5,30,1.0,0,1,0,1,0
2025-12-31,Mushrooms,Produce,5,42,4.4,0,1,0,2,0
2024-01-01,Onions,Produce,21,66,4.0,1,1,0,0,0
2024-01-02,Onions,Produce,21,56,1.0,0,1,0,1,1
2024-01-03,Onions,Produce,21,53,4.9,0,0,0,2,0
2024-01-04,Onions,Produce,21,56,5.3,0,0,0,3,0
2024-01-05,Onions,Produce,21,64,-1.1,0,0,1,4,0
2024-01-06,Onions,Produce,21,69,0.3,0,0,1,5,0
2024-01-07,Onions,Produce,21,83,3.4,0,0,1,6,0
2024-01-08,Onions,Produce,21,48,2.4,0,0,0,0,0
2024-01-09,Onions,Produce,21,53,3.1,0,0,0,1,0
2024-01-10,Onions,Produce,21,44,1.2,0,0,0,2,0
2024-01-11,Onions,Produce,21,47,5.0,0,0,0,3,0
2024-01-12,Onions,Produce,21,74,4.8,0,0,1,4,0
2024-01-13,Onions,Produce,21,62,3.2,0,0,1,5,0
2024-01-14,Onions,Produce,21,74,5.5,0,0,1,6,0
2024-01-15,Onions,Produce,21,45,4.0,0,0,0,0,0
2024-01-16,Onions,Produce,21,47,1.1,0,0,0,1,0
2024-01-17,Onions,Produce,21,42,3.8,0,0,0,2,0
2024-01-18,Onions,Produce,21,61,0.9,0,0,0,3,0
2024-01-19,Onions,Produce,21,74,4.9,0,0,1,4,0
2024-01-20,Onions,Produce,21,69,2.9,0,0,1,5,0
2024-01-21,Onions,Produce,21,87,2.6,0,0,1,6,0
2024-01-22,Onions,Produce,21,56,1.5,0,0,0,0,0
2024-01-23,Onions,Produce,21,60,5.7,0,0,0,1,0
2024-01-24,Onions,Produce,21,50,2.7,0,0,0,2,0
2024-01-25,Onions,Produce,21,44,2.1,0,0,0,3,0
2024-01-26,Onions,Produce,21,86,2.3,0,0,1,4,0
2024-01-27,Onions,Produce,21,69,4.3,0,0,1,5,0
2024-01-28,Onions,Produce,21,53,3.9,0,0,1,6,0
2024-01-29,Onions,Produce,21,47,4.0,0,0,0,0,0
2024-01-30,Onions,Produce,21,45,4.1,0,0,0,1,0
2024-01-31,Onions,Produce,21,62,7.9,0,0,0,2,0
2024-02-01,Onions,Produce,21,63,2.3,0,0,0,3,0
2024-02-02,Onions,Produce,21,70,2.1,0,0,1,4,0
2024-02-03,Onions,Produce,21,79,1.5,0,0,1,5,0
2024-02-04,Onions,Produce,21,59,4.7,0,0,1,6,0
2024-02-05,Onions,Produce,21,63,5.8,0,0,0,0,0
2024-02-06,Onions,Produce,21,53,3.1,0,0,0,1,0
2024-02-07,Onions,Produce,21,60,1.6,0,0,0,2,0
2024-02-08,Onions,Produce,21,43,1.7,0,0,0,3,0
2024-02-09,Onions,Produce,21,77,5.0,0,0,1,4,0
2024-02-10,Onions,Produce,21,83,5.2,0,0,1,5,0
2024-02-11,Onions,Produce,21,79,4.8,0,0,1,6,0
2024-02-12,Onions,Produce,21,64,2.2,0,1,0,0,0
2024-02-13,Onions,Produce,21,53,4.3,0,1,0,1,0
2024-02-14,Onions,Produce,21,59,4.1,0,1,0,2,0
2024-02-15,Onions,Produce,21,55,4.3,0,1,0,3,0
2024-02-16,Onions,Produce,21,72,5.8,0,1,1,4,0
2024-02-17,Onions,Produce,21,75,4.5,0,1,1,5,0
2024-02-18,Onions,Produce,21,63,5.6,0,1,1,6,0
2024-02-19,Onions,Produce,21,56,4.3,0,0,0,0,0
2024-02-20,Onions,Produce,21,44,4.8,0,0,0,1,0
2024-02-21,Onions,Produce,21,71,5.7,0,0,0,2,0
2024-02-22,Onions,Produce,21,59,1.1,0,0,0,3,0
2024-02-23,Onions,Produce,21,88,3.7,0,0,1,4,0
2024-02-24,Onions,Produce,21,86,3.5,0,0,1,5,0
2024-02-25,Onions,Produce,21,77,3.2,0,0,1,6,0
2024-02-26,Onions,Produce,21,58,4.1,0,0,0,0,0
2024-02-27,Onions,Produce,21,55,8.0,0,0,0,1,0
2024-02-28,Onions,Produce,21,63,2.9,0,0,0,2,0
2024-02-29,Onions,Produce,21,53,7.1,0,0,0,3,0
2024-03-01,Onions,Produce,21,70,1.3,0,0,1,4,0
2024-03-02,Onions,Produce,21,127,4.4,0,0,1,5,1
2024-03-03,Onions,Produce,21,66,5.6,0,0,1,6,0
2024-03-04,Onions,Produce,21,47,6.6,0,0,0,0,0
2024-03-05,Onions,Produce,21,55,7.0,0,0,0,1,0
2024-03-06,Onions,Produce,21,54,7.3,0,0,0,2,0
2024-03-07,Onions,Produce,21,62,4.8,0,0,0,3,0
2024-03-08,Onions,Produce,21,86,4.7,0,0,1,4,0
2024-03-09,Onions,Produce,21,90,7.7,0,0,1,5,0
2024-03-10,Onions,Produce,21,82,5.5,0,0,1,6,0
2024-03-11,Onions,Produce,21,58,3.2,0,0,0,0,0
2024-03-12,Onions,Produce,21,54,3.6,0,0,0,1,0
2024-03-13,Onions,Produce,21,82,4.2,0,0,0,2,0
2024-03-14,Onions,Produce,21,61,7.5,0,0,0,3,0
2024-03-15,Onions,Produce,21,97,6.8,0,0,1,4,0
2024-03-16,Onions,Produce,21,98,8.1,0,0,1,5,0
2024-03-17,Onions,Produce,21,120,5.8,0,0,1,6,1
2024-03-18,Onions,Produce,21,73,7.2,0,0,0,0,0
2024-03-19,Onions,Produce,21,60,8.3,0,0,0,1,0
2024-03-20,Onions,Produce,21,99,6.4,0,0,0,2,1
2024-03-21,Onions,Produce,21,61,8.2,0,0,0,3,0
2024-03-22,Onions,Produce,21,70,5.8,0,0,1,4,0
2024-03-23,Onions,Produce,21,87,6.6,0,0,1,5,0
2024-03-24,Onions,Produce,21,82,6.7,0,0,1,6,0
2024-03-25,Onions,Produce,21,61,5.0,0,0,0,0,0
2024-03-26,Onions,Produce,21,55,8.9,0,0,0,1,0
2024-03-27,Onions,Produce,21,65,6.9,0,0,0,2,0
2024-03-28,Onions,Produce,21,56,8.1,0,0,0,3,0
2024-03-29,Onions,Produce,21,105,9.2,1,0,1,4,0
2024-03-30,Onions,Produce,21,103,9.3,0,0,1,5,0
2024-03-31,Onions,Produce,21,76,9.9,0,0,1,6,0
2024-04-01,Onions,Produce,21,78,8.3,1,1,0,0,0
2024-04-02,Onions,Produce,21,74,7.8,0,1,0,1,0
2024-04-03,Onions,Produce,21,67,8.7,0,1,0,2,0
2024-04-04,Onions,Produce,21,69,5.2,0,1,0,3,0
2024-04-05,Onions,Produce,21,92,5.9,0,1,1,4,0
2024-04-06,Onions,Produce,21,82,6.3,0,1,1,5,0
2024-04-07,Onions,Produce,21,99,7.2,0,1,1,6,0
2024-04-08,Onions,Produce,21,60,10.4,0,1,0,0,0
2024-04-09,Onions,Produce,21,69,7.6,0,1,0,1,0
2024-04-10,Onions,Produce,21,52,8.9,0,1,0,2,0
2024-04-11,Onions,Produce,21,78,12.8,0,1,0,3,0
2024-04-12,Onions,Produce,21,78,9.3,0,1,1,4,0
2024-04-13,Onions,Produce,21,77,11.8,0,1,1,5,0
2024-04-14,Onions,Produce,21,92,8.3,0,1,1,6,0
2024-04-15,Onions,Produce,21,59,10.0,0,0,0,0,0
2024-04-16,Onions,Produce,21,75,8.5,0,0,0,1,0
2024-04-17,Onions,Produce,21,66,10.0,0,0,0,2,0
2024-04-18,Onions,Produce,21,60,12.7,0,0,0,3,0
2024-04-19,Onions,Produce,21,76,7.2,0,0,1,4,0
2024-04-20,Onions,Produce,21,102,12.1,0,0,1,5,0
2024-04-21,Onions,Produce,21,91,11.8,0,0,1,6,0
2024-04-22,Onions,Produce,21,47,10.1,0,0,0,0,0
2024-04-23,Onions,Produce,21,59,8.4,0,0,0,1,0
2024-04-24,Onions,Produce,21,73,11.8,0,0,0,2,0
2024-04-25,Onions,Produce,21,81,10.7,0,0,0,3,0
2024-04-26,Onions,Produce,21,98,12.5,0,0,1,4,0
2024-04-27,Onions,Produce,21,94,12.1,0,0,1,5,0
2024-04-28,Onions,Produce,21,78,15.8,0,0,1,6,0
2024-04-29,Onions,Produce,21,65,11.8,0,0,0,0,0
2024-04-30,Onions,Produce,21,95,10.3,0,0,0,1,1
2024-05-01,Onions,Produce,21,117,13.0,0,0,0,2,1
2024-05-02,Onions,Produce,21,62,13.3,0,0,0,3,0
2024-05-03,Onions,Produce,21,85,15.9,0,0,1,4,0
2024-05-04,Onions,Produce,21,111,14.9,0,0,1,5,0
2024-05-05,Onions,Produce,21,99,14.0,0,0,1,6,0
2024-05-06,Onions,Produce,21,71,16.5,1,0,0,0,0
2024-05-07,Onions,Produce,21,47,10.8,0,0,0,1,0
2024-05-08,Onions,Produce,21,73,12.2,0,0,0,2,0
2024-05-09,Onions,Produce,21,66,11.7,0,0,0,3,0
2024-05-10,Onions,Produce,21,97,13.0,0,0,1,4,0
2024-05-11,Onions,Produce,21,72,10.9,0,0,1,5,0
2024-05-12,Onions,Produce,21,108,15.5,0,0,1,6,0
2024-05-13,Onions,Produce,21,55,13.7,0,0,0,0,0
2024-05-14,Onions,Produce,21,64,11.1,0,0,0,1,0
2024-05-15,Onions,Produce,21,80,12.2,0,0,0,2,0
2024-05-16,Onions,Produce,21,85,15.3,0,0,0,3,0
2024-05-17,Onions,Produce,21,90,16.5,0,0,1,4,0
2024-05-18,Onions,Produce,21,89,19.2,0,0,1,5,0
2024-05-19,Onions,Produce,21,94,21.4,0,0,1,6,0
2024-05-20,Onions,Produce,21,52,16.0,0,0,0,0,0
2024-05-21,Onions,Produce,21,53,13.0,0,0,0,1,0
2024-05-22,Onions,Produce,21,90,10.6,0,0,0,2,0
2024-05-23,Onions,Produce,21,78,16.0,0,0,0,3,0
2024-05-24,Onions,Produce,21,89,13.7,0,0,1,4,0
2024-05-25,Onions,Produce,21,88,14.7,0,0,1,5,0
2024-05-26,Onions,Produce,21,105,14.4,0,1,1,6,0
2024-05-27,Onions,Produce,21,73,15.6,1,1,0,0,0
2024-05-28,Onions,Produce,21,67,18.3,0,1,0,1,0
2024-05-29,Onions,Produce,21,70,16.4,0,1,0,2,0
2024-05-30,Onions,Produce,21,66,15.8,0,1,0,3,0
2024-05-31,Onions,Produce,21,71,14.0,0,1,1,4,0
2024-06-01,Onions,Produce,21,90,12.7,0,0,1,5,0
2024-06-02,Onions,Produce,21,86,15.4,0,0,1,6,0
2024-06-03,Onions,Produce,21,63,16.5,0,0,0,0,0
2024-06-04,Onions,Produce,21,61,20.6,0,0,0,1,0
2024-06-05,Onions,Produce,21,67,17.1,0,0,0,2,0
2024-06-06,Onions,Produce,21,68,19.0,0,0,0,3,0
2024-06-07,Onions,Produce,21,84,15.9,0,0,1,4,0
2024-06-08,Onions,Produce,21,92,14.5,0,0,1,5,0
2024-06-09,Onions,Produce,21,92,15.0,0,0,1,6,0
2024-06-10,Onions,Produce,21,68,15.6,0,0,0,0,0
2024-06-11,Onions,Produce,21,80,22.0,0,0,0,1,0
2024-06-12,Onions,Produce,21,69,15.6,0,0,0,2,0
2024-06-13,Onions,Produce,21,77,19.3,0,0,0,3,1
2024-06-14,Onions,Produce,21,86,15.6,0,0,1,4,0
2024-06-15,Onions,Produce,21,90,19.7,0,0,1,5,0
2024-06-16,Onions,Produce,21,94,18.6,0,0,1,6,0
2024-06-17,Onions,Produce,21,60,17.5,0,0,0,0,0
2024-06-18,Onions,Produce,21,66,17.8,0,0,0,1,0
2024-06-19,Onions,Produce,21,91,16.5,0,0,0,2,1
2024-06-20,Onions,Produce,21,63,19.0,0,0,0,3,0
2024-06-21,Onions,Produce,21,90,17.1,0,0,1,4,0
2024-06-22,Onions,Produce,21,86,15.4,0,0,1,5,0
2024-06-23,Onions,Produce,21,102,15.4,0,0,1,6,0
2024-06-24,Onions,Produce,21,55,18.6,0,0,0,0,0
2024-06-25,Onions,Produce,21,74,21.8,0,0,0,1,0
2024-06-26,Onions,Produce,21,59,18.7,0,0,0,2,0
2024-06-27,Onions,Produce,21,79,18.2,0,0,0,3,0
2024-06-28,Onions,Produce,21,91,19.1,0,0,1,4,0
2024-06-29,Onions,Produce,21,95,21.4,0,0,1,5,0
2024-06-30,Onions,Produce,21,114,19.0,0,0,1,6,1
2024-07-01,Onions,Produce,21,54,17.7,0,1,0,0,0
2024-07-02,Onions,Produce,21,61,21.1,0,1,0,1,0
2024-07-03,Onions,Produce,21,67,19.6,0,1,0,2,0
2024-07-04,Onions,Produce,21,87,22.1,0,1,0,3,1
2024-07-05,Onions,Produce,21,119,19.2,0,1,1,4,1
2024-07-06,Onions,Produce,21,92,16.1,0,1,1,5,0
2024-07-07,Onions,Produce,21,85,15.8,0,1,1,6,0
2024-07-08,Onions,Produce,21,57,22.5,0,1,0,0,0
2024-07-09,Onions,Produce,21,57,22.7,0,1,0,1,0
2024-07-10,Onions,Produce,21,69,18.5,0,1,0,2,0
2024-07-11,Onions,Produce,21,69,18.1,0,1,0,3,0
2024-07-12,Onions,Produce,21,93,22.2,0,1,1,4,0
2024-07-13,Onions,Produce,21,92,16.5,0,1,1,5,0
2024-07-14,Onions,Produce,21,84,17.0,0,1,1,6,0
2024-07-15,Onions,Produce,21,60,20.4,0,1,0,0,0
2024-07-16,Onions,Produce,21,71,18.1,0,1,0,1,0
2024-07-17,Onions,Produce,21,78,19.0,0,1,0,2,0
2024-07-18,Onions,Produce,21,76,18.6,0,1,0,3,0
2024-07-19,Onions,Produce,21,78,19.7,0,1,1,4,0
2024-07-20,Onions,Produce,21,95,22.1,0,1,1,5,0
2024-07-21,Onions,Produce,21,83,19.2,0,1,1,6,0
2024-07-22,Onions,Produce,21,62,20.4,0,1,0,0,0
2024-07-23,Onions,Produce,21,68,14.5,0,1,0,1,0
2024-07-24,Onions,Produce,21,66,18.9,0,1,0,2,0
2024-07-25,Onions,Produce,21,67,17.1,0,1,0,3,0
2024-07-26,Onions,Produce,21,78,16.3,0,1,1,4,0
2024-07-27,Onions,Produce,21,91,17.0,0,1,1,5,0
2024-07-28,Onions,Produce,21,90,18.2,0,1,1,6,0
2024-07-29,Onions,Produce,21,51,20.9,0,1,0,0,0
2024-07-30,Onions,Produce,21,60,15.9,0,1,0,1,0
2024-07-31,Onions,Produce,21,65,18.9,0,1,0,2,0
2024-08-01,Onions,Produce,21,66,17.7,0,1,0,3,0
2024-08-02,Onions,Produce,21,98,18.1,0,1,1,4,0
2024-08-03,Onions,Produce,21,145,21.0,0,1,1,5,1
2024-08-04,Onions,Produce,21,98,19.9,0,1,1,6,0
2024-08-05,Onions,Produce,21,37,21.6,0,1,0,0,0
2024-08-06,Onions,Produce,21,51,18.3,0,1,0,1,0
2024-08-07,Onions,Produce,21,76,17.1,0,1,0,2,0
2024-08-08,Onions,Produce,21,98,18.1,0,1,0,3,1
2024-08-09,Onions,Produce,21,60,19.0,0,1,1,4,0
2024-08-10,Onions,Produce,21,85,18.8,0,1,1,5,0
2024-08-11,Onions,Produce,21,69,16.0,0,1,1,6,0
2024-08-12,Onions,Produce,21,59,18.5,0,1,0,0,0
2024-08-13,Onions,Produce,21,70,18.8,0,1,0,1,0
2024-08-14,Onions,Produce,21,99,23.8,0,1,0,2,1
2024-08-15,Onions,Produce,21,57,22.3,0,1,0,3,0
2024-08-16,Onions,Produce,21,77,16.2,0,1,1,4,0
2024-08-17,Onions,Produce,21,76,17.4,0,1,1,5,0
2024-08-18,Onions,Produce,21,80,14.8,0,1,1,6,0
2024-08-19,Onions,Produce,21,59,16.6,0,1,0,0,0
2024-08-20,Onions,Produce,21,85,18.5,0,1,0,1,1
2024-08-21,Onions,Produce,21,71,20.4,0,1,0,2,0
2024-08-22,Onions,Produce,21,61,16.1,0,1,0,3,0
2024-08-23,Onions,Produce,21,73,16.2,0,1,1,4,0
2024-08-24,Onions,Produce,21,86,12.8,0,1,1,5,0
2024-08-25,Onions,Produce,21,113,17.1,0,1,1,6,1
2024-08-26,Onions,Produce,21,71,15.0,1,1,0,0,0
2024-08-27,Onions,Produce,21,54,16.1,0,1,0,1,0
2024-08-28,Onions,Produce,21,59,15.3,0,1,0,2,0
2024-08-29,Onions,Produce,21,45,16.9,0,1,0,3,0
2024-08-30,Onions,Produce,21,79,13.2,0,1,1,4,0
2024-08-31,Onions,Produce,21,91,13.7,0,1,1,5,0
2024-09-01,Onions,Produce,21,78,21.5,0,0,1,6,0
2024-09-02,Onions,Produce,21,52,13.9,0,0,0,0,0
2024-09-03,Onions,Produce,21,48,14.2,0,0,0,1,0
2024-09-04,Onions,Produce,21,64,20.6,0,0,0,2,0
2024-09-05,Onions,Produce,21,50,22.8,0,0,0,3,0
2024-09-06,Onions,Produce,21,77,13.8,0,0,1,4,0
2024-09-07,Onions,Produce,21,96,15.4,0,0,1,5,0
2024-09-08,Onions,Produce,21,91,16.9,0,0,1,6,0
2024-09-09,Onions,Produce,21,63,19.8,0,0,0,0,1
2024-09-10,Onions,Produce,21,60,13.8,0,0,0,1,0
2024-09-11,Onions,Produce,21,58,15.3,0,0,0,2,0
2024-09-12,Onions,Produce,21,66,17.4,0,0,0,3,0
2024-09-13,Onions,Produce,21,79,16.6,0,0,1,4,0
2024-09-14,Onions,Produce,21,76,14.7,0,0,1,5,0
2024-09-15,Onions,Produce,21,85,15.1,0,0,1,6,0
2024-09-16,Onions,Produce,21,61,12.2,0,0,0,0,0
2024-09-17,Onions,Produce,21,68,14.6,0,0,0,1,0
2024-09-18,Onions,Produce,21,60,14.4,0,0,0,2,0
2024-09-19,Onions,Produce,21,61,15.4,0,0,0,3,0
2024-09-20,Onions,Produce,21,85,13.6,0,0,1,4,0
2024-09-21,Onions,Produce,21,66,15.7,0,0,1,5,0
2024-09-22,Onions,Produce,21,61,16.8,0,0,1,6,0
2024-09-23,Onions,Produce,21,50,14.8,0,0,0,0,0
2024-09-24,Onions,Produce,21,52,15.1,0,0,0,1,0
2024-09-25,Onions,Produce,21,60,14.3,0,0,0,2,0
2024-09-26,Onions,Produce,21,41,14.0,0,0,0,3,0
2024-09-27,Onions,Produce,21,99,12.3,0,0,1,4,0
2024-09-28,Onions,Produce,21,73,14.5,0,0,1,5,0
2024-09-29,Onions,Produce,21,67,13.4,0,0,1,6,0
2024-09-30,Onions,Produce,21,64,18.1,0,0,0,0,1
2024-10-01,Onions,Produce,21,58,16.8,0,0,0,1,0
2024-10-02,Onions,Produce,21,45,14.1,0,0,0,2,0
2024-10-03,Onions,Produce,21,65,11.4,0,0,0,3,1
2024-10-04,Onions,Produce,21,77,10.5,0,0,1,4,0
2024-10-05,Onions,Produce,21,89,15.5,0,0,1,5,0
2024-10-06,Onions,Produce,21,64,13.3,0,0,1,6,0
2024-10-07,Onions,Produce,21,60,13.6,0,0,0,0,0
2024-10-08,Onions,Produce,21,50,8.6,0,0,0,1,0
2024-10-09,Onions,Produce,21,72,14.4,0,0,0,2,1
2024-10-10,Onions,Produce,21,45,13.2,0,0,0,3,0
2024-10-11,Onions,Produce,21,83,9.6,0,0,1,4,1
2024-10-12,Onions,Produce,21,75,10.9,0,0,1,5,0
2024-10-13,Onions,Produce,21,78,12.4,0,0,1,6,0
2024-10-14,Onions,Produce,21,49,11.8,0,0,0,0,0
2024-10-15,Onions,Produce,21,78,10.9,0,0,0,1,1
2024-10-16,Onions,Produce,21,47,11.1,0,0,0,2,0
2024-10-17,Onions,Produce,21,49,10.7,0,0,0,3,0
2024-10-18,Onions,Produce,21,66,11.4,0,0,1,4,0
2024-10-19,Onions,Produce,21,77,14.2,0,0,1,5,0
2024-10-20,Onions,Produce,21,97,5.2,0,0,1,6,1
2024-10-21,Onions,Produce,21,60,10.2,0,0,0,0,0
2024-10-22,Onions,Produce,21,55,10.9,0,0,0,1,0
2024-10-23,Onions,Produce,21,57,11.0,0,0,0,2,0
2024-10-24,Onions,Produce,21,49,9.4,0,0,0,3,0
2024-10-25,Onions,Produce,21,77,6.3,0,0,1,4,0
2024-10-26,Onions,Produce,21,87,10.7,0,1,1,5,0
2024-10-27,Onions,Produce,21,84,13.7,0,1,1,6,0
2024-10-28,Onions,Produce,21,54,6.3,0,1,0,0,0
2024-10-29,Onions,Produce,21,66,11.5,0,1,0,1,1
2024-10-30,Onions,Produce,21,61,8.7,0,1,0,2,0
2024-10-31,Onions,Produce,21,77,9.2,0,1,0,3,1
2024-11-01,Onions,Produce,21,73,6.9,0,0,1,4,0
2024-11-02,Onions,Produce,21,68,8.3,0,0,1,5,0
2024-11-03,Onions,Produce,21,69,11.8,0,0,1,6,0
2024-11-04,Onions,Produce,21,58,10.1,0,0,0,0,0
2024-11-05,Onions,Produce,21,49,12.5,0,0,0,1,0
2024-11-06,Onions,Produce,21,48,11.1,0,0,0,2,0
2024-11-07,Onions,Produce,21,60,9.3,0,0,0,3,0
2024-11-08,Onions,Produce,21,62,12.1,0,0,1,4,0
2024-11-09,Onions,Produce,21,68,9.1,0,0,1,5,0
2024-11-10,Onions,Produce,21,70,9.8,0,0,1,6,0
2024-11-11,Onions,Produce,21,33,7.2,0,0,0,0,0
2024-11-12,Onions,Produce,21,49,7.9,0,0,0,1,0
2024-11-13,Onions,Produce,21,60,6.1,0,0,0,2,0
2024-11-14,Onions,Produce,21,69,9.7,0,0,0,3,0
2024-11-15,Onions,Produce,21,88,4.8,0,0,1,4,1
2024-11-16,Onions,Produce,21,69,9.0,0,0,1,5,0
2024-11-17,Onions,Produce,21,68,6.7,0,0,1,6,0
2024-11-18,Onions,Produce,21,55,9.6,0,0,0,0,0
2024-11-19,Onions,Produce,21,59,8.5,0,0,0,1,1
2024-11-20,Onions,Produce,21,50,10.8,0,0,0,2,0
2024-11-21,Onions,Produce,21,53,8.3,0,0,0,3,0
2024-11-22,Onions,Produce,21,79,3.1,0,0,1,4,0
2024-11-23,Onions,Produce,21,69,6.3,0,0,1,5,0
2024-11-24,Onions,Produce,21,98,3.7,0,0,1,6,1
2024-11-25,Onions,Produce,21,45,5.1,0,0,0,0,0
2024-11-26,Onions,Produce,21,43,9.4,0,0,0,1,0
2024-11-27,Onions,Produce,21,58,7.4,0,0,0,2,0
2024-11-28,Onions,Produce,21,58,4.3,0,0,0,3,0
2024-11-29,Onions,Produce,21,68,3.5,0,0,1,4,0
2024-11-30,Onions,Produce,21,60,5.7,0,0,1,5,0
2024-12-01,Onions,Produce,21,68,2.9,0,0,1,6,0
2024-12-02,Onions,Produce,21,49,4.0,0,0,0,0,0
2024-12-03,Onions,Produce,21,46,6.1,0,0,0,1,0
2024-12-04,Onions,Produce,21,54,7.8,0,0,0,2,0
2024-12-05,Onions,Produce,21,75,6.5,0,0,0,3,1
2024-12-06,Onions,Produce,21,84,0.0,0,0,1,4,0
2024-12-07,Onions,Produce,21,59,5.7,0,0,1,5,0
2024-12-08,Onions,Produce,21,77,5.1,0,0,1,6,1
2024-12-09,Onions,Produce,21,50,5.7,0,0,0,0,0
2024-12-10,Onions,Produce,21,43,8.3,0,0,0,1,0
2024-12-11,Onions,Produce,21,64,0.1,0,0,0,2,0
2024-12-12,Onions,Produce,21,60,3.3,0,0,0,3,0
2024-12-13,Onions,Produce,21,57,5.8,0,0,1,4,0
2024-12-14,Onions,Produce,21,80,0.9,0,0,1,5,0
2024-12-15,Onions,Produce,21,75,7.6,0,0,1,6,0
2024-12-16,Onions,Produce,21,44,5.1,0,0,0,0,0
2024-12-17,Onions,Produce,21,50,6.0,0,0,0,1,0
2024-12-18,Onions,Produce,21,52,2.9,0,0,0,2,0
2024-12-19,Onions,Produce,21,55,5.8,0,0,0,3,0
2024-12-20,Onions,Produce,21,98,6.3,0,1,1,4,1
2024-12-21,Onions,Produce,21,72,4.4,0,1,1,5,0
2024-12-22,Onions,Produce,21,60,4.4,0,1,1,6,0
2024-12-23,Onions,Produce,21,34,4.4,0,1,0,0,0
2024-12-24,Onions,Produce,21,50,1.8,0,1,0,1,0
2024-12-25,Onions,Produce,21,0,3.3,1,1,0,2,0
2024-12-26,Onions,Produce,21,65,3.3,1,1,0,3,0
2024-12-27,Onions,Produce,21,68,4.4,0,1,1,4,0
2024-12-28,Onions,Produce,21,79,5.7,0,1,1,5,0
2024-12-29,Onions,Produce,21,75,1.1,0,1,1,6,0
2024-12-30,Onions,Produce,21,51,3.1,0,1,0,0,0
2024-12-31,Onions,Produce,21,53,6.6,0,1,0,1,0
2025-01-01,Onions,Produce,21,63,1.7,1,1,0,2,0
2025-01-02,Onions,Produce,21,59,1.5,0,1,0,3,0
2025-01-03,Onions,Produce,21,65,3.7,0,0,1,4,0
2025-01-04,Onions,Produce,21,65,5.1,0,0,1,5,0
2025-01-05,Onions,Produce,21,68,3.2,0,0,1,6,0
2025-01-06,Onions,Produce,21,49,6.1,0,0,0,0,0
2025-01-07,Onions,Produce,21,53,5.0,0,0,0,1,0
2025-01-08,Onions,Produce,21,73,5.0,0,0,0,2,1
2025-01-09,Onions,Produce,21,57,4.3,0,0,0,3,0
2025-01-10,Onions,Produce,21,80,8.2,0,0,1,4,0
2025-01-11,Onions,Produce,21,95,2.6,0,0,1,5,0
2025-01-12,Onions,Produce,21,78,-1.4,0,0,1,6,0
2025-01-13,Onions,Produce,21,43,6.6,0,0,0,0,0
2025-01-14,Onions,Produce,21,55,2.0,0,0,0,1,0
2025-01-15,Onions,Produce,21,68,3.3,0,0,0,2,0
2025-01-16,Onions,Produce,21,56,5.9,0,0,0,3,0
2025-01-17,Onions,Produce,21,67,-0.5,0,0,1,4,0
2025-01-18,Onions,Produce,21,74,0.2,0,0,1,5,0
2025-01-19,Onions,Produce,21,73,-0.5,0,0,1,6,0
2025-01-20,Onions,Produce,21,56,1.3,0,0,0,0,0
2025-01-21,Onions,Produce,21,50,4.0,0,0,0,1,0
2025-01-22,Onions,Produce,21,44,4.2,0,0,0,2,0
2025-01-23,Onions,Produce,21,56,3.6,0,0,0,3,0
2025-01-24,Onions,Produce,21,62,-0.1,0,0,1,4,0
2025-01-25,Onions,Produce,21,70,-2.0,0,0,1,5,0
2025-01-26,Onions,Produce,21,74,3.2,0,0,1,6,0
2025-01-27,Onions,Produce,21,47,2.0,0,0,0,0,0
2025-01-28,Onions,Produce,21,51,4.1,0,0,0,1,0
2025-01-29,Onions,Produce,21,54,4.7,0,0,0,2,0
2025-01-30,Onions,Produce,21,63,3.5,0,0,0,3,0
2025-01-31,Onions,Produce,21,72,4.9,0,0,1,4,0
2025-02-01,Onions,Produce,21,78,3.7,0,0,1,5,0
2025-02-02,Onions,Produce,21,85,4.4,0,0,1,6,0
2025-02-03,Onions,Produce,21,73,1.7,0,0,0,0,0
2025-02-04,Onions,Produce,21,72,2.9,0,0,0,1,0
2025-02-05,Onions,Produce,21,82,3.8,0,0,0,2,1
2025-02-06,Onions,Produce,21,46,5.2,0,0,0,3,0
2025-02-07,Onions,Produce,21,66,2.6,0,0,1,4,0
2025-02-08,Onions,Produce,21,75,4.6,0,0,1,5,0
2025-02-09,Onions,Produce,21,81,2.9,0,0,1,6,0
2025-02-10,Onions,Produce,21,54,3.3,0,0,0,0,0
2025-02-11,Onions,Produce,21,63,5.5,0,0,0,1,0
2025-02-12,Onions,Produce,21,55,-0.7,0,1,0,2,0
2025-02-13,Onions,Produce,21,64,0.9,0,1,0,3,0
2025-02-14,Onions,Produce,21,56,0.5,0,1,1,4,0
2025-02-15,Onions,Produce,21,81,-1.3,0,1,1,5,0
2025-02-16,Onions,Produce,21,70,2.4,0,1,1,6,0
2025-02-17,Onions,Produce,21,70,5.6,0,1,0,0,0
2025-02-18,Onions,Produce,21,72,3.4,0,1,0,1,0
2025-02-19,Onions,Produce,21,70,4.6,0,0,0,2,0
2025-02-20,Onions,Produce,21,71,6.6,0,0,0,3,0
2025-02-21,Onions,Produce,21,82,7.2,0,0,1,4,0
2025-02-22,Onions,Produce,21,76,4.2,0,0,1,5,0
2025-02-23,Onions,Produce,21,87,7.4,0,0,1,6,0
2025-02-24,Onions,Produce,21,74,4.7,0,0,0,0,0
2025-02-25,Onions,Produce,21,53,2.7,0,0,0,1,0
2025-02-26,Onions,Produce,21,60,3.4,0,0,0,2,0
2025-02-27,Onions,Produce,21,69,1.5,0,0,0,3,0
2025-02-28,Onions,Produce,21,78,2.9,0,0,1,4,0
2025-03-01,Onions,Produce,21,95,4.1,0,0,1,5,0
2025-03-02,Onions,Produce,21,96,6.8,0,0,1,6,0
2025-03-03,Onions,Produce,21,52,8.9,0,0,0,0,0
2025-03-04,Onions,Produce,21,56,2.2,0,0,0,1,0
2025-03-05,Onions,Produce,21,67,6.2,0,0,0,2,0
2025-03-06,Onions,Produce,21,71,3.1,0,0,0,3,0
2025-03-07,Onions,Produce,21,99,6.6,0,0,1,4,0
2025-03-08,Onions,Produce,21,90,5.3,0,0,1,5,0
2025-03-09,Onions,Produce,21,76,1.7,0,0,1,6,0
2025-03-10,Onions,Produce,21,77,7.9,0,0,0,0,1
2025-03-11,Onions,Produce,21,63,4.6,0,0,0,1,0
2025-03-12,Onions,Produce,21,63,4.9,0,0,0,2,0
2025-03-13,Onions,Produce,21,83,3.8,0,0,0,3,0
2025-03-14,Onions,Produce,21,87,4.8,0,0,1,4,0
2025-03-15,Onions,Produce,21,73,7.3,0,0,1,5,0
2025-03-16,Onions,Produce,21,109,6.1,0,0,1,6,0
2025-03-17,Onions,Produce,21,79,7.3,0,0,0,0,0
2025-03-18,Onions,Produce,21,62,7.5,0,0,0,1,0
2025-03-19,Onions,Produce,21,91,9.7,0,0,0,2,1
2025-03-20,Onions,Produce,21,73,6.2,0,0,0,3,0
2025-03-21,Onions,Produce,21,84,3.8,0,0,1,4,0
2025-03-22,Onions,Produce,21,82,9.5,0,0,1,5,0
2025-03-23,Onions,Produce,21,112,6.6,0,0,1,6,0
2025-03-24,Onions,Produce,21,73,9.9,0,0,0,0,1
2025-03-25,Onions,Produce,21,71,8.4,0,0,0,1,0
2025-03-26,Onions,Produce,21,70,7.4,0,0,0,2,0
2025-03-27,Onions,Produce,21,88,8.6,0,0,0,3,0
2025-03-28,Onions,Produce,21,79,12.2,0,0,1,4,0
2025-03-29,Onions,Produce,21,83,12.6,0,0,1,5,0
2025-03-30,Onions,Produce,21,102,8.3,0,0,1,6,0
2025-03-31,Onions,Produce,21,66,8.7,0,0,0,0,0
2025-04-01,Onions,Produce,21,72,10.8,0,1,0,1,0
2025-04-02,Onions,Produce,21,66,6.7,0,1,0,2,0
2025-04-03,Onions,Produce,21,71,9.4,0,1,0,3,0
2025-04-04,Onions,Produce,21,83,8.8,0,1,1,4,0
2025-04-05,Onions,Produce,21,128,9.6,0,1,1,5,1
2025-04-06,Onions,Produce,21,82,7.3,0,1,1,6,0
2025-04-07,Onions,Produce,21,49,5.7,0,1,0,0,0
2025-04-08,Onions,Produce,21,58,4.8,0,1,0,1,0
2025-04-09,Onions,Produce,21,70,7.0,0,1,0,2,0
2025-04-10,Onions,Produce,21,73,8.6,0,1,0,3,0
2025-04-11,Onions,Produce,21,81,9.1,0,1,1,4,0
2025-04-12,Onions,Produce,21,130,14.2,0,1,1,5,1
2025-04-13,Onions,Produce,21,91,12.5,0,1,1,6,0
2025-04-14,Onions,Produce,21,52,8.1,0,1,0,0,0
2025-04-15,Onions,Produce,21,68,11.1,0,0,0,1,0
2025-04-16,Onions,Produce,21,74,9.6,0,0,0,2,0
2025-04-17,Onions,Produce,21,80,10.0,0,0,0,3,0
2025-04-18,Onions,Produce,21,120,11.1,1,0,1,4,0
2025-04-19,Onions,Produce,21,126,12.2,0,0,1,5,1
2025-04-20,Onions,Produce,21,79,10.3,0,0,1,6,0
2025-04-21,Onions,Produce,21,98,13.5,1,0,0,0,0
2025-04-22,Onions,Produce,21,63,8.8,0,0,0,1,0
2025-04-23,Onions,Produce,21,81,11.4,0,0,0,2,0
2025-04-24,Onions,Produce,21,68,17.3,0,0,0,3,0
2025-04-25,Onions,Produce,21,119,12.2,0,0,1,4,1
2025-04-26,Onions,Produce,21,101,15.0,0,0,1,5,0
2025-04-27,Onions,Produce,21,99,12.2,0,0,1,6,0
2025-04-28,Onions,Produce,21,96,13.4,0,0,0,0,1
2025-04-29,Onions,Produce,21,80,12.1,0,0,0,1,0
2025-04-30,Onions,Produce,21,98,12.0,0,0,0,2,1
2025-05-01,Onions,Produce,21,61,10.8,0,0,0,3,0
2025-05-02,Onions,Produce,21,95,13.6,0,0,1,4,0
2025-05-03,Onions,Produce,21,92,10.9,0,0,1,5,0
2025-05-04,Onions,Produce,21,84,14.4,0,0,1,6,0
2025-05-05,Onions,Produce,21,96,15.4,1,0,0,0,0
2025-05-06,Onions,Produce,21,62,14.0,0,0,0,1,0
2025-05-07,Onions,Produce,21,101,12.7,0,0,0,2,1
2025-05-08,Onions,Produce,21,67,14.4,0,0,0,3,0
2025-05-09,Onions,Produce,21,111,12.9,0,0,1,4,0
2025-05-10,Onions,Produce,21,94,15.8,0,0,1,5,0
2025-05-11,Onions,Produce,21,84,9.8,0,0,1,6,0
2025-05-12,Onions,Produce,21,72,13.2,0,0,0,0,0
2025-05-13,Onions,Produce,21,57,9.7,0,0,0,1,0
2025-05-14,Onions,Produce,21,51,10.9,0,0,0,2,0
2025-05-15,Onions,Produce,21,79,17.3,0,0,0,3,0
2025-05-16,Onions,Produce,21,98,16.4,0,0,1,4,0
2025-05-17,Onions,Produce,21,87,13.0,0,0,1,5,0
2025-05-18,Onions,Produce,21,100,11.4,0,0,1,6,0
2025-05-19,Onions,Produce,21,61,8.3,0,0,0,0,0
2025-05-20,Onions,Produce,21,67,13.8,0,0,0,1,0
2025-05-21,Onions,Produce,21,111,20.4,0,0,0,2,1
2025-05-22,Onions,Produce,21,81,16.1,0,0,0,3,0
2025-05-23,Onions,Produce,21,97,14.1,0,0,1,4,0
2025-05-24,Onions,Produce,21,101,16.4,0,0,1,5,0
2025-05-25,Onions,Produce,21,106,12.1,0,0,1,6,0
2025-05-26,Onions,Produce,21,76,15.0,1,1,0,0,0
2025-05-27,Onions,Produce,21,65,16.0,0,1,0,1,0
2025-05-28,Onions,Produce,21,72,15.7,0,1,0,2,0
2025-05-29,Onions,Produce,21,91,17.7,0,1,0,3,1
2025-05-30,Onions,Produce,21,79,16.8,0,1,1,4,0
2025-05-31,Onions,Produce,21,132,17.7,0,1,1,5,0
2025-06-01,Onions,Produce,21,84,14.8,0,0,1,6,0
2025-06-02,Onions,Produce,21,72,18.4,0,0,0,0,0
2025-06-03,Onions,Produce,21,56,20.1,0,0,0,1,0
2025-06-04,Onions,Produce,21,68,14.5,0,0,0,2,0
2025-06-05,Onions,Produce,21,70,14.7,0,0,0,3,0
2025-06-06,Onions,Produce,21,102,19.7,0,0,1,4,0
2025-06-07,Onions,Produce,21,113,16.5,0,0,1,5,0
2025-06-08,Onions,Produce,21,89,20.1,0,0,1,6,0
2025-06-09,Onions,Produce,21,65,16.1,0,0,0,0,0
2025-06-10,Onions,Produce,21,58,20.4,0,0,0,1,0
2025-06-11,Onions,Produce,21,59,17.5,0,0,0,2,0
2025-06-12,Onions,Produce,21,80,17.9,0,0,0,3,0
2025-06-13,Onions,Produce,21,96,20.9,0,0,1,4,0
2025-06-14,Onions,Produce,21,94,16.7,0,0,1,5,0
2025-06-15,Onions,Produce,21,97,15.5,0,0,1,6,0
2025-06-16,Onions,Produce,21,73,16.7,0,0,0,0,0
2025-06-17,Onions,Produce,21,77,18.7,0,0,0,1,0
2025-06-18,Onions,Produce,21,86,14.4,0,0,0,2,0
2025-06-19,Onions,Produce,21,74,19.3,0,0,0,3,0
2025-06-20,Onions,Produce,21,95,16.8,0,0,1,4,0
2025-06-21,Onions,Produce,21,148,20.5,0,0,1,5,1
2025-06-22,Onions,Produce,21,93,12.8,0,0,1,6,0
2025-06-23,Onions,Produce,21,62,16.4,0,0,0,0,0
2025-06-24,Onions,Produce,21,82,14.5,0,0,0,1,0
2025-06-25,Onions,Produce,21,97,16.4,0,0,0,2,1
2025-06-26,Onions,Produce,21,59,18.9,0,0,0,3,0
2025-06-27,Onions,Produce,21,89,18.0,0,0,1,4,0
2025-06-28,Onions,Produce,21,96,17.9,0,0,1,5,0
2025-06-29,Onions,Produce,21,108,18.1,0,0,1,6,1
2025-06-30,Onions,Produce,21,65,19.0,0,0,0,0,0
2025-07-01,Onions,Produce,21,77,16.3,0,1,0,1,0
2025-07-02,Onions,Produce,21,70,20.2,0,1,0,2,0
2025-07-03,Onions,Produce,21,77,20.1,0,1,0,3,0
2025-07-04,Onions,Produce,21,102,19.5,0,1,1,4,0
2025-07-05,Onions,Produce,21,92,19.9,0,1,1,5,0
2025-07-06,Onions,Produce,21,97,19.4,0,1,1,6,0
2025-07-07,Onions,Produce,21,75,23.3,0,1,0,0,0
2025-07-08,Onions,Produce,21,56,18.6,0,1,0,1,0
2025-07-09,Onions,Produce,21,72,18.2,0,1,0,2,0
2025-07-10,Onions,Produce,21,70,17.2,0,1,0,3,0
2025-07-11,Onions,Produce,21,99,16.6,0,1,1,4,0
2025-07-12,Onions,Produce,21,105,16.2,0,1,1,5,0
2025-07-13,Onions,Produce,21,92,17.0,0,1,1,6,0
2025-07-14,Onions,Produce,21,59,18.8,0,1,0,0,0
2025-07-15,Onions,Produce,21,69,19.7,0,1,0,1,0
2025-07-16,Onions,Produce,21,79,19.1,0,1,0,2,0
2025-07-17,Onions,Produce,21,84,17.3,0,1,0,3,0
2025-07-18,Onions,Produce,21,108,21.0,0,1,1,4,0
2025-07-19,Onions,Produce,21,103,20.6,0,1,1,5,0
2025-07-20,Onions,Produce,21,98,18.6,0,1,1,6,0
2025-07-21,Onions,Produce,21,65,17.6,0,1,0,0,0
2025-07-22,Onions,Produce,21,56,20.2,0,1,0,1,0
2025-07-23,Onions,Produce,21,59,19.4,0,1,0,2,0
2025-07-24,Onions,Produce,21,58,15.8,0,1,0,3,0
2025-07-25,Onions,Produce,21,93,18.8,0,1,1,4,0
2025-07-26,Onions,Produce,21,94,19.5,0,1,1,5,0
2025-07-27,Onions,Produce,21,83,17.0,0,1,1,6,0
2025-07-28,Onions,Produce,21,68,19.3,0,1,0,0,0
2025-07-29,Onions,Produce,21,79,15.7,0,1,0,1,0
2025-07-30,Onions,Produce,21,88,21.8,0,1,0,2,0
2025-07-31,Onions,Produce,21,67,21.6,0,1,0,3,0
2025-08-01,Onions,Produce,21,84,18.3,0,1,1,4,0
2025-08-02,Onions,Produce,21,82,19.6,0,1,1,5,0
2025-08-03,Onions,Produce,21,128,13.5,0,1,1,6,1
2025-08-04,Onions,Produce,21,93,16.2,0,1,0,0,1
2025-08-05,Onions,Produce,21,90,18.1,0,1,0,1,0
2025-08-06,Onions,Produce,21,68,16.3,0,1,0,2,0
2025-08-07,Onions,Produce,21,68,20.2,0,1,0,3,0
2025-08-08,Onions,Produce,21,104,23.0,0,1,1,4,0
2025-08-09,Onions,Produce,21,111,16.0,0,1,1,5,1
2025-08-10,Onions,Produce,21,84,16.7,0,1,1,6,0
2025-08-11,Onions,Produce,21,80,19.0,0,1,0,0,1
2025-08-12,Onions,Produce,21,55,21.9,0,1,0,1,0
2025-08-13,Onions,Produce,21,61,15.7,0,1,0,2,0
2025-08-14,Onions,Produce,21,79,18.8,0,1,0,3,0
2025-08-15,Onions,Produce,21,80,22.2,0,1,1,4,0
2025-08-16,Onions,Produce,21,95,14.5,0,1,1,5,0
2025-08-17,Onions,Produce,21,80,15.3,0,1,1,6,0
2025-08-18,Onions,Produce,21,63,17.1,0,1,0,0,0
2025-08-19,Onions,Produce,21,62,16.8,0,1,0,1,0
2025-08-20,Onions,Produce,21,61,19.7,0,1,0,2,0
2025-08-21,Onions,Produce,21,59,18.4,0,1,0,3,0
2025-08-22,Onions,Produce,21,88,13.9,0,1,1,4,0
2025-08-23,Onions,Produce,21,84,18.8,0,1,1,5,0
2025-08-24,Onions,Produce,21,78,16.3,0,1,1,6,0
2025-08-25,Onions,Produce,21,85,20.3,1,1,0,0,0
2025-08-26,Onions,Produce,21,63,16.1,0,1,0,1,0
2025-08-27,Onions,Produce,21,46,16.0,0,1,0,2,0
2025-08-28,Onions,Produce,21,54,18.5,0,1,0,3,0
2025-08-29,Onions,Produce,21,90,18.9,0,1,1,4,0
2025-08-30,Onions,Produce,21,84,18.1,0,1,1,5,0
2025-08-31,Onions,Produce,21,90,13.3,0,1,1,6,0
2025-09-01,Onions,Produce,21,61,18.1,0,0,0,0,0
2025-09-02,Onions,Produce,21,51,14.6,0,0,0,1,0
2025-09-03,Onions,Produce,21,60,17.3,0,0,0,2,0
2025-09-04,Onions,Produce,21,62,13.5,0,0,0,3,0
2025-09-05,Onions,Produce,21,61,17.5,0,0,1,4,0
2025-09-06,Onions,Produce,21,72,14.7,0,0,1,5,0
2025-09-07,Onions,Produce,21,82,13.5,0,0,1,6,0
2025-09-08,Onions,Produce,21,60,17.8,0,0,0,0,0
2025-09-09,Onions,Produce,21,64,16.7,0,0,0,1,0
2025-09-10,Onions,Produce,21,66,14.7,0,0,0,2,0
2025-09-11,Onions,Produce,21,70,19.1,0,0,0,3,0
2025-09-12,Onions,Produce,21,97,14.9,0,0,1,4,0
2025-09-13,Onions,Produce,21,97,15.8,0,0,1,5,0
2025-09-14,Onions,Produce,21,77,16.2,0,0,1,6,0
2025-09-15,Onions,Produce,21,51,14.1,0,0,0,0,0
2025-09-16,Onions,Produce,21,60,16.4,0,0,0,1,0
2025-09-17,Onions,Produce,21,50,14.1,0,0,0,2,0
2025-09-18,Onions,Produce,21,80,14.2,0,0,0,3,0
2025-09-19,Onions,Produce,21,82,18.0,0,0,1,4,0
2025-09-20,Onions,Produce,21,80,12.6,0,0,1,5,0
2025-09-21,Onions,Produce,21,79,9.5,0,0,1,6,0
2025-09-22,Onions,Produce,21,53,18.2,0,0,0,0,0
2025-09-23,Onions,Produce,21,60,20.1,0,0,0,1,0
2025-09-24,Onions,Produce,21,62,13.5,0,0,0,2,0
2025-09-25,Onions,Produce,21,73,10.0,0,0,0,3,0
2025-09-26,Onions,Produce,21,69,13.5,0,0,1,4,0
2025-09-27,Onions,Produce,21,86,13.4,0,0,1,5,0
2025-09-28,Onions,Produce,21,75,13.5,0,0,1,6,0
2025-09-29,Onions,Produce,21,62,11.3,0,0,0,0,0
2025-09-30,Onions,Produce,21,51,14.9,0,0,0,1,0
2025-10-01,Onions,Produce,21,58,14.7,0,0,0,2,0
2025-10-02,Onions,Produce,21,62,10.1,0,0,0,3,0
2025-10-03,Onions,Produce,21,73,14.8,0,0,1,4,0
2025-10-04,Onions,Produce,21,79,17.6,0,0,1,5,0
2025-10-05,Onions,Produce,21,73,13.4,0,0,1,6,0
2025-10-06,Onions,Produce,21,78,12.1,0,0,0,0,1
2025-10-07,Onions,Produce,21,58,12.4,0,0,0,1,0
2025-10-08,Onions,Produce,21,79,13.9,0,0,0,2,0
2025-10-09,Onions,Produce,21,55,8.6,0,0,0,3,0
2025-10-10,Onions,Produce,21,86,12.7,0,0,1,4,0
2025-10-11,Onions,Produce,21,91,11.3,0,0,1,5,0
2025-10-12,Onions,Produce,21,79,16.1,0,0,1,6,0
2025-10-13,Onions,Produce,21,50,11.5,0,0,0,0,0
2025-10-14,Onions,Produce,21,55,15.4,0,0,0,1,0
2025-10-15,Onions,Produce,21,74,9.2,0,0,0,2,0
2025-10-16,Onions,Produce,21,56,12.8,0,0,0,3,0
2025-10-17,Onions,Produce,21,107,12.1,0,0,1,4,1
2025-10-18,Onions,Produce,21,101,9.3,0,0,1,5,0
2025-10-19,Onions,Produce,21,73,11.5,0,0,1,6,0
2025-10-20,Onions,Produce,21,51,13.6,0,0,0,0,0
2025-10-21,Onions,Produce,21,54,10.1,0,0,0,1,0
2025-10-22,Onions,Produce,21,51,7.0,0,0,0,2,0
2025-10-23,Onions,Produce,21,60,10.5,0,0,0,3,0
2025-10-24,Onions,Produce,21,76,8.4,0,0,1,4,0
2025-10-25,Onions,Produce,21,70,9.5,0,0,1,5,0
2025-10-26,Onions,Produce,21,104,9.9,0,1,1,6,1
2025-10-27,Onions,Produce,21,45,6.2,0,1,0,0,0
2025-10-28,Onions,Produce,21,50,6.3,0,1,0,1,0
2025-10-29,Onions,Produce,21,61,10.8,0,1,0,2,0
2025-10-30,Onions,Produce,21,53,8.4,0,1,0,3,0
2025-10-31,Onions,Produce,21,61,3.8,0,1,1,4,0
2025-11-01,Onions,Produce,21,82,11.0,0,0,1,5,0
2025-11-02,Onions,Produce,21,67,9.8,0,0,1,6,0
2025-11-03,Onions,Produce,21,46,7.5,0,0,0,0,0
2025-11-04,Onions,Produce,21,46,6.0,0,0,0,1,0
2025-11-05,Onions,Produce,21,57,10.6,0,0,0,2,0
2025-11-06,Onions,Produce,21,51,9.4,0,0,0,3,0
2025-11-07,Onions,Produce,21,82,13.8,0,0,1,4,0
2025-11-08,Onions,Produce,21,95,9.3,0,0,1,5,1
2025-11-09,Onions,Produce,21,70,9.1,0,0,1,6,0
2025-11-10,Onions,Produce,21,53,7.8,0,0,0,0,0
2025-11-11,Onions,Produce,21,60,9.8,0,0,0,1,0
2025-11-12,Onions,Produce,21,48,9.2,0,0,0,2,0
2025-11-13,Onions,Produce,21,67,10.5,0,0,0,3,0
2025-11-14,Onions,Produce,21,67,6.5,0,0,1,4,0
2025-11-15,Onions,Produce,21,94,6.5,0,0,1,5,0
2025-11-16,Onions,Produce,21,85,6.3,0,0,1,6,0
2025-11-17,Onions,Produce,21,65,9.0,0,0,0,0,0
2025-11-18,Onions,Produce,21,59,10.4,0,0,0,1,0
2025-11-19,Onions,Produce,21,61,6.0,0,0,0,2,0
2025-11-20,Onions,Produce,21,63,6.0,0,0,0,3,0
2025-11-21,Onions,Produce,21,78,7.5,0,0,1,4,0
2025-11-22,Onions,Produce,21,76,6.1,0,0,1,5,0
2025-11-23,Onions,Produce,21,68,8.6,0,0,1,6,0
2025-11-24,Onions,Produce,21,41,1.5,0,0,0,0,0
2025-11-25,Onions,Produce,21,57,4.5,0,0,0,1,0
2025-11-26,Onions,Produce,21,58,4.5,0,0,0,2,0
2025-11-27,Onions,Produce,21,59,1.0,0,0,0,3,0
2025-11-28,Onions,Produce,21,80,3.9,0,0,1,4,0
2025-11-29,Onions,Produce,21,75,3.9,0,0,1,5,0
2025-11-30,Onions,Produce,21,75,5.3,0,0,1,6,0
2025-12-01,Onions,Produce,21,40,8.1,0,0,0,0,0
2025-12-02,Onions,Produce,21,54,5.0,0,0,0,1,0
2025-12-03,Onions,Produce,21,52,3.2,0,0,0,2,0
2025-12-04,Onions,Produce,21,60,5.2,0,0,0,3,0
2025-12-05,Onions,Produce,21,70,7.6,0,0,1,4,0
2025-12-06,Onions,Produce,21,70,3.0,0,0,1,5,0
2025-12-07,Onions,Produce,21,57,3.1,0,0,1,6,0
2025-12-08,Onions,Produce,21,42,6.2,0,0,0,0,0
2025-12-09,Onions,Produce,21,56,4.4,0,0,0,1,1
2025-12-10,Onions,Produce,21,56,6.2,0,0,0,2,0
2025-12-11,Onions,Produce,21,56,4.7,0,0,0,3,0
2025-12-12,Onions,Produce,21,81,6.2,0,0,1,4,0
2025-12-13,Onions,Produce,21,83,2.3,0,0,1,5,0
2025-12-14,Onions,Produce,21,67,4.5,0,0,1,6,0
2025-12-15,Onions,Produce,21,62,3.9,0,0,0,0,0
2025-12-16,Onions,Produce,21,56,1.7,0,0,0,1,0
2025-12-17,Onions,Produce,21,57,0.8,0,0,0,2,0
2025-12-18,Onions,Produce,21,61,5.7,0,0,0,3,0
2025-12-19,Onions,Produce,21,78,3.3,0,0,1,4,0
2025-12-20,Onions,Produce,21,89,1.8,0,1,1,5,0
2025-12-21,Onions,Produce,21,93,3.8,0,1,1,6,1
2025-12-22,Onions,Produce,21,59,6.4,0,1,0,0,0
2025-12-23,Onions,Produce,21,48,-1.2,0,1,0,1,0
2025-12-24,Onions,Produce,21,60,0.5,0,1,0,2,0
2025-12-25,Onions,Produce,21,0,1.7,1,1,0,3,0
2025-12-26,Onions,Produce,21,90,6.9,1,1,1,4,0
2025-12-27,Onions,Produce,21,100,4.2,0,1,1,5,0
2025-12-28,Onions,Produce,21,74,5.3,0,1,1,6,0
2025-12-29,Onions,Produce,21,62,1.0,0,1,0,0,0
2025-12-30,Onions,Produce,21,49,1.0,0,1,0,1,0
2025-12-31,Onions,Produce,21,59,4.4,0,1,0,2,0
2024-01-01,Butter,Dairy,30,47,4.0,1,1,0,0,0
2024-01-02,Butter,Dairy,30,34,1.0,0,1,0,1,0
2024-01-03,Butter,Dairy,30,41,4.9,0,0,0,2,1
2024-01-04,Butter,Dairy,30,39,5.3,0,0,0,3,0
2024-01-05,Butter,Dairy,30,41,-1.1,0,0,1,4,0
2024-01-06,Butter,Dairy,30,53,0.3,0,0,1,5,0
2024-01-07,Butter,Dairy,30,34,3.4,0,0,1,6,0
2024-01-08,Butter,Dairy,30,34,2.4,0,0,0,0,0
2024-01-09,Butter,Dairy,30,27,3.1,0,0,0,1,0
2024-01-10,Butter,Dairy,30,26,1.2,0,0,0,2,0
2024-01-11,Butter,Dairy,30,35,5.0,0,0,0,3,0
2024-01-12,Butter,Dairy,30,46,4.8,0,0,1,4,0
2024-01-13,Butter,Dairy,30,49,3.2,0,0,1,5,0
2024-01-14,Butter,Dairy,30,46,5.5,0,0,1,6,0
2024-01-15,Butter,Dairy,30,40,4.0,0,0,0,0,1
2024-01-16,Butter,Dairy,30,26,1.1,0,0,0,1,0
2024-01-17,Butter,Dairy,30,31,3.8,0,0,0,2,0
2024-01-18,Butter,Dairy,30,32,0.9,0,0,0,3,0
2024-01-19,Butter,Dairy,30,57,4.9,0,0,1,4,0
2024-01-20,Butter,Dairy,30,52,2.9,0,0,1,5,0
2024-01-21,Butter,Dairy,30,45,2.6,0,0,1,6,0
2024-01-22,Butter,Dairy,30,28,1.5,0,0,0,0,0
2024-01-23,Butter,Dairy,30,23,5.7,0,0,0,1,0
2024-01-24,Butter,Dairy,30,30,2.7,0,0,0,2,0
2024-01-25,Butter,Dairy,30,44,2.1,0,0,0,3,0
2024-01-26,Butter,Dairy,30,37,2.3,0,0,1,4,0
2024-01-27,Butter,Dairy,30,39,4.3,0,0,1,5,0
2024-01-28,Butter,Dairy,30,33,3.9,0,0,1,6,0
2024-01-29,Butter,Dairy,30,43,4.0,0,0,0,0,0
2024-01-30,Butter,Dairy,30,26,4.1,0,0,0,1,0
2024-01-31,Butter,Dairy,30,34,7.9,0,0,0,2,0
2024-02-01,Butter,Dairy,30,29,2.3,0,0,0,3,0
2024-02-02,Butter,Dairy,30,54,2.1,0,0,1,4,0
2024-02-03,Butter,Dairy,30,33,1.5,0,0,1,5,0
2024-02-04,Butter,Dairy,30,56,4.7,0,0,1,6,0
2024-02-05,Butter,Dairy,30,35,5.8,0,0,0,0,0
2024-02-06,Butter,Dairy,30,33,3.1,0,0,0,1,0
2024-02-07,Butter,Dairy,30,46,1.6,0,0,0,2,0
2024-02-08,Butter,Dairy,30,43,1.7,0,0,0,3,0
2024-02-09,Butter,Dairy,30,62,5.0,0,0,1,4,1
2024-02-10,Butter,Dairy,30,40,5.2,0,0,1,5,0
2024-02-11,Butter,Dairy,30,38,4.8,0,0,1,6,0
2024-02-12,Butter,Dairy,30,39,2.2,0,1,0,0,0
2024-02-13,Butter,Dairy,30,35,4.3,0,1,0,1,0
2024-02-14,Butter,Dairy,30,39,4.1,0,1,0,2,0
2024-02-15,Butter,Dairy,30,30,4.3,0,1,0,3,0
2024-02-16,Butter,Dairy,30,41,5.8,0,1,1,4,0
2024-02-17,Butter,Dairy,30,49,4.5,0,1,1,5,0
2024-02-18,Butter,Dairy,30,49,5.6,0,1,1,6,0
2024-02-19,Butter,Dairy,30,35,4.3,0,0,0,0,0
2024-02-20,Butter,Dairy,30,34,4.8,0,0,0,1,0
2024-02-21,Butter,Dairy,30,36,5.7,0,0,0,2,0
2024-02-22,Butter,Dairy,30,40,1.1,0,0,0,3,0
2024-02-23,Butter,Dairy,30,54,3.7,0,0,1,4,0
2024-02-24,Butter,Dairy,30,37,3.5,0,0,1,5,0
2024-02-25,Butter,Dairy,30,43,3.2,0,0,1,6,0
2024-02-26,Butter,Dairy,30,31,4.1,0,0,0,0,0
2024-02-27,Butter,Dairy,30,40,8.0,0,0,0,1,1
2024-02-28,Butter,Dairy,30,29,2.9,0,0,0,2,0
2024-02-29,Butter,Dairy,30,47,7.1,0,0,0,3,0
2024-03-01,Butter,Dairy,30,45,1.3,0,0,1,4,0
2024-03-02,Butter,Dairy,30,37,4.4,0,0,1,5,0
2024-03-03,Butter,Dairy,30,49,5.6,0,0,1,6,0
2024-03-04,Butter,Dairy,30,38,6.6,0,0,0,0,0
2024-03-05,Butter,Dairy,30,33,7.0,0,0,0,1,0
2024-03-06,Butter,Dairy,30,40,7.3,0,0,0,2,0
2024-03-07,Butter,Dairy,30,32,4.8,0,0,0,3,0
2024-03-08,Butter,Dairy,30,42,4.7,0,0,1,4,0
2024-03-09,Butter,Dairy,30,51,7.7,0,0,1,5,0
2024-03-10,Butter,Dairy,30,56,5.5,0,0,1,6,0
2024-03-11,Butter,Dairy,30,31,3.2,0,0,0,0,0
2024-03-12,Butter,Dairy,30,38,3.6,0,0,0,1,0
2024-03-13,Butter,Dairy,30,40,4.2,0,0,0,2,0
2024-03-14,Butter,Dairy,30,64,7.5,0,0,0,3,1
2024-03-15,Butter,Dairy,30,51,6.8,0,0,1,4,0
2024-03-16,Butter,Dairy,30,56,8.1,0,0,1,5,0
2024-03-17,Butter,Dairy,30,58,5.8,0,0,1,6,0
2024-03-18,Butter,Dairy,30,31,7.2,0,0,0,0,0
2024-03-19,Butter,Dairy,30,33,8.3,0,0,0,1,0
2024-03-20,Butter,Dairy,30,55,6.4,0,0,0,2,1
2024-03-21,Butter,Dairy,30,41,8.2,0,0,0,3,0
2024-03-22,Butter,Dairy,30,49,5.8,0,0,1,4,0
2024-03-23,Butter,Dairy,30,81,6.6,0,0,1,5,1
2024-03-24,Butter,Dairy,30,43,6.7,0,0,1,6,0
2024-03-25,Butter,Dairy,30,37,5.0,0,0,0,0,0
2024-03-26,Butter,Dairy,30,26,8.9,0,0,0,1,0
2024-03-27,Butter,Dairy,30,47,6.9,0,0,0,2,0
2024-03-28,Butter,Dairy,30,43,8.1,0,0,0,3,0
2024-03-29,Butter,Dairy,30,61,9.2,1,0,1,4,0
2024-03-30,Butter,Dairy,30,47,9.3,0,0,1,5,0
2024-03-31,Butter,Dairy,30,0,9.9,0,0,1,6,0
2024-04-01,Butter,Dairy,30,49,8.3,1,1,0,0,0
2024-04-02,Butter,Dairy,30,41,7.8,0,1,0,1,0
2024-04-03,Butter,Dairy,30,45,8.7,0,1,0,2,0
2024-04-04,Butter,Dairy,30,44,5.2,0,1,0,3,0
2024-04-05,Butter,Dairy,30,49,5.9,0,1,1,4,0
2024-04-06,Butter,Dairy,30,48,6.3,0,1,1,5,0
2024-04-07,Butter,Dairy,30,54,7.2,0,1,1,6,0
2024-04-08,Butter,Dairy,30,38,10.4,0,1,0,0,0
2024-04-09,Butter,Dairy,30,44,7.6,0,1,0,1,0
2024-04-10,Butter,Dairy,30,46,8.9,0,1,0,2,0
2024-04-11,Butter,Dairy,30,58,12.8,0,1,0,3,0
2024-04-12,Butter,Dairy,30,44,9.3,0,1,1,4,0
2024-04-13,Butter,Dairy,30,53,11.8,0,1,1,5,0
2024-04-14,Butter,Dairy,30,56,8.3,0,1,1,6,0
2024-04-15,Butter,Dairy,30,41,10.0,0,0,0,0,0
2024-04-16,Butter,Dairy,30,46,8.5,0,0,0,1,0
2024-04-17,Butter,Dairy,30,40,10.0,0,0,0,2,0
2024-04-18,Butter,Dairy,30,48,12.7,0,0,0,3,0
2024-04-19,Butter,Dairy,30,52,7.2,0,0,1,4,0
2024-04-20,Butter,Dairy,30,61,12.1,0,0,1,5,0
2024-04-21,Butter,Dairy,30,54,11.8,0,0,1,6,0
2024-04-22,Butter,Dairy,30,38,10.1,0,0,0,0,0
2024-04-23,Butter,Dairy,30,40,8.4,0,0,0,1,0
2024-04-24,Butter,Dairy,30,39,11.8,0,0,0,2,0
2024-04-25,Butter,Dairy,30,34,10.7,0,0,0,3,0
2024-04-26,Butter,Dairy,30,46,12.5,0,0,1,4,0
2024-04-27,Butter,Dairy,30,52,12.1,0,0,1,5,0
2024-04-28,Butter,Dairy,30,53,15.8,0,0,1,6,0
2024-04-29,Butter,Dairy,30,29,11.8,0,0,0,0,0
2024-04-30,Butter,Dairy,30,43,10.3,0,0,0,1,0
2024-05-01,Butter,Dairy,30,46,13.0,0,0,0,2,0
2024-05-02,Butter,Dairy,30,39,13.3,0,0,0,3,0
2024-05-03,Butter,Dairy,30,47,15.9,0,0,1,4,0
2024-05-04,Butter,Dairy,30,52,14.9,0,0,1,5,0
2024-05-05,Butter,Dairy,30,63,14.0,0,0,1,6,0
2024-05-06,Butter,Dairy,30,48,16.5,1,0,0,0,0
2024-05-07,Butter,Dairy,30,59,10.8,0,0,0,1,1
2024-05-08,Butter,Dairy,30,42,12.2,0,0,0,2,0
2024-05-09,Butter,Dairy,30,48,11.7,0,0,0,3,0
2024-05-10,Butter,Dairy,30,56,13.0,0,0,1,4,0
2024-05-11,Butter,Dairy,30,57,10.9,0,0,1,5,0
2024-05-12,Butter,Dairy,30,40,15.5,0,0,1,6,0
2024-05-13,Butter,Dairy,30,46,13.7,0,0,0,0,1
2024-05-14,Butter,Dairy,30,49,11.1,0,0,0,1,0
2024-05-15,Butter,Dairy,30,51,12.2,0,0,0,2,0
2024-05-16,Butter,Dairy,30,42,15.3,0,0,0,3,0
2024-05-17,Butter,Dairy,30,53,16.5,0,0,1,4,0
2024-05-18,Butter,Dairy,30,60,19.2,0,0,1,5,0
2024-05-19,Butter,Dairy,30,76,21.4,0,0,1,6,0
2024-05-20,Butter,Dairy,30,34,16.0,0,0,0,0,0
2024-05-21,Butter,Dairy,30,54,13.0,0,0,0,1,1
2024-05-22,Butter,Dairy,30,33,10.6,0,0,0,2,0
2024-05-23,Butter,Dairy,30,43,16.0,0,0,0,3,0
2024-05-24,Butter,Dairy,30,65,13.7,0,0,1,4,0
2024-05-25,Butter,Dairy,30,47,14.7,0,0,1,5,0
2024-05-26,Butter,Dairy,30,0,14.4,0,1,1,6,1
2024-05-27,Butter,Dairy,30,44,15.6,1,1,0,0,0
2024-05-28,Butter,Dairy,30,43,18.3,0,1,0,1,0
2024-05-29,Butter,Dairy,30,35,16.4,0,1,0,2,0
2024-05-30,Butter,Dairy,30,53,15.8,0,1,0,3,0
2024-05-31,Butter,Dairy,30,58,14.0,0,1,1,4,0
2024-06-01,Butter,Dairy,30,73,12.7,0,0,1,5,1
2024-06-02,Butter,Dairy,30,52,15.4,0,0,1,6,0
2024-06-03,Butter,Dairy,30,34,16.5,0,0,0,0,0
2024-06-04,Butter,Dairy,30,48,20.6,0,0,0,1,0
2024-06-05,Butter,Dairy,30,35,17.1,0,0,0,2,0
2024-06-06,Butter,Dairy,30,32,19.0,0,0,0,3,0
2024-06-07,Butter,Dairy,30,59,15.9,0,0,1,4,0
2024-06-08,Butter,Dairy,30,56,14.5,0,0,1,5,0
2024-06-09,Butter,Dairy,30,53,15.0,0,0,1,6,0
2024-06-10,Butter,Dairy,30,44,15.6,0,0,0,0,0
2024-06-11,Butter,Dairy,30,49,22.0,0,0,0,1,0
2024-06-12,Butter,Dairy,30,51,15.6,0,0,0,2,0
2024-06-13,Butter,Dairy,30,41,19.3,0,0,0,3,0
2024-06-14,Butter,Dairy,30,61,15.6,0,0,1,4,0
2024-06-15,Butter,Dairy,30,46,19.7,0,0,1,5,0
2024-06-16,Butter,Dairy,30,61,18.6,0,0,1,6,0
2024-06-17,Butter,Dairy,30,44,17.5,0,0,0,0,0
2024-06-18,Butter,Dairy,30,53,17.8,0,0,0,1,0
2024-06-19,Butter,Dairy,30,40,16.5,0,0,0,2,0
2024-06-20,Butter,Dairy,30,41,19.0,0,0,0,3,0
2024-06-21,Butter,Dairy,30,44,17.1,0,0,1,4,0
2024-06-22,Butter,Dairy,30,56,15.4,0,0,1,5,0
2024-06-23,Butter,Dairy,30,62,15.4,0,0,1,6,0
2024-06-24,Butter,Dairy,30,46,18.6,0,0,0,0,0
2024-06-25,Butter,Dairy,30,45,21.8,0,0,0,1,0
2024-06-26,Butter,Dairy,30,47,18.7,0,0,0,2,0
2024-06-27,Butter,Dairy,30,38,18.2,0,0,0,3,0
2024-06-28,Butter,Dairy,30,53,19.1,0,0,1,4,0
2024-06-29,Butter,Dairy,30,57,21.4,0,0,1,5,0
2024-06-30,Butter,Dairy,30,61,19.0,0,0,1,6,0
2024-07-01,Butter,Dairy,30,35,17.7,0,1,0,0,0
2024-07-02,Butter,Dairy,30,46,21.1,0,1,0,1,0
2024-07-03,Butter,Dairy,30,45,19.6,0,1,0,2,0
2024-07-04,Butter,Dairy,30,47,22.1,0,1,0,3,0
2024-07-05,Butter,Dairy,30,51,19.2,0,1,1,4,0
2024-07-06,Butter,Dairy,30,54,16.1,0,1,1,5,0
2024-07-07,Butter,Dairy,30,59,15.8,0,1,1,6,0
2024-07-08,Butter,Dairy,30,42,22.5,0,1,0,0,0
2024-07-09,Butter,Dairy,30,45,22.7,0,1,0,1,0
2024-07-10,Butter,Dairy,30,32,18.5,0,1,0,2,0
2024-07-11,Butter,Dairy,30,42,18.1,0,1,0,3,0
2024-07-12,Butter,Dairy,30,84,22.2,0,1,1,4,1
2024-07-13,Butter,Dairy,30,48,16.5,0,1,1,5,0
2024-07-14,Butter,Dairy,30,68,17.0,0,1,1,6,0
2024-07-15,Butter,Dairy,30,41,20.4,0,1,0,0,0
2024-07-16,Butter,Dairy,30,43,18.1,0,1,0,1,0
2024-07-17,Butter,Dairy,30,34,19.0,0,1,0,2,0
2024-07-18,Butter,Dairy,30,43,18.6,0,1,0,3,0
2024-07-19,Butter,Dairy,30,54,19.7,0,1,1,4,0
2024-07-20,Butter,Dairy,30,40,22.1,0,1,1,5,0
2024-07-21,Butter,Dairy,30,52,19.2,0,1,1,6,0
2024-07-22,Butter,Dairy,30,54,20.4,0,1,0,0,1
2024-07-23,Butter,Dairy,30,34,14.5,0,1,0,1,0
2024-07-24,Butter,Dairy,30,37,18.9,0,1,0,2,0
2024-07-25,Butter,Dairy,30,44,17.1,0,1,0,3,0
2024-07-26,Butter,Dairy,30,58,16.3,0,1,1,4,0
2024-07-27,Butter,Dairy,30,73,17.0,0,1,1,5,1
2024-07-28,Butter,Dairy,30,52,18.2,0,1,1,6,0
2024-07-29,Butter,Dairy,30,48,20.9,0,1,0,0,0
2024-07-30,Butter,Dairy,30,38,15.9,0,1,0,1,0
2024-07-31,Butter,Dairy,30,34,18.9,0,1,0,2,0
2024-08-01,Butter,Dairy,30,35,17.7,0,1,0,3,0
2024-08-02,Butter,Dairy,30,61,18.1,0,1,1,4,0
2024-08-03,Butter,Dairy,30,38,21.0,0,1,1,5,0
2024-08-04,Butter,Dairy,30,58,19.9,0,1,1,6,1
2024-08-05,Butter,Dairy,30,59,21.6,0,1,0,0,1
2024-08-06,Butter,Dairy,30,32,18.3,0,1,0,1,0
2024-08-07,Butter,Dairy,30,53,17.1,0,1,0,2,1
2024-08-08,Butter,Dairy,30,55,18.1,0,1,0,3,0
2024-08-09,Butter,Dairy,30,58,19.0,0,1,1,4,0
2024-08-10,Butter,Dairy,30,41,18.8,0,1,1,5,0
2024-08-11,Butter,Dairy,30,55,16.0,0,1,1,6,0
2024-08-12,Butter,Dairy,30,50,18.5,0,1,0,0,1
2024-08-13,Butter,Dairy,30,0,18.8,0,1,0,1,0
2024-08-14,Butter,Dairy,30,40,23.8,0,1,0,2,0
2024-08-15,Butter,Dairy,30,53,22.3,0,1,0,3,0
2024-08-16,Butter,Dairy,30,54,16.2,0,1,1,4,0
2024-08-17,Butter,Dairy,30,46,17.4,0,1,1,5,0
2024-08-18,Butter,Dairy,30,50,14.8,0,1,1,6,0
2024-08-19,Butter,Dairy,30,0,16.6,0,1,0,0,0
2024-08-20,Butter,Dairy,30,40,18.5,0,1,0,1,0
2024-08-21,Butter,Dairy,30,35,20.4,0,1,0,2,0
2024-08-22,Butter,Dairy,30,36,16.1,0,1,0,3,0
2024-08-23,Butter,Dairy,30,48,16.2,0,1,1,4,0
2024-08-24,Butter,Dairy,30,45,12.8,0,1,1,5,0
2024-08-25,Butter,Dairy,30,49,17.1,0,1,1,6,0
2024-08-26,Butter,Dairy,30,51,15.0,1,1,0,0,1
2024-08-27,Butter,Dairy,30,17,16.1,0,1,0,1,0
2024-08-28,Butter,Dairy,30,36,15.3,0,1,0,2,0
2024-08-29,Butter,Dairy,30,44,16.9,0,1,0,3,0
2024-08-30,Butter,Dairy,30,59,13.2,0,1,1,4,0
2024-08-31,Butter,Dairy,30,37,13.7,0,1,1,5,0
2024-09-01,Butter,Dairy,30,50,21.5,0,0,1,6,0
2024-09-02,Butter,Dairy,30,36,13.9,0,0,0,0,0
2024-09-03,Butter,Dairy,30,33,14.2,0,0,0,1,0
2024-09-04,Butter,Dairy,30,36,20.6,0,0,0,2,0
2024-09-05,Butter,Dairy,30,33,22.8,0,0,0,3,0
2024-09-06,Butter,Dairy,30,55,13.8,0,0,1,4,0
2024-09-07,Butter,Dairy,30,53,15.4,0,0,1,5,0
2024-09-08,Butter,Dairy,30,40,16.9,0,0,1,6,0
2024-09-09,Butter,Dairy,30,21,19.8,0,0,0,0,0
2024-09-10,Butter,Dairy,30,25,13.8,0,0,0,1,0
2024-09-11,Butter,Dairy,30,44,15.3,0,0,0,2,0
2024-09-12,Butter,Dairy,30,47,17.4,0,0,0,3,0
2024-09-13,Butter,Dairy,30,51,16.6,0,0,1,4,0
2024-09-14,Butter,Dairy,30,55,14.7,0,0,1,5,0
2024-09-15,Butter,Dairy,30,45,15.1,0,0,1,6,0
2024-09-16,Butter,Dairy,30,25,12.2,0,0,0,0,0
2024-09-17,Butter,Dairy,30,38,14.6,0,0,0,1,0
2024-09-18,Butter,Dairy,30,47,14.4,0,0,0,2,0
2024-09-19,Butter,Dairy,30,39,15.4,0,0,0,3,0
2024-09-20,Butter,Dairy,30,41,13.6,0,0,1,4,0
2024-09-21,Butter,Dairy,30,40,15.7,0,0,1,5,0
2024-09-22,Butter,Dairy,30,40,16.8,0,0,1,6,0
2024-09-23,Butter,Dairy,30,33,14.8,0,0,0,0,0
2024-09-24,Butter,Dairy,30,33,15.1,0,0,0,1,0
2024-09-25,Butter,Dairy,30,51,14.3,0,0,0,2,1
2024-09-26,Butter,Dairy,30,49,14.0,0,0,0,3,0
2024-09-27,Butter,Dairy,30,59,12.3,0,0,1,4,0
2024-09-28,Butter,Dairy,30,40,14.5,0,0,1,5,0
2024-09-29,Butter,Dairy,30,36,13.4,0,0,1,6,0
2024-09-30,Butter,Dairy,30,30,18.1,0,0,0,0,0
2024-10-01,Butter,Dairy,30,48,16.8,0,0,0,1,1
2024-10-02,Butter,Dairy,30,28,14.1,0,0,0,2,0
2024-10-03,Butter,Dairy,30,38,11.4,0,0,0,3,0
2024-10-04,Butter,Dairy,30,61,10.5,0,0,1,4,0
2024-10-05,Butter,Dairy,30,39,15.5,0,0,1,5,0
2024-10-06,Butter,Dairy,30,61,13.3,0,0,1,6,1
2024-10-07,Butter,Dairy,30,39,13.6,0,0,0,0,0
2024-10-08,Butter,Dairy,30,0,8.6,0,0,0,1,0
2024-10-09,Butter,Dairy,30,44,14.4,0,0,0,2,0
2024-10-10,Butter,Dairy,30,36,13.2,0,0,0,3,0
2024-10-11,Butter,Dairy,30,69,9.6,0,0,1,4,1
2024-10-12,Butter,Dairy,30,41,10.9,0,0,1,5,0
2024-10-13,Butter,Dairy,30,40,12.4,0,0,1,6,0
2024-10-14,Butter,Dairy,30,30,11.8,0,0,0,0,0
2024-10-15,Butter,Dairy,30,30,10.9,0,0,0,1,0
2024-10-16,Butter,Dairy,30,35,11.1,0,0,0,2,0
2024-10-17,Butter,Dairy,30,32,10.7,0,0,0,3,0
2024-10-18,Butter,Dairy,30,42,11.4,0,0,1,4,0
2024-10-19,Butter,Dairy,30,54,14.2,0,0,1,5,0
2024-10-20,Butter,Dairy,30,61,5.2,0,0,1,6,1
2024-10-21,Butter,Dairy,30,30,10.2,0,0,0,0,0
2024-10-22,Butter,Dairy,30,34,10.9,0,0,0,1,0
2024-10-23,Butter,Dairy,30,20,11.0,0,0,0,2,0
2024-10-24,Butter,Dairy,30,29,9.4,0,0,0,3,0
2024-10-25,Butter,Dairy,30,49,6.3,0,0,1,4,0
2024-10-26,Butter,Dairy,30,52,10.7,0,1,1,5,1
2024-10-27,Butter,Dairy,30,42,13.7,0,1,1,6,0
2024-10-28,Butter,Dairy,30,25,6.3,0,1,0,0,0
2024-10-29,Butter,Dairy,30,32,11.5,0,1,0,1,0
2024-10-30,Butter,Dairy,30,26,8.7,0,1,0,2,0
2024-10-31,Butter,Dairy,30,45,9.2,0,1,0,3,1
2024-11-01,Butter,Dairy,30,44,6.9,0,0,1,4,0
2024-11-02,Butter,Dairy,30,31,8.3,0,0,1,5,0
2024-11-03,Butter,Dairy,30,55,11.8,0,0,1,6,0
2024-11-04,Butter,Dairy,30,43,10.1,0,0,0,0,0
2024-11-05,Butter,Dairy,30,39,12.5,0,0,0,1,0
2024-11-06,Butter,Dairy,30,41,11.1,0,0,0,2,0
2024-11-07,Butter,Dairy,30,40,9.3,0,0,0,3,0
2024-11-08,Butter,Dairy,30,55,12.1,0,0,1,4,0
2024-11-09,Butter,Dairy,30,75,9.1,0,0,1,5,1
2024-11-10,Butter,Dairy,30,42,9.8,0,0,1,6,0
2024-11-11,Butter,Dairy,30,29,7.2,0,0,0,0,0
2024-11-12,Butter,Dairy,30,34,7.9,0,0,0,1,0
2024-11-13,Butter,Dairy,30,30,6.1,0,0,0,2,0
2024-11-14,Butter,Dairy,30,39,9.7,0,0,0,3,0
2024-11-15,Butter,Dairy,30,57,4.8,0,0,1,4,1
2024-11-16,Butter,Dairy,30,51,9.0,0,0,1,5,0
2024-11-17,Butter,Dairy,30,44,6.7,0,0,1,6,0
2024-11-18,Butter,Dairy,30,31,9.6,0,0,0,0,0
2024-11-19,Butter,Dairy,30,31,8.5,0,0,0,1,0
2024-11-20,Butter,Dairy,30,36,10.8,0,0,0,2,0
2024-11-21,Butter,Dairy,30,51,8.3,0,0,0,3,1
2024-11-22,Butter,Dairy,30,50,3.1,0,0,1,4,1
2024-11-23,Butter,Dairy,30,45,6.3,0,0,1,5,0
2024-11-24,Butter,Dairy,30,32,3.7,0,0,1,6,0
2024-11-25,Butter,Dairy,30,25,5.1,0,0,0,0,0
2024-11-26,Butter,Dairy,30,29,9.4,0,0,0,1,0
2024-11-27,Butter,Dairy,30,30,7.4,0,0,0,2,0
2024-11-28,Butter,Dairy,30,37,4.3,0,0,0,3,0
2024-11-29,Butter,Dairy,30,43,3.5,0,0,1,4,0
2024-11-30,Butter,Dairy,30,52,5.7,0,0,1,5,1
2024-12-01,Butter,Dairy,30,39,2.9,0,0,1,6,0
2024-12-02,Butter,Dairy,30,27,4.0,0,0,0,0,0
2024-12-03,Butter,Dairy,30,42,6.1,0,0,0,1,0
2024-12-04,Butter,Dairy,30,35,7.8,0,0,0,2,0
2024-12-05,Butter,Dairy,30,42,6.5,0,0,0,3,0
2024-12-06,Butter,Dairy,30,23,0.0,0,0,1,4,0
2024-12-07,Butter,Dairy,30,45,5.7,0,0,1,5,0
2024-12-08,Butter,Dairy,30,34,5.1,0,0,1,6,0
2024-12-09,Butter,Dairy,30,34,5.7,0,0,0,0,0
2024-12-10,Butter,Dairy,30,35,8.3,0,0,0,1,0
2024-12-11,Butter,Dairy,30,36,0.1,0,0,0,2,0
2024-12-12,Butter,Dairy,30,49,3.3,0,0,0,3,0
2024-12-13,Butter,Dairy,30,41,5.8,0,0,1,4,0
2024-12-14,Butter,Dairy,30,49,0.9,0,0,1,5,0
2024-12-15,Butter,Dairy,30,42,7.6,0,0,1,6,0
2024-12-16,Butter,Dairy,30,35,5.1,0,0,0,0,0
2024-12-17,Butter,Dairy,30,25,6.0,0,0,0,1,0
2024-12-18,Butter,Dairy,30,35,2.9,0,0,0,2,0
2024-12-19,Butter,Dairy,30,50,5.8,0,0,0,3,0
2024-12-20,Butter,Dairy,30,37,6.3,0,1,1,4,0
2024-12-21,Butter,Dairy,30,41,4.4,0,1,1,5,0
2024-12-22,Butter,Dairy,30,46,4.4,0,1,1,6,0
2024-12-23,Butter,Dairy,30,34,4.4,0,1,0,0,0
2024-12-24,Butter,Dairy,30,36,1.8,0,1,0,1,0
2024-12-25,Butter,Dairy,30,0,3.3,1,1,0,2,0
2024-12-26,Butter,Dairy,30,51,3.3,1,1,0,3,0
2024-12-27,Butter,Dairy,30,41,4.4,0,1,1,4,0
2024-12-28,Butter,Dairy,30,48,5.7,0,1,1,5,0
2024-12-29,Butter,Dairy,30,50,1.1,0,1,1,6,0
2024-12-30,Butter,Dairy,30,34,3.1,0,1,0,0,0
2024-12-31,Butter,Dairy,30,32,6.6,0,1,0,1,0
2025-01-01,Butter,Dairy,30,40,1.7,1,1,0,2,0
2025-01-02,Butter,Dairy,30,25,1.5,0,1,0,3,0
2025-01-03,Butter,Dairy,30,44,3.7,0,0,1,4,0
2025-01-04,Butter,Dairy,30,44,5.1,0,0,1,5,0
2025-01-05,Butter,Dairy,30,54,3.2,0,0,1,6,0
2025-01-06,Butter,Dairy,30,35,6.1,0,0,0,0,0
2025-01-07,Butter,Dairy,30,33,5.0,0,0,0,1,0
2025-01-08,Butter,Dairy,30,33,5.0,0,0,0,2,0
2025-01-09,Butter,Dairy,30,25,4.3,0,0,0,3,0
2025-01-10,Butter,Dairy,30,77,8.2,0,0,1,4,1
2025-01-11,Butter,Dairy,30,48,2.6,0,0,1,5,0
2025-01-12,Butter,Dairy,30,42,-1.4,0,0,1,6,0
2025-01-13,Butter,Dairy,30,33,6.6,0,0,0,0,0
2025-01-14,Butter,Dairy,30,33,2.0,0,0,0,1,0
2025-01-15,Butter,Dairy,30,40,3.3,0,0,0,2,0
2025-01-16,Butter,Dairy,30,43,5.9,0,0,0,3,0
2025-01-17,Butter,Dairy,30,76,-0.5,0,0,1,4,1
2025-01-18,Butter,Dairy,30,50,0.2,0,0,1,5,0
2025-01-19,Butter,Dairy,30,44,-0.5,0,0,1,6,0
2025-01-20,Butter,Dairy,30,37,1.3,0,0,0,0,0
2025-01-21,Butter,Dairy,30,23,4.0,0,0,0,1,0
2025-01-22,Butter,Dairy,30,43,4.2,0,0,0,2,0
2025-01-23,Butter,Dairy,30,38,3.6,0,0,0,3,0
2025-01-24,Butter,Dairy,30,52,-0.1,0,0,1,4,0
2025-01-25,Butter,Dairy,30,40,-2.0,0,0,1,5,0
2025-01-26,Butter,Dairy,30,51,3.2,0,0,1,6,0
2025-01-27,Butter,Dairy,30,23,2.0,0,0,0,0,0
2025-01-28,Butter,Dairy,30,36,4.1,0,0,0,1,0
2025-01-29,Butter,Dairy,30,40,4.7,0,0,0,2,0
2025-01-30,Butter,Dairy,30,40,3.5,0,0,0,3,0
2025-01-31,Butter,Dairy,30,56,4.9,0,0,1,4,0
2025-02-01,Butter,Dairy,30,51,3.7,0,0,1,5,1
2025-02-02,Butter,Dairy,30,40,4.4,0,0,1,6,0
2025-02-03,Butter,Dairy,30,41,1.7,0,0,0,0,0
2025-02-04,Butter,Dairy,30,32,2.9,0,0,0,1,0
2025-02-05,Butter,Dairy,30,40,3.8,0,0,0,2,0
2025-02-06,Butter,Dairy,30,29,5.2,0,0,0,3,0
2025-02-07,Butter,Dairy,30,62,2.6,0,0,1,4,1
2025-02-08,Butter,Dairy,30,47,4.6,0,0,1,5,0
2025-02-09,Butter,Dairy,30,50,2.9,0,0,1,6,0
2025-02-10,Butter,Dairy,30,44,3.3,0,0,0,0,0
2025-02-11,Butter,Dairy,30,31,5.5,0,0,0,1,0
2025-02-12,Butter,Dairy,30,41,-0.7,0,1,0,2,0
2025-02-13,Butter,Dairy,30,36,0.9,0,1,0,3,0
2025-02-14,Butter,Dairy,30,52,0.5,0,1,1,4,0
2025-02-15,Butter,Dairy,30,52,-1.3,0,1,1,5,0
2025-02-16,Butter,Dairy,30,46,2.4,0,1,1,6,0
2025-02-17,Butter,Dairy,30,40,5.6,0,1,0,0,0
2025-02-18,Butter,Dairy,30,30,3.4,0,1,0,1,0
2025-02-19,Butter,Dairy,30,48,4.6,0,0,0,2,0
2025-02-20,Butter,Dairy,30,39,6.6,0,0,0,3,0
2025-02-21,Butter,Dairy,30,44,7.2,0,0,1,4,0
2025-02-22,Butter,Dairy,30,62,4.2,0,0,1,5,0
2025-02-23,Butter,Dairy,30,37,7.4,0,0,1,6,0
2025-02-24,Butter,Dairy,30,45,4.7,0,0,0,0,0
2025-02-25,Butter,Dairy,30,43,2.7,0,0,0,1,1
2025-02-26,Butter,Dairy,30,47,3.4,0,0,0,2,0
2025-02-27,Butter,Dairy,30,37,1.5,0,0,0,3,0
2025-02-28,Butter,Dairy,30,45,2.9,0,0,1,4,0
2025-03-01,Butter,Dairy,30,54,4.1,0,0,1,5,0
2025-03-02,Butter,Dairy,30,50,6.8,0,0,1,6,0
2025-03-03,Butter,Dairy,30,31,8.9,0,0,0,0,0
2025-03-04,Butter,Dairy,30,39,2.2,0,0,0,1,0
2025-03-05,Butter,Dairy,30,45,6.2,0,0,0,2,0
2025-03-06,Butter,Dairy,30,47,3.1,0,0,0,3,0
2025-03-07,Butter,Dairy,30,53,6.6,0,0,1,4,0
2025-03-08,Butter,Dairy,30,50,5.3,0,0,1,5,0
2025-03-09,Butter,Dairy,30,63,1.7,0,0,1,6,0
2025-03-10,Butter,Dairy,30,36,7.9,0,0,0,0,0
2025-03-11,Butter,Dairy,30,29,4.6,0,0,0,1,0
2025-03-12,Butter,Dairy,30,46,4.9,0,0,0,2,0
2025-03-13,Butter,Dairy,30,37,3.8,0,0,0,3,0
2025-03-14,Butter,Dairy,30,59,4.8,0,0,1,4,0
2025-03-15,Butter,Dairy,30,48,7.3,0,0,1,5,0
2025-03-16,Butter,Dairy,30,50,6.1,0,0,1,6,0
2025-03-17,Butter,Dairy,30,38,7.3,0,0,0,0,0
2025-03-18,Butter,Dairy,30,43,7.5,0,0,0,1,0
2025-03-19,Butter,Dairy,30,40,9.7,0,0,0,2,0
2025-03-20,Butter,Dairy,30,46,6.2,0,0,0,3,0
2025-03-21,Butter,Dairy,30,42,3.8,0,0,1,4,0
2025-03-22,Butter,Dairy,30,52,9.5,0,0,1,5,0
2025-03-23,Butter,Dairy,30,69,6.6,0,0,1,6,1
2025-03-24,Butter,Dairy,30,46,9.9,0,0,0,0,1
2025-03-25,Butter,Dairy,30,35,8.4,0,0,0,1,0
2025-03-26,Butter,Dairy,30,51,7.4,0,0,0,2,0
2025-03-27,Butter,Dairy,30,52,8.6,0,0,0,3,0
2025-03-28,Butter,Dairy,30,45,12.2,0,0,1,4,0
2025-03-29,Butter,Dairy,30,55,12.6,0,0,1,5,0
2025-03-30,Butter,Dairy,30,50,8.3,0,0,1,6,0
2025-03-31,Butter,Dairy,30,52,8.7,0,0,0,0,1
2025-04-01,Butter,Dairy,30,39,10.8,0,1,0,1,0
2025-04-02,Butter,Dairy,30,51,6.7,0,1,0,2,1
2025-04-03,Butter,Dairy,30,40,9.4,0,1,0,3,0
2025-04-04,Butter,Dairy,30,56,8.8,0,1,1,4,0
2025-04-05,Butter,Dairy,30,62,9.6,0,1,1,5,0
2025-04-06,Butter,Dairy,30,60,7.3,0,1,1,6,0
2025-04-07,Butter,Dairy,30,42,5.7,0,1,0,0,0
2025-04-08,Butter,Dairy,30,31,4.8,0,1,0,1,0
2025-04-09,Butter,Dairy,30,47,7.0,0,1,0,2,0
2025-04-10,Butter,Dairy,30,35,8.6,0,1,0,3,0
2025-04-11,Butter,Dairy,30,0,9.1,0,1,1,4,0
2025-04-12,Butter,Dairy,30,61,14.2,0,1,1,5,0
2025-04-13,Butter,Dairy,30,58,12.5,0,1,1,6,0
2025-04-14,Butter,Dairy,30,37,8.1,0,1,0,0,0
2025-04-15,Butter,Dairy,30,39,11.1,0,0,0,1,0
2025-04-16,Butter,Dairy,30,64,9.6,0,0,0,2,1
2025-04-17,Butter,Dairy,30,35,10.0,0,0,0,3,0
2025-04-18,Butter,Dairy,30,73,11.1,1,0,1,4,0
2025-04-19,Butter,Dairy,30,57,12.2,0,0,1,5,0
2025-04-20,Butter,Dairy,30,61,10.3,0,0,1,6,0
2025-04-21,Butter,Dairy,30,52,13.5,1,0,0,0,0
2025-04-22,Butter,Dairy,30,31,8.8,0,0,0,1,0
2025-04-23,Butter,Dairy,30,56,11.4,0,0,0,2,0
2025-04-24,Butter,Dairy,30,48,17.3,0,0,0,3,0
2025-04-25,Butter,Dairy,30,58,12.2,0,0,1,4,0
2025-04-26,Butter,Dairy,30,77,15.0,0,0,1,5,0
2025-04-27,Butter,Dairy,30,70,12.2,0,0,1,6,0
2025-04-28,Butter,Dairy,30,46,13.4,0,0,0,0,0
2025-04-29,Butter,Dairy,30,35,12.1,0,0,0,1,0
2025-04-30,Butter,Dairy,30,34,12.0,0,0,0,2,0
2025-05-01,Butter,Dairy,30,48,10.8,0,0,0,3,0
2025-05-02,Butter,Dairy,30,0,13.6,0,0,1,4,0
2025-05-03,Butter,Dairy,30,55,10.9,0,0,1,5,0
2025-05-04,Butter,Dairy,30,60,14.4,0,0,1,6,0
2025-05-05,Butter,Dairy,30,58,15.4,1,0,0,0,0
2025-05-06,Butter,Dairy,30,37,14.0,0,0,0,1,0
2025-05-07,Butter,Dairy,30,47,12.7,0,0,0,2,0
2025-05-08,Butter,Dairy,30,53,14.4,0,0,0,3,0
2025-05-09,Butter,Dairy,30,58,12.9,0,0,1,4,0
2025-05-10,Butter,Dairy,30,53,15.8,0,0,1,5,0
2025-05-11,Butter,Dairy,30,60,9.8,0,0,1,6,0
2025-05-12,Butter,Dairy,30,35,13.2,0,0,0,0,0
2025-05-13,Butter,Dairy,30,50,9.7,0,0,0,1,0
2025-05-14,Butter,Dairy,30,46,10.9,0,0,0,2,0
2025-05-15,Butter,Dairy,30,50,17.3,0,0,0,3,0
2025-05-16,Butter,Dairy,30,88,16.4,0,0,1,4,1
2025-05-17,Butter,Dairy,30,55,13.0,0,0,1,5,0
2025-05-18,Butter,Dairy,30,41,11.4,0,0,1,6,0
2025-05-19,Butter,Dairy,30,52,8.3,0,0,0,0,0
2025-05-20,Butter,Dairy,30,36,13.8,0,0,0,1,0
2025-05-21,Butter,Dairy,30,57,20.4,0,0,0,2,0
2025-05-22,Butter,Dairy,30,57,16.1,0,0,0,3,0
2025-05-23,Butter,Dairy,30,49,14.1,0,0,1,4,0
2025-05-24,Butter,Dairy,30,78,16.4,0,0,1,5,1
2025-05-25,Butter,Dairy,30,56,12.1,0,0,1,6,0
2025-05-26,Butter,Dairy,30,46,15.0,1,1,0,0,0
2025-05-27,Butter,Dairy,30,45,16.0,0,1,0,1,0
2025-05-28,Butter,Dairy,30,53,15.7,0,1,0,2,0
2025-05-29,Butter,Dairy,30,48,17.7,0,1,0,3,0
2025-05-30,Butter,Dairy,30,57,16.8,0,1,1,4,0
2025-05-31,Butter,Dairy,30,50,17.7,0,1,1,5,0
2025-06-01,Butter,Dairy,30,51,14.8,0,0,1,6,0
2025-06-02,Butter,Dairy,30,43,18.4,0,0,0,0,0
2025-06-03,Butter,Dairy,30,32,20.1,0,0,0,1,0
2025-06-04,Butter,Dairy,30,45,14.5,0,0,0,2,0
2025-06-05,Butter,Dairy,30,59,14.7,0,0,0,3,0
2025-06-06,Butter,Dairy,30,59,19.7,0,0,1,4,0
2025-06-07,Butter,Dairy,30,75,16.5,0,0,1,5,1
2025-06-08,Butter,Dairy,30,54,20.1,0,0,1,6,0
2025-06-09,Butter,Dairy,30,42,16.1,0,0,0,0,0
2025-06-10,Butter,Dairy,30,65,20.4,0,0,0,1,1
2025-06-11,Butter,Dairy,30,46,17.5,0,0,0,2,0
2025-06-12,Butter,Dairy,30,56,17.9,0,0,0,3,0
2025-06-13,Butter,Dairy,30,54,20.9,0,0,1,4,0
2025-06-14,Butter,Dairy,30,60,16.7,0,0,1,5,0
2025-06-15,Butter,Dairy,30,81,15.5,0,0,1,6,1
2025-06-16,Butter,Dairy,30,0,16.7,0,0,0,0,0
2025-06-17,Butter,Dairy,30,40,18.7,0,0,0,1,0
2025-06-18,Butter,Dairy,30,36,14.4,0,0,0,2,0
2025-06-19,Butter,Dairy,30,42,19.3,0,0,0,3,0
2025-06-20,Butter,Dairy,30,65,16.8,0,0,1,4,0
2025-06-21,Butter,Dairy,30,60,20.5,0,0,1,5,0
2025-06-22,Butter,Dairy,30,53,12.8,0,0,1,6,0
2025-06-23,Butter,Dairy,30,39,16.4,0,0,0,0,0
2025-06-24,Butter,Dairy,30,43,14.5,0,0,0,1,0
2025-06-25,Butter,Dairy,30,57,16.4,0,0,0,2,0
2025-06-26,Butter,Dairy,30,58,18.9,0,0,0,3,0
2025-06-27,Butter,Dairy,30,59,18.0,0,0,1,4,0
2025-06-28,Butter,Dairy,30,57,17.9,0,0,1,5,0
2025-06-29,Butter,Dairy,30,42,18.1,0,0,1,6,0
2025-06-30,Butter,Dairy,30,36,19.0,0,0,0,0,0
2025-07-01,Butter,Dairy,30,57,16.3,0,1,0,1,1
2025-07-02,Butter,Dairy,30,38,20.2,0,1,0,2,0
2025-07-03,Butter,Dairy,30,44,20.1,0,1,0,3,0
2025-07-04,Butter,Dairy,30,66,19.5,0,1,1,4,0
2025-07-05,Butter,Dairy,30,59,19.9,0,1,1,5,0
2025-07-06,Butter,Dairy,30,56,19.4,0,1,1,6,0
2025-07-07,Butter,Dairy,30,48,23.3,0,1,0,0,0
2025-07-08,Butter,Dairy,30,39,18.6,0,1,0,1,0
2025-07-09,Butter,Dairy,30,43,18.2,0,1,0,2,0
2025-07-10,Butter,Dairy,30,70,17.2,0,1,0,3,1
2025-07-11,Butter,Dairy,30,57,16.6,0,1,1,4,0
2025-07-12,Butter,Dairy,30,49,16.2,0,1,1,5,0
2025-07-13,Butter,Dairy,30,63,17.0,0,1,1,6,0
2025-07-14,Butter,Dairy,30,50,18.8,0,1,0,0,1
2025-07-15,Butter,Dairy,30,45,19.7,0,1,0,1,0
2025-07-16,Butter,Dairy,30,48,19.1,0,1,0,2,0
2025-07-17,Butter,Dairy,30,52,17.3,0,1,0,3,0
2025-07-18,Butter,Dairy,30,62,21.0,0,1,1,4,0
2025-07-19,Butter,Dairy,30,65,20.6,0,1,1,5,0
2025-07-20,Butter,Dairy,30,66,18.6,0,1,1,6,0
2025-07-21,Butter,Dairy,30,31,17.6,0,1,0,0,0
2025-07-22,Butter,Dairy,30,34,20.2,0,1,0,1,0
2025-07-23,Butter,Dairy,30,42,19.4,0,1,0,2,0
2025-07-24,Butter,Dairy,30,44,15.8,0,1,0,3,0
2025-07-25,Butter,Dairy,30,61,18.8,0,1,1,4,0
2025-07-26,Butter,Dairy,30,60,19.5,0,1,1,5,0
2025-07-27,Butter,Dairy,30,57,17.0,0,1,1,6,0
2025-07-28,Butter,Dairy,30,36,19.3,0,1,0,0,0
2025-07-29,Butter,Dairy,30,44,15.7,0,1,0,1,0
2025-07-30,Butter,Dairy,30,54,21.8,0,1,0,2,0
2025-07-31,Butter,Dairy,30,50,21.6,0,1,0,3,0
2025-08-01,Butter,Dairy,30,62,18.3,0,1,1,4,0
2025-08-02,Butter,Dairy,30,51,19.6,0,1,1,5,0
2025-08-03,Butter,Dairy,30,63,13.5,0,1,1,6,0
2025-08-04,Butter,Dairy,30,46,16.2,0,1,0,0,1
2025-08-05,Butter,Dairy,30,0,18.1,0,1,0,1,0
2025-08-06,Butter,Dairy,30,62,16.3,0,1,0,2,1
2025-08-07,Butter,Dairy,30,36,20.2,0,1,0,3,0
2025-08-08,Butter,Dairy,30,54,23.0,0,1,1,4,0
2025-08-09,Butter,Dairy,30,51,16.0,0,1,1,5,0
2025-08-10,Butter,Dairy,30,42,16.7,0,1,1,6,0
2025-08-11,Butter,Dairy,30,34,19.0,0,1,0,0,0
2025-08-12,Butter,Dairy,30,45,21.9,0,1,0,1,0
2025-08-13,Butter,Dairy,30,46,15.7,0,1,0,2,0
2025-08-14,Butter,Dairy,30,46,18.8,0,1,0,3,0
2025-08-15,Butter,Dairy,30,48,22.2,0,1,1,4,0
2025-08-16,Butter,Dairy,30,51,14.5,0,1,1,5,0
2025-08-17,Butter,Dairy,30,44,15.3,0,1,1,6,0
2025-08-18,Butter,Dairy,30,38,17.1,0,1,0,0,0
2025-08-19,Butter,Dairy,30,35,16.8,0,1,0,1,0
2025-08-20,Butter,Dairy,30,47,19.7,0,1,0,2,0
2025-08-21,Butter,Dairy,30,45,18.4,0,1,0,3,0
2025-08-22,Butter,Dairy,30,57,13.9,0,1,1,4,0
2025-08-23,Butter,Dairy,30,50,18.8,0,1,1,5,0
2025-08-24,Butter,Dairy,30,53,16.3,0,1,1,6,0
2025-08-25,Butter,Dairy,30,48,20.3,1,1,0,0,0
2025-08-26,Butter,Dairy,30,33,16.1,0,1,0,1,0
2025-08-27,Butter,Dairy,30,60,16.0,0,1,0,2,0
2025-08-28,Butter,Dairy,30,38,18.5,0,1,0,3,0
2025-08-29,Butter,Dairy,30,50,18.9,0,1,1,4,0
2025-08-30,Butter,Dairy,30,49,18.1,0,1,1,5,0
2025-08-31,Butter,Dairy,30,67,13.3,0,1,1,6,0
2025-09-01,Butter,Dairy,30,41,18.1,0,0,0,0,0
2025-09-02,Butter,Dairy,30,55,14.6,0,0,0,1,1
2025-09-03,Butter,Dairy,30,26,17.3,0,0,0,2,0
2025-09-04,Butter,Dairy,30,50,13.5,0,0,0,3,0
2025-09-05,Butter,Dairy,30,49,17.5,0,0,1,4,0
2025-09-06,Butter,Dairy,30,55,14.7,0,0,1,5,0
2025-09-07,Butter,Dairy,30,45,13.5,0,0,1,6,0
2025-09-08,Butter,Dairy,30,44,17.8,0,0,0,0,0
2025-09-09,Butter,Dairy,30,38,16.7,0,0,0,1,0
2025-09-10,Butter,Dairy,30,33,14.7,0,0,0,2,0
2025-09-11,Butter,Dairy,30,39,19.1,0,0,0,3,0
2025-09-12,Butter,Dairy,30,56,14.9,0,0,1,4,0
2025-09-13,Butter,Dairy,30,46,15.8,0,0,1,5,0
2025-09-14,Butter,Dairy,30,72,16.2,0,0,1,6,1
2025-09-15,Butter,Dairy,30,41,14.1,0,0,0,0,0
2025-09-16,Butter,Dairy,30,37,16.4,0,0,0,1,0
2025-09-17,Butter,Dairy,30,47,14.1,0,0,0,2,0
2025-09-18,Butter,Dairy,30,37,14.2,0,0,0,3,0
2025-09-19,Butter,Dairy,30,47,18.0,0,0,1,4,0
2025-09-20,Butter,Dairy,30,51,12.6,0,0,1,5,0
2025-09-21,Butter,Dairy,30,46,9.5,0,0,1,6,0
2025-09-22,Butter,Dairy,30,0,18.2,0,0,0,0,0
2025-09-23,Butter,Dairy,30,31,20.1,0,0,0,1,0
2025-09-24,Butter,Dairy,30,49,13.5,0,0,0,2,0
2025-09-25,Butter,Dairy,30,38,10.0,0,0,0,3,0
2025-09-26,Butter,Dairy,30,48,13.5,0,0,1,4,0
2025-09-27,Butter,Dairy,30,63,13.4,0,0,1,5,0
2025-09-28,Butter,Dairy,30,55,13.5,0,0,1,6,0
2025-09-29,Butter,Dairy,30,53,11.3,0,0,0,0,1
2025-09-30,Butter,Dairy,30,37,14.9,0,0,0,1,0
2025-10-01,Butter,Dairy,30,57,14.7,0,0,0,2,0
2025-10-02,Butter,Dairy,30,40,10.1,0,0,0,3,0
2025-10-03,Butter,Dairy,30,49,14.8,0,0,1,4,0
2025-10-04,Butter,Dairy,30,55,17.6,0,0,1,5,0
2025-10-05,Butter,Dairy,30,46,13.4,0,0,1,6,0
2025-10-06,Butter,Dairy,30,30,12.1,0,0,0,0,0
2025-10-07,Butter,Dairy,30,30,12.4,0,0,0,1,0
2025-10-08,Butter,Dairy,30,36,13.9,0,0,0,2,0
2025-10-09,Butter,Dairy,30,36,8.6,0,0,0,3,0
2025-10-10,Butter,Dairy,30,43,12.7,0,0,1,4,0
2025-10-11,Butter,Dairy,30,0,11.3,0,0,1,5,0
2025-10-12,Butter,Dairy,30,41,16.1,0,0,1,6,0
2025-10-13,Butter,Dairy,30,35,11.5,0,0,0,0,0
2025-10-14,Butter,Dairy,30,29,15.4,0,0,0,1,0
2025-10-15,Butter,Dairy,30,40,9.2,0,0,0,2,0
2025-10-16,Butter,Dairy,30,43,12.8,0,0,0,3,0
2025-10-17,Butter,Dairy,30,81,12.1,0,0,1,4,1
2025-10-18,Butter,Dairy,30,56,9.3,0,0,1,5,0
2025-10-19,Butter,Dairy,30,39,11.5,0,0,1,6,0
2025-10-20,Butter,Dairy,30,41,13.6,0,0,0,0,0
2025-10-21,Butter,Dairy,30,34,10.1,0,0,0,1,0
2025-10-22,Butter,Dairy,30,43,7.0,0,0,0,2,0
2025-10-23,Butter,Dairy,30,35,10.5,0,0,0,3,0
2025-10-24,Butter,Dairy,30,38,8.4,0,0,1,4,0
2025-10-25,Butter,Dairy,30,51,9.5,0,0,1,5,0
2025-10-26,Butter,Dairy,30,44,9.9,0,1,1,6,0
2025-10-27,Butter,Dairy,30,33,6.2,0,1,0,0,0
2025-10-28,Butter,Dairy,30,39,6.3,0,1,0,1,0
2025-10-29,Butter,Dairy,30,36,10.8,0,1,0,2,0
2025-10-30,Butter,Dairy,30,32,8.4,0,1,0,3,0
2025-10-31,Butter,Dairy,30,51,3.8,0,1,1,4,0
2025-11-01,Butter,Dairy,30,49,11.0,0,0,1,5,0
2025-11-02,Butter,Dairy,30,42,9.8,0,0,1,6,0
2025-11-03,Butter,Dairy,30,40,7.5,0,0,0,0,0
2025-11-04,Butter,Dairy,30,21,6.0,0,0,0,1,0
2025-11-05,Butter,Dairy,30,43,10.6,0,0,0,2,0
2025-11-06,Butter,Dairy,30,45,9.4,0,0,0,3,0
2025-11-07,Butter,Dairy,30,62,13.8,0,0,1,4,0
2025-11-08,Butter,Dairy,30,43,9.3,0,0,1,5,0
2025-11-09,Butter,Dairy,30,43,9.1,0,0,1,6,0
2025-11-10,Butter,Dairy,30,31,7.8,0,0,0,0,0
2025-11-11,Butter,Dairy,30,39,9.8,0,0,0,1,0
2025-11-12,Butter,Dairy,30,46,9.2,0,0,0,2,0
2025-11-13,Butter,Dairy,30,36,10.5,0,0,0,3,0
2025-11-14,Butter,Dairy,30,35,6.5,0,0,1,4,0
2025-11-15,Butter,Dairy,30,47,6.5,0,0,1,5,0
2025-11-16,Butter,Dairy,30,0,6.3,0,0,1,6,0
2025-11-17,Butter,Dairy,30,25,9.0,0,0,0,0,0
2025-11-18,Butter,Dairy,30,41,10.4,0,0,0,1,0
2025-11-19,Butter,Dairy,30,36,6.0,0,0,0,2,0
2025-11-20,Butter,Dairy,30,29,6.0,0,0,0,3,0
2025-11-21,Butter,Dairy,30,50,7.5,0,0,1,4,0
2025-11-22,Butter,Dairy,30,33,6.1,0,0,1,5,0
2025-11-23,Butter,Dairy,30,57,8.6,0,0,1,6,0
2025-11-24,Butter,Dairy,30,37,1.5,0,0,0,0,0
2025-11-25,Butter,Dairy,30,26,4.5,0,0,0,1,0
2025-11-26,Butter,Dairy,30,40,4.5,0,0,0,2,0
2025-11-27,Butter,Dairy,30,46,1.0,0,0,0,3,0
2025-11-28,Butter,Dairy,30,37,3.9,0,0,1,4,0
2025-11-29,Butter,Dairy,30,48,3.9,0,0,1,5,0
2025-11-30,Butter,Dairy,30,46,5.3,0,0,1,6,0
2025-12-01,Butter,Dairy,30,29,8.1,0,0,0,0,0
2025-12-02,Butter,Dairy,30,27,5.0,0,0,0,1,0
2025-12-03,Butter,Dairy,30,33,3.2,0,0,0,2,0
2025-12-04,Butter,Dairy,30,33,5.2,0,0,0,3,0
2025-12-05,Butter,Dairy,30,0,7.6,0,0,1,4,1
2025-12-06,Butter,Dairy,30,52,3.0,0,0,1,5,0
2025-12-07,Butter,Dairy,30,43,3.1,0,0,1,6,0
2025-12-08,Butter,Dairy,30,35,6.2,0,0,0,0,0
2025-12-09,Butter,Dairy,30,29,4.4,0,0,0,1,0
2025-12-10,Butter,Dairy,30,46,6.2,0,0,0,2,0
2025-12-11,Butter,Dairy,30,36,4.7,0,0,0,3,0
2025-12-12,Butter,Dairy,30,35,6.2,0,0,1,4,0
2025-12-13,Butter,Dairy,30,47,2.3,0,0,1,5,0
2025-12-14,Butter,Dairy,30,40,4.5,0,0,1,6,0
2025-12-15,Butter,Dairy,30,34,3.9,0,0,0,0,0
2025-12-16,Butter,Dairy,30,44,1.7,0,0,0,1,0
2025-12-17,Butter,Dairy,30,38,0.8,0,0,0,2,0
2025-12-18,Butter,Dairy,30,40,5.7,0,0,0,3,0
2025-12-19,Butter,Dairy,30,48,3.3,0,0,1,4,0
2025-12-20,Butter,Dairy,30,38,1.8,0,1,1,5,0
2025-12-21,Butter,Dairy,30,56,3.8,0,1,1,6,0
2025-12-22,Butter,Dairy,30,36,6.4,0,1,0,0,0
2025-12-23,Butter,Dairy,30,41,-1.2,0,1,0,1,0
2025-12-24,Butter,Dairy,30,30,0.5,0,1,0,2,0
2025-12-25,Butter,Dairy,30,0,1.7,1,1,0,3,0
2025-12-26,Butter,Dairy,30,70,6.9,1,1,1,4,0
2025-12-27,Butter,Dairy,30,53,4.2,0,1,1,5,0
2025-12-28,Butter,Dairy,30,42,5.3,0,1,1,6,0
2025-12-29,Butter,Dairy,30,32,1.0,0,1,0,0,0
2025-12-30,Butter,Dairy,30,50,1.0,0,1,0,1,1
2025-12-31,Butter,Dairy,30,34,4.4,0,1,0,2,0
2024-01-01,Eggs,Dairy,21,53,4.0,1,1,0,0,0
2024-01-02,Eggs,Dairy,21,37,1.0,0,1,0,1,0
2024-01-03,Eggs,Dairy,21,48,4.9,0,0,0,2,0
2024-01-04,Eggs,Dairy,21,55,5.3,0,0,0,3,0
2024-01-05,Eggs,Dairy,21,73,-1.1,0,0,1,4,0
2024-01-06,Eggs,Dairy,21,89,0.3,0,0,1,5,0
2024-01-07,Eggs,Dairy,21,80,3.4,0,0,1,6,0
2024-01-08,Eggs,Dairy,21,48,2.4,0,0,0,0,0
2024-01-09,Eggs,Dairy,21,48,3.1,0,0,0,1,0
2024-01-10,Eggs,Dairy,21,66,1.2,0,0,0,2,0
2024-01-11,Eggs,Dairy,21,44,5.0,0,0,0,3,0
2024-01-12,Eggs,Dairy,21,104,4.8,0,0,1,4,1
2024-01-13,Eggs,Dairy,21,75,3.2,0,0,1,5,0
2024-01-14,Eggs,Dairy,21,79,5.5,0,0,1,6,0
2024-01-15,Eggs,Dairy,21,47,4.0,0,0,0,0,0
2024-01-16,Eggs,Dairy,21,81,1.1,0,0,0,1,1
2024-01-17,Eggs,Dairy,21,68,3.8,0,0,0,2,0
2024-01-18,Eggs,Dairy,21,77,0.9,0,0,0,3,0
2024-01-19,Eggs,Dairy,21,77,4.9,0,0,1,4,0
2024-01-20,Eggs,Dairy,21,90,2.9,0,0,1,5,0
2024-01-21,Eggs,Dairy,21,89,2.6,0,0,1,6,0
2024-01-22,Eggs,Dairy,21,70,1.5,0,0,0,0,1
2024-01-23,Eggs,Dairy,21,55,5.7,0,0,0,1,0
2024-01-24,Eggs,Dairy,21,68,2.7,0,0,0,2,0
2024-01-25,Eggs,Dairy,21,71,2.1,0,0,0,3,0
2024-01-26,Eggs,Dairy,21,88,2.3,0,0,1,4,0
2024-01-27,Eggs,Dairy,21,82,4.3,0,0,1,5,0
2024-01-28,Eggs,Dairy,21,82,3.9,0,0,1,6,0
2024-01-29,Eggs,Dairy,21,52,4.0,0,0,0,0,0
2024-01-30,Eggs,Dairy,21,55,4.1,0,0,0,1,0
2024-01-31,Eggs,Dairy,21,89,7.9,0,0,0,2,1
2024-02-01,Eggs,Dairy,21,61,2.3,0,0,0,3,0
2024-02-02,Eggs,Dairy,21,88,2.1,0,0,1,4,0
2024-02-03,Eggs,Dairy,21,101,1.5,0,0,1,5,0
2024-02-04,Eggs,Dairy,21,74,4.7,0,0,1,6,0
2024-02-05,Eggs,Dairy,21,63,5.8,0,0,0,0,0
2024-02-06,Eggs,Dairy,21,64,3.1,0,0,0,1,0
2024-02-07,Eggs,Dairy,21,62,1.6,0,0,0,2,0
2024-02-08,Eggs,Dairy,21,68,1.7,0,0,0,3,0
2024-02-09,Eggs,Dairy,21,82,5.0,0,0,1,4,0
2024-02-10,Eggs,Dairy,21,75,5.2,0,0,1,5,0
2024-02-11,Eggs,Dairy,21,62,4.8,0,0,1,6,0
2024-02-12,Eggs,Dairy,21,51,2.2,0,1,0,0,0
2024-02-13,Eggs,Dairy,21,63,4.3,0,1,0,1,0
2024-02-14,Eggs,Dairy,21,56,4.1,0,1,0,2,0
2024-02-15,Eggs,Dairy,21,75,4.3,0,1,0,3,0
2024-02-16,Eggs,Dairy,21,68,5.8,0,1,1,4,0
2024-02-17,Eggs,Dairy,21,77,4.5,0,1,1,5,0
2024-02-18,Eggs,Dairy,21,91,5.6,0,1,1,6,0
2024-02-19,Eggs,Dairy,21,62,4.3,0,0,0,0,0
2024-02-20,Eggs,Dairy,21,96,4.8,0,0,0,1,1
2024-02-21,Eggs,Dairy,21,66,5.7,0,0,0,2,0
2024-02-22,Eggs,Dairy,21,54,1.1,0,0,0,3,0
2024-02-23,Eggs,Dairy,21,64,3.7,0,0,1,4,0
2024-02-24,Eggs,Dairy,21,85,3.5,0,0,1,5,0
2024-02-25,Eggs,Dairy,21,93,3.2,0,0,1,6,0
2024-02-26,Eggs,Dairy,21,63,4.1,0,0,0,0,0
2024-02-27,Eggs,Dairy,21,58,8.0,0,0,0,1,0
2024-02-28,Eggs,Dairy,21,53,2.9,0,0,0,2,0
2024-02-29,Eggs,Dairy,21,78,7.1,0,0,0,3,1
2024-03-01,Eggs,Dairy,21,83,1.3,0,0,1,4,0
2024-03-02,Eggs,Dairy,21,82,4.4,0,0,1,5,0
2024-03-03,Eggs,Dairy,21,92,5.6,0,0,1,6,0
2024-03-04,Eggs,Dairy,21,65,6.6,0,0,0,0,0
2024-03-05,Eggs,Dairy,21,61,7.0,0,0,0,1,0
2024-03-06,Eggs,Dairy,21,95,7.3,0,0,0,2,0
2024-03-07,Eggs,Dairy,21,74,4.8,0,0,0,3,0
2024-03-08,Eggs,Dairy,21,100,4.7,0,0,1,4,0
2024-03-09,Eggs,Dairy,21,92,7.7,0,0,1,5,0
2024-03-10,Eggs,Dairy,21,80,5.5,0,0,1,6,0
2024-03-11,Eggs,Dairy,21,70,3.2,0,0,0,0,0
2024-03-12,Eggs,Dairy,21,76,3.6,0,0,0,1,0
2024-03-13,Eggs,Dairy,21,81,4.2,0,0,0,2,0
2024-03-14,Eggs,Dairy,21,77,7.5,0,0,0,3,0
2024-03-15,Eggs,Dairy,21,81,6.8,0,0,1,4,0
2024-03-16,Eggs,Dairy,21,85,8.1,0,0,1,5,0
2024-03-17,Eggs,Dairy,21,107,5.8,0,0,1,6,0
2024-03-18,Eggs,Dairy,21,46,7.2,0,0,0,0,0
2024-03-19,Eggs,Dairy,21,68,8.3,0,0,0,1,0
2024-03-20,Eggs,Dairy,21,68,6.4,0,0,0,2,0
2024-03-21,Eggs,Dairy,21,79,8.2,0,0,0,3,0
2024-03-22,Eggs,Dairy,21,83,5.8,0,0,1,4,0
2024-03-23,Eggs,Dairy,21,86,6.6,0,0,1,5,0
2024-03-24,Eggs,Dairy,21,78,6.7,0,0,1,6,0
2024-03-25,Eggs,Dairy,21,71,5.0,0,0,0,0,0
2024-03-26,Eggs,Dairy,21,73,8.9,0,0,0,1,0
2024-03-27,Eggs,Dairy,21,65,6.9,0,0,0,2,0
2024-03-28,Eggs,Dairy,21,66,8.1,0,0,0,3,0
2024-03-29,Eggs,Dairy,21,109,9.2,1,0,1,4,0
2024-03-30,Eggs,Dairy,21,83,9.3,0,0,1,5,0
2024-03-31,Eggs,Dairy,21,89,9.9,0,0,1,6,0
2024-04-01,Eggs,Dairy,21,74,8.3,1,1,0,0,0
2024-04-02,Eggs,Dairy,21,58,7.8,0,1,0,1,0
2024-04-03,Eggs,Dairy,21,69,8.7,0,1,0,2,0
2024-04-04,Eggs,Dairy,21,71,5.2,0,1,0,3,0
2024-04-05,Eggs,Dairy,21,101,5.9,0,1,1,4,0
2024-04-06,Eggs,Dairy,21,137,6.3,0,1,1,5,1
2024-04-07,Eggs,Dairy,21,93,7.2,0,1,1,6,0
2024-04-08,Eggs,Dairy,21,63,10.4,0,1,0,0,0
2024-04-09,Eggs,Dairy,21,61,7.6,0,1,0,1,0
2024-04-10,Eggs,Dairy,21,80,8.9,0,1,0,2,0
2024-04-11,Eggs,Dairy,21,73,12.8,0,1,0,3,0
2024-04-12,Eggs,Dairy,21,129,9.3,0,1,1,4,1
2024-04-13,Eggs,Dairy,21,91,11.8,0,1,1,5,0
2024-04-14,Eggs,Dairy,21,86,8.3,0,1,1,6,0
2024-04-15,Eggs,Dairy,21,62,10.0,0,0,0,0,0
2024-04-16,Eggs,Dairy,21,62,8.5,0,0,0,1,0
2024-04-17,Eggs,Dairy,21,76,10.0,0,0,0,2,0
2024-04-18,Eggs,Dairy,21,85,12.7,0,0,0,3,0
2024-04-19,Eggs,Dairy,21,89,7.2,0,0,1,4,0
2024-04-20,Eggs,Dairy,21,106,12.1,0,0,1,5,0
2024-04-21,Eggs,Dairy,21,94,11.8,0,0,1,6,0
2024-04-22,Eggs,Dairy,21,72,10.1,0,0,0,0,0
2024-04-23,Eggs,Dairy,21,71,8.4,0,0,0,1,0
2024-04-24,Eggs,Dairy,21,83,11.8,0,0,0,2,0
2024-04-25,Eggs,Dairy,21,60,10.7,0,0,0,3,0
2024-04-26,Eggs,Dairy,21,81,12.5,0,0,1,4,0
2024-04-27,Eggs,Dairy,21,90,12.1,0,0,1,5,0
2024-04-28,Eggs,Dairy,21,97,15.8,0,0,1,6,0
2024-04-29,Eggs,Dairy,21,81,11.8,0,0,0,0,0
2024-04-30,Eggs,Dairy,21,64,10.3,0,0,0,1,0
2024-05-01,Eggs,Dairy,21,74,13.0,0,0,0,2,0
2024-05-02,Eggs,Dairy,21,72,13.3,0,0,0,3,0
2024-05-03,Eggs,Dairy,21,107,15.9,0,0,1,4,0
2024-05-04,Eggs,Dairy,21,91,14.9,0,0,1,5,0
2024-05-05,Eggs,Dairy,21,98,14.0,0,0,1,6,0
2024-05-06,Eggs,Dairy,21,104,16.5,1,0,0,0,0
2024-05-07,Eggs,Dairy,21,77,10.8,0,0,0,1,1
2024-05-08,Eggs,Dairy,21,68,12.2,0,0,0,2,0
2024-05-09,Eggs,Dairy,21,81,11.7,0,0,0,3,0
2024-05-10,Eggs,Dairy,21,100,13.0,0,0,1,4,0
2024-05-11,Eggs,Dairy,21,155,10.9,0,0,1,5,1
2024-05-12,Eggs,Dairy,21,139,15.5,0,0,1,6,1
2024-05-13,Eggs,Dairy,21,78,13.7,0,0,0,0,0
2024-05-14,Eggs,Dairy,21,61,11.1,0,0,0,1,0
2024-05-15,Eggs,Dairy,21,75,12.2,0,0,0,2,0
2024-05-16,Eggs,Dairy,21,103,15.3,0,0,0,3,0
2024-05-17,Eggs,Dairy,21,88,16.5,0,0,1,4,0
2024-05-18,Eggs,Dairy,21,138,19.2,0,0,1,5,1
2024-05-19,Eggs,Dairy,21,104,21.4,0,0,1,6,0
2024-05-20,Eggs,Dairy,21,83,16.0,0,0,0,0,0
2024-05-21,Eggs,Dairy,21,57,13.0,0,0,0,1,0
2024-05-22,Eggs,Dairy,21,73,10.6,0,0,0,2,0
2024-05-23,Eggs,Dairy,21,79,16.0,0,0,0,3,0
2024-05-24,Eggs,Dairy,21,111,13.7,0,0,1,4,0
2024-05-25,Eggs,Dairy,21,91,14.7,0,0,1,5,0
2024-05-26,Eggs,Dairy,21,96,14.4,0,1,1,6,0
2024-05-27,Eggs,Dairy,21,90,15.6,1,1,0,0,0
2024-05-28,Eggs,Dairy,21,78,18.3,0,1,0,1,0
2024-05-29,Eggs,Dairy,21,78,16.4,0,1,0,2,0
2024-05-30,Eggs,Dairy,21,84,15.8,0,1,0,3,0
2024-05-31,Eggs,Dairy,21,104,14.0,0,1,1,4,0
2024-06-01,Eggs,Dairy,21,90,12.7,0,0,1,5,0
2024-06-02,Eggs,Dairy,21,104,15.4,0,0,1,6,0
2024-06-03,Eggs,Dairy,21,86,16.5,0,0,0,0,0
2024-06-04,Eggs,Dairy,21,97,20.6,0,0,0,1,1
2024-06-05,Eggs,Dairy,21,76,17.1,0,0,0,2,0
2024-06-06,Eggs,Dairy,21,70,19.0,0,0,0,3,0
2024-06-07,Eggs,Dairy,21,95,15.9,0,0,1,4,0
2024-06-08,Eggs,Dairy,21,73,14.5,0,0,1,5,0
2024-06-09,Eggs,Dairy,21,95,15.0,0,0,1,6,0
2024-06-10,Eggs,Dairy,21,50,15.6,0,0,0,0,0
2024-06-11,Eggs,Dairy,21,80,22.0,0,0,0,1,0
2024-06-12,Eggs,Dairy,21,83,15.6,0,0,0,2,0
2024-06-13,Eggs,Dairy,21,81,19.3,0,0,0,3,0
2024-06-14,Eggs,Dairy,21,95,15.6,0,0,1,4,0
2024-06-15,Eggs,Dairy,21,90,19.7,0,0,1,5,0
2024-06-16,Eggs,Dairy,21,114,18.6,0,0,1,6,0
2024-06-17,Eggs,Dairy,21,65,17.5,0,0,0,0,0
2024-06-18,Eggs,Dairy,21,67,17.8,0,0,0,1,0
2024-06-19,Eggs,Dairy,21,60,16.5,0,0,0,2,0
2024-06-20,Eggs,Dairy,21,106,19.0,0,0,0,3,1
2024-06-21,Eggs,Dairy,21,104,17.1,0,0,1,4,0
2024-06-22,Eggs,Dairy,21,92,15.4,0,0,1,5,0
2024-06-23,Eggs,Dairy,21,84,15.4,0,0,1,6,0
2024-06-24,Eggs,Dairy,21,93,18.6,0,0,0,0,1
2024-06-25,Eggs,Dairy,21,78,21.8,0,0,0,1,0
2024-06-26,Eggs,Dairy,21,72,18.7,0,0,0,2,0
2024-06-27,Eggs,Dairy,21,80,18.2,0,0,0,3,0
2024-06-28,Eggs,Dairy,21,144,19.1,0,0,1,4,1
2024-06-29,Eggs,Dairy,21,91,21.4,0,0,1,5,0
2024-06-30,Eggs,Dairy,21,115,19.0,0,0,1,6,0
2024-07-01,Eggs,Dairy,21,64,17.7,0,1,0,0,0
2024-07-02,Eggs,Dairy,21,68,21.1,0,1,0,1,0
2024-07-03,Eggs,Dairy,21,65,19.6,0,1,0,2,0
2024-07-04,Eggs,Dairy,21,89,22.1,0,1,0,3,0
2024-07-05,Eggs,Dairy,21,90,19.2,0,1,1,4,0
2024-07-06,Eggs,Dairy,21,113,16.1,0,1,1,5,0
2024-07-07,Eggs,Dairy,21,84,15.8,0,1,1,6,0
2024-07-08,Eggs,Dairy,21,65,22.5,0,1,0,0,0
2024-07-09,Eggs,Dairy,21,93,22.7,0,1,0,1,0
2024-07-10,Eggs,Dairy,21,72,18.5,0,1,0,2,0
2024-07-11,Eggs,Dairy,21,102,18.1,0,1,0,3,1
2024-07-12,Eggs,Dairy,21,100,22.2,0,1,1,4,0
2024-07-13,Eggs,Dairy,21,106,16.5,0,1,1,5,0
2024-07-14,Eggs,Dairy,21,100,17.0,0,1,1,6,0
2024-07-15,Eggs,Dairy,21,72,20.4,0,1,0,0,0
2024-07-16,Eggs,Dairy,21,77,18.1,0,1,0,1,0
2024-07-17,Eggs,Dairy,21,108,19.0,0,1,0,2,1
2024-07-18,Eggs,Dairy,21,62,18.6,0,1,0,3,0
2024-07-19,Eggs,Dairy,21,110,19.7,0,1,1,4,0
2024-07-20,Eggs,Dairy,21,128,22.1,0,1,1,5,1
2024-07-21,Eggs,Dairy,21,97,19.2,0,1,1,6,0
2024-07-22,Eggs,Dairy,21,66,20.4,0,1,0,0,0
2024-07-23,Eggs,Dairy,21,57,14.5,0,1,0,1,0
2024-07-24,Eggs,Dairy,21,67,18.9,0,1,0,2,0
2024-07-25,Eggs,Dairy,21,67,17.1,0,1,0,3,0
2024-07-26,Eggs,Dairy,21,79,16.3,0,1,1,4,0
2024-07-27,Eggs,Dairy,21,93,17.0,0,1,1,5,0
2024-07-28,Eggs,Dairy,21,103,18.2,0,1,1,6,0
2024-07-29,Eggs,Dairy,21,69,20.9,0,1,0,0,0
2024-07-30,Eggs,Dairy,21,66,15.9,0,1,0,1,0
2024-07-31,Eggs,Dairy,21,77,18.9,0,1,0,2,0
2024-08-01,Eggs,Dairy,21,79,17.7,0,1,0,3,0
2024-08-02,Eggs,Dairy,21,115,18.1,0,1,1,4,0
2024-08-03,Eggs,Dairy,21,99,21.0,0,1,1,5,0
2024-08-04,Eggs,Dairy,21,96,19.9,0,1,1,6,0
2024-08-05,Eggs,Dairy,21,52,21.6,0,1,0,0,0
2024-08-06,Eggs,Dairy,21,51,18.3,0,1,0,1,0
2024-08-07,Eggs,Dairy,21,82,17.1,0,1,0,2,0
2024-08-08,Eggs,Dairy,21,73,18.1,0,1,0,3,0
2024-08-09,Eggs,Dairy,21,121,19.0,0,1,1,4,1
2024-08-10,Eggs,Dairy,21,95,18.8,0,1,1,5,0
2024-08-11,Eggs,Dairy,21,101,16.0,0,1,1,6,0
2024-08-12,Eggs,Dairy,21,53,18.5,0,1,0,0,0
2024-08-13,Eggs,Dairy,21,61,18.8,0,1,0,1,0
2024-08-14,Eggs,Dairy,21,73,23.8,0,1,0,2,0
2024-08-15,Eggs,Dairy,21,77,22.3,0,1,0,3,0
2024-08-16,Eggs,Dairy,21,77,16.2,0,1,1,4,0
2024-08-17,Eggs,Dairy,21,93,17.4,0,1,1,5,0
2024-08-18,Eggs,Dairy,21,95,14.8,0,1,1,6,0
2024-08-19,Eggs,Dairy,21,56,16.6,0,1,0,0,0
2024-08-20,Eggs,Dairy,21,60,18.5,0,1,0,1,0
2024-08-21,Eggs,Dairy,21,73,20.4,0,1,0,2,0
2024-08-22,Eggs,Dairy,21,71,16.1,0,1,0,3,0
2024-08-23,Eggs,Dairy,21,95,16.2,0,1,1,4,0
2024-08-24,Eggs,Dairy,21,95,12.8,0,1,1,5,0
2024-08-25,Eggs,Dairy,21,88,17.1,0,1,1,6,0
2024-08-26,Eggs,Dairy,21,106,15.0,1,1,0,0,1
2024-08-27,Eggs,Dairy,21,73,16.1,0,1,0,1,0
2024-08-28,Eggs,Dairy,21,65,15.3,0,1,0,2,0
2024-08-29,Eggs,Dairy,21,89,16.9,0,1,0,3,0
2024-08-30,Eggs,Dairy,21,71,13.2,0,1,1,4,0
2024-08-31,Eggs,Dairy,21,87,13.7,0,1,1,5,0
2024-09-01,Eggs,Dairy,21,74,21.5,0,0,1,6,0
2024-09-02,Eggs,Dairy,21,61,13.9,0,0,0,0,0
2024-09-03,Eggs,Dairy,21,58,14.2,0,0,0,1,0
2024-09-04,Eggs,Dairy,21,59,20.6,0,0,0,2,0
2024-09-05,Eggs,Dairy,21,86,22.8,0,0,0,3,0
2024-09-06,Eggs,Dairy,21,77,13.8,0,0,1,4,0
2024-09-07,Eggs,Dairy,21,91,15.4,0,0,1,5,0
2024-09-08,Eggs,Dairy,21,132,16.9,0,0,1,6,1
2024-09-09,Eggs,Dairy,21,56,19.8,0,0,0,0,0
2024-09-10,Eggs,Dairy,21,54,13.8,0,0,0,1,0
2024-09-11,Eggs,Dairy,21,60,15.3,0,0,0,2,0
2024-09-12,Eggs,Dairy,21,90,17.4,0,0,0,3,1
2024-09-13,Eggs,Dairy,21,84,16.6,0,0,1,4,0
2024-09-14,Eggs,Dairy,21,119,14.7,0,0,1,5,1
2024-09-15,Eggs,Dairy,21,74,15.1,0,0,1,6,0
2024-09-16,Eggs,Dairy,21,67,12.2,0,0,0,0,0
2024-09-17,Eggs,Dairy,21,61,14.6,0,0,0,1,0
2024-09-18,Eggs,Dairy,21,60,14.4,0,0,0,2,0
2024-09-19,Eggs,Dairy,21,63,15.4,0,0,0,3,0
2024-09-20,Eggs,Dairy,21,87,13.6,0,0,1,4,0
2024-09-21,Eggs,Dairy,21,99,15.7,0,0,1,5,0
2024-09-22,Eggs,Dairy,21,83,16.8,0,0,1,6,0
2024-09-23,Eggs,Dairy,21,61,14.8,0,0,0,0,0
2024-09-24,Eggs,Dairy,21,51,15.1,0,0,0,1,0
2024-09-25,Eggs,Dairy,21,62,14.3,0,0,0,2,0
2024-09-26,Eggs,Dairy,21,95,14.0,0,0,0,3,1
2024-09-27,Eggs,Dairy,21,84,12.3,0,0,1,4,0
2024-09-28,Eggs,Dairy,21,91,14.5,0,0,1,5,0
2024-09-29,Eggs,Dairy,21,78,13.4,0,0,1,6,0
2024-09-30,Eggs,Dairy,21,54,18.1,0,0,0,0,0
2024-10-01,Eggs,Dairy,21,57,16.8,0,0,0,1,0
2024-10-02,Eggs,Dairy,21,73,14.1,0,0,0,2,0
2024-10-03,Eggs,Dairy,21,66,11.4,0,0,0,3,0
2024-10-04,Eggs,Dairy,21,76,10.5,0,0,1,4,0
2024-10-05,Eggs,Dairy,21,94,15.5,0,0,1,5,0
2024-10-06,Eggs,Dairy,21,82,13.3,0,0,1,6,0
2024-10-07,Eggs,Dairy,21,58,13.6,0,0,0,0,0
2024-10-08,Eggs,Dairy,21,53,8.6,0,0,0,1,0
2024-10-09,Eggs,Dairy,21,68,14.4,0,0,0,2,0
2024-10-10,Eggs,Dairy,21,61,13.2,0,0,0,3,0
2024-10-11,Eggs,Dairy,21,66,9.6,0,0,1,4,0
2024-10-12,Eggs,Dairy,21,74,10.9,0,0,1,5,0
2024-10-13,Eggs,Dairy,21,111,12.4,0,0,1,6,1
2024-10-14,Eggs,Dairy,21,47,11.8,0,0,0,0,0
2024-10-15,Eggs,Dairy,21,57,10.9,0,0,0,1,0
2024-10-16,Eggs,Dairy,21,57,11.1,0,0,0,2,0
2024-10-17,Eggs,Dairy,21,52,10.7,0,0,0,3,0
2024-10-18,Eggs,Dairy,21,73,11.4,0,0,1,4,0
2024-10-19,Eggs,Dairy,21,104,14.2,0,0,1,5,1
2024-10-20,Eggs,Dairy,21,83,5.2,0,0,1,6,0
2024-10-21,Eggs,Dairy,21,55,10.2,0,0,0,0,0
2024-10-22,Eggs,Dairy,21,45,10.9,0,0,0,1,0
2024-10-23,Eggs,Dairy,21,69,11.0,0,0,0,2,0
2024-10-24,Eggs,Dairy,21,80,9.4,0,0,0,3,0
2024-10-25,Eggs,Dairy,21,55,6.3,0,0,1,4,0
2024-10-26,Eggs,Dairy,21,88,10.7,0,1,1,5,0
2024-10-27,Eggs,Dairy,21,83,13.7,0,1,1,6,0
2024-10-28,Eggs,Dairy,21,40,6.3,0,1,0,0,0
2024-10-29,Eggs,Dairy,21,67,11.5,0,1,0,1,0
2024-10-30,Eggs,Dairy,21,49,8.7,0,1,0,2,0
2024-10-31,Eggs,Dairy,21,57,9.2,0,1,0,3,0
2024-11-01,Eggs,Dairy,21,84,6.9,0,0,1,4,0
2024-11-02,Eggs,Dairy,21,75,8.3,0,0,1,5,0
2024-11-03,Eggs,Dairy,21,86,11.8,0,0,1,6,0
2024-11-04,Eggs,Dairy,21,45,10.1,0,0,0,0,0
2024-11-05,Eggs,Dairy,21,46,12.5,0,0,0,1,0
2024-11-06,Eggs,Dairy,21,65,11.1,0,0,0,2,0
2024-11-07,Eggs,Dairy,21,66,9.3,0,0,0,3,0
2024-11-08,Eggs,Dairy,21,79,12.1,0,0,1,4,0
2024-11-09,Eggs,Dairy,21,93,9.1,0,0,1,5,0
2024-11-10,Eggs,Dairy,21,83,9.8,0,0,1,6,0
2024-11-11,Eggs,Dairy,21,61,7.2,0,0,0,0,0
2024-11-12,Eggs,Dairy,21,53,7.9,0,0,0,1,0
2024-11-13,Eggs,Dairy,21,53,6.1,0,0,0,2,0
2024-11-14,Eggs,Dairy,21,57,9.7,0,0,0,3,0
2024-11-15,Eggs,Dairy,21,70,4.8,0,0,1,4,0
2024-11-16,Eggs,Dairy,21,91,9.0,0,0,1,5,0
2024-11-17,Eggs,Dairy,21,78,6.7,0,0,1,6,0
2024-11-18,Eggs,Dairy,21,61,9.6,0,0,0,0,0
2024-11-19,Eggs,Dairy,21,64,8.5,0,0,0,1,1
2024-11-20,Eggs,Dairy,21,47,10.8,0,0,0,2,0
2024-11-21,Eggs,Dairy,21,53,8.3,0,0,0,3,0
2024-11-22,Eggs,Dairy,21,72,3.1,0,0,1,4,0
2024-11-23,Eggs,Dairy,21,85,6.3,0,0,1,5,0
2024-11-24,Eggs,Dairy,21,78,3.7,0,0,1,6,0
2024-11-25,Eggs,Dairy,21,56,5.1,0,0,0,0,0
2024-11-26,Eggs,Dairy,21,66,9.4,0,0,0,1,0
2024-11-27,Eggs,Dairy,21,57,7.4,0,0,0,2,0
2024-11-28,Eggs,Dairy,21,85,4.3,0,0,0,3,1
2024-11-29,Eggs,Dairy,21,70,3.5,0,0,1,4,0
2024-11-30,Eggs,Dairy,21,71,5.7,0,0,1,5,0
2024-12-01,Eggs,Dairy,21,77,2.9,0,0,1,6,0
2024-12-02,Eggs,Dairy,21,45,4.0,0,0,0,0,0
2024-12-03,Eggs,Dairy,21,50,6.1,0,0,0,1,0
2024-12-04,Eggs,Dairy,21,63,7.8,0,0,0,2,0
2024-12-05,Eggs,Dairy,21,52,6.5,0,0,0,3,0
2024-12-06,Eggs,Dairy,21,91,0.0,0,0,1,4,1
2024-12-07,Eggs,Dairy,21,72,5.7,0,0,1,5,0
2024-12-08,Eggs,Dairy,21,85,5.1,0,0,1,6,0
2024-12-09,Eggs,Dairy,21,43,5.7,0,0,0,0,0
2024-12-10,Eggs,Dairy,21,43,8.3,0,0,0,1,0
2024-12-11,Eggs,Dairy,21,66,0.1,0,0,0,2,0
2024-12-12,Eggs,Dairy,21,59,3.3,0,0,0,3,0
2024-12-13,Eggs,Dairy,21,88,5.8,0,0,1,4,0
2024-12-14,Eggs,Dairy,21,84,0.9,0,0,1,5,0
2024-12-15,Eggs,Dairy,21,95,7.6,0,0,1,6,0
2024-12-16,Eggs,Dairy,21,58,5.1,0,0,0,0,0
2024-12-17,Eggs,Dairy,21,51,6.0,0,0,0,1,0
2024-12-18,Eggs,Dairy,21,75,2.9,0,0,0,2,0
2024-12-19,Eggs,Dairy,21,76,5.8,0,0,0,3,1
2024-12-20,Eggs,Dairy,21,74,6.3,0,1,1,4,0
2024-12-21,Eggs,Dairy,21,68,4.4,0,1,1,5,0
2024-12-22,Eggs,Dairy,21,77,4.4,0,1,1,6,0
2024-12-23,Eggs,Dairy,21,52,4.4,0,1,0,0,0
2024-12-24,Eggs,Dairy,21,64,1.8,0,1,0,1,0
2024-12-25,Eggs,Dairy,21,0,3.3,1,1,0,2,1
2024-12-26,Eggs,Dairy,21,104,3.3,1,1,0,3,1
2024-12-27,Eggs,Dairy,21,66,4.4,0,1,1,4,0
2024-12-28,Eggs,Dairy,21,81,5.7,0,1,1,5,0
2024-12-29,Eggs,Dairy,21,83,1.1,0,1,1,6,0
2024-12-30,Eggs,Dairy,21,53,3.1,0,1,0,0,0
2024-12-31,Eggs,Dairy,21,49,6.6,0,1,0,1,0
2025-01-01,Eggs,Dairy,21,81,1.7,1,1,0,2,0
2025-01-02,Eggs,Dairy,21,53,1.5,0,1,0,3,0
2025-01-03,Eggs,Dairy,21,84,3.7,0,0,1,4,0
2025-01-04,Eggs,Dairy,21,86,5.1,0,0,1,5,0
2025-01-05,Eggs,Dairy,21,74,3.2,0,0,1,6,0
2025-01-06,Eggs,Dairy,21,63,6.1,0,0,0,0,0
2025-01-07,Eggs,Dairy,21,62,5.0,0,0,0,1,0
2025-01-08,Eggs,Dairy,21,74,5.0,0,0,0,2,0
2025-01-09,Eggs,Dairy,21,61,4.3,0,0,0,3,0
2025-01-10,Eggs,Dairy,21,86,8.2,0,0,1,4,0
2025-01-11,Eggs,Dairy,21,82,2.6,0,0,1,5,0
2025-01-12,Eggs,Dairy,21,85,-1.4,0,0,1,6,0
2025-01-13,Eggs,Dairy,21,60,6.6,0,0,0,0,0
2025-01-14,Eggs,Dairy,21,54,2.0,0,0,0,1,0
2025-01-15,Eggs,Dairy,21,64,3.3,0,0,0,2,0
2025-01-16,Eggs,Dairy,21,63,5.9,0,0,0,3,0
2025-01-17,Eggs,Dairy,21,94,-0.5,0,0,1,4,0
2025-01-18,Eggs,Dairy,21,107,0.2,0,0,1,5,0
2025-01-19,Eggs,Dairy,21,92,-0.5,0,0,1,6,0
2025-01-20,Eggs,Dairy,21,47,1.3,0,0,0,0,0
2025-01-21,Eggs,Dairy,21,48,4.0,0,0,0,1,0
2025-01-22,Eggs,Dairy,21,73,4.2,0,0,0,2,0
2025-01-23,Eggs,Dairy,21,74,3.6,0,0,0,3,0
2025-01-24,Eggs,Dairy,21,79,-0.1,0,0,1,4,0
2025-01-25,Eggs,Dairy,21,77,-2.0,0,0,1,5,0
2025-01-26,Eggs,Dairy,21,79,3.2,0,0,1,6,0
2025-01-27,Eggs,Dairy,21,51,2.0,0,0,0,0,0
2025-01-28,Eggs,Dairy,21,61,4.1,0,0,0,1,0
2025-01-29,Eggs,Dairy,21,105,4.7,0,0,0,2,1
2025-01-30,Eggs,Dairy,21,46,3.5,0,0,0,3,0
2025-01-31,Eggs,Dairy,21,75,4.9,0,0,1,4,0
2025-02-01,Eggs,Dairy,21,100,3.7,0,0,1,5,0
2025-02-02,Eggs,Dairy,21,83,4.4,0,0,1,6,0
2025-02-03,Eggs,Dairy,21,48,1.7,0,0,0,0,0
2025-02-04,Eggs,Dairy,21,63,2.9,0,0,0,1,0
2025-02-05,Eggs,Dairy,21,86,3.8,0,0,0,2,1
2025-02-06,Eggs,Dairy,21,57,5.2,0,0,0,3,0
2025-02-07,Eggs,Dairy,21,72,2.6,0,0,1,4,0
2025-02-08,Eggs,Dairy,21,75,4.6,0,0,1,5,0
2025-02-09,Eggs,Dairy,21,83,2.9,0,0,1,6,0
2025-02-10,Eggs,Dairy,21,53,3.3,0,0,0,0,0
2025-02-11,Eggs,Dairy,21,47,5.5,0,0,0,1,0
2025-02-12,Eggs,Dairy,21,64,-0.7,0,1,0,2,0
2025-02-13,Eggs,Dairy,21,74,0.9,0,1,0,3,0
2025-02-14,Eggs,Dairy,21,84,0.5,0,1,1,4,0
2025-02-15,Eggs,Dairy,21,75,-1.3,0,1,1,5,0
2025-02-16,Eggs,Dairy,21,87,2.4,0,1,1,6,0
2025-02-17,Eggs,Dairy,21,83,5.6,0,1,0,0,1
2025-02-18,Eggs,Dairy,21,57,3.4,0,1,0,1,0
2025-02-19,Eggs,Dairy,21,63,4.6,0,0,0,2,0
2025-02-20,Eggs,Dairy,21,69,6.6,0,0,0,3,0
2025-02-21,Eggs,Dairy,21,100,7.2,0,0,1,4,0
2025-02-22,Eggs,Dairy,21,98,4.2,0,0,1,5,0
2025-02-23,Eggs,Dairy,21,101,7.4,0,0,1,6,0
2025-02-24,Eggs,Dairy,21,67,4.7,0,0,0,0,0
2025-02-25,Eggs,Dairy,21,67,2.7,0,0,0,1,0
2025-02-26,Eggs,Dairy,21,97,3.4,0,0,0,2,1
2025-02-27,Eggs,Dairy,21,72,1.5,0,0,0,3,1
2025-02-28,Eggs,Dairy,21,69,2.9,0,0,1,4,0
2025-03-01,Eggs,Dairy,21,90,4.1,0,0,1,5,0
2025-03-02,Eggs,Dairy,21,70,6.8,0,0,1,6,0
2025-03-03,Eggs,Dairy,21,64,8.9,0,0,0,0,0
2025-03-04,Eggs,Dairy,21,62,2.2,0,0,0,1,0
2025-03-05,Eggs,Dairy,21,70,6.2,0,0,0,2,0
2025-03-06,Eggs,Dairy,21,85,3.1,0,0,0,3,0
2025-03-07,Eggs,Dairy,21,89,6.6,0,0,1,4,0
2025-03-08,Eggs,Dairy,21,100,5.3,0,0,1,5,0
2025-03-09,Eggs,Dairy,21,86,1.7,0,0,1,6,0
2025-03-10,Eggs,Dairy,21,62,7.9,0,0,0,0,0
2025-03-11,Eggs,Dairy,21,84,4.6,0,0,0,1,0
2025-03-12,Eggs,Dairy,21,83,4.9,0,0,0,2,0
2025-03-13,Eggs,Dairy,21,83,3.8,0,0,0,3,0
2025-03-14,Eggs,Dairy,21,123,4.8,0,0,1,4,1
2025-03-15,Eggs,Dairy,21,103,7.3,0,0,1,5,0
2025-03-16,Eggs,Dairy,21,103,6.1,0,0,1,6,0
2025-03-17,Eggs,Dairy,21,71,7.3,0,0,0,0,0
2025-03-18,Eggs,Dairy,21,87,7.5,0,0,0,1,1
2025-03-19,Eggs,Dairy,21,81,9.7,0,0,0,2,0
2025-03-20,Eggs,Dairy,21,62,6.2,0,0,0,3,0
2025-03-21,Eggs,Dairy,21,89,3.8,0,0,1,4,0
2025-03-22,Eggs,Dairy,21,112,9.5,0,0,1,5,0
2025-03-23,Eggs,Dairy,21,96,6.6,0,0,1,6,0
2025-03-24,Eggs,Dairy,21,66,9.9,0,0,0,0,0
2025-03-25,Eggs,Dairy,21,66,8.4,0,0,0,1,0
2025-03-26,Eggs,Dairy,21,68,7.4,0,0,0,2,0
2025-03-27,Eggs,Dairy,21,56,8.6,0,0,0,3,0
2025-03-28,Eggs,Dairy,21,104,12.2,0,0,1,4,0
2025-03-29,Eggs,Dairy,21,96,12.6,0,0,1,5,0
2025-03-30,Eggs,Dairy,21,113,8.3,0,0,1,6,1
2025-03-31,Eggs,Dairy,21,69,8.7,0,0,0,0,0
2025-04-01,Eggs,Dairy,21,94,10.8,0,1,0,1,1
2025-04-02,Eggs,Dairy,21,76,6.7,0,1,0,2,0
2025-04-03,Eggs,Dairy,21,75,9.4,0,1,0,3,0
2025-04-04,Eggs,Dairy,21,106,8.8,0,1,1,4,0
2025-04-05,Eggs,Dairy,21,88,9.6,0,1,1,5,0
2025-04-06,Eggs,Dairy,21,105,7.3,0,1,1,6,0
2025-04-07,Eggs,Dairy,21,63,5.7,0,1,0,0,0
2025-04-08,Eggs,Dairy,21,73,4.8,0,1,0,1,0
2025-04-09,Eggs,Dairy,21,86,7.0,0,1,0,2,0
2025-04-10,Eggs,Dairy,21,79,8.6,0,1,0,3,0
2025-04-11,Eggs,Dairy,21,106,9.1,0,1,1,4,0
2025-04-12,Eggs,Dairy,21,97,14.2,0,1,1,5,0
2025-04-13,Eggs,Dairy,21,104,12.5,0,1,1,6,0
2025-04-14,Eggs,Dairy,21,54,8.1,0,1,0,0,0
2025-04-15,Eggs,Dairy,21,63,11.1,0,0,0,1,0
2025-04-16,Eggs,Dairy,21,69,9.6,0,0,0,2,0
2025-04-17,Eggs,Dairy,21,78,10.0,0,0,0,3,0
2025-04-18,Eggs,Dairy,21,124,11.1,1,0,1,4,0
2025-04-19,Eggs,Dairy,21,110,12.2,0,0,1,5,0
2025-04-20,Eggs,Dairy,21,93,10.3,0,0,1,6,0
2025-04-21,Eggs,Dairy,21,104,13.5,1,0,0,0,0
2025-04-22,Eggs,Dairy,21,86,8.8,0,0,0,1,0
2025-04-23,Eggs,Dairy,21,72,11.4,0,0,0,2,0
2025-04-24,Eggs,Dairy,21,65,17.3,0,0,0,3,0
2025-04-25,Eggs,Dairy,21,121,12.2,0,0,1,4,0
2025-04-26,Eggs,Dairy,21,124,15.0,0,0,1,5,0
2025-04-27,Eggs,Dairy,21,95,12.2,0,0,1,6,0
2025-04-28,Eggs,Dairy,21,76,13.4,0,0,0,0,0
2025-04-29,Eggs,Dairy,21,74,12.1,0,0,0,1,0
2025-04-30,Eggs,Dairy,21,95,12.0,0,0,0,2,0
2025-05-01,Eggs,Dairy,21,63,10.8,0,0,0,3,0
2025-05-02,Eggs,Dairy,21,114,13.6,0,0,1,4,0
2025-05-03,Eggs,Dairy,21,107,10.9,0,0,1,5,0
2025-05-04,Eggs,Dairy,21,121,14.4,0,0,1,6,0
2025-05-05,Eggs,Dairy,21,91,15.4,1,0,0,0,0
2025-05-06,Eggs,Dairy,21,81,14.0,0,0,0,1,0
2025-05-07,Eggs,Dairy,21,108,12.7,0,0,0,2,1
2025-05-08,Eggs,Dairy,21,83,14.4,0,0,0,3,0
2025-05-09,Eggs,Dairy,21,102,12.9,0,0,1,4,0
2025-05-10,Eggs,Dairy,21,126,15.8,0,0,1,5,0
2025-05-11,Eggs,Dairy,21,118,9.8,0,0,1,6,0
2025-05-12,Eggs,Dairy,21,57,13.2,0,0,0,0,0
2025-05-13,Eggs,Dairy,21,79,9.7,0,0,0,1,0
2025-05-14,Eggs,Dairy,21,82,10.9,0,0,0,2,0
2025-05-15,Eggs,Dairy,21,108,17.3,0,0,0,3,1
2025-05-16,Eggs,Dairy,21,95,16.4,0,0,1,4,0
2025-05-17,Eggs,Dairy,21,93,13.0,0,0,1,5,0
2025-05-18,Eggs,Dairy,21,118,11.4,0,0,1,6,0
2025-05-19,Eggs,Dairy,21,81,8.3,0,0,0,0,0
2025-05-20,Eggs,Dairy,21,70,13.8,0,0,0,1,0
2025-05-21,Eggs,Dairy,21,83,20.4,0,0,0,2,0
2025-05-22,Eggs,Dairy,21,66,16.1,0,0,0,3,0
2025-05-23,Eggs,Dairy,21,113,14.1,0,0,1,4,1
2025-05-24,Eggs,Dairy,21,104,16.4,0,0,1,5,0
2025-05-25,Eggs,Dairy,21,97,12.1,0,0,1,6,0
2025-05-26,Eggs,Dairy,21,88,15.0,1,1,0,0,0
2025-05-27,Eggs,Dairy,21,70,16.0,0,1,0,1,0
2025-05-28,Eggs,Dairy,21,84,15.7,0,1,0,2,0
2025-05-29,Eggs,Dairy,21,75,17.7,0,1,0,3,0
2025-05-30,Eggs,Dairy,21,158,16.8,0,1,1,4,1
2025-05-31,Eggs,Dairy,21,145,17.7,0,1,1,5,1
2025-06-01,Eggs,Dairy,21,97,14.8,0,0,1,6,0
2025-06-02,Eggs,Dairy,21,75,18.4,0,0,0,0,0
2025-06-03,Eggs,Dairy,21,86,20.1,0,0,0,1,0
2025-06-04,Eggs,Dairy,21,73,14.5,0,0,0,2,0
2025-06-05,Eggs,Dairy,21,55,14.7,0,0,0,3,0
2025-06-06,Eggs,Dairy,21,105,19.7,0,0,1,4,0
2025-06-07,Eggs,Dairy,21,101,16.5,0,0,1,5,0
2025-06-08,Eggs,Dairy,21,112,20.1,0,0,1,6,0
2025-06-09,Eggs,Dairy,21,71,16.1,0,0,0,0,0
2025-06-10,Eggs,Dairy,21,81,20.4,0,0,0,1,0
2025-06-11,Eggs,Dairy,21,85,17.5,0,0,0,2,0
2025-06-12,Eggs,Dairy,21,75,17.9,0,0,0,3,0
2025-06-13,Eggs,Dairy,21,90,20.9,0,0,1,4,0
2025-06-14,Eggs,Dairy,21,109,16.7,0,0,1,5,0
2025-06-15,Eggs,Dairy,21,103,15.5,0,0,1,6,0
2025-06-16,Eggs,Dairy,21,83,16.7,0,0,0,0,0
2025-06-17,Eggs,Dairy,21,62,18.7,0,0,0,1,0
2025-06-18,Eggs,Dairy,21,91,14.4,0,0,0,2,0
2025-06-19,Eggs,Dairy,21,99,19.3,0,0,0,3,0
2025-06-20,Eggs,Dairy,21,148,16.8,0,0,1,4,1
2025-06-21,Eggs,Dairy,21,125,20.5,0,0,1,5,1
2025-06-22,Eggs,Dairy,21,96,12.8,0,0,1,6,0
2025-06-23,Eggs,Dairy,21,73,16.4,0,0,0,0,0
2025-06-24,Eggs,Dairy,21,71,14.5,0,0,0,1,0
2025-06-25,Eggs,Dairy,21,78,16.4,0,0,0,2,0
2025-06-26,Eggs,Dairy,21,85,18.9,0,0,0,3,0
2025-06-27,Eggs,Dairy,21,114,18.0,0,0,1,4,0
2025-06-28,Eggs,Dairy,21,101,17.9,0,0,1,5,0
2025-06-29,Eggs,Dairy,21,107,18.1,0,0,1,6,0
2025-06-30,Eggs,Dairy,21,112,19.0,0,0,0,0,1
2025-07-01,Eggs,Dairy,21,58,16.3,0,1,0,1,0
2025-07-02,Eggs,Dairy,21,85,20.2,0,1,0,2,0
2025-07-03,Eggs,Dairy,21,102,20.1,0,1,0,3,1
2025-07-04,Eggs,Dairy,21,108,19.5,0,1,1,4,0
2025-07-05,Eggs,Dairy,21,93,19.9,0,1,1,5,0
2025-07-06,Eggs,Dairy,21,89,19.4,0,1,1,6,0
2025-07-07,Eggs,Dairy,21,70,23.3,0,1,0,0,0
2025-07-08,Eggs,Dairy,21,75,18.6,0,1,0,1,0
2025-07-09,Eggs,Dairy,21,82,18.2,0,1,0,2,0
2025-07-10,Eggs,Dairy,21,68,17.2,0,1,0,3,0
2025-07-11,Eggs,Dairy,21,95,16.6,0,1,1,4,0
2025-07-12,Eggs,Dairy,21,109,16.2,0,1,1,5,0
2025-07-13,Eggs,Dairy,21,99,17.0,0,1,1,6,0
2025-07-14,Eggs,Dairy,21,75,18.8,0,1,0,0,0
2025-07-15,Eggs,Dairy,21,96,19.7,0,1,0,1,1
2025-07-16,Eggs,Dairy,21,84,19.1,0,1,0,2,0
2025-07-17,Eggs,Dairy,21,74,17.3,0,1,0,3,0
2025-07-18,Eggs,Dairy,21,135,21.0,0,1,1,4,1
2025-07-19,Eggs,Dairy,21,111,20.6,0,1,1,5,0
2025-07-20,Eggs,Dairy,21,106,18.6,0,1,1,6,0
2025-07-21,Eggs,Dairy,21,75,17.6,0,1,0,0,0
2025-07-22,Eggs,Dairy,21,69,20.2,0,1,0,1,0
2025-07-23,Eggs,Dairy,21,98,19.4,0,1,0,2,1
2025-07-24,Eggs,Dairy,21,74,15.8,0,1,0,3,0
2025-07-25,Eggs,Dairy,21,96,18.8,0,1,1,4,0
2025-07-26,Eggs,Dairy,21,110,19.5,0,1,1,5,0
2025-07-27,Eggs,Dairy,21,95,17.0,0,1,1,6,0
2025-07-28,Eggs,Dairy,21,69,19.3,0,1,0,0,0
2025-07-29,Eggs,Dairy,21,51,15.7,0,1,0,1,0
2025-07-30,Eggs,Dairy,21,78,21.8,0,1,0,2,0
2025-07-31,Eggs,Dairy,21,76,21.6,0,1,0,3,0
2025-08-01,Eggs,Dairy,21,98,18.3,0,1,1,4,0
2025-08-02,Eggs,Dairy,21,120,19.6,0,1,1,5,0
2025-08-03,Eggs,Dairy,21,131,13.5,0,1,1,6,1
2025-08-04,Eggs,Dairy,21,75,16.2,0,1,0,0,0
2025-08-05,Eggs,Dairy,21,65,18.1,0,1,0,1,0
2025-08-06,Eggs,Dairy,21,74,16.3,0,1,0,2,0
2025-08-07,Eggs,Dairy,21,89,20.2,0,1,0,3,0
2025-08-08,Eggs,Dairy,21,113,23.0,0,1,1,4,0
2025-08-09,Eggs,Dairy,21,113,16.0,0,1,1,5,0
2025-08-10,Eggs,Dairy,21,87,16.7,0,1,1,6,0
2025-08-11,Eggs,Dairy,21,81,19.0,0,1,0,0,0
2025-08-12,Eggs,Dairy,21,69,21.9,0,1,0,1,0
2025-08-13,Eggs,Dairy,21,50,15.7,0,1,0,2,0
2025-08-14,Eggs,Dairy,21,68,18.8,0,1,0,3,0
2025-08-15,Eggs,Dairy,21,120,22.2,0,1,1,4,1
2025-08-16,Eggs,Dairy,21,67,14.5,0,1,1,5,0
2025-08-17,Eggs,Dairy,21,96,15.3,0,1,1,6,0
2025-08-18,Eggs,Dairy,21,77,17.1,0,1,0,0,0
2025-08-19,Eggs,Dairy,21,68,16.8,0,1,0,1,0
2025-08-20,Eggs,Dairy,21,85,19.7,0,1,0,2,0
2025-08-21,Eggs,Dairy,21,64,18.4,0,1,0,3,0
2025-08-22,Eggs,Dairy,21,88,13.9,0,1,1,4,0
2025-08-23,Eggs,Dairy,21,124,18.8,0,1,1,5,1
2025-08-24,Eggs,Dairy,21,96,16.3,0,1,1,6,0
2025-08-25,Eggs,Dairy,21,79,20.3,1,1,0,0,0
2025-08-26,Eggs,Dairy,21,57,16.1,0,1,0,1,0
2025-08-27,Eggs,Dairy,21,76,16.0,0,1,0,2,0
2025-08-28,Eggs,Dairy,21,60,18.5,0,1,0,3,0
2025-08-29,Eggs,Dairy,21,95,18.9,0,1,1,4,0
2025-08-30,Eggs,Dairy,21,101,18.1,0,1,1,5,0
2025-08-31,Eggs,Dairy,21,92,13.3,0,1,1,6,0
2025-09-01,Eggs,Dairy,21,80,18.1,0,0,0,0,1
2025-09-02,Eggs,Dairy,21,66,14.6,0,0,0,1,0
2025-09-03,Eggs,Dairy,21,78,17.3,0,0,0,2,0
2025-09-04,Eggs,Dairy,21,77,13.5,0,0,0,3,0
2025-09-05,Eggs,Dairy,21,98,17.5,0,0,1,4,0
2025-09-06,Eggs,Dairy,21,83,14.7,0,0,1,5,0
2025-09-07,Eggs,Dairy,21,83,13.5,0,0,1,6,0
2025-09-08,Eggs,Dairy,21,57,17.8,0,0,0,0,0
2025-09-09,Eggs,Dairy,21,66,16.7,0,0,0,1,0
2025-09-10,Eggs,Dairy,21,58,14.7,0,0,0,2,0
2025-09-11,Eggs,Dairy,21,84,19.1,0,0,0,3,1
2025-09-12,Eggs,Dairy,21,105,14.9,0,0,1,4,0
2025-09-13,Eggs,Dairy,21,91,15.8,0,0,1,5,0
2025-09-14,Eggs,Dairy,21,71,16.2,0,0,1,6,0
2025-09-15,Eggs,Dairy,21,56,14.1,0,0,0,0,0
2025-09-16,Eggs,Dairy,21,79,16.4,0,0,0,1,0
2025-09-17,Eggs,Dairy,21,70,14.1,0,0,0,2,0
2025-09-18,Eggs,Dairy,21,73,14.2,0,0,0,3,0
2025-09-19,Eggs,Dairy,21,101,18.0,0,0,1,4,0
2025-09-20,Eggs,Dairy,21,94,12.6,0,0,1,5,0
2025-09-21,Eggs,Dairy,21,86,9.5,0,0,1,6,0
2025-09-22,Eggs,Dairy,21,45,18.2,0,0,0,0,0
2025-09-23,Eggs,Dairy,21,76,20.1,0,0,0,1,0
2025-09-24,Eggs,Dairy,21,53,13.5,0,0,0,2,0
2025-09-25,Eggs,Dairy,21,62,10.0,0,0,0,3,0
2025-09-26,Eggs,Dairy,21,56,13.5,0,0,1,4,0
2025-09-27,Eggs,Dairy,21,111,13.4,0,0,1,5,1
2025-09-28,Eggs,Dairy,21,77,13.5,0,0,1,6,0
2025-09-29,Eggs,Dairy,21,52,11.3,0,0,0,0,0
2025-09-30,Eggs,Dairy,21,62,14.9,0,0,0,1,0
2025-10-01,Eggs,Dairy,21,70,14.7,0,0,0,2,0
2025-10-02,Eggs,Dairy,21,72,10.1,0,0,0,3,0
2025-10-03,Eggs,Dairy,21,112,14.8,0,0,1,4,1
2025-10-04,Eggs,Dairy,21,79,17.6,0,0,1,5,0
2025-10-05,Eggs,Dairy,21,89,13.4,0,0,1,6,0
2025-10-06,Eggs,Dairy,21,68,12.1,0,0,0,0,0
2025-10-07,Eggs,Dairy,21,95,12.4,0,0,0,1,1
2025-10-08,Eggs,Dairy,21,80,13.9,0,0,0,2,0
2025-10-09,Eggs,Dairy,21,64,8.6,0,0,0,3,0
2025-10-10,Eggs,Dairy,21,107,12.7,0,0,1,4,1
2025-10-11,Eggs,Dairy,21,84,11.3,0,0,1,5,0
2025-10-12,Eggs,Dairy,21,90,16.1,0,0,1,6,0
2025-10-13,Eggs,Dairy,21,82,11.5,0,0,0,0,1
2025-10-14,Eggs,Dairy,21,64,15.4,0,0,0,1,0
2025-10-15,Eggs,Dairy,21,54,9.2,0,0,0,2,0
2025-10-16,Eggs,Dairy,21,67,12.8,0,0,0,3,0
2025-10-17,Eggs,Dairy,21,71,12.1,0,0,1,4,0
2025-10-18,Eggs,Dairy,21,130,9.3,0,0,1,5,1
2025-10-19,Eggs,Dairy,21,76,11.5,0,0,1,6,0
2025-10-20,Eggs,Dairy,21,55,13.6,0,0,0,0,0
2025-10-21,Eggs,Dairy,21,57,10.1,0,0,0,1,0
2025-10-22,Eggs,Dairy,21,61,7.0,0,0,0,2,0
2025-10-23,Eggs,Dairy,21,68,10.5,0,0,0,3,0
2025-10-24,Eggs,Dairy,21,66,8.4,0,0,1,4,0
2025-10-25,Eggs,Dairy,21,105,9.5,0,0,1,5,1
2025-10-26,Eggs,Dairy,21,77,9.9,0,1,1,6,0
2025-10-27,Eggs,Dairy,21,51,6.2,0,1,0,0,0
2025-10-28,Eggs,Dairy,21,48,6.3,0,1,0,1,0
2025-10-29,Eggs,Dairy,21,52,10.8,0,1,0,2,0
2025-10-30,Eggs,Dairy,21,51,8.4,0,1,0,3,0
2025-10-31,Eggs,Dairy,21,82,3.8,0,1,1,4,0
2025-11-01,Eggs,Dairy,21,87,11.0,0,0,1,5,0
2025-11-02,Eggs,Dairy,21,83,9.8,0,0,1,6,0
2025-11-03,Eggs,Dairy,21,45,7.5,0,0,0,0,0
2025-11-04,Eggs,Dairy,21,45,6.0,0,0,0,1,0
2025-11-05,Eggs,Dairy,21,57,10.6,0,0,0,2,0
2025-11-06,Eggs,Dairy,21,96,9.4,0,0,0,3,1
2025-11-07,Eggs,Dairy,21,76,13.8,0,0,1,4,0
2025-11-08,Eggs,Dairy,21,101,9.3,0,0,1,5,0
2025-11-09,Eggs,Dairy,21,75,9.1,0,0,1,6,0
2025-11-10,Eggs,Dairy,21,62,7.8,0,0,0,0,0
2025-11-11,Eggs,Dairy,21,40,9.8,0,0,0,1,0
2025-11-12,Eggs,Dairy,21,71,9.2,0,0,0,2,0
2025-11-13,Eggs,Dairy,21,65,10.5,0,0,0,3,0
2025-11-14,Eggs,Dairy,21,75,6.5,0,0,1,4,0
2025-11-15,Eggs,Dairy,21,85,6.5,0,0,1,5,0
2025-11-16,Eggs,Dairy,21,82,6.3,0,0,1,6,0
2025-11-17,Eggs,Dairy,21,55,9.0,0,0,0,0,0
2025-11-18,Eggs,Dairy,21,56,10.4,0,0,0,1,0
2025-11-19,Eggs,Dairy,21,54,6.0,0,0,0,2,0
2025-11-20,Eggs,Dairy,21,68,6.0,0,0,0,3,0
2025-11-21,Eggs,Dairy,21,82,7.5,0,0,1,4,0
2025-11-22,Eggs,Dairy,21,88,6.1,0,0,1,5,0
2025-11-23,Eggs,Dairy,21,78,8.6,0,0,1,6,0
2025-11-24,Eggs,Dairy,21,53,1.5,0,0,0,0,0
2025-11-25,Eggs,Dairy,21,51,4.5,0,0,0,1,0
2025-11-26,Eggs,Dairy,21,62,4.5,0,0,0,2,0
2025-11-27,Eggs,Dairy,21,93,1.0,0,0,0,3,1
2025-11-28,Eggs,Dairy,21,72,3.9,0,0,1,4,0
2025-11-29,Eggs,Dairy,21,88,3.9,0,0,1,5,0
2025-11-30,Eggs,Dairy,21,82,5.3,0,0,1,6,0
2025-12-01,Eggs,Dairy,21,39,8.1,0,0,0,0,0
2025-12-02,Eggs,Dairy,21,64,5.0,0,0,0,1,1
2025-12-03,Eggs,Dairy,21,79,3.2,0,0,0,2,0
2025-12-04,Eggs,Dairy,21,51,5.2,0,0,0,3,0
2025-12-05,Eggs,Dairy,21,116,7.6,0,0,1,4,1
2025-12-06,Eggs,Dairy,21,82,3.0,0,0,1,5,0
2025-12-07,Eggs,Dairy,21,87,3.1,0,0,1,6,0
2025-12-08,Eggs,Dairy,21,57,6.2,0,0,0,0,0
2025-12-09,Eggs,Dairy,21,55,4.4,0,0,0,1,0
2025-12-10,Eggs,Dairy,21,59,6.2,0,0,0,2,0
2025-12-11,Eggs,Dairy,21,57,4.7,0,0,0,3,0
2025-12-12,Eggs,Dairy,21,78,6.2,0,0,1,4,0
2025-12-13,Eggs,Dairy,21,77,2.3,0,0,1,5,0
2025-12-14,Eggs,Dairy,21,80,4.5,0,0,1,6,0
2025-12-15,Eggs,Dairy,21,61,3.9,0,0,0,0,0
2025-12-16,Eggs,Dairy,21,55,1.7,0,0,0,1,0
2025-12-17,Eggs,Dairy,21,60,0.8,0,0,0,2,0
2025-12-18,Eggs,Dairy,21,70,5.7,0,0,0,3,0
2025-12-19,Eggs,Dairy,21,75,3.3,0,0,1,4,0
2025-12-20,Eggs,Dairy,21,76,1.8,0,1,1,5,0
2025-12-21,Eggs,Dairy,21,61,3.8,0,1,1,6,0
2025-12-22,Eggs,Dairy,21,53,6.4,0,1,0,0,0
2025-12-23,Eggs,Dairy,21,52,-1.2,0,1,0,1,0
2025-12-24,Eggs,Dairy,21,63,0.5,0,1,0,2,0
2025-12-25,Eggs,Dairy,21,0,1.7,1,1,0,3,0
2025-12-26,Eggs,Dairy,21,115,6.9,1,1,1,4,0
2025-12-27,Eggs,Dairy,21,94,4.2,0,1,1,5,0
2025-12-28,Eggs,Dairy,21,85,5.3,0,1,1,6,0
2025-12-29,Eggs,Dairy,21,46,1.0,0,1,0,0,0
2025-12-30,Eggs,Dairy,21,56,1.0,0,1,0,1,0
2025-12-31,Eggs,Dairy,21,58,4.4,0,1,0,2,0
2024-01-01,Truffle Oil,Ambient,240,8,4.0,1,1,0,0,1
2024-01-02,Truffle Oil,Ambient,240,5,1.0,0,1,0,1,0
2024-01-03,Truffle Oil,Ambient,240,0,4.9,0,0,0,2,0
2024-01-04,Truffle Oil,Ambient,240,3,5.3,0,0,0,3,0
2024-01-05,Truffle Oil,Ambient,240,0,-1.1,0,0,1,4,0
2024-01-06,Truffle Oil,Ambient,240,0,0.3,0,0,1,5,0
2024-01-07,Truffle Oil,Ambient,240,0,3.4,0,0,1,6,1
2024-01-08,Truffle Oil,Ambient,240,0,2.4,0,0,0,0,0
2024-01-09,Truffle Oil,Ambient,240,0,3.1,0,0,0,1,0
2024-01-10,Truffle Oil,Ambient,240,7,1.2,0,0,0,2,0
2024-01-11,Truffle Oil,Ambient,240,5,5.0,0,0,0,3,0
2024-01-12,Truffle Oil,Ambient,240,0,4.8,0,0,1,4,0
2024-01-13,Truffle Oil,Ambient,240,0,3.2,0,0,1,5,1
2024-01-14,Truffle Oil,Ambient,240,7,5.5,0,0,1,6,0
2024-01-15,Truffle Oil,Ambient,240,0,4.0,0,0,0,0,0
2024-01-16,Truffle Oil,Ambient,240,0,1.1,0,0,0,1,0
2024-01-17,Truffle Oil,Ambient,240,4,3.8,0,0,0,2,0
2024-01-18,Truffle Oil,Ambient,240,9,0.9,0,0,0,3,0
2024-01-19,Truffle Oil,Ambient,240,0,4.9,0,0,1,4,1
2024-01-20,Truffle Oil,Ambient,240,0,2.9,0,0,1,5,0
2024-01-21,Truffle Oil,Ambient,240,13,2.6,0,0,1,6,0
2024-01-22,Truffle Oil,Ambient,240,0,1.5,0,0,0,0,0
2024-01-23,Truffle Oil,Ambient,240,11,5.7,0,0,0,1,0
2024-01-24,Truffle Oil,Ambient,240,0,2.7,0,0,0,2,0
2024-01-25,Truffle Oil,Ambient,240,0,2.1,0,0,0,3,0
2024-01-26,Truffle Oil,Ambient,240,6,2.3,0,0,1,4,0
2024-01-27,Truffle Oil,Ambient,240,0,4.3,0,0,1,5,0
2024-01-28,Truffle Oil,Ambient,240,0,3.9,0,0,1,6,0
2024-01-29,Truffle Oil,Ambient,240,7,4.0,0,0,0,0,0
2024-01-30,Truffle Oil,Ambient,240,2,4.1,0,0,0,1,0
2024-01-31,Truffle Oil,Ambient,240,0,7.9,0,0,0,2,0
2024-02-01,Truffle Oil,Ambient,240,5,2.3,0,0,0,3,0
2024-02-02,Truffle Oil,Ambient,240,0,2.1,0,0,1,4,0
2024-02-03,Truffle Oil,Ambient,240,11,1.5,0,0,1,5,0
2024-02-04,Truffle Oil,Ambient,240,0,4.7,0,0,1,6,0
2024-02-05,Truffle Oil,Ambient,240,0,5.8,0,0,0,0,0
2024-02-06,Truffle Oil,Ambient,240,0,3.1,0,0,0,1,0
2024-02-07,Truffle Oil,Ambient,240,3,1.6,0,0,0,2,0
2024-02-08,Truffle Oil,Ambient,240,0,1.7,0,0,0,3,0
2024-02-09,Truffle Oil,Ambient,240,7,5.0,0,0,1,4,0
2024-02-10,Truffle Oil,Ambient,240,0,5.2,0,0,1,5,0
2024-02-11,Truffle Oil,Ambient,240,9,4.8,0,0,1,6,0
2024-02-12,Truffle Oil,Ambient,240,11,2.2,0,1,0,0,1
2024-02-13,Truffle Oil,Ambient,240,0,4.3,0,1,0,1,0
2024-02-14,Truffle Oil,Ambient,240,11,4.1,0,1,0,2,0
2024-02-15,Truffle Oil,Ambient,240,0,4.3,0,1,0,3,1
2024-02-16,Truffle Oil,Ambient,240,11,5.8,0,1,1,4,0
2024-02-17,Truffle Oil,Ambient,240,0,4.5,0,1,1,5,0
2024-02-18,Truffle Oil,Ambient,240,0,5.6,0,1,1,6,0
2024-02-19,Truffle Oil,Ambient,240,6,4.3,0,0,0,0,0
2024-02-20,Truffle Oil,Ambient,240,0,4.8,0,0,0,1,1
2024-02-21,Truffle Oil,Ambient,240,0,5.7,0,0,0,2,0
2024-02-22,Truffle Oil,Ambient,240,0,1.1,0,0,0,3,0
2024-02-23,Truffle Oil,Ambient,240,6,3.7,0,0,1,4,0
2024-02-24,Truffle Oil,Ambient,240,10,3.5,0,0,1,5,0
2024-02-25,Truffle Oil,Ambient,240,7,3.2,0,0,1,6,0
2024-02-26,Truffle Oil,Ambient,240,10,4.1,0,0,0,0,0
2024-02-27,Truffle Oil,Ambient,240,4,8.0,0,0,0,1,0
2024-02-28,Truffle Oil,Ambient,240,10,2.9,0,0,0,2,0
2024-02-29,Truffle Oil,Ambient,240,2,7.1,0,0,0,3,0
2024-03-01,Truffle Oil,Ambient,240,13,1.3,0,0,1,4,0
2024-03-02,Truffle Oil,Ambient,240,12,4.4,0,0,1,5,0
2024-03-03,Truffle Oil,Ambient,240,0,5.6,0,0,1,6,0
2024-03-04,Truffle Oil,Ambient,240,7,6.6,0,0,0,0,0
2024-03-05,Truffle Oil,Ambient,240,13,7.0,0,0,0,1,0
2024-03-06,Truffle Oil,Ambient,240,0,7.3,0,0,0,2,0
2024-03-07,Truffle Oil,Ambient,240,8,4.8,0,0,0,3,0
2024-03-08,Truffle Oil,Ambient,240,7,4.7,0,0,1,4,0
2024-03-09,Truffle Oil,Ambient,240,12,7.7,0,0,1,5,0
2024-03-10,Truffle Oil,Ambient,240,8,5.5,0,0,1,6,0
2024-03-11,Truffle Oil,Ambient,240,0,3.2,0,0,0,0,1
2024-03-12,Truffle Oil,Ambient,240,8,3.6,0,0,0,1,0
2024-03-13,Truffle Oil,Ambient,240,0,4.2,0,0,0,2,1
2024-03-14,Truffle Oil,Ambient,240,0,7.5,0,0,0,3,0
2024-03-15,Truffle Oil,Ambient,240,6,6.8,0,0,1,4,0
2024-03-16,Truffle Oil,Ambient,240,10,8.1,0,0,1,5,0
2024-03-17,Truffle Oil,Ambient,240,7,5.8,0,0,1,6,0
2024-03-18,Truffle Oil,Ambient,240,6,7.2,0,0,0,0,0
2024-03-19,Truffle Oil,Ambient,240,4,8.3,0,0,0,1,0
2024-03-20,Truffle Oil,Ambient,240,4,6.4,0,0,0,2,0
2024-03-21,Truffle Oil,Ambient,240,9,8.2,0,0,0,3,1
2024-03-22,Truffle Oil,Ambient,240,0,5.8,0,0,1,4,0
2024-03-23,Truffle Oil,Ambient,240,5,6.6,0,0,1,5,0
2024-03-24,Truffle Oil,Ambient,240,13,6.7,0,0,1,6,0
2024-03-25,Truffle Oil,Ambient,240,2,5.0,0,0,0,0,0
2024-03-26,Truffle Oil,Ambient,240,0,8.9,0,0,0,1,0
2024-03-27,Truffle Oil,Ambient,240,7,6.9,0,0,0,2,0
2024-03-28,Truffle Oil,Ambient,240,0,8.1,0,0,0,3,0
2024-03-29,Truffle Oil,Ambient,240,17,9.2,1,0,1,4,0
2024-03-30,Truffle Oil,Ambient,240,0,9.3,0,0,1,5,0
2024-03-31,Truffle Oil,Ambient,240,9,9.9,0,0,1,6,0
2024-04-01,Truffle Oil,Ambient,240,14,8.3,1,1,0,0,0
2024-04-02,Truffle Oil,Ambient,240,5,7.8,0,1,0,1,0
2024-04-03,Truffle Oil,Ambient,240,7,8.7,0,1,0,2,0
2024-04-04,Truffle Oil,Ambient,240,6,5.2,0,1,0,3,0
2024-04-05,Truffle Oil,Ambient,240,0,5.9,0,1,1,4,0
2024-04-06,Truffle Oil,Ambient,240,8,6.3,0,1,1,5,0
2024-04-07,Truffle Oil,Ambient,240,0,7.2,0,1,1,6,0
2024-04-08,Truffle Oil,Ambient,240,4,10.4,0,1,0,0,0
2024-04-09,Truffle Oil,Ambient,240,0,7.6,0,1,0,1,0
2024-04-10,Truffle Oil,Ambient,240,0,8.9,0,1,0,2,1
2024-04-11,Truffle Oil,Ambient,240,12,12.8,0,1,0,3,1
2024-04-12,Truffle Oil,Ambient,240,13,9.3,0,1,1,4,0
2024-04-13,Truffle Oil,Ambient,240,12,11.8,0,1,1,5,0
2024-04-14,Truffle Oil,Ambient,240,10,8.3,0,1,1,6,0
2024-04-15,Truffle Oil,Ambient,240,0,10.0,0,0,0,0,0
2024-04-16,Truffle Oil,Ambient,240,7,8.5,0,0,0,1,0
2024-04-17,Truffle Oil,Ambient,240,0,10.0,0,0,0,2,1
2024-04-18,Truffle Oil,Ambient,240,13,12.7,0,0,0,3,0
2024-04-19,Truffle Oil,Ambient,240,0,7.2,0,0,1,4,0
2024-04-20,Truffle Oil,Ambient,240,0,12.1,0,0,1,5,0
2024-04-21,Truffle Oil,Ambient,240,15,11.8,0,0,1,6,0
2024-04-22,Truffle Oil,Ambient,240,8,10.1,0,0,0,0,0
2024-04-23,Truffle Oil,Ambient,240,0,8.4,0,0,0,1,0
2024-04-24,Truffle Oil,Ambient,240,5,11.8,0,0,0,2,0
2024-04-25,Truffle Oil,Ambient,240,5,10.7,0,0,0,3,0
2024-04-26,Truffle Oil,Ambient,240,0,12.5,0,0,1,4,0
2024-04-27,Truffle Oil,Ambient,240,12,12.1,0,0,1,5,0
2024-04-28,Truffle Oil,Ambient,240,11,15.8,0,0,1,6,0
2024-04-29,Truffle Oil,Ambient,240,6,11.8,0,0,0,0,0
2024-04-30,Truffle Oil,Ambient,240,0,10.3,0,0,0,1,0
2024-05-01,Truffle Oil,Ambient,240,9,13.0,0,0,0,2,0
2024-05-02,Truffle Oil,Ambient,240,5,13.3,0,0,0,3,0
2024-05-03,Truffle Oil,Ambient,240,16,15.9,0,0,1,4,0
2024-05-04,Truffle Oil,Ambient,240,13,14.9,0,0,1,5,0
2024-05-05,Truffle Oil,Ambient,240,0,14.0,0,0,1,6,0
2024-05-06,Truffle Oil,Ambient,240,12,16.5,1,0,0,0,0
2024-05-07,Truffle Oil,Ambient,240,9,10.8,0,0,0,1,1
2024-05-08,Truffle Oil,Ambient,240,0,12.2,0,0,0,2,0
2024-05-09,Truffle Oil,Ambient,240,3,11.7,0,0,0,3,0
2024-05-10,Truffle Oil,Ambient,240,0,13.0,0,0,1,4,0
2024-05-11,Truffle Oil,Ambient,240,9,10.9,0,0,1,5,0
2024-05-12,Truffle Oil,Ambient,240,0,15.5,0,0,1,6,0
2024-05-13,Truffle Oil,Ambient,240,7,13.7,0,0,0,0,0
2024-05-14,Truffle Oil,Ambient,240,0,11.1,0,0,0,1,0
2024-05-15,Truffle Oil,Ambient,240,5,12.2,0,0,0,2,0
2024-05-16,Truffle Oil,Ambient,240,9,15.3,0,0,0,3,0
2024-05-17,Truffle Oil,Ambient,240,0,16.5,0,0,1,4,0
2024-05-18,Truffle Oil,Ambient,240,0,19.2,0,0,1,5,0
2024-05-19,Truffle Oil,Ambient,240,10,21.4,0,0,1,6,0
2024-05-20,Truffle Oil,Ambient,240,0,16.0,0,0,0,0,0
2024-05-21,Truffle Oil,Ambient,240,3,13.0,0,0,0,1,0
2024-05-22,Truffle Oil,Ambient,240,4,10.6,0,0,0,2,0
2024-05-23,Truffle Oil,Ambient,240,7,16.0,0,0,0,3,0
2024-05-24,Truffle Oil,Ambient,240,0,13.7,0,0,1,4,0
2024-05-25,Truffle Oil,Ambient,240,0,14.7,0,0,1,5,0
2024-05-26,Truffle Oil,Ambient,240,14,14.4,0,1,1,6,1
2024-05-27,Truffle Oil,Ambient,240,10,15.6,1,1,0,0,0
2024-05-28,Truffle Oil,Ambient,240,7,18.3,0,1,0,1,0
2024-05-29,Truffle Oil,Ambient,240,6,16.4,0,1,0,2,0
2024-05-30,Truffle Oil,Ambient,240,7,15.8,0,1,0,3,0
2024-05-31,Truffle Oil,Ambient,240,10,14.0,0,1,1,4,0
2024-06-01,Truffle Oil,Ambient,240,8,12.7,0,0,1,5,0
2024-06-02,Truffle Oil,Ambient,240,15,15.4,0,0,1,6,0
2024-06-03,Truffle Oil,Ambient,240,0,16.5,0,0,0,0,0
2024-06-04,Truffle Oil,Ambient,240,0,20.6,0,0,0,1,0
2024-06-05,Truffle Oil,Ambient,240,0,17.1,0,0,0,2,0
2024-06-06,Truffle Oil,Ambient,240,0,19.0,0,0,0,3,0
2024-06-07,Truffle Oil,Ambient,240,11,15.9,0,0,1,4,0
2024-06-08,Truffle Oil,Ambient,240,12,14.5,0,0,1,5,0
2024-06-09,Truffle Oil,Ambient,240,9,15.0,0,0,1,6,0
2024-06-10,Truffle Oil,Ambient,240,8,15.6,0,0,0,0,0
2024-06-11,Truffle Oil,Ambient,240,0,22.0,0,0,0,1,1
2024-06-12,Truffle Oil,Ambient,240,0,15.6,0,0,0,2,0
2024-06-13,Truffle Oil,Ambient,240,0,19.3,0,0,0,3,0
2024-06-14,Truffle Oil,Ambient,240,9,15.6,0,0,1,4,0
2024-06-15,Truffle Oil,Ambient,240,0,19.7,0,0,1,5,0
2024-06-16,Truffle Oil,Ambient,240,0,18.6,0,0,1,6,0
2024-06-17,Truffle Oil,Ambient,240,0,17.5,0,0,0,0,0
2024-06-18,Truffle Oil,Ambient,240,6,17.8,0,0,0,1,0
2024-06-19,Truffle Oil,Ambient,240,0,16.5,0,0,0,2,0
2024-06-20,Truffle Oil,Ambient,240,0,19.0,0,0,0,3,0
2024-06-21,Truffle Oil,Ambient,240,9,17.1,0,0,1,4,0
2024-06-22,Truffle Oil,Ambient,240,0,15.4,0,0,1,5,0
2024-06-23,Truffle Oil,Ambient,240,9,15.4,0,0,1,6,0
2024-06-24,Truffle Oil,Ambient,240,3,18.6,0,0,0,0,0
2024-06-25,Truffle Oil,Ambient,240,5,21.8,0,0,0,1,0
2024-06-26,Truffle Oil,Ambient,240,7,18.7,0,0,0,2,0
2024-06-27,Truffle Oil,Ambient,240,0,18.2,0,0,0,3,0
2024-06-28,Truffle Oil,Ambient,240,5,19.1,0,0,1,4,0
2024-06-29,Truffle Oil,Ambient,240,7,21.4,0,0,1,5,0
2024-06-30,Truffle Oil,Ambient,240,11,19.0,0,0,1,6,0
2024-07-01,Truffle Oil,Ambient,240,6,17.7,0,1,0,0,0
2024-07-02,Truffle Oil,Ambient,240,0,21.1,0,1,0,1,0
2024-07-03,Truffle Oil,Ambient,240,6,19.6,0,1,0,2,0
2024-07-04,Truffle Oil,Ambient,240,5,22.1,0,1,0,3,0
2024-07-05,Truffle Oil,Ambient,240,9,19.2,0,1,1,4,0
2024-07-06,Truffle Oil,Ambient,240,0,16.1,0,1,1,5,1
2024-07-07,Truffle Oil,Ambient,240,16,15.8,0,1,1,6,0
2024-07-08,Truffle Oil,Ambient,240,9,22.5,0,1,0,0,0
2024-07-09,Truffle Oil,Ambient,240,0,22.7,0,1,0,1,0
2024-07-10,Truffle Oil,Ambient,240,3,18.5,0,1,0,2,0
2024-07-11,Truffle Oil,Ambient,240,6,18.1,0,1,0,3,0
2024-07-12,Truffle Oil,Ambient,240,14,22.2,0,1,1,4,0
2024-07-13,Truffle Oil,Ambient,240,0,16.5,0,1,1,5,0
2024-07-14,Truffle Oil,Ambient,240,0,17.0,0,1,1,6,0
2024-07-15,Truffle Oil,Ambient,240,9,20.4,0,1,0,0,1
2024-07-16,Truffle Oil,Ambient,240,4,18.1,0,1,0,1,0
2024-07-17,Truffle Oil,Ambient,240,6,19.0,0,1,0,2,0
2024-07-18,Truffle Oil,Ambient,240,10,18.6,0,1,0,3,1
2024-07-19,Truffle Oil,Ambient,240,0,19.7,0,1,1,4,0
2024-07-20,Truffle Oil,Ambient,240,15,22.1,0,1,1,5,0
2024-07-21,Truffle Oil,Ambient,240,0,19.2,0,1,1,6,0
2024-07-22,Truffle Oil,Ambient,240,0,20.4,0,1,0,0,0
2024-07-23,Truffle Oil,Ambient,240,7,14.5,0,1,0,1,1
2024-07-24,Truffle Oil,Ambient,240,5,18.9,0,1,0,2,0
2024-07-25,Truffle Oil,Ambient,240,0,17.1,0,1,0,3,0
2024-07-26,Truffle Oil,Ambient,240,11,16.3,0,1,1,4,0
2024-07-27,Truffle Oil,Ambient,240,11,17.0,0,1,1,5,0
2024-07-28,Truffle Oil,Ambient,240,11,18.2,0,1,1,6,0
2024-07-29,Truffle Oil,Ambient,240,0,20.9,0,1,0,0,0
2024-07-30,Truffle Oil,Ambient,240,8,15.9,0,1,0,1,0
2024-07-31,Truffle Oil,Ambient,240,0,18.9,0,1,0,2,0
2024-08-01,Truffle Oil,Ambient,240,0,17.7,0,1,0,3,0
2024-08-02,Truffle Oil,Ambient,240,0,18.1,0,1,1,4,0
2024-08-03,Truffle Oil,Ambient,240,0,21.0,0,1,1,5,0
2024-08-04,Truffle Oil,Ambient,240,0,19.9,0,1,1,6,0
2024-08-05,Truffle Oil,Ambient,240,0,21.6,0,1,0,0,0
2024-08-06,Truffle Oil,Ambient,240,4,18.3,0,1,0,1,0
2024-08-07,Truffle Oil,Ambient,240,0,17.1,0,1,0,2,1
2024-08-08,Truffle Oil,Ambient,240,0,18.1,0,1,0,3,0
2024-08-09,Truffle Oil,Ambient,240,12,19.0,0,1,1,4,0
2024-08-10,Truffle Oil,Ambient,240,0,18.8,0,1,1,5,1
2024-08-11,Truffle Oil,Ambient,240,6,16.0,0,1,1,6,0
2024-08-12,Truffle Oil,Ambient,240,0,18.5,0,1,0,0,0
2024-08-13,Truffle Oil,Ambient,240,7,18.8,0,1,0,1,0
2024-08-14,Truffle Oil,Ambient,240,4,23.8,0,1,0,2,0
2024-08-15,Truffle Oil,Ambient,240,0,22.3,0,1,0,3,0
2024-08-16,Truffle Oil,Ambient,240,7,16.2,0,1,1,4,0
2024-08-17,Truffle Oil,Ambient,240,10,17.4,0,1,1,5,0
2024-08-18,Truffle Oil,Ambient,240,10,14.8,0,1,1,6,0
2024-08-19,Truffle Oil,Ambient,240,0,16.6,0,1,0,0,0
2024-08-20,Truffle Oil,Ambient,240,0,18.5,0,1,0,1,1
2024-08-21,Truffle Oil,Ambient,240,4,20.4,0,1,0,2,0
2024-08-22,Truffle Oil,Ambient,240,8,16.1,0,1,0,3,0
2024-08-23,Truffle Oil,Ambient,240,14,16.2,0,1,1,4,0
2024-08-24,Truffle Oil,Ambient,240,0,12.8,0,1,1,5,0
2024-08-25,Truffle Oil,Ambient,240,0,17.1,0,1,1,6,0
2024-08-26,Truffle Oil,Ambient,240,9,15.0,1,1,0,0,0
2024-08-27,Truffle Oil,Ambient,240,5,16.1,0,1,0,1,0
2024-08-28,Truffle Oil,Ambient,240,9,15.3,0,1,0,2,0
2024-08-29,Truffle Oil,Ambient,240,0,16.9,0,1,0,3,0
2024-08-30,Truffle Oil,Ambient,240,8,13.2,0,1,1,4,0
2024-08-31,Truffle Oil,Ambient,240,9,13.7,0,1,1,5,0
2024-09-01,Truffle Oil,Ambient,240,10,21.5,0,0,1,6,0
2024-09-02,Truffle Oil,Ambient,240,7,13.9,0,0,0,0,0
2024-09-03,Truffle Oil,Ambient,240,5,14.2,0,0,0,1,0
2024-09-04,Truffle Oil,Ambient,240,6,20.6,0,0,0,2,0
2024-09-05,Truffle Oil,Ambient,240,4,22.8,0,0,0,3,0
2024-09-06,Truffle Oil,Ambient,240,0,13.8,0,0,1,4,0
2024-09-07,Truffle Oil,Ambient,240,8,15.4,0,0,1,5,0
2024-09-08,Truffle Oil,Ambient,240,0,16.9,0,0,1,6,0
2024-09-09,Truffle Oil,Ambient,240,0,19.8,0,0,0,0,0
2024-09-10,Truffle Oil,Ambient,240,0,13.8,0,0,0,1,0
2024-09-11,Truffle Oil,Ambient,240,7,15.3,0,0,0,2,0
2024-09-12,Truffle Oil,Ambient,240,8,17.4,0,0,0,3,0
2024-09-13,Truffle Oil,Ambient,240,7,16.6,0,0,1,4,0
2024-09-14,Truffle Oil,Ambient,240,0,14.7,0,0,1,5,0
2024-09-15,Truffle Oil,Ambient,240,0,15.1,0,0,1,6,0
2024-09-16,Truffle Oil,Ambient,240,0,12.2,0,0,0,0,0
2024-09-17,Truffle Oil,Ambient,240,0,14.6,0,0,0,1,0
2024-09-18,Truffle Oil,Ambient,240,0,14.4,0,0,0,2,0
2024-09-19,Truffle Oil,Ambient,240,0,15.4,0,0,0,3,0
2024-09-20,Truffle Oil,Ambient,240,12,13.6,0,0,1,4,0
2024-09-21,Truffle Oil,Ambient,240,2,15.7,0,0,1,5,0
2024-09-22,Truffle Oil,Ambient,240,0,16.8,0,0,1,6,0
2024-09-23,Truffle Oil,Ambient,240,0,14.8,0,0,0,0,1
2024-09-24,Truffle Oil,Ambient,240,4,15.1,0,0,0,1,1
2024-09-25,Truffle Oil,Ambient,240,4,14.3,0,0,0,2,0
2024-09-26,Truffle Oil,Ambient,240,6,14.0,0,0,0,3,0
2024-09-27,Truffle Oil,Ambient,240,8,12.3,0,0,1,4,0
2024-09-28,Truffle Oil,Ambient,240,0,14.5,0,0,1,5,0
2024-09-29,Truffle Oil,Ambient,240,0,13.4,0,0,1,6,0
2024-09-30,Truffle Oil,Ambient,240,0,18.1,0,0,0,0,0
2024-10-01,Truffle Oil,Ambient,240,11,16.8,0,0,0,1,0
2024-10-02,Truffle Oil,Ambient,240,3,14.1,0,0,0,2,0
2024-10-03,Truffle Oil,Ambient,240,0,11.4,0,0,0,3,0
2024-10-04,Truffle Oil,Ambient,240,8,10.5,0,0,1,4,0
2024-10-05,Truffle Oil,Ambient,240,10,15.5,0,0,1,5,0
2024-10-06,Truffle Oil,Ambient,240,10,13.3,0,0,1,6,0
2024-10-07,Truffle Oil,Ambient,240,6,13.6,0,0,0,0,0
2024-10-08,Truffle Oil,Ambient,240,3,8.6,0,0,0,1,0
2024-10-09,Truffle Oil,Ambient,240,5,14.4,0,0,0,2,0
2024-10-10,Truffle Oil,Ambient,240,6,13.2,0,0,0,3,0
2024-10-11,Truffle Oil,Ambient,240,15,9.6,0,0,1,4,0
2024-10-12,Truffle Oil,Ambient,240,0,10.9,0,0,1,5,0
2024-10-13,Truffle Oil,Ambient,240,8,12.4,0,0,1,6,0
2024-10-14,Truffle Oil,Ambient,240,9,11.8,0,0,0,0,0
2024-10-15,Truffle Oil,Ambient,240,5,10.9,0,0,0,1,1
2024-10-16,Truffle Oil,Ambient,240,0,11.1,0,0,0,2,0
2024-10-17,Truffle Oil,Ambient,240,0,10.7,0,0,0,3,1
2024-10-18,Truffle Oil,Ambient,240,0,11.4,0,0,1,4,0
2024-10-19,Truffle Oil,Ambient,240,8,14.2,0,0,1,5,0
2024-10-20,Truffle Oil,Ambient,240,13,5.2,0,0,1,6,1
2024-10-21,Truffle Oil,Ambient,240,0,10.2,0,0,0,0,0
2024-10-22,Truffle Oil,Ambient,240,5,10.9,0,0,0,1,0
2024-10-23,Truffle Oil,Ambient,240,8,11.0,0,0,0,2,0
2024-10-24,Truffle Oil,Ambient,240,6,9.4,0,0,0,3,0
2024-10-25,Truffle Oil,Ambient,240,0,6.3,0,0,1,4,0
2024-10-26,Truffle Oil,Ambient,240,11,10.7,0,1,1,5,0
2024-10-27,Truffle Oil,Ambient,240,0,13.7,0,1,1,6,0
2024-10-28,Truffle Oil,Ambient,240,0,6.3,0,1,0,0,0
2024-10-29,Truffle Oil,Ambient,240,9,11.5,0,1,0,1,0
2024-10-30,Truffle Oil,Ambient,240,0,8.7,0,1,0,2,0
2024-10-31,Truffle Oil,Ambient,240,0,9.2,0,1,0,3,0
2024-11-01,Truffle Oil,Ambient,240,0,6.9,0,0,1,4,0
2024-11-02,Truffle Oil,Ambient,240,9,8.3,0,0,1,5,0
2024-11-03,Truffle Oil,Ambient,240,11,11.8,0,0,1,6,0
2024-11-04,Truffle Oil,Ambient,240,9,10.1,0,0,0,0,0
2024-11-05,Truffle Oil,Ambient,240,0,12.5,0,0,0,1,0
2024-11-06,Truffle Oil,Ambient,240,0,11.1,0,0,0,2,0
2024-11-07,Truffle Oil,Ambient,240,9,9.3,0,0,0,3,0
2024-11-08,Truffle Oil,Ambient,240,0,12.1,0,0,1,4,0
2024-11-09,Truffle Oil,Ambient,240,10,9.1,0,0,1,5,0
2024-11-10,Truffle Oil,Ambient,240,0,9.8,0,0,1,6,0
2024-11-11,Truffle Oil,Ambient,240,8,7.2,0,0,0,0,0
2024-11-12,Truffle Oil,Ambient,240,10,7.9,0,0,0,1,1
2024-11-13,Truffle Oil,Ambient,240,5,6.1,0,0,0,2,1
2024-11-14,Truffle Oil,Ambient,240,6,9.7,0,0,0,3,0
2024-11-15,Truffle Oil,Ambient,240,0,4.8,0,0,1,4,0
2024-11-16,Truffle Oil,Ambient,240,0,9.0,0,0,1,5,0
2024-11-17,Truffle Oil,Ambient,240,17,6.7,0,0,1,6,0
2024-11-18,Truffle Oil,Ambient,240,1,9.6,0,0,0,0,0
2024-11-19,Truffle Oil,Ambient,240,5,8.5,0,0,0,1,0
2024-11-20,Truffle Oil,Ambient,240,2,10.8,0,0,0,2,0
2024-11-21,Truffle Oil,Ambient,240,7,8.3,0,0,0,3,0
2024-11-22,Truffle Oil,Ambient,240,0,3.1,0,0,1,4,0
2024-11-23,Truffle Oil,Ambient,240,0,6.3,0,0,1,5,0
2024-11-24,Truffle Oil,Ambient,240,0,3.7,0,0,1,6,0
2024-11-25,Truffle Oil,Ambient,240,4,5.1,0,0,0,0,0
2024-11-26,Truffle Oil,Ambient,240,0,9.4,0,0,0,1,0
2024-11-27,Truffle Oil,Ambient,240,0,7.4,0,0,0,2,0
2024-11-28,Truffle Oil,Ambient,240,0,4.3,0,0,0,3,0
2024-11-29,Truffle Oil,Ambient,240,0,3.5,0,0,1,4,0
2024-11-30,Truffle Oil,Ambient,240,0,5.7,0,0,1,5,0
2024-12-01,Truffle Oil,Ambient,240,0,2.9,0,0,1,6,0
2024-12-02,Truffle Oil,Ambient,240,0,4.0,0,0,0,0,0
2024-12-03,Truffle Oil,Ambient,240,7,6.1,0,0,0,1,0
2024-12-04,Truffle Oil,Ambient,240,0,7.8,0,0,0,2,0
2024-12-05,Truffle Oil,Ambient,240,0,6.5,0,0,0,3,1
2024-12-06,Truffle Oil,Ambient,240,0,0.0,0,0,1,4,0
2024-12-07,Truffle Oil,Ambient,240,14,5.7,0,0,1,5,0
2024-12-08,Truffle Oil,Ambient,240,8,5.1,0,0,1,6,0
2024-12-09,Truffle Oil,Ambient,240,0,5.7,0,0,0,0,0
2024-12-10,Truffle Oil,Ambient,240,0,8.3,0,0,0,1,0
2024-12-11,Truffle Oil,Ambient,240,0,0.1,0,0,0,2,0
2024-12-12,Truffle Oil,Ambient,240,5,3.3,0,0,0,3,0
2024-12-13,Truffle Oil,Ambient,240,18,5.8,0,0,1,4,0
2024-12-14,Truffle Oil,Ambient,240,9,0.9,0,0,1,5,0
2024-12-15,Truffle Oil,Ambient,240,4,7.6,0,0,1,6,0
2024-12-16,Truffle Oil,Ambient,240,0,5.1,0,0,0,0,0
2024-12-17,Truffle Oil,Ambient,240,6,6.0,0,0,0,1,0
2024-12-18,Truffle Oil,Ambient,240,6,2.9,0,0,0,2,0
2024-12-19,Truffle Oil,Ambient,240,0,5.8,0,0,0,3,0
2024-12-20,Truffle Oil,Ambient,240,13,6.3,0,1,1,4,0
2024-12-21,Truffle Oil,Ambient,240,13,4.4,0,1,1,5,0
2024-12-22,Truffle Oil,Ambient,240,13,4.4,0,1,1,6,0
2024-12-23,Truffle Oil,Ambient,240,0,4.4,0,1,0,0,1
2024-12-24,Truffle Oil,Ambient,240,0,1.8,0,1,0,1,0
2024-12-25,Truffle Oil,Ambient,240,0,3.3,1,1,0,2,0
2024-12-26,Truffle Oil,Ambient,240,2,3.3,1,1,0,3,0
2024-12-27,Truffle Oil,Ambient,240,0,4.4,0,1,1,4,1
2024-12-28,Truffle Oil,Ambient,240,0,5.7,0,1,1,5,0
2024-12-29,Truffle Oil,Ambient,240,0,1.1,0,1,1,6,0
2024-12-30,Truffle Oil,Ambient,240,4,3.1,0,1,0,0,0
2024-12-31,Truffle Oil,Ambient,240,2,6.6,0,1,0,1,0
2025-01-01,Truffle Oil,Ambient,240,9,1.7,1,1,0,2,0
2025-01-02,Truffle Oil,Ambient,240,0,1.5,0,1,0,3,0
2025-01-03,Truffle Oil,Ambient,240,10,3.7,0,0,1,4,0
2025-01-04,Truffle Oil,Ambient,240,0,5.1,0,0,1,5,0
2025-01-05,Truffle Oil,Ambient,240,0,3.2,0,0,1,6,0
2025-01-06,Truffle Oil,Ambient,240,4,6.1,0,0,0,0,0
2025-01-07,Truffle Oil,Ambient,240,0,5.0,0,0,0,1,0
2025-01-08,Truffle Oil,Ambient,240,0,5.0,0,0,0,2,0
2025-01-09,Truffle Oil,Ambient,240,6,4.3,0,0,0,3,0
2025-01-10,Truffle Oil,Ambient,240,17,8.2,0,0,1,4,0
2025-01-11,Truffle Oil,Ambient,240,9,2.6,0,0,1,5,0
2025-01-12,Truffle Oil,Ambient,240,10,-1.4,0,0,1,6,0
2025-01-13,Truffle Oil,Ambient,240,0,6.6,0,0,0,0,0
2025-01-14,Truffle Oil,Ambient,240,3,2.0,0,0,0,1,0
2025-01-15,Truffle Oil,Ambient,240,6,3.3,0,0,0,2,0
2025-01-16,Truffle Oil,Ambient,240,4,5.9,0,0,0,3,0
2025-01-17,Truffle Oil,Ambient,240,9,-0.5,0,0,1,4,0
2025-01-18,Truffle Oil,Ambient,240,0,0.2,0,0,1,5,0
2025-01-19,Truffle Oil,Ambient,240,13,-0.5,0,0,1,6,0
2025-01-20,Truffle Oil,Ambient,240,0,1.3,0,0,0,0,0
2025-01-21,Truffle Oil,Ambient,240,0,4.0,0,0,0,1,0
2025-01-22,Truffle Oil,Ambient,240,0,4.2,0,0,0,2,0
2025-01-23,Truffle Oil,Ambient,240,0,3.6,0,0,0,3,0
2025-01-24,Truffle Oil,Ambient,240,0,-0.1,0,0,1,4,0
2025-01-25,Truffle Oil,Ambient,240,6,-2.0,0,0,1,5,0
2025-01-26,Truffle Oil,Ambient,240,16,3.2,0,0,1,6,0
2025-01-27,Truffle Oil,Ambient,240,4,2.0,0,0,0,0,0
2025-01-28,Truffle Oil,Ambient,240,8,4.1,0,0,0,1,0
2025-01-29,Truffle Oil,Ambient,240,0,4.7,0,0,0,2,0
2025-01-30,Truffle Oil,Ambient,240,8,3.5,0,0,0,3,0
2025-01-31,Truffle Oil,Ambient,240,12,4.9,0,0,1,4,0
2025-02-01,Truffle Oil,Ambient,240,0,3.7,0,0,1,5,0
2025-02-02,Truffle Oil,Ambient,240,0,4.4,0,0,1,6,0
2025-02-03,Truffle Oil,Ambient,240,6,1.7,0,0,0,0,0
2025-02-04,Truffle Oil,Ambient,240,5,2.9,0,0,0,1,0
2025-02-05,Truffle Oil,Ambient,240,0,3.8,0,0,0,2,0
2025-02-06,Truffle Oil,Ambient,240,3,5.2,0,0,0,3,0
2025-02-07,Truffle Oil,Ambient,240,11,2.6,0,0,1,4,0
2025-02-08,Truffle Oil,Ambient,240,11,4.6,0,0,1,5,0
2025-02-09,Truffle Oil,Ambient,240,9,2.9,0,0,1,6,0
2025-02-10,Truffle Oil,Ambient,240,0,3.3,0,0,0,0,0
2025-02-11,Truffle Oil,Ambient,240,9,5.5,0,0,0,1,1
2025-02-12,Truffle Oil,Ambient,240,6,-0.7,0,1,0,2,0
2025-02-13,Truffle Oil,Ambient,240,0,0.9,0,1,0,3,0
2025-02-14,Truffle Oil,Ambient,240,4,0.5,0,1,1,4,0
2025-02-15,Truffle Oil,Ambient,240,7,-1.3,0,1,1,5,0
2025-02-16,Truffle Oil,Ambient,240,0,2.4,0,1,1,6,0
2025-02-17,Truffle Oil,Ambient,240,8,5.6,0,1,0,0,0
2025-02-18,Truffle Oil,Ambient,240,0,3.4,0,1,0,1,0
2025-02-19,Truffle Oil,Ambient,240,0,4.6,0,0,0,2,0
2025-02-20,Truffle Oil,Ambient,240,5,6.6,0,0,0,3,0
2025-02-21,Truffle Oil,Ambient,240,11,7.2,0,0,1,4,0
2025-02-22,Truffle Oil,Ambient,240,10,4.2,0,0,1,5,1
2025-02-23,Truffle Oil,Ambient,240,0,7.4,0,0,1,6,0
2025-02-24,Truffle Oil,Ambient,240,12,4.7,0,0,0,0,0
2025-02-25,Truffle Oil,Ambient,240,0,2.7,0,0,0,1,1
2025-02-26,Truffle Oil,Ambient,240,4,3.4,0,0,0,2,0
2025-02-27,Truffle Oil,Ambient,240,14,1.5,0,0,0,3,0
2025-02-28,Truffle Oil,Ambient,240,10,2.9,0,0,1,4,0
2025-03-01,Truffle Oil,Ambient,240,11,4.1,0,0,1,5,0
2025-03-02,Truffle Oil,Ambient,240,0,6.8,0,0,1,6,0
2025-03-03,Truffle Oil,Ambient,240,6,8.9,0,0,0,0,0
2025-03-04,Truffle Oil,Ambient,240,0,2.2,0,0,0,1,0
2025-03-05,Truffle Oil,Ambient,240,0,6.2,0,0,0,2,0
2025-03-06,Truffle Oil,Ambient,240,0,3.1,0,0,0,3,0
2025-03-07,Truffle Oil,Ambient,240,10,6.6,0,0,1,4,0
2025-03-08,Truffle Oil,Ambient,240,12,5.3,0,0,1,5,0
2025-03-09,Truffle Oil,Ambient,240,6,1.7,0,0,1,6,0
2025-03-10,Truffle Oil,Ambient,240,7,7.9,0,0,0,0,0
2025-03-11,Truffle Oil,Ambient,240,8,4.6,0,0,0,1,0
2025-03-12,Truffle Oil,Ambient,240,8,4.9,0,0,0,2,1
2025-03-13,Truffle Oil,Ambient,240,8,3.8,0,0,0,3,0
2025-03-14,Truffle Oil,Ambient,240,0,4.8,0,0,1,4,0
2025-03-15,Truffle Oil,Ambient,240,8,7.3,0,0,1,5,0
2025-03-16,Truffle Oil,Ambient,240,9,6.1,0,0,1,6,0
2025-03-17,Truffle Oil,Ambient,240,11,7.3,0,0,0,0,0
2025-03-18,Truffle Oil,Ambient,240,8,7.5,0,0,0,1,0
2025-03-19,Truffle Oil,Ambient,240,8,9.7,0,0,0,2,0
2025-03-20,Truffle Oil,Ambient,240,7,6.2,0,0,0,3,0
2025-03-21,Truffle Oil,Ambient,240,0,3.8,0,0,1,4,0
2025-03-22,Truffle Oil,Ambient,240,9,9.5,0,0,1,5,0
2025-03-23,Truffle Oil,Ambient,240,16,6.6,0,0,1,6,0
2025-03-24,Truffle Oil,Ambient,240,5,9.9,0,0,0,0,0
2025-03-25,Truffle Oil,Ambient,240,0,8.4,0,0,0,1,0
2025-03-26,Truffle Oil,Ambient,240,0,7.4,0,0,0,2,0
2025-03-27,Truffle Oil,Ambient,240,0,8.6,0,0,0,3,0
2025-03-28,Truffle Oil,Ambient,240,0,12.2,0,0,1,4,0
2025-03-29,Truffle Oil,Ambient,240,10,12.6,0,0,1,5,0
2025-03-30,Truffle Oil,Ambient,240,11,8.3,0,0,1,6,0
2025-03-31,Truffle Oil,Ambient,240,2,8.7,0,0,0,0,0
2025-04-01,Truffle Oil,Ambient,240,0,10.8,0,1,0,1,0
2025-04-02,Truffle Oil,Ambient,240,0,6.7,0,1,0,2,0
2025-04-03,Truffle Oil,Ambient,240,8,9.4,0,1,0,3,0
2025-04-04,Truffle Oil,Ambient,240,8,8.8,0,1,1,4,0
2025-04-05,Truffle Oil,Ambient,240,0,9.6,0,1,1,5,0
2025-04-06,Truffle Oil,Ambient,240,0,7.3,0,1,1,6,0
2025-04-07,Truffle Oil,Ambient,240,0,5.7,0,1,0,0,0
2025-04-08,Truffle Oil,Ambient,240,9,4.8,0,1,0,1,0
2025-04-09,Truffle Oil,Ambient,240,4,7.0,0,1,0,2,0
2025-04-10,Truffle Oil,Ambient,240,7,8.6,0,1,0,3,0
2025-04-11,Truffle Oil,Ambient,240,14,9.1,0,1,1,4,0
2025-04-12,Truffle Oil,Ambient,240,11,14.2,0,1,1,5,0
2025-04-13,Truffle Oil,Ambient,240,15,12.5,0,1,1,6,0
2025-04-14,Truffle Oil,Ambient,240,0,8.1,0,1,0,0,1
2025-04-15,Truffle Oil,Ambient,240,0,11.1,0,0,0,1,0
2025-04-16,Truffle Oil,Ambient,240,0,9.6,0,0,0,2,0
2025-04-17,Truffle Oil,Ambient,240,0,10.0,0,0,0,3,0
2025-04-18,Truffle Oil,Ambient,240,18,11.1,1,0,1,4,0
2025-04-19,Truffle Oil,Ambient,240,0,12.2,0,0,1,5,0
2025-04-20,Truffle Oil,Ambient,240,0,10.3,0,0,1,6,0
2025-04-21,Truffle Oil,Ambient,240,10,13.5,1,0,0,0,0
2025-04-22,Truffle Oil,Ambient,240,3,8.8,0,0,0,1,0
2025-04-23,Truffle Oil,Ambient,240,0,11.4,0,0,0,2,0
2025-04-24,Truffle Oil,Ambient,240,0,17.3,0,0,0,3,0
2025-04-25,Truffle Oil,Ambient,240,7,12.2,0,0,1,4,0
2025-04-26,Truffle Oil,Ambient,240,9,15.0,0,0,1,5,0
2025-04-27,Truffle Oil,Ambient,240,0,12.2,0,0,1,6,0
2025-04-28,Truffle Oil,Ambient,240,4,13.4,0,0,0,0,0
2025-04-29,Truffle Oil,Ambient,240,7,12.1,0,0,0,1,0
2025-04-30,Truffle Oil,Ambient,240,9,12.0,0,0,0,2,0
2025-05-01,Truffle Oil,Ambient,240,10,10.8,0,0,0,3,0
2025-05-02,Truffle Oil,Ambient,240,0,13.6,0,0,1,4,0
2025-05-03,Truffle Oil,Ambient,240,0,10.9,0,0,1,5,0
2025-05-04,Truffle Oil,Ambient,240,10,14.4,0,0,1,6,0
2025-05-05,Truffle Oil,Ambient,240,9,15.4,1,0,0,0,0
2025-05-06,Truffle Oil,Ambient,240,5,14.0,0,0,0,1,0
2025-05-07,Truffle Oil,Ambient,240,0,12.7,0,0,0,2,0
2025-05-08,Truffle Oil,Ambient,240,0,14.4,0,0,0,3,0
2025-05-09,Truffle Oil,Ambient,240,0,12.9,0,0,1,4,0
2025-05-10,Truffle Oil,Ambient,240,13,15.8,0,0,1,5,0
2025-05-11,Truffle Oil,Ambient,240,0,9.8,0,0,1,6,0
2025-05-12,Truffle Oil,Ambient,240,0,13.2,0,0,0,0,0
2025-05-13,Truffle Oil,Ambient,240,7,9.7,0,0,0,1,0
2025-05-14,Truffle Oil,Ambient,240,0,10.9,0,0,0,2,0
2025-05-15,Truffle Oil,Ambient,240,0,17.3,0,0,0,3,1
2025-05-16,Truffle Oil,Ambient,240,0,16.4,0,0,1,4,0
2025-05-17,Truffle Oil,Ambient,240,11,13.0,0,0,1,5,0
2025-05-18,Truffle Oil,Ambient,240,0,11.4,0,0,1,6,0
2025-05-19,Truffle Oil,Ambient,240,0,8.3,0,0,0,0,1
2025-05-20,Truffle Oil,Ambient,240,6,13.8,0,0,0,1,0
2025-05-21,Truffle Oil,Ambient,240,3,20.4,0,0,0,2,0
2025-05-22,Truffle Oil,Ambient,240,6,16.1,0,0,0,3,0
2025-05-23,Truffle Oil,Ambient,240,8,14.1,0,0,1,4,0
2025-05-24,Truffle Oil,Ambient,240,12,16.4,0,0,1,5,0
2025-05-25,Truffle Oil,Ambient,240,12,12.1,0,0,1,6,0
2025-05-26,Truffle Oil,Ambient,240,11,15.0,1,1,0,0,0
2025-05-27,Truffle Oil,Ambient,240,0,16.0,0,1,0,1,0
2025-05-28,Truffle Oil,Ambient,240,9,15.7,0,1,0,2,0
2025-05-29,Truffle Oil,Ambient,240,0,17.7,0,1,0,3,0
2025-05-30,Truffle Oil,Ambient,240,0,16.8,0,1,1,4,0
2025-05-31,Truffle Oil,Ambient,240,0,17.7,0,1,1,5,0
2025-06-01,Truffle Oil,Ambient,240,15,14.8,0,0,1,6,0
2025-06-02,Truffle Oil,Ambient,240,7,18.4,0,0,0,0,1
2025-06-03,Truffle Oil,Ambient,240,0,20.1,0,0,0,1,0
2025-06-04,Truffle Oil,Ambient,240,0,14.5,0,0,0,2,0
2025-06-05,Truffle Oil,Ambient,240,0,14.7,0,0,0,3,0
2025-06-06,Truffle Oil,Ambient,240,0,19.7,0,0,1,4,0
2025-06-07,Truffle Oil,Ambient,240,0,16.5,0,0,1,5,0
2025-06-08,Truffle Oil,Ambient,240,0,20.1,0,0,1,6,0
2025-06-09,Truffle Oil,Ambient,240,8,16.1,0,0,0,0,0
2025-06-10,Truffle Oil,Ambient,240,7,20.4,0,0,0,1,0
2025-06-11,Truffle Oil,Ambient,240,0,17.5,0,0,0,2,0
2025-06-12,Truffle Oil,Ambient,240,0,17.9,0,0,0,3,0
2025-06-13,Truffle Oil,Ambient,240,10,20.9,0,0,1,4,0
2025-06-14,Truffle Oil,Ambient,240,0,16.7,0,0,1,5,0
2025-06-15,Truffle Oil,Ambient,240,0,15.5,0,0,1,6,0
2025-06-16,Truffle Oil,Ambient,240,0,16.7,0,0,0,0,0
2025-06-17,Truffle Oil,Ambient,240,3,18.7,0,0,0,1,0
2025-06-18,Truffle Oil,Ambient,240,0,14.4,0,0,0,2,1
2025-06-19,Truffle Oil,Ambient,240,0,19.3,0,0,0,3,0
2025-06-20,Truffle Oil,Ambient,240,9,16.8,0,0,1,4,0
2025-06-21,Truffle Oil,Ambient,240,0,20.5,0,0,1,5,0
2025-06-22,Truffle Oil,Ambient,240,9,12.8,0,0,1,6,0
2025-06-23,Truffle Oil,Ambient,240,4,16.4,0,0,0,0,0
2025-06-24,Truffle Oil,Ambient,240,0,14.5,0,0,0,1,1
2025-06-25,Truffle Oil,Ambient,240,0,16.4,0,0,0,2,0
2025-06-26,Truffle Oil,Ambient,240,6,18.9,0,0,0,3,0
2025-06-27,Truffle Oil,Ambient,240,0,18.0,0,0,1,4,0
2025-06-28,Truffle Oil,Ambient,240,0,17.9,0,0,1,5,0
2025-06-29,Truffle Oil,Ambient,240,0,18.1,0,0,1,6,0
2025-06-30,Truffle Oil,Ambient,240,7,19.0,0,0,0,0,0
2025-07-01,Truffle Oil,Ambient,240,5,16.3,0,1,0,1,1
2025-07-02,Truffle Oil,Ambient,240,5,20.2,0,1,0,2,0
2025-07-03,Truffle Oil,Ambient,240,0,20.1,0,1,0,3,0
2025-07-04,Truffle Oil,Ambient,240,0,19.5,0,1,1,4,0
2025-07-05,Truffle Oil,Ambient,240,0,19.9,0,1,1,5,0
2025-07-06,Truffle Oil,Ambient,240,0,19.4,0,1,1,6,0
2025-07-07,Truffle Oil,Ambient,240,7,23.3,0,1,0,0,0
2025-07-08,Truffle Oil,Ambient,240,7,18.6,0,1,0,1,0
2025-07-09,Truffle Oil,Ambient,240,0,18.2,0,1,0,2,1
2025-07-10,Truffle Oil,Ambient,240,6,17.2,0,1,0,3,0
2025-07-11,Truffle Oil,Ambient,240,0,16.6,0,1,1,4,0
2025-07-12,Truffle Oil,Ambient,240,14,16.2,0,1,1,5,1
2025-07-13,Truffle Oil,Ambient,240,0,17.0,0,1,1,6,0
2025-07-14,Truffle Oil,Ambient,240,0,18.8,0,1,0,0,0
2025-07-15,Truffle Oil,Ambient,240,0,19.7,0,1,0,1,0
2025-07-16,Truffle Oil,Ambient,240,0,19.1,0,1,0,2,1
2025-07-17,Truffle Oil,Ambient,240,4,17.3,0,1,0,3,0
2025-07-18,Truffle Oil,Ambient,240,9,21.0,0,1,1,4,0
2025-07-19,Truffle Oil,Ambient,240,11,20.6,0,1,1,5,0
2025-07-20,Truffle Oil,Ambient,240,11,18.6,0,1,1,6,0
2025-07-21,Truffle Oil,Ambient,240,0,17.6,0,1,0,0,0
2025-07-22,Truffle Oil,Ambient,240,0,20.2,0,1,0,1,0
2025-07-23,Truffle Oil,Ambient,240,0,19.4,0,1,0,2,0
2025-07-24,Truffle Oil,Ambient,240,0,15.8,0,1,0,3,1
2025-07-25,Truffle Oil,Ambient,240,0,18.8,0,1,1,4,0
2025-07-26,Truffle Oil,Ambient,240,11,19.5,0,1,1,5,0
2025-07-27,Truffle Oil,Ambient,240,16,17.0,0,1,1,6,0
2025-07-28,Truffle Oil,Ambient,240,0,19.3,0,1,0,0,0
2025-07-29,Truffle Oil,Ambient,240,0,15.7,0,1,0,1,0
2025-07-30,Truffle Oil,Ambient,240,4,21.8,0,1,0,2,0
2025-07-31,Truffle Oil,Ambient,240,8,21.6,0,1,0,3,0
2025-08-01,Truffle Oil,Ambient,240,0,18.3,0,1,1,4,0
2025-08-02,Truffle Oil,Ambient,240,0,19.6,0,1,1,5,0
2025-08-03,Truffle Oil,Ambient,240,19,13.5,0,1,1,6,0
2025-08-04,Truffle Oil,Ambient,240,6,16.2,0,1,0,0,0
2025-08-05,Truffle Oil,Ambient,240,3,18.1,0,1,0,1,0
2025-08-06,Truffle Oil,Ambient,240,5,16.3,0,1,0,2,0
2025-08-07,Truffle Oil,Ambient,240,6,20.2,0,1,0,3,0
2025-08-08,Truffle Oil,Ambient,240,9,23.0,0,1,1,4,0
2025-08-09,Truffle Oil,Ambient,240,0,16.0,0,1,1,5,0
2025-08-10,Truffle Oil,Ambient,240,0,16.7,0,1,1,6,1
2025-08-11,Truffle Oil,Ambient,240,5,19.0,0,1,0,0,0
2025-08-12,Truffle Oil,Ambient,240,0,21.9,0,1,0,1,0
2025-08-13,Truffle Oil,Ambient,240,0,15.7,0,1,0,2,1
2025-08-14,Truffle Oil,Ambient,240,0,18.8,0,1,0,3,0
2025-08-15,Truffle Oil,Ambient,240,0,22.2,0,1,1,4,0
2025-08-16,Truffle Oil,Ambient,240,14,14.5,0,1,1,5,0
2025-08-17,Truffle Oil,Ambient,240,0,15.3,0,1,1,6,0
2025-08-18,Truffle Oil,Ambient,240,0,17.1,0,1,0,0,0
2025-08-19,Truffle Oil,Ambient,240,3,16.8,0,1,0,1,0
2025-08-20,Truffle Oil,Ambient,240,6,19.7,0,1,0,2,0
2025-08-21,Truffle Oil,Ambient,240,0,18.4,0,1,0,3,0
2025-08-22,Truffle Oil,Ambient,240,0,13.9,0,1,1,4,0
2025-08-23,Truffle Oil,Ambient,240,0,18.8,0,1,1,5,0
2025-08-24,Truffle Oil,Ambient,240,17,16.3,0,1,1,6,0
2025-08-25,Truffle Oil,Ambient,240,10,20.3,1,1,0,0,0
2025-08-26,Truffle Oil,Ambient,240,6,16.1,0,1,0,1,0
2025-08-27,Truffle Oil,Ambient,240,6,16.0,0,1,0,2,0
2025-08-28,Truffle Oil,Ambient,240,0,18.5,0,1,0,3,0
2025-08-29,Truffle Oil,Ambient,240,12,18.9,0,1,1,4,0
2025-08-30,Truffle Oil,Ambient,240,7,18.1,0,1,1,5,0
2025-08-31,Truffle Oil,Ambient,240,11,13.3,0,1,1,6,0
2025-09-01,Truffle Oil,Ambient,240,6,18.1,0,0,0,0,0
2025-09-02,Truffle Oil,Ambient,240,0,14.6,0,0,0,1,1
2025-09-03,Truffle Oil,Ambient,240,6,17.3,0,0,0,2,0
2025-09-04,Truffle Oil,Ambient,240,0,13.5,0,0,0,3,0
2025-09-05,Truffle Oil,Ambient,240,0,17.5,0,0,1,4,0
2025-09-06,Truffle Oil,Ambient,240,0,14.7,0,0,1,5,0
2025-09-07,Truffle Oil,Ambient,240,7,13.5,0,0,1,6,0
2025-09-08,Truffle Oil,Ambient,240,0,17.8,0,0,0,0,0
2025-09-09,Truffle Oil,Ambient,240,0,16.7,0,0,0,1,0
2025-09-10,Truffle Oil,Ambient,240,0,14.7,0,0,0,2,0
2025-09-11,Truffle Oil,Ambient,240,0,19.1,0,0,0,3,0
2025-09-12,Truffle Oil,Ambient,240,0,14.9,0,0,1,4,0
2025-09-13,Truffle Oil,Ambient,240,8,15.8,0,0,1,5,0
2025-09-14,Truffle Oil,Ambient,240,12,16.2,0,0,1,6,1
2025-09-15,Truffle Oil,Ambient,240,6,14.1,0,0,0,0,0
2025-09-16,Truffle Oil,Ambient,240,3,16.4,0,0,0,1,0
2025-09-17,Truffle Oil,Ambient,240,0,14.1,0,0,0,2,0
2025-09-18,Truffle Oil,Ambient,240,0,14.2,0,0,0,3,0
2025-09-19,Truffle Oil,Ambient,240,12,18.0,0,0,1,4,0
2025-09-20,Truffle Oil,Ambient,240,5,12.6,0,0,1,5,0
2025-09-21,Truffle Oil,Ambient,240,10,9.5,0,0,1,6,1
2025-09-22,Truffle Oil,Ambient,240,0,18.2,0,0,0,0,0
2025-09-23,Truffle Oil,Ambient,240,0,20.1,0,0,0,1,0
2025-09-24,Truffle Oil,Ambient,240,0,13.5,0,0,0,2,0
2025-09-25,Truffle Oil,Ambient,240,5,10.0,0,0,0,3,0
2025-09-26,Truffle Oil,Ambient,240,14,13.5,0,0,1,4,0
2025-09-27,Truffle Oil,Ambient,240,14,13.4,0,0,1,5,0
2025-09-28,Truffle Oil,Ambient,240,7,13.5,0,0,1,6,0
2025-09-29,Truffle Oil,Ambient,240,8,11.3,0,0,0,0,0
2025-09-30,Truffle Oil,Ambient,240,9,14.9,0,0,0,1,1
2025-10-01,Truffle Oil,Ambient,240,4,14.7,0,0,0,2,0
2025-10-02,Truffle Oil,Ambient,240,0,10.1,0,0,0,3,0
2025-10-03,Truffle Oil,Ambient,240,0,14.8,0,0,1,4,0
2025-10-04,Truffle Oil,Ambient,240,17,17.6,0,0,1,5,1
2025-10-05,Truffle Oil,Ambient,240,16,13.4,0,0,1,6,1
2025-10-06,Truffle Oil,Ambient,240,0,12.1,0,0,0,0,0
2025-10-07,Truffle Oil,Ambient,240,6,12.4,0,0,0,1,0
2025-10-08,Truffle Oil,Ambient,240,0,13.9,0,0,0,2,0
2025-10-09,Truffle Oil,Ambient,240,7,8.6,0,0,0,3,0
2025-10-10,Truffle Oil,Ambient,240,4,12.7,0,0,1,4,0
2025-10-11,Truffle Oil,Ambient,240,10,11.3,0,0,1,5,0
2025-10-12,Truffle Oil,Ambient,240,12,16.1,0,0,1,6,0
2025-10-13,Truffle Oil,Ambient,240,0,11.5,0,0,0,0,0
2025-10-14,Truffle Oil,Ambient,240,3,15.4,0,0,0,1,0
2025-10-15,Truffle Oil,Ambient,240,0,9.2,0,0,0,2,0
2025-10-16,Truffle Oil,Ambient,240,2,12.8,0,0,0,3,0
2025-10-17,Truffle Oil,Ambient,240,0,12.1,0,0,1,4,0
2025-10-18,Truffle Oil,Ambient,240,0,9.3,0,0,1,5,0
2025-10-19,Truffle Oil,Ambient,240,7,11.5,0,0,1,6,0
2025-10-20,Truffle Oil,Ambient,240,10,13.6,0,0,0,0,0
2025-10-21,Truffle Oil,Ambient,240,6,10.1,0,0,0,1,0
2025-10-22,Truffle Oil,Ambient,240,7,7.0,0,0,0,2,0
2025-10-23,Truffle Oil,Ambient,240,0,10.5,0,0,0,3,0
2025-10-24,Truffle Oil,Ambient,240,11,8.4,0,0,1,4,0
2025-10-25,Truffle Oil,Ambient,240,5,9.5,0,0,1,5,0
2025-10-26,Truffle Oil,Ambient,240,7,9.9,0,1,1,6,0
2025-10-27,Truffle Oil,Ambient,240,3,6.2,0,1,0,0,0
2025-10-28,Truffle Oil,Ambient,240,7,6.3,0,1,0,1,0
2025-10-29,Truffle Oil,Ambient,240,4,10.8,0,1,0,2,0
2025-10-30,Truffle Oil,Ambient,240,7,8.4,0,1,0,3,0
2025-10-31,Truffle Oil,Ambient,240,0,3.8,0,1,1,4,0
2025-11-01,Truffle Oil,Ambient,240,7,11.0,0,0,1,5,0
2025-11-02,Truffle Oil,Ambient,240,0,9.8,0,0,1,6,0
2025-11-03,Truffle Oil,Ambient,240,0,7.5,0,0,0,0,0
2025-11-04,Truffle Oil,Ambient,240,0,6.0,0,0,0,1,0
2025-11-05,Truffle Oil,Ambient,240,0,10.6,0,0,0,2,0
2025-11-06,Truffle Oil,Ambient,240,4,9.4,0,0,0,3,0
2025-11-07,Truffle Oil,Ambient,240,12,13.8,0,0,1,4,0
2025-11-08,Truffle Oil,Ambient,240,8,9.3,0,0,1,5,0
2025-11-09,Truffle Oil,Ambient,240,10,9.1,0,0,1,6,0
2025-11-10,Truffle Oil,Ambient,240,8,7.8,0,0,0,0,0
2025-11-11,Truffle Oil,Ambient,240,0,9.8,0,0,0,1,0
2025-11-12,Truffle Oil,Ambient,240,9,9.2,0,0,0,2,0
2025-11-13,Truffle Oil,Ambient,240,0,10.5,0,0,0,3,0
2025-11-14,Truffle Oil,Ambient,240,15,6.5,0,0,1,4,0
2025-11-15,Truffle Oil,Ambient,240,0,6.5,0,0,1,5,0
2025-11-16,Truffle Oil,Ambient,240,8,6.3,0,0,1,6,0
2025-11-17,Truffle Oil,Ambient,240,0,9.0,0,0,0,0,0
2025-11-18,Truffle Oil,Ambient,240,0,10.4,0,0,0,1,0
2025-11-19,Truffle Oil,Ambient,240,5,6.0,0,0,0,2,0
2025-11-20,Truffle Oil,Ambient,240,9,6.0,0,0,0,3,0
2025-11-21,Truffle Oil,Ambient,240,0,7.5,0,0,1,4,0
2025-11-22,Truffle Oil,Ambient,240,12,6.1,0,0,1,5,1
2025-11-23,Truffle Oil,Ambient,240,0,8.6,0,0,1,6,0
2025-11-24,Truffle Oil,Ambient,240,0,1.5,0,0,0,0,0
2025-11-25,Truffle Oil,Ambient,240,0,4.5,0,0,0,1,0
2025-11-26,Truffle Oil,Ambient,240,0,4.5,0,0,0,2,0
2025-11-27,Truffle Oil,Ambient,240,0,1.0,0,0,0,3,0
2025-11-28,Truffle Oil,Ambient,240,0,3.9,0,0,1,4,0
2025-11-29,Truffle Oil,Ambient,240,9,3.9,0,0,1,5,0
2025-11-30,Truffle Oil,Ambient,240,0,5.3,0,0,1,6,0
2025-12-01,Truffle Oil,Ambient,240,0,8.1,0,0,0,0,0
2025-12-02,Truffle Oil,Ambient,240,0,5.0,0,0,0,1,0
2025-12-03,Truffle Oil,Ambient,240,4,3.2,0,0,0,2,0
2025-12-04,Truffle Oil,Ambient,240,0,5.2,0,0,0,3,0
2025-12-05,Truffle Oil,Ambient,240,0,7.6,0,0,1,4,0
2025-12-06,Truffle Oil,Ambient,240,13,3.0,0,0,1,5,0
2025-12-07,Truffle Oil,Ambient,240,7,3.1,0,0,1,6,0
2025-12-08,Truffle Oil,Ambient,240,0,6.2,0,0,0,0,0
2025-12-09,Truffle Oil,Ambient,240,3,4.4,0,0,0,1,0
2025-12-10,Truffle Oil,Ambient,240,0,6.2,0,0,0,2,0
2025-12-11,Truffle Oil,Ambient,240,0,4.7,0,0,0,3,0
2025-12-12,Truffle Oil,Ambient,240,7,6.2,0,0,1,4,0
2025-12-13,Truffle Oil,Ambient,240,15,2.3,0,0,1,5,0
2025-12-14,Truffle Oil,Ambient,240,5,4.5,0,0,1,6,0
2025-12-15,Truffle Oil,Ambient,240,9,3.9,0,0,0,0,0
2025-12-16,Truffle Oil,Ambient,240,0,1.7,0,0,0,1,0
2025-12-17,Truffle Oil,Ambient,240,9,0.8,0,0,0,2,0
2025-12-18,Truffle Oil,Ambient,240,7,5.7,0,0,0,3,0
2025-12-19,Truffle Oil,Ambient,240,11,3.3,0,0,1,4,0
2025-12-20,Truffle Oil,Ambient,240,0,1.8,0,1,1,5,0
2025-12-21,Truffle Oil,Ambient,240,8,3.8,0,1,1,6,0
2025-12-22,Truffle Oil,Ambient,240,9,6.4,0,1,0,0,0
2025-12-23,Truffle Oil,Ambient,240,0,-1.2,0,1,0,1,0
2025-12-24,Truffle Oil,Ambient,240,3,0.5,0,1,0,2,0
2025-12-25,Truffle Oil,Ambient,240,0,1.7,1,1,0,3,0
2025-12-26,Truffle Oil,Ambient,240,11,6.9,1,1,1,4,0
2025-12-27,Truffle Oil,Ambient,240,5,4.2,0,1,1,5,0
2025-12-28,Truffle Oil,Ambient,240,0,5.3,0,1,1,6,1
2025-12-29,Truffle Oil,Ambient,240,0,1.0,0,1,0,0,0
2025-12-30,Truffle Oil,Ambient,240,9,1.0,0,1,0,1,0
2025-12-31,Truffle Oil,Ambient,240,5,4.4,0,1,0,2,0
2024-01-01,Vegan Cheese,Dairy,14,17,4.0,1,1,0,0,1
2024-01-02,Vegan Cheese,Dairy,14,9,1.0,0,1,0,1,0
2024-01-03,Vegan Cheese,Dairy,14,11,4.9,0,0,0,2,0
2024-01-04,Vegan Cheese,Dairy,14,6,5.3,0,0,0,3,0
2024-01-05,Vegan Cheese,Dairy,14,18,-1.1,0,0,1,4,0
2024-01-06,Vegan Cheese,Dairy,14,8,0.3,0,0,1,5,0
2024-01-07,Vegan Cheese,Dairy,14,0,3.4,0,0,1,6,0
2024-01-08,Vegan Cheese,Dairy,14,10,2.4,0,0,0,0,0
2024-01-09,Vegan Cheese,Dairy,14,0,3.1,0,0,0,1,0
2024-01-10,Vegan Cheese,Dairy,14,9,1.2,0,0,0,2,0
2024-01-11,Vegan Cheese,Dairy,14,0,5.0,0,0,0,3,0
2024-01-12,Vegan Cheese,Dairy,14,25,4.8,0,0,1,4,1
2024-01-13,Vegan Cheese,Dairy,14,10,3.2,0,0,1,5,0
2024-01-14,Vegan Cheese,Dairy,14,0,5.5,0,0,1,6,0
2024-01-15,Vegan Cheese,Dairy,14,7,4.0,0,0,0,0,0
2024-01-16,Vegan Cheese,Dairy,14,5,1.1,0,0,0,1,0
2024-01-17,Vegan Cheese,Dairy,14,10,3.8,0,0,0,2,0
2024-01-18,Vegan Cheese,Dairy,14,0,0.9,0,0,0,3,0
2024-01-19,Vegan Cheese,Dairy,14,12,4.9,0,0,1,4,0
2024-01-20,Vegan Cheese,Dairy,14,0,2.9,0,0,1,5,1
2024-01-21,Vegan Cheese,Dairy,14,0,2.6,0,0,1,6,0
2024-01-22,Vegan Cheese,Dairy,14,0,1.5,0,0,0,0,0
2024-01-23,Vegan Cheese,Dairy,14,11,5.7,0,0,0,1,1
2024-01-24,Vegan Cheese,Dairy,14,0,2.7,0,0,0,2,0
2024-01-25,Vegan Cheese,Dairy,14,0,2.1,0,0,0,3,0
2024-01-26,Vegan Cheese,Dairy,14,14,2.3,0,0,1,4,0
2024-01-27,Vegan Cheese,Dairy,14,5,4.3,0,0,1,5,0
2024-01-28,Vegan Cheese,Dairy,14,8,3.9,0,0,1,6,0
2024-01-29,Vegan Cheese,Dairy,14,10,4.0,0,0,0,0,0
2024-01-30,Vegan Cheese,Dairy,14,0,4.1,0,0,0,1,0
2024-01-31,Vegan Cheese,Dairy,14,11,7.9,0,0,0,2,0
2024-02-01,Vegan Cheese,Dairy,14,13,2.3,0,0,0,3,0
2024-02-02,Vegan Cheese,Dairy,14,0,2.1,0,0,1,4,0
2024-02-03,Vegan Cheese,Dairy,14,13,1.5,0,0,1,5,0
2024-02-04,Vegan Cheese,Dairy,14,0,4.7,0,0,1,6,1
2024-02-05,Vegan Cheese,Dairy,14,6,5.8,0,0,0,0,0
2024-02-06,Vegan Cheese,Dairy,14,5,3.1,0,0,0,1,0
2024-02-07,Vegan Cheese,Dairy,14,11,1.6,0,0,0,2,0
2024-02-08,Vegan Cheese,Dairy,14,0,1.7,0,0,0,3,0
2024-02-09,Vegan Cheese,Dairy,14,10,5.0,0,0,1,4,0
2024-02-10,Vegan Cheese,Dairy,14,11,5.2,0,0,1,5,0
2024-02-11,Vegan Cheese,Dairy,14,19,4.8,0,0,1,6,0
2024-02-12,Vegan Cheese,Dairy,14,8,2.2,0,1,0,0,0
2024-02-13,Vegan Cheese,Dairy,14,12,4.3,0,1,0,1,0
2024-02-14,Vegan Cheese,Dairy,14,0,4.1,0,1,0,2,0
2024-02-15,Vegan Cheese,Dairy,14,16,4.3,0,1,0,3,1
2024-02-16,Vegan Cheese,Dairy,14,9,5.8,0,1,1,4,0
2024-02-17,Vegan Cheese,Dairy,14,16,4.5,0,1,1,5,0
2024-02-18,Vegan Cheese,Dairy,14,0,5.6,0,1,1,6,0
2024-02-19,Vegan Cheese,Dairy,14,11,4.3,0,0,0,0,0
2024-02-20,Vegan Cheese,Dairy,14,0,4.8,0,0,0,1,0
2024-02-21,Vegan Cheese,Dairy,14,7,5.7,0,0,0,2,0
2024-02-22,Vegan Cheese,Dairy,14,6,1.1,0,0,0,3,0
2024-02-23,Vegan Cheese,Dairy,14,0,3.7,0,0,1,4,0
2024-02-24,Vegan Cheese,Dairy,14,0,3.5,0,0,1,5,0
2024-02-25,Vegan Cheese,Dairy,14,15,3.2,0,0,1,6,0
2024-02-26,Vegan Cheese,Dairy,14,0,4.1,0,0,0,0,0
2024-02-27,Vegan Cheese,Dairy,14,6,8.0,0,0,0,1,0
2024-02-28,Vegan Cheese,Dairy,14,7,2.9,0,0,0,2,0
2024-02-29,Vegan Cheese,Dairy,14,3,7.1,0,0,0,3,0
2024-03-01,Vegan Cheese,Dairy,14,15,1.3,0,0,1,4,0
2024-03-02,Vegan Cheese,Dairy,14,18,4.4,0,0,1,5,0
2024-03-03,Vegan Cheese,Dairy,14,16,5.6,0,0,1,6,1
2024-03-04,Vegan Cheese,Dairy,14,9,6.6,0,0,0,0,0
2024-03-05,Vegan Cheese,Dairy,14,0,7.0,0,0,0,1,0
2024-03-06,Vegan Cheese,Dairy,14,8,7.3,0,0,0,2,0
2024-03-07,Vegan Cheese,Dairy,14,9,4.8,0,0,0,3,0
2024-03-08,Vegan Cheese,Dairy,14,17,4.7,0,0,1,4,0
2024-03-09,Vegan Cheese,Dairy,14,5,7.7,0,0,1,5,0
2024-03-10,Vegan Cheese,Dairy,14,12,5.5,0,0,1,6,0
2024-03-11,Vegan Cheese,Dairy,14,7,3.2,0,0,0,0,0
2024-03-12,Vegan Cheese,Dairy,14,8,3.6,0,0,0,1,0
2024-03-13,Vegan Cheese,Dairy,14,0,4.2,0,0,0,2,0
2024-03-14,Vegan Cheese,Dairy,14,6,7.5,0,0,0,3,0
2024-03-15,Vegan Cheese,Dairy,14,0,6.8,0,0,1,4,0
2024-03-16,Vegan Cheese,Dairy,14,0,8.1,0,0,1,5,0
2024-03-17,Vegan Cheese,Dairy,14,0,5.8,0,0,1,6,1
2024-03-18,Vegan Cheese,Dairy,14,7,7.2,0,0,0,0,0
2024-03-19,Vegan Cheese,Dairy,14,15,8.3,0,0,0,1,0
2024-03-20,Vegan Cheese,Dairy,14,8,6.4,0,0,0,2,0
2024-03-21,Vegan Cheese,Dairy,14,13,8.2,0,0,0,3,0
2024-03-22,Vegan Cheese,Dairy,14,0,5.8,0,0,1,4,0
2024-03-23,Vegan Cheese,Dairy,14,0,6.6,0,0,1,5,0
2024-03-24,Vegan Cheese,Dairy,14,0,6.7,0,0,1,6,0
2024-03-25,Vegan Cheese,Dairy,14,0,5.0,0,0,0,0,0
2024-03-26,Vegan Cheese,Dairy,14,5,8.9,0,0,0,1,0
2024-03-27,Vegan Cheese,Dairy,14,17,6.9,0,0,0,2,0
2024-03-28,Vegan Cheese,Dairy,14,0,8.1,0,0,0,3,0
2024-03-29,Vegan Cheese,Dairy,14,17,9.2,1,0,1,4,0
2024-03-30,Vegan Cheese,Dairy,14,10,9.3,0,0,1,5,0
2024-03-31,Vegan Cheese,Dairy,14,0,9.9,0,0,1,6,1
2024-04-01,Vegan Cheese,Dairy,14,13,8.3,1,1,0,0,0
2024-04-02,Vegan Cheese,Dairy,14,0,7.8,0,1,0,1,0
2024-04-03,Vegan Cheese,Dairy,14,0,8.7,0,1,0,2,0
2024-04-04,Vegan Cheese,Dairy,14,9,5.2,0,1,0,3,0
2024-04-05,Vegan Cheese,Dairy,14,0,5.9,0,1,1,4,0
2024-04-06,Vegan Cheese,Dairy,14,0,6.3,0,1,1,5,0
2024-04-07,Vegan Cheese,Dairy,14,0,7.2,0,1,1,6,0
2024-04-08,Vegan Cheese,Dairy,14,0,10.4,0,1,0,0,0
2024-04-09,Vegan Cheese,Dairy,14,12,7.6,0,1,0,1,0
2024-04-10,Vegan Cheese,Dairy,14,0,8.9,0,1,0,2,0
2024-04-11,Vegan Cheese,Dairy,14,0,12.8,0,1,0,3,0
2024-04-12,Vegan Cheese,Dairy,14,15,9.3,0,1,1,4,0
2024-04-13,Vegan Cheese,Dairy,14,13,11.8,0,1,1,5,0
2024-04-14,Vegan Cheese,Dairy,14,20,8.3,0,1,1,6,0
2024-04-15,Vegan Cheese,Dairy,14,8,10.0,0,0,0,0,0
2024-04-16,Vegan Cheese,Dairy,14,9,8.5,0,0,0,1,0
2024-04-17,Vegan Cheese,Dairy,14,0,10.0,0,0,0,2,0
2024-04-18,Vegan Cheese,Dairy,14,13,12.7,0,0,0,3,0
2024-04-19,Vegan Cheese,Dairy,14,14,7.2,0,0,1,4,0
2024-04-20,Vegan Cheese,Dairy,14,13,12.1,0,0,1,5,0
2024-04-21,Vegan Cheese,Dairy,14,0,11.8,0,0,1,6,0
2024-04-22,Vegan Cheese,Dairy,14,13,10.1,0,0,0,0,0
2024-04-23,Vegan Cheese,Dairy,14,12,8.4,0,0,0,1,0
2024-04-24,Vegan Cheese,Dairy,14,0,11.8,0,0,0,2,0
2024-04-25,Vegan Cheese,Dairy,14,9,10.7,0,0,0,3,0
2024-04-26,Vegan Cheese,Dairy,14,0,12.5,0,0,1,4,0
2024-04-27,Vegan Cheese,Dairy,14,0,12.1,0,0,1,5,0
2024-04-28,Vegan Cheese,Dairy,14,26,15.8,0,0,1,6,1
2024-04-29,Vegan Cheese,Dairy,14,11,11.8,0,0,0,0,0
2024-04-30,Vegan Cheese,Dairy,14,12,10.3,0,0,0,1,0
2024-05-01,Vegan Cheese,Dairy,14,0,13.0,0,0,0,2,0
2024-05-02,Vegan Cheese,Dairy,14,0,13.3,0,0,0,3,0
2024-05-03,Vegan Cheese,Dairy,14,0,15.9,0,0,1,4,0
2024-05-04,Vegan Cheese,Dairy,14,0,14.9,0,0,1,5,0
2024-05-05,Vegan Cheese,Dairy,14,11,14.0,0,0,1,6,0
2024-05-06,Vegan Cheese,Dairy,14,13,16.5,1,0,0,0,0
2024-05-07,Vegan Cheese,Dairy,14,11,10.8,0,0,0,1,0
2024-05-08,Vegan Cheese,Dairy,14,10,12.2,0,0,0,2,0
2024-05-09,Vegan Cheese,Dairy,14,10,11.7,0,0,0,3,1
2024-05-10,Vegan Cheese,Dairy,14,0,13.0,0,0,1,4,0
2024-05-11,Vegan Cheese,Dairy,14,0,10.9,0,0,1,5,0
2024-05-12,Vegan Cheese,Dairy,14,0,15.5,0,0,1,6,0
2024-05-13,Vegan Cheese,Dairy,14,0,13.7,0,0,0,0,0
2024-05-14,Vegan Cheese,Dairy,14,11,11.1,0,0,0,1,0
2024-05-15,Vegan Cheese,Dairy,14,9,12.2,0,0,0,2,0
2024-05-16,Vegan Cheese,Dairy,14,10,15.3,0,0,0,3,0
2024-05-17,Vegan Cheese,Dairy,14,18,16.5,0,0,1,4,0
2024-05-18,Vegan Cheese,Dairy,14,21,19.2,0,0,1,5,0
2024-05-19,Vegan Cheese,Dairy,14,13,21.4,0,0,1,6,0
2024-05-20,Vegan Cheese,Dairy,14,0,16.0,0,0,0,0,0
2024-05-21,Vegan Cheese,Dairy,14,6,13.0,0,0,0,1,0
2024-05-22,Vegan Cheese,Dairy,14,11,10.6,0,0,0,2,0
2024-05-23,Vegan Cheese,Dairy,14,0,16.0,0,0,0,3,0
2024-05-24,Vegan Cheese,Dairy,14,20,13.7,0,0,1,4,0
2024-05-25,Vegan Cheese,Dairy,14,20,14.7,0,0,1,5,0
2024-05-26,Vegan Cheese,Dairy,14,11,14.4,0,1,1,6,0
2024-05-27,Vegan Cheese,Dairy,14,13,15.6,1,1,0,0,0
2024-05-28,Vegan Cheese,Dairy,14,14,18.3,0,1,0,1,0
2024-05-29,Vegan Cheese,Dairy,14,12,16.4,0,1,0,2,0
2024-05-30,Vegan Cheese,Dairy,14,0,15.8,0,1,0,3,1
2024-05-31,Vegan Cheese,Dairy,14,0,14.0,0,1,1,4,0
2024-06-01,Vegan Cheese,Dairy,14,0,12.7,0,0,1,5,0
2024-06-02,Vegan Cheese,Dairy,14,0,15.4,0,0,1,6,0
2024-06-03,Vegan Cheese,Dairy,14,5,16.5,0,0,0,0,0
2024-06-04,Vegan Cheese,Dairy,14,10,20.6,0,0,0,1,0
2024-06-05,Vegan Cheese,Dairy,14,12,17.1,0,0,0,2,0
2024-06-06,Vegan Cheese,Dairy,14,0,19.0,0,0,0,3,0
2024-06-07,Vegan Cheese,Dairy,14,14,15.9,0,0,1,4,0
2024-06-08,Vegan Cheese,Dairy,14,0,14.5,0,0,1,5,0
2024-06-09,Vegan Cheese,Dairy,14,0,15.0,0,0,1,6,0
2024-06-10,Vegan Cheese,Dairy,14,9,15.6,0,0,0,0,0
2024-06-11,Vegan Cheese,Dairy,14,10,22.0,0,0,0,1,0
2024-06-12,Vegan Cheese,Dairy,14,9,15.6,0,0,0,2,0
2024-06-13,Vegan Cheese,Dairy,14,7,19.3,0,0,0,3,0
2024-06-14,Vegan Cheese,Dairy,14,22,15.6,0,0,1,4,0
2024-06-15,Vegan Cheese,Dairy,14,19,19.7,0,0,1,5,0
2024-06-16,Vegan Cheese,Dairy,14,19,18.6,0,0,1,6,0
2024-06-17,Vegan Cheese,Dairy,14,0,17.5,0,0,0,0,0
2024-06-18,Vegan Cheese,Dairy,14,0,17.8,0,0,0,1,0
2024-06-19,Vegan Cheese,Dairy,14,10,16.5,0,0,0,2,0
2024-06-20,Vegan Cheese,Dairy,14,0,19.0,0,0,0,3,0
2024-06-21,Vegan Cheese,Dairy,14,21,17.1,0,0,1,4,0
2024-06-22,Vegan Cheese,Dairy,14,0,15.4,0,0,1,5,0
2024-06-23,Vegan Cheese,Dairy,14,18,15.4,0,0,1,6,0
2024-06-24,Vegan Cheese,Dairy,14,6,18.6,0,0,0,0,0
2024-06-25,Vegan Cheese,Dairy,14,0,21.8,0,0,0,1,0
2024-06-26,Vegan Cheese,Dairy,14,7,18.7,0,0,0,2,0
2024-06-27,Vegan Cheese,Dairy,14,5,18.2,0,0,0,3,0
2024-06-28,Vegan Cheese,Dairy,14,0,19.1,0,0,1,4,0
2024-06-29,Vegan Cheese,Dairy,14,0,21.4,0,0,1,5,0
2024-06-30,Vegan Cheese,Dairy,14,0,19.0,0,0,1,6,0
2024-07-01,Vegan Cheese,Dairy,14,0,17.7,0,1,0,0,0
2024-07-02,Vegan Cheese,Dairy,14,0,21.1,0,1,0,1,0
2024-07-03,Vegan Cheese,Dairy,14,0,19.6,0,1,0,2,0
2024-07-04,Vegan Cheese,Dairy,14,0,22.1,0,1,0,3,0
2024-07-05,Vegan Cheese,Dairy,14,14,19.2,0,1,1,4,0
2024-07-06,Vegan Cheese,Dairy,14,0,16.1,0,1,1,5,0
2024-07-07,Vegan Cheese,Dairy,14,0,15.8,0,1,1,6,0
2024-07-08,Vegan Cheese,Dairy,14,15,22.5,0,1,0,0,0
2024-07-09,Vegan Cheese,Dairy,14,10,22.7,0,1,0,1,0
2024-07-10,Vegan Cheese,Dairy,14,11,18.5,0,1,0,2,0
2024-07-11,Vegan Cheese,Dairy,14,9,18.1,0,1,0,3,0
2024-07-12,Vegan Cheese,Dairy,14,0,22.2,0,1,1,4,0
2024-07-13,Vegan Cheese,Dairy,14,10,16.5,0,1,1,5,0
2024-07-14,Vegan Cheese,Dairy,14,22,17.0,0,1,1,6,0
2024-07-15,Vegan Cheese,Dairy,14,0,20.4,0,1,0,0,0
2024-07-16,Vegan Cheese,Dairy,14,12,18.1,0,1,0,1,0
2024-07-17,Vegan Cheese,Dairy,14,12,19.0,0,1,0,2,0
2024-07-18,Vegan Cheese,Dairy,14,17,18.6,0,1,0,3,1
2024-07-19,Vegan Cheese,Dairy,14,0,19.7,0,1,1,4,0
2024-07-20,Vegan Cheese,Dairy,14,18,22.1,0,1,1,5,0
2024-07-21,Vegan Cheese,Dairy,14,9,19.2,0,1,1,6,0
2024-07-22,Vegan Cheese,Dairy,14,7,20.4,0,1,0,0,0
2024-07-23,Vegan Cheese,Dairy,14,12,14.5,0,1,0,1,0
2024-07-24,Vegan Cheese,Dairy,14,13,18.9,0,1,0,2,0
2024-07-25,Vegan Cheese,Dairy,14,11,17.1,0,1,0,3,1
2024-07-26,Vegan Cheese,Dairy,14,9,16.3,0,1,1,4,0
2024-07-27,Vegan Cheese,Dairy,14,10,17.0,0,1,1,5,0
2024-07-28,Vegan Cheese,Dairy,14,13,18.2,0,1,1,6,0
2024-07-29,Vegan Cheese,Dairy,14,10,20.9,0,1,0,0,0
2024-07-30,Vegan Cheese,Dairy,14,0,15.9,0,1,0,1,0
2024-07-31,Vegan Cheese,Dairy,14,6,18.9,0,1,0,2,0
2024-08-01,Vegan Cheese,Dairy,14,0,17.7,0,1,0,3,0
2024-08-02,Vegan Cheese,Dairy,14,0,18.1,0,1,1,4,0
2024-08-03,Vegan Cheese,Dairy,14,12,21.0,0,1,1,5,0
2024-08-04,Vegan Cheese,Dairy,14,15,19.9,0,1,1,6,0
2024-08-05,Vegan Cheese,Dairy,14,0,21.6,0,1,0,0,0
2024-08-06,Vegan Cheese,Dairy,14,10,18.3,0,1,0,1,0
2024-08-07,Vegan Cheese,Dairy,14,0,17.1,0,1,0,2,0
2024-08-08,Vegan Cheese,Dairy,14,4,18.1,0,1,0,3,0
2024-08-09,Vegan Cheese,Dairy,14,23,19.0,0,1,1,4,0
2024-08-10,Vegan Cheese,Dairy,14,0,18.8,0,1,1,5,1
2024-08-11,Vegan Cheese,Dairy,14,12,16.0,0,1,1,6,0
2024-08-12,Vegan Cheese,Dairy,14,0,18.5,0,1,0,0,0
2024-08-13,Vegan Cheese,Dairy,14,0,18.8,0,1,0,1,0
2024-08-14,Vegan Cheese,Dairy,14,10,23.8,0,1,0,2,0
2024-08-15,Vegan Cheese,Dairy,14,0,22.3,0,1,0,3,0
2024-08-16,Vegan Cheese,Dairy,14,9,16.2,0,1,1,4,0
2024-08-17,Vegan Cheese,Dairy,14,10,17.4,0,1,1,5,0
2024-08-18,Vegan Cheese,Dairy,14,19,14.8,0,1,1,6,1
2024-08-19,Vegan Cheese,Dairy,14,13,16.6,0,1,0,0,1
2024-08-20,Vegan Cheese,Dairy,14,0,18.5,0,1,0,1,0
2024-08-21,Vegan Cheese,Dairy,14,0,20.4,0,1,0,2,0
2024-08-22,Vegan Cheese,Dairy,14,0,16.1,0,1,0,3,0
2024-08-23,Vegan Cheese,Dairy,14,19,16.2,0,1,1,4,0
2024-08-24,Vegan Cheese,Dairy,14,0,12.8,0,1,1,5,0
2024-08-25,Vegan Cheese,Dairy,14,0,17.1,0,1,1,6,0
2024-08-26,Vegan Cheese,Dairy,14,8,15.0,1,1,0,0,0
2024-08-27,Vegan Cheese,Dairy,14,8,16.1,0,1,0,1,0
2024-08-28,Vegan Cheese,Dairy,14,9,15.3,0,1,0,2,1
2024-08-29,Vegan Cheese,Dairy,14,3,16.9,0,1,0,3,0
2024-08-30,Vegan Cheese,Dairy,14,17,13.2,0,1,1,4,1
2024-08-31,Vegan Cheese,Dairy,14,10,13.7,0,1,1,5,0
2024-09-01,Vegan Cheese,Dairy,14,8,21.5,0,0,1,6,0
2024-09-02,Vegan Cheese,Dairy,14,8,13.9,0,0,0,0,0
2024-09-03,Vegan Cheese,Dairy,14,7,14.2,0,0,0,1,0
2024-09-04,Vegan Cheese,Dairy,14,6,20.6,0,0,0,2,0
2024-09-05,Vegan Cheese,Dairy,14,0,22.8,0,0,0,3,0
2024-09-06,Vegan Cheese,Dairy,14,6,13.8,0,0,1,4,0
2024-09-07,Vegan Cheese,Dairy,14,0,15.4,0,0,1,5,0
2024-09-08,Vegan Cheese,Dairy,14,12,16.9,0,0,1,6,0
2024-09-09,Vegan Cheese,Dairy,14,6,19.8,0,0,0,0,0
2024-09-10,Vegan Cheese,Dairy,14,10,13.8,0,0,0,1,0
2024-09-11,Vegan Cheese,Dairy,14,7,15.3,0,0,0,2,0
2024-09-12,Vegan Cheese,Dairy,14,11,17.4,0,0,0,3,0
2024-09-13,Vegan Cheese,Dairy,14,0,16.6,0,0,1,4,0
2024-09-14,Vegan Cheese,Dairy,14,14,14.7,0,0,1,5,0
2024-09-15,Vegan Cheese,Dairy,14,0,15.1,0,0,1,6,0
2024-09-16,Vegan Cheese,Dairy,14,7,12.2,0,0,0,0,0
2024-09-17,Vegan Cheese,Dairy,14,8,14.6,0,0,0,1,0
2024-09-18,Vegan Cheese,Dairy,14,10,14.4,0,0,0,2,0
2024-09-19,Vegan Cheese,Dairy,14,7,15.4,0,0,0,3,0
2024-09-20,Vegan Cheese,Dairy,14,0,13.6,0,0,1,4,0
2024-09-21,Vegan Cheese,Dairy,14,19,15.7,0,0,1,5,0
2024-09-22,Vegan Cheese,Dairy,14,8,16.8,0,0,1,6,0
2024-09-23,Vegan Cheese,Dairy,14,0,14.8,0,0,0,0,0
2024-09-24,Vegan Cheese,Dairy,14,6,15.1,0,0,0,1,0
2024-09-25,Vegan Cheese,Dairy,14,5,14.3,0,0,0,2,0
2024-09-26,Vegan Cheese,Dairy,14,8,14.0,0,0,0,3,0
2024-09-27,Vegan Cheese,Dairy,14,8,12.3,0,0,1,4,0
2024-09-28,Vegan Cheese,Dairy,14,17,14.5,0,0,1,5,0
2024-09-29,Vegan Cheese,Dairy,14,16,13.4,0,0,1,6,0
2024-09-30,Vegan Cheese,Dairy,14,8,18.1,0,0,0,0,0
2024-10-01,Vegan Cheese,Dairy,14,0,16.8,0,0,0,1,0
2024-10-02,Vegan Cheese,Dairy,14,5,14.1,0,0,0,2,0
2024-10-03,Vegan Cheese,Dairy,14,8,11.4,0,0,0,3,0
2024-10-04,Vegan Cheese,Dairy,14,13,10.5,0,0,1,4,0
2024-10-05,Vegan Cheese,Dairy,14,15,15.5,0,0,1,5,1
2024-10-06,Vegan Cheese,Dairy,14,9,13.3,0,0,1,6,0
2024-10-07,Vegan Cheese,Dairy,14,10,13.6,0,0,0,0,0
2024-10-08,Vegan Cheese,Dairy,14,12,8.6,0,0,0,1,0
2024-10-09,Vegan Cheese,Dairy,14,16,14.4,0,0,0,2,0
2024-10-10,Vegan Cheese,Dairy,14,13,13.2,0,0,0,3,0
2024-10-11,Vegan Cheese,Dairy,14,7,9.6,0,0,1,4,0
2024-10-12,Vegan Cheese,Dairy,14,0,10.9,0,0,1,5,0
2024-10-13,Vegan Cheese,Dairy,14,9,12.4,0,0,1,6,0
2024-10-14,Vegan Cheese,Dairy,14,0,11.8,0,0,0,0,0
2024-10-15,Vegan Cheese,Dairy,14,8,10.9,0,0,0,1,0
2024-10-16,Vegan Cheese,Dairy,14,7,11.1,0,0,0,2,0
2024-10-17,Vegan Cheese,Dairy,14,15,10.7,0,0,0,3,0
2024-10-18,Vegan Cheese,Dairy,14,0,11.4,0,0,1,4,0
2024-10-19,Vegan Cheese,Dairy,14,13,14.2,0,0,1,5,0
2024-10-20,Vegan Cheese,Dairy,14,0,5.2,0,0,1,6,1
2024-10-21,Vegan Cheese,Dairy,14,5,10.2,0,0,0,0,0
2024-10-22,Vegan Cheese,Dairy,14,9,10.9,0,0,0,1,0
2024-10-23,Vegan Cheese,Dairy,14,11,11.0,0,0,0,2,1
2024-10-24,Vegan Cheese,Dairy,14,7,9.4,0,0,0,3,0
2024-10-25,Vegan Cheese,Dairy,14,10,6.3,0,0,1,4,0
2024-10-26,Vegan Cheese,Dairy,14,0,10.7,0,1,1,5,0
2024-10-27,Vegan Cheese,Dairy,14,22,13.7,0,1,1,6,0
2024-10-28,Vegan Cheese,Dairy,14,15,6.3,0,1,0,0,0
2024-10-29,Vegan Cheese,Dairy,14,0,11.5,0,1,0,1,0
2024-10-30,Vegan Cheese,Dairy,14,10,8.7,0,1,0,2,1
2024-10-31,Vegan Cheese,Dairy,14,3,9.2,0,1,0,3,0
2024-11-01,Vegan Cheese,Dairy,14,0,6.9,0,0,1,4,1
2024-11-02,Vegan Cheese,Dairy,14,0,8.3,0,0,1,5,0
2024-11-03,Vegan Cheese,Dairy,14,10,11.8,0,0,1,6,0
2024-11-04,Vegan Cheese,Dairy,14,7,10.1,0,0,0,0,0
2024-11-05,Vegan Cheese,Dairy,14,7,12.5,0,0,0,1,0
2024-11-06,Vegan Cheese,Dairy,14,17,11.1,0,0,0,2,0
2024-11-07,Vegan Cheese,Dairy,14,0,9.3,0,0,0,3,0
2024-11-08,Vegan Cheese,Dairy,14,0,12.1,0,0,1,4,0
2024-11-09,Vegan Cheese,Dairy,14,0,9.1,0,0,1,5,0
2024-11-10,Vegan Cheese,Dairy,14,9,9.8,0,0,1,6,0
2024-11-11,Vegan Cheese,Dairy,14,13,7.2,0,0,0,0,0
2024-11-12,Vegan Cheese,Dairy,14,10,7.9,0,0,0,1,0
2024-11-13,Vegan Cheese,Dairy,14,0,6.1,0,0,0,2,0
2024-11-14,Vegan Cheese,Dairy,14,0,9.7,0,0,0,3,0
2024-11-15,Vegan Cheese,Dairy,14,12,4.8,0,0,1,4,0
2024-11-16,Vegan Cheese,Dairy,14,9,9.0,0,0,1,5,0
2024-11-17,Vegan Cheese,Dairy,14,10,6.7,0,0,1,6,0
2024-11-18,Vegan Cheese,Dairy,14,7,9.6,0,0,0,0,1
2024-11-19,Vegan Cheese,Dairy,14,10,8.5,0,0,0,1,0
2024-11-20,Vegan Cheese,Dairy,14,11,10.8,0,0,0,2,0
2024-11-21,Vegan Cheese,Dairy,14,10,8.3,0,0,0,3,0
2024-11-22,Vegan Cheese,Dairy,14,0,3.1,0,0,1,4,0
2024-11-23,Vegan Cheese,Dairy,14,10,6.3,0,0,1,5,0
2024-11-24,Vegan Cheese,Dairy,14,12,3.7,0,0,1,6,0
2024-11-25,Vegan Cheese,Dairy,14,10,5.1,0,0,0,0,0
2024-11-26,Vegan Cheese,Dairy,14,5,9.4,0,0,0,1,0
2024-11-27,Vegan Cheese,Dairy,14,5,7.4,0,0,0,2,0
2024-11-28,Vegan Cheese,Dairy,14,0,4.3,0,0,0,3,0
2024-11-29,Vegan Cheese,Dairy,14,0,3.5,0,0,1,4,1
2024-11-30,Vegan Cheese,Dairy,14,15,5.7,0,0,1,5,0
2024-12-01,Vegan Cheese,Dairy,14,8,2.9,0,0,1,6,0
2024-12-02,Vegan Cheese,Dairy,14,2,4.0,0,0,0,0,0
2024-12-03,Vegan Cheese,Dairy,14,10,6.1,0,0,0,1,0
2024-12-04,Vegan Cheese,Dairy,14,14,7.8,0,0,0,2,0
2024-12-05,Vegan Cheese,Dairy,14,0,6.5,0,0,0,3,0
2024-12-06,Vegan Cheese,Dairy,14,13,0.0,0,0,1,4,0
2024-12-07,Vegan Cheese,Dairy,14,9,5.7,0,0,1,5,0
2024-12-08,Vegan Cheese,Dairy,14,14,5.1,0,0,1,6,0
2024-12-09,Vegan Cheese,Dairy,14,0,5.7,0,0,0,0,0
2024-12-10,Vegan Cheese,Dairy,14,10,8.3,0,0,0,1,0
2024-12-11,Vegan Cheese,Dairy,14,0,0.1,0,0,0,2,0
2024-12-12,Vegan Cheese,Dairy,14,8,3.3,0,0,0,3,1
2024-12-13,Vegan Cheese,Dairy,14,0,5.8,0,0,1,4,0
2024-12-14,Vegan Cheese,Dairy,14,14,0.9,0,0,1,5,0
2024-12-15,Vegan Cheese,Dairy,14,0,7.6,0,0,1,6,0
2024-12-16,Vegan Cheese,Dairy,14,7,5.1,0,0,0,0,0
2024-12-17,Vegan Cheese,Dairy,14,10,6.0,0,0,0,1,0
2024-12-18,Vegan Cheese,Dairy,14,0,2.9,0,0,0,2,0
2024-12-19,Vegan Cheese,Dairy,14,6,5.8,0,0,0,3,0
2024-12-20,Vegan Cheese,Dairy,14,0,6.3,0,1,1,4,0
2024-12-21,Vegan Cheese,Dairy,14,14,4.4,0,1,1,5,0
2024-12-22,Vegan Cheese,Dairy,14,13,4.4,0,1,1,6,0
2024-12-23,Vegan Cheese,Dairy,14,0,4.4,0,1,0,0,0
2024-12-24,Vegan Cheese,Dairy,14,0,1.8,0,1,0,1,0
2024-12-25,Vegan Cheese,Dairy,14,0,3.3,1,1,0,2,0
2024-12-26,Vegan Cheese,Dairy,14,13,3.3,1,1,0,3,0
2024-12-27,Vegan Cheese,Dairy,14,6,4.4,0,1,1,4,0
2024-12-28,Vegan Cheese,Dairy,14,15,5.7,0,1,1,5,0
2024-12-29,Vegan Cheese,Dairy,14,9,1.1,0,1,1,6,0
2024-12-30,Vegan Cheese,Dairy,14,0,3.1,0,1,0,0,0
2024-12-31,Vegan Cheese,Dairy,14,0,6.6,0,1,0,1,0
2025-01-01,Vegan Cheese,Dairy,14,12,1.7,1,1,0,2,0
2025-01-02,Vegan Cheese,Dairy,14,13,1.5,0,1,0,3,1
2025-01-03,Vegan Cheese,Dairy,14,12,3.7,0,0,1,4,0
2025-01-04,Vegan Cheese,Dairy,14,0,5.1,0,0,1,5,0
2025-01-05,Vegan Cheese,Dairy,14,10,3.2,0,0,1,6,0
2025-01-06,Vegan Cheese,Dairy,14,11,6.1,0,0,0,0,0
2025-01-07,Vegan Cheese,Dairy,14,15,5.0,0,0,0,1,0
2025-01-08,Vegan Cheese,Dairy,14,11,5.0,0,0,0,2,0
2025-01-09,Vegan Cheese,Dairy,14,7,4.3,0,0,0,3,0
2025-01-10,Vegan Cheese,Dairy,14,10,8.2,0,0,1,4,0
2025-01-11,Vegan Cheese,Dairy,14,12,2.6,0,0,1,5,0
2025-01-12,Vegan Cheese,Dairy,14,13,-1.4,0,0,1,6,0
2025-01-13,Vegan Cheese,Dairy,14,9,6.6,0,0,0,0,0
2025-01-14,Vegan Cheese,Dairy,14,5,2.0,0,0,0,1,0
2025-01-15,Vegan Cheese,Dairy,14,11,3.3,0,0,0,2,0
2025-01-16,Vegan Cheese,Dairy,14,0,5.9,0,0,0,3,0
2025-01-17,Vegan Cheese,Dairy,14,0,-0.5,0,0,1,4,0
2025-01-18,Vegan Cheese,Dairy,14,0,0.2,0,0,1,5,0
2025-01-19,Vegan Cheese,Dairy,14,12,-0.5,0,0,1,6,0
2025-01-20,Vegan Cheese,Dairy,14,0,1.3,0,0,0,0,1
2025-01-21,Vegan Cheese,Dairy,14,9,4.0,0,0,0,1,0
2025-01-22,Vegan Cheese,Dairy,14,0,4.2,0,0,0,2,0
2025-01-23,Vegan Cheese,Dairy,14,12,3.6,0,0,0,3,0
2025-01-24,Vegan Cheese,Dairy,14,13,-0.1,0,0,1,4,1
2025-01-25,Vegan Cheese,Dairy,14,0,-2.0,0,0,1,5,0
2025-01-26,Vegan Cheese,Dairy,14,15,3.2,0,0,1,6,0
2025-01-27,Vegan Cheese,Dairy,14,0,2.0,0,0,0,0,0
2025-01-28,Vegan Cheese,Dairy,14,5,4.1,0,0,0,1,0
2025-01-29,Vegan Cheese,Dairy,14,9,4.7,0,0,0,2,0
2025-01-30,Vegan Cheese,Dairy,14,12,3.5,0,0,0,3,1
2025-01-31,Vegan Cheese,Dairy,14,18,4.9,0,0,1,4,0
2025-02-01,Vegan Cheese,Dairy,14,14,3.7,0,0,1,5,0
2025-02-02,Vegan Cheese,Dairy,14,0,4.4,0,0,1,6,0
2025-02-03,Vegan Cheese,Dairy,14,8,1.7,0,0,0,0,0
2025-02-04,Vegan Cheese,Dairy,14,10,2.9,0,0,0,1,0
2025-02-05,Vegan Cheese,Dairy,14,9,3.8,0,0,0,2,0
2025-02-06,Vegan Cheese,Dairy,14,0,5.2,0,0,0,3,0
2025-02-07,Vegan Cheese,Dairy,14,0,2.6,0,0,1,4,0
2025-02-08,Vegan Cheese,Dairy,14,11,4.6,0,0,1,5,0
2025-02-09,Vegan Cheese,Dairy,14,16,2.9,0,0,1,6,0
2025-02-10,Vegan Cheese,Dairy,14,8,3.3,0,0,0,0,0
2025-02-11,Vegan Cheese,Dairy,14,20,5.5,0,0,0,1,1
2025-02-12,Vegan Cheese,Dairy,14,0,-0.7,0,1,0,2,0
2025-02-13,Vegan Cheese,Dairy,14,0,0.9,0,1,0,3,0
2025-02-14,Vegan Cheese,Dairy,14,10,0.5,0,1,1,4,0
2025-02-15,Vegan Cheese,Dairy,14,0,-1.3,0,1,1,5,0
2025-02-16,Vegan Cheese,Dairy,14,0,2.4,0,1,1,6,1
2025-02-17,Vegan Cheese,Dairy,14,5,5.6,0,1,0,0,0
2025-02-18,Vegan Cheese,Dairy,14,5,3.4,0,1,0,1,0
2025-02-19,Vegan Cheese,Dairy,14,13,4.6,0,0,0,2,0
2025-02-20,Vegan Cheese,Dairy,14,0,6.6,0,0,0,3,0
2025-02-21,Vegan Cheese,Dairy,14,14,7.2,0,0,1,4,0
2025-02-22,Vegan Cheese,Dairy,14,15,4.2,0,0,1,5,0
2025-02-23,Vegan Cheese,Dairy,14,20,7.4,0,0,1,6,0
2025-02-24,Vegan Cheese,Dairy,14,0,4.7,0,0,0,0,0
2025-02-25,Vegan Cheese,Dairy,14,15,2.7,0,0,0,1,0
2025-02-26,Vegan Cheese,Dairy,14,9,3.4,0,0,0,2,0
2025-02-27,Vegan Cheese,Dairy,14,0,1.5,0,0,0,3,0
2025-02-28,Vegan Cheese,Dairy,14,14,2.9,0,0,1,4,0
2025-03-01,Vegan Cheese,Dairy,14,24,4.1,0,0,1,5,0
2025-03-02,Vegan Cheese,Dairy,14,13,6.8,0,0,1,6,0
2025-03-03,Vegan Cheese,Dairy,14,0,8.9,0,0,0,0,0
2025-03-04,Vegan Cheese,Dairy,14,0,2.2,0,0,0,1,0
2025-03-05,Vegan Cheese,Dairy,14,9,6.2,0,0,0,2,0
2025-03-06,Vegan Cheese,Dairy,14,10,3.1,0,0,0,3,0
2025-03-07,Vegan Cheese,Dairy,14,0,6.6,0,0,1,4,0
2025-03-08,Vegan Cheese,Dairy,14,0,5.3,0,0,1,5,0
2025-03-09,Vegan Cheese,Dairy,14,6,1.7,0,0,1,6,0
2025-03-10,Vegan Cheese,Dairy,14,15,7.9,0,0,0,0,1
2025-03-11,Vegan Cheese,Dairy,14,11,4.6,0,0,0,1,0
2025-03-12,Vegan Cheese,Dairy,14,0,4.9,0,0,0,2,0
2025-03-13,Vegan Cheese,Dairy,14,15,3.8,0,0,0,3,0
2025-03-14,Vegan Cheese,Dairy,14,0,4.8,0,0,1,4,0
2025-03-15,Vegan Cheese,Dairy,14,16,7.3,0,0,1,5,0
2025-03-16,Vegan Cheese,Dairy,14,10,6.1,0,0,1,6,0
2025-03-17,Vegan Cheese,Dairy,14,13,7.3,0,0,0,0,0
2025-03-18,Vegan Cheese,Dairy,14,0,7.5,0,0,0,1,0
2025-03-19,Vegan Cheese,Dairy,14,13,9.7,0,0,0,2,0
2025-03-20,Vegan Cheese,Dairy,14,15,6.2,0,0,0,3,0
2025-03-21,Vegan Cheese,Dairy,14,19,3.8,0,0,1,4,0
2025-03-22,Vegan Cheese,Dairy,14,15,9.5,0,0,1,5,0
2025-03-23,Vegan Cheese,Dairy,14,11,6.6,0,0,1,6,0
2025-03-24,Vegan Cheese,Dairy,14,0,9.9,0,0,0,0,0
2025-03-25,Vegan Cheese,Dairy,14,6,8.4,0,0,0,1,0
2025-03-26,Vegan Cheese,Dairy,14,0,7.4,0,0,0,2,0
2025-03-27,Vegan Cheese,Dairy,14,8,8.6,0,0,0,3,0
2025-03-28,Vegan Cheese,Dairy,14,14,12.2,0,0,1,4,0
2025-03-29,Vegan Cheese,Dairy,14,17,12.6,0,0,1,5,0
2025-03-30,Vegan Cheese,Dairy,14,13,8.3,0,0,1,6,0
2025-03-31,Vegan Cheese,Dairy,14,7,8.7,0,0,0,0,0
2025-04-01,Vegan Cheese,Dairy,14,10,10.8,0,1,0,1,0
2025-04-02,Vegan Cheese,Dairy,14,13,6.7,0,1,0,2,0
2025-04-03,Vegan Cheese,Dairy,14,0,9.4,0,1,0,3,1
2025-04-04,Vegan Cheese,Dairy,14,0,8.8,0,1,1,4,0
2025-04-05,Vegan Cheese,Dairy,14,0,9.6,0,1,1,5,0
2025-04-06,Vegan Cheese,Dairy,14,13,7.3,0,1,1,6,0
2025-04-07,Vegan Cheese,Dairy,14,8,5.7,0,1,0,0,0
2025-04-08,Vegan Cheese,Dairy,14,9,4.8,0,1,0,1,0
2025-04-09,Vegan Cheese,Dairy,14,8,7.0,0,1,0,2,0
2025-04-10,Vegan Cheese,Dairy,14,9,8.6,0,1,0,3,0
2025-04-11,Vegan Cheese,Dairy,14,13,9.1,0,1,1,4,0
2025-04-12,Vegan Cheese,Dairy,14,29,14.2,0,1,1,5,1
2025-04-13,Vegan Cheese,Dairy,14,22,12.5,0,1,1,6,0
2025-04-14,Vegan Cheese,Dairy,14,5,8.1,0,1,0,0,0
2025-04-15,Vegan Cheese,Dairy,14,9,11.1,0,0,0,1,0
2025-04-16,Vegan Cheese,Dairy,14,7,9.6,0,0,0,2,0
2025-04-17,Vegan Cheese,Dairy,14,0,10.0,0,0,0,3,0
2025-04-18,Vegan Cheese,Dairy,14,16,11.1,1,0,1,4,0
2025-04-19,Vegan Cheese,Dairy,14,7,12.2,0,0,1,5,0
2025-04-20,Vegan Cheese,Dairy,14,0,10.3,0,0,1,6,0
2025-04-21,Vegan Cheese,Dairy,14,12,13.5,1,0,0,0,0
2025-04-22,Vegan Cheese,Dairy,14,4,8.8,0,0,0,1,0
2025-04-23,Vegan Cheese,Dairy,14,17,11.4,0,0,0,2,1
2025-04-24,Vegan Cheese,Dairy,14,0,17.3,0,0,0,3,0
2025-04-25,Vegan Cheese,Dairy,14,15,12.2,0,0,1,4,0
2025-04-26,Vegan Cheese,Dairy,14,0,15.0,0,0,1,5,1
2025-04-27,Vegan Cheese,Dairy,14,0,12.2,0,0,1,6,1
2025-04-28,Vegan Cheese,Dairy,14,0,13.4,0,0,0,0,0
2025-04-29,Vegan Cheese,Dairy,14,0,12.1,0,0,0,1,0
2025-04-30,Vegan Cheese,Dairy,14,15,12.0,0,0,0,2,0
2025-05-01,Vegan Cheese,Dairy,14,0,10.8,0,0,0,3,0
2025-05-02,Vegan Cheese,Dairy,14,0,13.6,0,0,1,4,0
2025-05-03,Vegan Cheese,Dairy,14,0,10.9,0,0,1,5,1
2025-05-04,Vegan Cheese,Dairy,14,0,14.4,0,0,1,6,0
2025-05-05,Vegan Cheese,Dairy,14,17,15.4,1,0,0,0,0
2025-05-06,Vegan Cheese,Dairy,14,12,14.0,0,0,0,1,0
2025-05-07,Vegan Cheese,Dairy,14,13,12.7,0,0,0,2,0
2025-05-08,Vegan Cheese,Dairy,14,0,14.4,0,0,0,3,1
2025-05-09,Vegan Cheese,Dairy,14,0,12.9,0,0,1,4,1
2025-05-10,Vegan Cheese,Dairy,14,20,15.8,0,0,1,5,0
2025-05-11,Vegan Cheese,Dairy,14,0,9.8,0,0,1,6,0
2025-05-12,Vegan Cheese,Dairy,14,4,13.2,0,0,0,0,0
2025-05-13,Vegan Cheese,Dairy,14,10,9.7,0,0,0,1,0
2025-05-14,Vegan Cheese,Dairy,14,12,10.9,0,0,0,2,0
2025-05-15,Vegan Cheese,Dairy,14,13,17.3,0,0,0,3,0
2025-05-16,Vegan Cheese,Dairy,14,28,16.4,0,0,1,4,1
2025-05-17,Vegan Cheese,Dairy,14,17,13.0,0,0,1,5,0
2025-05-18,Vegan Cheese,Dairy,14,0,11.4,0,0,1,6,0
2025-05-19,Vegan Cheese,Dairy,14,0,8.3,0,0,0,0,0
2025-05-20,Vegan Cheese,Dairy,14,11,13.8,0,0,0,1,0
2025-05-21,Vegan Cheese,Dairy,14,0,20.4,0,0,0,2,0
2025-05-22,Vegan Cheese,Dairy,14,0,16.1,0,0,0,3,0
2025-05-23,Vegan Cheese,Dairy,14,18,14.1,0,0,1,4,0
2025-05-24,Vegan Cheese,Dairy,14,25,16.4,0,0,1,5,1
2025-05-25,Vegan Cheese,Dairy,14,0,12.1,0,0,1,6,0
2025-05-26,Vegan Cheese,Dairy,14,9,15.0,1,1,0,0,0
2025-05-27,Vegan Cheese,Dairy,14,0,16.0,0,1,0,1,0
2025-05-28,Vegan Cheese,Dairy,14,10,15.7,0,1,0,2,0
2025-05-29,Vegan Cheese,Dairy,14,12,17.7,0,1,0,3,0
2025-05-30,Vegan Cheese,Dairy,14,0,16.8,0,1,1,4,0
2025-05-31,Vegan Cheese,Dairy,14,0,17.7,0,1,1,5,0
2025-06-01,Vegan Cheese,Dairy,14,0,14.8,0,0,1,6,0
2025-06-02,Vegan Cheese,Dairy,14,14,18.4,0,0,0,0,1
2025-06-03,Vegan Cheese,Dairy,14,13,20.1,0,0,0,1,0
2025-06-04,Vegan Cheese,Dairy,14,11,14.5,0,0,0,2,0
2025-06-05,Vegan Cheese,Dairy,14,13,14.7,0,0,0,3,0
2025-06-06,Vegan Cheese,Dairy,14,19,19.7,0,0,1,4,0
2025-06-07,Vegan Cheese,Dairy,14,15,16.5,0,0,1,5,0
2025-06-08,Vegan Cheese,Dairy,14,14,20.1,0,0,1,6,0
2025-06-09,Vegan Cheese,Dairy,14,11,16.1,0,0,0,0,0
2025-06-10,Vegan Cheese,Dairy,14,9,20.4,0,0,0,1,0
2025-06-11,Vegan Cheese,Dairy,14,14,17.5,0,0,0,2,0
2025-06-12,Vegan Cheese,Dairy,14,6,17.9,0,0,0,3,0
2025-06-13,Vegan Cheese,Dairy,14,21,20.9,0,0,1,4,0
2025-06-14,Vegan Cheese,Dairy,14,12,16.7,0,0,1,5,0
2025-06-15,Vegan Cheese,Dairy,14,0,15.5,0,0,1,6,0
2025-06-16,Vegan Cheese,Dairy,14,0,16.7,0,0,0,0,0
2025-06-17,Vegan Cheese,Dairy,14,7,18.7,0,0,0,1,0
2025-06-18,Vegan Cheese,Dairy,14,12,14.4,0,0,0,2,0
2025-06-19,Vegan Cheese,Dairy,14,0,19.3,0,0,0,3,0
2025-06-20,Vegan Cheese,Dairy,14,0,16.8,0,0,1,4,0
2025-06-21,Vegan Cheese,Dairy,14,0,20.5,0,0,1,5,0
2025-06-22,Vegan Cheese,Dairy,14,11,12.8,0,0,1,6,0
2025-06-23,Vegan Cheese,Dairy,14,13,16.4,0,0,0,0,1
2025-06-24,Vegan Cheese,Dairy,14,0,14.5,0,0,0,1,0
2025-06-25,Vegan Cheese,Dairy,14,7,16.4,0,0,0,2,0
2025-06-26,Vegan Cheese,Dairy,14,13,18.9,0,0,0,3,0
2025-06-27,Vegan Cheese,Dairy,14,13,18.0,0,0,1,4,0
2025-06-28,Vegan Cheese,Dairy,14,13,17.9,0,0,1,5,0
2025-06-29,Vegan Cheese,Dairy,14,15,18.1,0,0,1,6,0
2025-06-30,Vegan Cheese,Dairy,14,0,19.0,0,0,0,0,0
2025-07-01,Vegan Cheese,Dairy,14,5,16.3,0,1,0,1,0
2025-07-02,Vegan Cheese,Dairy,14,0,20.2,0,1,0,2,0
2025-07-03,Vegan Cheese,Dairy,14,19,20.1,0,1,0,3,0
2025-07-04,Vegan Cheese,Dairy,14,14,19.5,0,1,1,4,0
2025-07-05,Vegan Cheese,Dairy,14,0,19.9,0,1,1,5,0
2025-07-06,Vegan Cheese,Dairy,14,12,19.4,0,1,1,6,0
2025-07-07,Vegan Cheese,Dairy,14,9,23.3,0,1,0,0,0
2025-07-08,Vegan Cheese,Dairy,14,8,18.6,0,1,0,1,0
2025-07-09,Vegan Cheese,Dairy,14,0,18.2,0,1,0,2,1
2025-07-10,Vegan Cheese,Dairy,14,0,17.2,0,1,0,3,0
2025-07-11,Vegan Cheese,Dairy,14,11,16.6,0,1,1,4,0
2025-07-12,Vegan Cheese,Dairy,14,13,16.2,0,1,1,5,0
2025-07-13,Vegan Cheese,Dairy,14,0,17.0,0,1,1,6,0
2025-07-14,Vegan Cheese,Dairy,14,0,18.8,0,1,0,0,0
2025-07-15,Vegan Cheese,Dairy,14,6,19.7,0,1,0,1,0
2025-07-16,Vegan Cheese,Dairy,14,0,19.1,0,1,0,2,0
2025-07-17,Vegan Cheese,Dairy,14,10,17.3,0,1,0,3,0
2025-07-18,Vegan Cheese,Dairy,14,0,21.0,0,1,1,4,0
2025-07-19,Vegan Cheese,Dairy,14,17,20.6,0,1,1,5,0
2025-07-20,Vegan Cheese,Dairy,14,23,18.6,0,1,1,6,1
2025-07-21,Vegan Cheese,Dairy,14,9,17.6,0,1,0,0,0
2025-07-22,Vegan Cheese,Dairy,14,0,20.2,0,1,0,1,0
2025-07-23,Vegan Cheese,Dairy,14,13,19.4,0,1,0,2,0
2025-07-24,Vegan Cheese,Dairy,14,0,15.8,0,1,0,3,0
2025-07-25,Vegan Cheese,Dairy,14,0,18.8,0,1,1,4,0
2025-07-26,Vegan Cheese,Dairy,14,13,19.5,0,1,1,5,0
2025-07-27,Vegan Cheese,Dairy,14,13,17.0,0,1,1,6,0
2025-07-28,Vegan Cheese,Dairy,14,0,19.3,0,1,0,0,0
2025-07-29,Vegan Cheese,Dairy,14,10,15.7,0,1,0,1,0
2025-07-30,Vegan Cheese,Dairy,14,14,21.8,0,1,0,2,0
2025-07-31,Vegan Cheese,Dairy,14,5,21.6,0,1,0,3,0
2025-08-01,Vegan Cheese,Dairy,14,16,18.3,0,1,1,4,0
2025-08-02,Vegan Cheese,Dairy,14,17,19.6,0,1,1,5,0
2025-08-03,Vegan Cheese,Dairy,14,15,13.5,0,1,1,6,0
2025-08-04,Vegan Cheese,Dairy,14,6,16.2,0,1,0,0,0
2025-08-05,Vegan Cheese,Dairy,14,5,18.1,0,1,0,1,0
2025-08-06,Vegan Cheese,Dairy,14,11,16.3,0,1,0,2,0
2025-08-07,Vegan Cheese,Dairy,14,0,20.2,0,1,0,3,0
2025-08-08,Vegan Cheese,Dairy,14,8,23.0,0,1,1,4,0
2025-08-09,Vegan Cheese,Dairy,14,14,16.0,0,1,1,5,0
2025-08-10,Vegan Cheese,Dairy,14,17,16.7,0,1,1,6,0
2025-08-11,Vegan Cheese,Dairy,14,14,19.0,0,1,0,0,0
2025-08-12,Vegan Cheese,Dairy,14,8,21.9,0,1,0,1,0
2025-08-13,Vegan Cheese,Dairy,14,9,15.7,0,1,0,2,0
2025-08-14,Vegan Cheese,Dairy,14,15,18.8,0,1,0,3,1
2025-08-15,Vegan Cheese,Dairy,14,0,22.2,0,1,1,4,1
2025-08-16,Vegan Cheese,Dairy,14,0,14.5,0,1,1,5,1
2025-08-17,Vegan Cheese,Dairy,14,0,15.3,0,1,1,6,0
2025-08-18,Vegan Cheese,Dairy,14,8,17.1,0,1,0,0,0
2025-08-19,Vegan Cheese,Dairy,14,6,16.8,0,1,0,1,0
2025-08-20,Vegan Cheese,Dairy,14,0,19.7,0,1,0,2,0
2025-08-21,Vegan Cheese,Dairy,14,0,18.4,0,1,0,3,0
2025-08-22,Vegan Cheese,Dairy,14,10,13.9,0,1,1,4,1
2025-08-23,Vegan Cheese,Dairy,14,0,18.8,0,1,1,5,1
2025-08-24,Vegan Cheese,Dairy,14,9,16.3,0,1,1,6,0
2025-08-25,Vegan Cheese,Dairy,14,12,20.3,1,1,0,0,0
2025-08-26,Vegan Cheese,Dairy,14,13,16.1,0,1,0,1,0
2025-08-27,Vegan Cheese,Dairy,14,0,16.0,0,1,0,2,1
2025-08-28,Vegan Cheese,Dairy,14,7,18.5,0,1,0,3,0
2025-08-29,Vegan Cheese,Dairy,14,0,18.9,0,1,1,4,0
2025-08-30,Vegan Cheese,Dairy,14,15,18.1,0,1,1,5,0
2025-08-31,Vegan Cheese,Dairy,14,16,13.3,0,1,1,6,0
2025-09-01,Vegan Cheese,Dairy,14,9,18.1,0,0,0,0,1
2025-09-02,Vegan Cheese,Dairy,14,10,14.6,0,0,0,1,0
2025-09-03,Vegan Cheese,Dairy,14,9,17.3,0,0,0,2,0
2025-09-04,Vegan Cheese,Dairy,14,0,13.5,0,0,0,3,0
2025-09-05,Vegan Cheese,Dairy,14,0,17.5,0,0,1,4,0
2025-09-06,Vegan Cheese,Dairy,14,20,14.7,0,0,1,5,0
2025-09-07,Vegan Cheese,Dairy,14,16,13.5,0,0,1,6,0
2025-09-08,Vegan Cheese,Dairy,14,0,17.8,0,0,0,0,0
2025-09-09,Vegan Cheese,Dairy,14,7,16.7,0,0,0,1,0
2025-09-10,Vegan Cheese,Dairy,14,0,14.7,0,0,0,2,0
2025-09-11,Vegan Cheese,Dairy,14,9,19.1,0,0,0,3,0
2025-09-12,Vegan Cheese,Dairy,14,7,14.9,0,0,1,4,0
2025-09-13,Vegan Cheese,Dairy,14,16,15.8,0,0,1,5,0
2025-09-14,Vegan Cheese,Dairy,14,14,16.2,0,0,1,6,0
2025-09-15,Vegan Cheese,Dairy,14,0,14.1,0,0,0,0,0
2025-09-16,Vegan Cheese,Dairy,14,11,16.4,0,0,0,1,0
2025-09-17,Vegan Cheese,Dairy,14,0,14.1,0,0,0,2,1
2025-09-18,Vegan Cheese,Dairy,14,0,14.2,0,0,0,3,0
2025-09-19,Vegan Cheese,Dairy,14,18,18.0,0,0,1,4,0
2025-09-20,Vegan Cheese,Dairy,14,0,12.6,0,0,1,5,0
2025-09-21,Vegan Cheese,Dairy,14,10,9.5,0,0,1,6,0
2025-09-22,Vegan Cheese,Dairy,14,6,18.2,0,0,0,0,0
2025-09-23,Vegan Cheese,Dairy,14,12,20.1,0,0,0,1,0
2025-09-24,Vegan Cheese,Dairy,14,9,13.5,0,0,0,2,0
2025-09-25,Vegan Cheese,Dairy,14,0,10.0,0,0,0,3,0
2025-09-26,Vegan Cheese,Dairy,14,15,13.5,0,0,1,4,0
2025-09-27,Vegan Cheese,Dairy,14,0,13.4,0,0,1,5,0
2025-09-28,Vegan Cheese,Dairy,14,10,13.5,0,0,1,6,0
2025-09-29,Vegan Cheese,Dairy,14,6,11.3,0,0,0,0,0
2025-09-30,Vegan Cheese,Dairy,14,0,14.9,0,0,0,1,0
2025-10-01,Vegan Cheese,Dairy,14,9,14.7,0,0,0,2,0
2025-10-02,Vegan Cheese,Dairy,14,0,10.1,0,0,0,3,0
2025-10-03,Vegan Cheese,Dairy,14,13,14.8,0,0,1,4,0
2025-10-04,Vegan Cheese,Dairy,14,10,17.6,0,0,1,5,0
2025-10-05,Vegan Cheese,Dairy,14,0,13.4,0,0,1,6,0
2025-10-06,Vegan Cheese,Dairy,14,0,12.1,0,0,0,0,0
2025-10-07,Vegan Cheese,Dairy,14,9,12.4,0,0,0,1,0
2025-10-08,Vegan Cheese,Dairy,14,5,13.9,0,0,0,2,0
2025-10-09,Vegan Cheese,Dairy,14,7,8.6,0,0,0,3,0
2025-10-10,Vegan Cheese,Dairy,14,13,12.7,0,0,1,4,0
2025-10-11,Vegan Cheese,Dairy,14,12,11.3,0,0,1,5,0
2025-10-12,Vegan Cheese,Dairy,14,3,16.1,0,0,1,6,0
2025-10-13,Vegan Cheese,Dairy,14,0,11.5,0,0,0,0,0
2025-10-14,Vegan Cheese,Dairy,14,0,15.4,0,0,0,1,0
2025-10-15,Vegan Cheese,Dairy,14,0,9.2,0,0,0,2,0
2025-10-16,Vegan Cheese,Dairy,14,9,12.8,0,0,0,3,0
2025-10-17,Vegan Cheese,Dairy,14,20,12.1,0,0,1,4,0
2025-10-18,Vegan Cheese,Dairy,14,0,9.3,0,0,1,5,0
2025-10-19,Vegan Cheese,Dairy,14,13,11.5,0,0,1,6,0
2025-10-20,Vegan Cheese,Dairy,14,6,13.6,0,0,0,0,0
2025-10-21,Vegan Cheese,Dairy,14,0,10.1,0,0,0,1,0
2025-10-22,Vegan Cheese,Dairy,14,4,7.0,0,0,0,2,0
2025-10-23,Vegan Cheese,Dairy,14,16,10.5,0,0,0,3,0
2025-10-24,Vegan Cheese,Dairy,14,17,8.4,0,0,1,4,0
2025-10-25,Vegan Cheese,Dairy,14,18,9.5,0,0,1,5,0
2025-10-26,Vegan Cheese,Dairy,14,21,9.9,0,1,1,6,0
2025-10-27,Vegan Cheese,Dairy,14,6,6.2,0,1,0,0,0
2025-10-28,Vegan Cheese,Dairy,14,7,6.3,0,1,0,1,0
2025-10-29,Vegan Cheese,Dairy,14,4,10.8,0,1,0,2,0
2025-10-30,Vegan Cheese,Dairy,14,0,8.4,0,1,0,3,0
2025-10-31,Vegan Cheese,Dairy,14,11,3.8,0,1,1,4,0
2025-11-01,Vegan Cheese,Dairy,14,0,11.0,0,0,1,5,0
2025-11-02,Vegan Cheese,Dairy,14,8,9.8,0,0,1,6,0
2025-11-03,Vegan Cheese,Dairy,14,0,7.5,0,0,0,0,0
2025-11-04,Vegan Cheese,Dairy,14,8,6.0,0,0,0,1,0
2025-11-05,Vegan Cheese,Dairy,14,9,10.6,0,0,0,2,0
2025-11-06,Vegan Cheese,Dairy,14,6,9.4,0,0,0,3,0
2025-11-07,Vegan Cheese,Dairy,14,0,13.8,0,0,1,4,0
2025-11-08,Vegan Cheese,Dairy,14,0,9.3,0,0,1,5,0
2025-11-09,Vegan Cheese,Dairy,14,14,9.1,0,0,1,6,0
2025-11-10,Vegan Cheese,Dairy,14,11,7.8,0,0,0,0,0
2025-11-11,Vegan Cheese,Dairy,14,5,9.8,0,0,0,1,0
2025-11-12,Vegan Cheese,Dairy,14,5,9.2,0,0,0,2,0
2025-11-13,Vegan Cheese,Dairy,14,12,10.5,0,0,0,3,0
2025-11-14,Vegan Cheese,Dairy,14,15,6.5,0,0,1,4,0
2025-11-15,Vegan Cheese,Dairy,14,7,6.5,0,0,1,5,0
2025-11-16,Vegan Cheese,Dairy,14,8,6.3,0,0,1,6,0
2025-11-17,Vegan Cheese,Dairy,14,0,9.0,0,0,0,0,0
2025-11-18,Vegan Cheese,Dairy,14,10,10.4,0,0,0,1,0
2025-11-19,Vegan Cheese,Dairy,14,12,6.0,0,0,0,2,0
2025-11-20,Vegan Cheese,Dairy,14,0,6.0,0,0,0,3,0
2025-11-21,Vegan Cheese,Dairy,14,7,7.5,0,0,1,4,0
2025-11-22,Vegan Cheese,Dairy,14,0,6.1,0,0,1,5,0
2025-11-23,Vegan Cheese,Dairy,14,18,8.6,0,0,1,6,0
2025-11-24,Vegan Cheese,Dairy,14,5,1.5,0,0,0,0,0
2025-11-25,Vegan Cheese,Dairy,14,9,4.5,0,0,0,1,0
2025-11-26,Vegan Cheese,Dairy,14,13,4.5,0,0,0,2,1
2025-11-27,Vegan Cheese,Dairy,14,5,1.0,0,0,0,3,1
2025-11-28,Vegan Cheese,Dairy,14,18,3.9,0,0,1,4,1
2025-11-29,Vegan Cheese,Dairy,14,0,3.9,0,0,1,5,0
2025-11-30,Vegan Cheese,Dairy,14,0,5.3,0,0,1,6,0
2025-12-01,Vegan Cheese,Dairy,14,6,8.1,0,0,0,0,0
2025-12-02,Vegan Cheese,Dairy,14,6,5.0,0,0,0,1,0
2025-12-03,Vegan Cheese,Dairy,14,4,3.2,0,0,0,2,0
2025-12-04,Vegan Cheese,Dairy,14,4,5.2,0,0,0,3,0
2025-12-05,Vegan Cheese,Dairy,14,17,7.6,0,0,1,4,1
2025-12-06,Vegan Cheese,Dairy,14,13,3.0,0,0,1,5,0
2025-12-07,Vegan Cheese,Dairy,14,12,3.1,0,0,1,6,0
2025-12-08,Vegan Cheese,Dairy,14,0,6.2,0,0,0,0,0
2025-12-09,Vegan Cheese,Dairy,14,6,4.4,0,0,0,1,0
2025-12-10,Vegan Cheese,Dairy,14,8,6.2,0,0,0,2,0
2025-12-11,Vegan Cheese,Dairy,14,0,4.7,0,0,0,3,0
2025-12-12,Vegan Cheese,Dairy,14,9,6.2,0,0,1,4,0
2025-12-13,Vegan Cheese,Dairy,14,9,2.3,0,0,1,5,0
2025-12-14,Vegan Cheese,Dairy,14,17,4.5,0,0,1,6,0
2025-12-15,Vegan Cheese,Dairy,14,7,3.9,0,0,0,0,0
2025-12-16,Vegan Cheese,Dairy,14,0,1.7,0,0,0,1,0
2025-12-17,Vegan Cheese,Dairy,14,6,0.8,0,0,0,2,0
2025-12-18,Vegan Cheese,Dairy,14,0,5.7,0,0,0,3,0
2025-12-19,Vegan Cheese,Dairy,14,12,3.3,0,0,1,4,0
2025-12-20,Vegan Cheese,Dairy,14,0,1.8,0,1,1,5,0
2025-12-21,Vegan Cheese,Dairy,14,0,3.8,0,1,1,6,0
2025-12-22,Vegan Cheese,Dairy,14,0,6.4,0,1,0,0,0
2025-12-23,Vegan Cheese,Dairy,14,7,-1.2,0,1,0,1,0
2025-12-24,Vegan Cheese,Dairy,14,0,0.5,0,1,0,2,0
2025-12-25,Vegan Cheese,Dairy,14,0,1.7,1,1,0,3,0
2025-12-26,Vegan Cheese,Dairy,14,20,6.9,1,1,1,4,0
2025-12-27,Vegan Cheese,Dairy,14,0,4.2,0,1,1,5,0
2025-12-28,Vegan Cheese,Dairy,14,17,5.3,0,1,1,6,0
2025-12-29,Vegan Cheese,Dairy,14,7,1.0,0,1,0,0,0
2025-12-30,Vegan Cheese,Dairy,14,0,1.0,0,1,0,1,0
2025-12-31,Vegan Cheese,Dairy,14,0,4.4,0,1,0,2,0
2024-01-01,Gluten-free Buns,Bakery,3,17,4.0,1,1,0,0,0
2024-01-02,Gluten-free Buns,Bakery,3,0,1.0,0,1,0,1,0
2024-01-03,Gluten-free Buns,Bakery,3,8,4.9,0,0,0,2,0
2024-01-04,Gluten-free Buns,Bakery,3,0,5.3,0,0,0,3,0
2024-01-05,Gluten-free Buns,Bakery,3,0,-1.1,0,0,1,4,0
2024-01-06,Gluten-free Buns,Bakery,3,18,0.3,0,0,1,5,0
2024-01-07,Gluten-free Buns,Bakery,3,0,3.4,0,0,1,6,0
2024-01-08,Gluten-free Buns,Bakery,3,7,2.4,0,0,0,0,0
2024-01-09,Gluten-free Buns,Bakery,3,14,3.1,0,0,0,1,0
2024-01-10,Gluten-free Buns,Bakery,3,8,1.2,0,0,0,2,0
2024-01-11,Gluten-free Buns,Bakery,3,19,5.0,0,0,0,3,0
2024-01-12,Gluten-free Buns,Bakery,3,21,4.8,0,0,1,4,0
2024-01-13,Gluten-free Buns,Bakery,3,21,3.2,0,0,1,5,0
2024-01-14,Gluten-free Buns,Bakery,3,19,5.5,0,0,1,6,0
2024-01-15,Gluten-free Buns,Bakery,3,4,4.0,0,0,0,0,0
2024-01-16,Gluten-free Buns,Bakery,3,0,1.1,0,0,0,1,0
2024-01-17,Gluten-free Buns,Bakery,3,12,3.8,0,0,0,2,0
2024-01-18,Gluten-free Buns,Bakery,3,0,0.9,0,0,0,3,0
2024-01-19,Gluten-free Buns,Bakery,3,0,4.9,0,0,1,4,0
2024-01-20,Gluten-free Buns,Bakery,3,11,2.9,0,0,1,5,0
2024-01-21,Gluten-free Buns,Bakery,3,24,2.6,0,0,1,6,1
2024-01-22,Gluten-free Buns,Bakery,3,14,1.5,0,0,0,0,0
2024-01-23,Gluten-free Buns,Bakery,3,3,5.7,0,0,0,1,0
2024-01-24,Gluten-free Buns,Bakery,3,7,2.7,0,0,0,2,0
2024-01-25,Gluten-free Buns,Bakery,3,16,2.1,0,0,0,3,1
2024-01-26,Gluten-free Buns,Bakery,3,13,2.3,0,0,1,4,1
2024-01-27,Gluten-free Buns,Bakery,3,23,4.3,0,0,1,5,0
2024-01-28,Gluten-free Buns,Bakery,3,16,3.9,0,0,1,6,0
2024-01-29,Gluten-free Buns,Bakery,3,0,4.0,0,0,0,0,0
2024-01-30,Gluten-free Buns,Bakery,3,0,4.1,0,0,0,1,1
2024-01-31,Gluten-free Buns,Bakery,3,0,7.9,0,0,0,2,0
2024-02-01,Gluten-free Buns,Bakery,3,12,2.3,0,0,0,3,0
2024-02-02,Gluten-free Buns,Bakery,3,13,2.1,0,0,1,4,0
2024-02-03,Gluten-free Buns,Bakery,3,14,1.5,0,0,1,5,0
2024-02-04,Gluten-free Buns,Bakery,3,18,4.7,0,0,1,6,0
2024-02-05,Gluten-free Buns,Bakery,3,15,5.8,0,0,0,0,0
2024-02-06,Gluten-free Buns,Bakery,3,10,3.1,0,0,0,1,0
2024-02-07,Gluten-free Buns,Bakery,3,0,1.6,0,0,0,2,0
2024-02-08,Gluten-free Buns,Bakery,3,10,1.7,0,0,0,3,0
2024-02-09,Gluten-free Buns,Bakery,3,25,5.0,0,0,1,4,1
2024-02-10,Gluten-free Buns,Bakery,3,0,5.2,0,0,1,5,0
2024-02-11,Gluten-free Buns,Bakery,3,15,4.8,0,0,1,6,0
2024-02-12,Gluten-free Buns,Bakery,3,7,2.2,0,1,0,0,0
2024-02-13,Gluten-free Buns,Bakery,3,0,4.3,0,1,0,1,0
2024-02-14,Gluten-free Buns,Bakery,3,0,4.1,0,1,0,2,0
2024-02-15,Gluten-free Buns,Bakery,3,16,4.3,0,1,0,3,0
2024-02-16,Gluten-free Buns,Bakery,3,26,5.8,0,1,1,4,1
2024-02-17,Gluten-free Buns,Bakery,3,17,4.5,0,1,1,5,0
2024-02-18,Gluten-free Buns,Bakery,3,19,5.6,0,1,1,6,0
2024-02-19,Gluten-free Buns,Bakery,3,10,4.3,0,0,0,0,0
2024-02-20,Gluten-free Buns,Bakery,3,8,4.8,0,0,0,1,0
2024-02-21,Gluten-free Buns,Bakery,3,9,5.7,0,0,0,2,0
2024-02-22,Gluten-free Buns,Bakery,3,0,1.1,0,0,0,3,0
2024-02-23,Gluten-free Buns,Bakery,3,0,3.7,0,0,1,4,0
2024-02-24,Gluten-free Buns,Bakery,3,17,3.5,0,0,1,5,0
2024-02-25,Gluten-free Buns,Bakery,3,0,3.2,0,0,1,6,0
2024-02-26,Gluten-free Buns,Bakery,3,14,4.1,0,0,0,0,0
2024-02-27,Gluten-free Buns,Bakery,3,0,8.0,0,0,0,1,0
2024-02-28,Gluten-free Buns,Bakery,3,0,2.9,0,0,0,2,0
2024-02-29,Gluten-free Buns,Bakery,3,20,7.1,0,0,0,3,1
2024-03-01,Gluten-free Buns,Bakery,3,0,1.3,0,0,1,4,0
2024-03-02,Gluten-free Buns,Bakery,3,0,4.4,0,0,1,5,0
2024-03-03,Gluten-free Buns,Bakery,3,20,5.6,0,0,1,6,1
2024-03-04,Gluten-free Buns,Bakery,3,0,6.6,0,0,0,0,0
2024-03-05,Gluten-free Buns,Bakery,3,17,7.0,0,0,0,1,0
2024-03-06,Gluten-free Buns,Bakery,3,17,7.3,0,0,0,2,0
2024-03-07,Gluten-free Buns,Bakery,3,0,4.8,0,0,0,3,0
2024-03-08,Gluten-free Buns,Bakery,3,0,4.7,0,0,1,4,0
2024-03-09,Gluten-free Buns,Bakery,3,0,7.7,0,0,1,5,0
2024-03-10,Gluten-free Buns,Bakery,3,12,5.5,0,0,1,6,0
2024-03-11,Gluten-free Buns,Bakery,3,20,3.2,0,0,0,0,1
2024-03-12,Gluten-free Buns,Bakery,3,20,3.6,0,0,0,1,1
2024-03-13,Gluten-free Buns,Bakery,3,11,4.2,0,0,0,2,0
2024-03-14,Gluten-free Buns,Bakery,3,15,7.5,0,0,0,3,0
2024-03-15,Gluten-free Buns,Bakery,3,14,6.8,0,0,1,4,0
2024-03-16,Gluten-free Buns,Bakery,3,26,8.1,0,0,1,5,0
2024-03-17,Gluten-free Buns,Bakery,3,18,5.8,0,0,1,6,0
2024-03-18,Gluten-free Buns,Bakery,3,7,7.2,0,0,0,0,0
2024-03-19,Gluten-free Buns,Bakery,3,9,8.3,0,0,0,1,0
2024-03-20,Gluten-free Buns,Bakery,3,0,6.4,0,0,0,2,0
2024-03-21,Gluten-free Buns,Bakery,3,15,8.2,0,0,0,3,0
2024-03-22,Gluten-free Buns,Bakery,3,22,5.8,0,0,1,4,0
2024-03-23,Gluten-free Buns,Bakery,3,24,6.6,0,0,1,5,0
2024-03-24,Gluten-free Buns,Bakery,3,12,6.7,0,0,1,6,0
2024-03-25,Gluten-free Buns,Bakery,3,0,5.0,0,0,0,0,0
2024-03-26,Gluten-free Buns,Bakery,3,10,8.9,0,0,0,1,0
2024-03-27,Gluten-free Buns,Bakery,3,21,6.9,0,0,0,2,1
2024-03-28,Gluten-free Buns,Bakery,3,0,8.1,0,0,0,3,0
2024-03-29,Gluten-free Buns,Bakery,3,35,9.2,1,0,1,4,0
2024-03-30,Gluten-free Buns,Bakery,3,20,9.3,0,0,1,5,0
2024-03-31,Gluten-free Buns,Bakery,3,12,9.9,0,0,1,6,0
2024-04-01,Gluten-free Buns,Bakery,3,22,8.3,1,1,0,0,0
2024-04-02,Gluten-free Buns,Bakery,3,9,7.8,0,1,0,1,0
2024-04-03,Gluten-free Buns,Bakery,3,11,8.7,0,1,0,2,0
2024-04-04,Gluten-free Buns,Bakery,3,21,5.2,0,1,0,3,1
2024-04-05,Gluten-free Buns,Bakery,3,0,5.9,0,1,1,4,0
2024-04-06,Gluten-free Buns,Bakery,3,0,6.3,0,1,1,5,0
2024-04-07,Gluten-free Buns,Bakery,3,23,7.2,0,1,1,6,1
2024-04-08,Gluten-free Buns,Bakery,3,7,10.4,0,1,0,0,0
2024-04-09,Gluten-free Buns,Bakery,3,10,7.6,0,1,0,1,0
2024-04-10,Gluten-free Buns,Bakery,3,18,8.9,0,1,0,2,0
2024-04-11,Gluten-free Buns,Bakery,3,0,12.8,0,1,0,3,0
2024-04-12,Gluten-free Buns,Bakery,3,0,9.3,0,1,1,4,0
2024-04-13,Gluten-free Buns,Bakery,3,0,11.8,0,1,1,5,0
2024-04-14,Gluten-free Buns,Bakery,3,25,8.3,0,1,1,6,0
2024-04-15,Gluten-free Buns,Bakery,3,14,10.0,0,0,0,0,0
2024-04-16,Gluten-free Buns,Bakery,3,9,8.5,0,0,0,1,0
2024-04-17,Gluten-free Buns,Bakery,3,0,10.0,0,0,0,2,0
2024-04-18,Gluten-free Buns,Bakery,3,14,12.7,0,0,0,3,0
2024-04-19,Gluten-free Buns,Bakery,3,0,7.2,0,0,1,4,0
2024-04-20,Gluten-free Buns,Bakery,3,30,12.1,0,0,1,5,0
2024-04-21,Gluten-free Buns,Bakery,3,0,11.8,0,0,1,6,0
2024-04-22,Gluten-free Buns,Bakery,3,0,10.1,0,0,0,0,0
2024-04-23,Gluten-free Buns,Bakery,3,0,8.4,0,0,0,1,0
2024-04-24,Gluten-free Buns,Bakery,3,0,11.8,0,0,0,2,0
2024-04-25,Gluten-free Buns,Bakery,3,13,10.7,0,0,0,3,0
2024-04-26,Gluten-free Buns,Bakery,3,13,12.5,0,0,1,4,0
2024-04-27,Gluten-free Buns,Bakery,3,27,12.1,0,0,1,5,1
2024-04-28,Gluten-free Buns,Bakery,3,24,15.8,0,0,1,6,0
2024-04-29,Gluten-free Buns,Bakery,3,8,11.8,0,0,0,0,0
2024-04-30,Gluten-free Buns,Bakery,3,14,10.3,0,0,0,1,0
2024-05-01,Gluten-free Buns,Bakery,3,13,13.0,0,0,0,2,0
2024-05-02,Gluten-free Buns,Bakery,3,0,13.3,0,0,0,3,0
2024-05-03,Gluten-free Buns,Bakery,3,26,15.9,0,0,1,4,0
2024-05-04,Gluten-free Buns,Bakery,3,0,14.9,0,0,1,5,0
2024-05-05,Gluten-free Buns,Bakery,3,21,14.0,0,0,1,6,0
2024-05-06,Gluten-free Buns,Bakery,3,22,16.5,1,0,0,0,0
2024-05-07,Gluten-free Buns,Bakery,3,0,10.8,0,0,0,1,0
2024-05-08,Gluten-free Buns,Bakery,3,0,12.2,0,0,0,2,1
2024-05-09,Gluten-free Buns,Bakery,3,17,11.7,0,0,0,3,0
2024-05-10,Gluten-free Buns,Bakery,3,30,13.0,0,0,1,4,0
2024-05-11,Gluten-free Buns,Bakery,3,21,10.9,0,0,1,5,0
2024-05-12,Gluten-free Buns,Bakery,3,22,15.5,0,0,1,6,0
2024-05-13,Gluten-free Buns,Bakery,3,6,13.7,0,0,0,0,0
2024-05-14,Gluten-free Buns,Bakery,3,12,11.1,0,0,0,1,0
2024-05-15,Gluten-free Buns,Bakery,3,12,12.2,0,0,0,2,0
2024-05-16,Gluten-free Buns,Bakery,3,9,15.3,0,0,0,3,0
2024-05-17,Gluten-free Buns,Bakery,3,24,16.5,0,0,1,4,0
2024-05-18,Gluten-free Buns,Bakery,3,26,19.2,0,0,1,5,0
2024-05-19,Gluten-free Buns,Bakery,3,19,21.4,0,0,1,6,0
2024-05-20,Gluten-free Buns,Bakery,3,19,16.0,0,0,0,0,0
2024-05-21,Gluten-free Buns,Bakery,3,11,13.0,0,0,0,1,0
2024-05-22,Gluten-free Buns,Bakery,3,18,10.6,0,0,0,2,0
2024-05-23,Gluten-free Buns,Bakery,3,19,16.0,0,0,0,3,0
2024-05-24,Gluten-free Buns,Bakery,3,17,13.7,0,0,1,4,0
2024-05-25,Gluten-free Buns,Bakery,3,20,14.7,0,0,1,5,0
2024-05-26,Gluten-free Buns,Bakery,3,0,14.4,0,1,1,6,0
2024-05-27,Gluten-free Buns,Bakery,3,29,15.6,1,1,0,0,1
2024-05-28,Gluten-free Buns,Bakery,3,0,18.3,0,1,0,1,0
2024-05-29,Gluten-free Buns,Bakery,3,0,16.4,0,1,0,2,1
2024-05-30,Gluten-free Buns,Bakery,3,13,15.8,0,1,0,3,0
2024-05-31,Gluten-free Buns,Bakery,3,0,14.0,0,1,1,4,0
2024-06-01,Gluten-free Buns,Bakery,3,0,12.7,0,0,1,5,0
2024-06-02,Gluten-free Buns,Bakery,3,24,15.4,0,0,1,6,0
2024-06-03,Gluten-free Buns,Bakery,3,10,16.5,0,0,0,0,0
2024-06-04,Gluten-free Buns,Bakery,3,18,20.6,0,0,0,1,0
2024-06-05,Gluten-free Buns,Bakery,3,0,17.1,0,0,0,2,0
2024-06-06,Gluten-free Buns,Bakery,3,0,19.0,0,0,0,3,0
2024-06-07,Gluten-free Buns,Bakery,3,0,15.9,0,0,1,4,0
2024-06-08,Gluten-free Buns,Bakery,3,0,14.5,0,0,1,5,0
2024-06-09,Gluten-free Buns,Bakery,3,26,15.0,0,0,1,6,0
2024-06-10,Gluten-free Buns,Bakery,3,17,15.6,0,0,0,0,0
2024-06-11,Gluten-free Buns,Bakery,3,10,22.0,0,0,0,1,0
2024-06-12,Gluten-free Buns,Bakery,3,14,15.6,0,0,0,2,0
2024-06-13,Gluten-free Buns,Bakery,3,15,19.3,0,0,0,3,0
2024-06-14,Gluten-free Buns,Bakery,3,0,15.6,0,0,1,4,1
2024-06-15,Gluten-free Buns,Bakery,3,0,19.7,0,0,1,5,0
2024-06-16,Gluten-free Buns,Bakery,3,21,18.6,0,0,1,6,0
2024-06-17,Gluten-free Buns,Bakery,3,0,17.5,0,0,0,0,0
2024-06-18,Gluten-free Buns,Bakery,3,13,17.8,0,0,0,1,0
2024-06-19,Gluten-free Buns,Bakery,3,21,16.5,0,0,0,2,1
2024-06-20,Gluten-free Buns,Bakery,3,13,19.0,0,0,0,3,0
2024-06-21,Gluten-free Buns,Bakery,3,22,17.1,0,0,1,4,0
2024-06-22,Gluten-free Buns,Bakery,3,19,15.4,0,0,1,5,0
2024-06-23,Gluten-free Buns,Bakery,3,28,15.4,0,0,1,6,1
2024-06-24,Gluten-free Buns,Bakery,3,8,18.6,0,0,0,0,0
2024-06-25,Gluten-free Buns,Bakery,3,0,21.8,0,0,0,1,0
2024-06-26,Gluten-free Buns,Bakery,3,22,18.7,0,0,0,2,0
2024-06-27,Gluten-free Buns,Bakery,3,29,18.2,0,0,0,3,1
2024-06-28,Gluten-free Buns,Bakery,3,18,19.1,0,0,1,4,0
2024-06-29,Gluten-free Buns,Bakery,3,26,21.4,0,0,1,5,0
2024-06-30,Gluten-free Buns,Bakery,3,25,19.0,0,0,1,6,0
2024-07-01,Gluten-free Buns,Bakery,3,13,17.7,0,1,0,0,0
2024-07-02,Gluten-free Buns,Bakery,3,12,21.1,0,1,0,1,0
2024-07-03,Gluten-free Buns,Bakery,3,10,19.6,0,1,0,2,0
2024-07-04,Gluten-free Buns,Bakery,3,13,22.1,0,1,0,3,0
2024-07-05,Gluten-free Buns,Bakery,3,27,19.2,0,1,1,4,0
2024-07-06,Gluten-free Buns,Bakery,3,20,16.1,0,1,1,5,0
2024-07-07,Gluten-free Buns,Bakery,3,26,15.8,0,1,1,6,0
2024-07-08,Gluten-free Buns,Bakery,3,0,22.5,0,1,0,0,0
2024-07-09,Gluten-free Buns,Bakery,3,0,22.7,0,1,0,1,0
2024-07-10,Gluten-free Buns,Bakery,3,0,18.5,0,1,0,2,0
2024-07-11,Gluten-free Buns,Bakery,3,14,18.1,0,1,0,3,0
2024-07-12,Gluten-free Buns,Bakery,3,15,22.2,0,1,1,4,0
2024-07-13,Gluten-free Buns,Bakery,3,23,16.5,0,1,1,5,0
2024-07-14,Gluten-free Buns,Bakery,3,17,17.0,0,1,1,6,0
2024-07-15,Gluten-free Buns,Bakery,3,11,20.4,0,1,0,0,0
2024-07-16,Gluten-free Buns,Bakery,3,7,18.1,0,1,0,1,0
2024-07-17,Gluten-free Buns,Bakery,3,18,19.0,0,1,0,2,1
2024-07-18,Gluten-free Buns,Bakery,3,10,18.6,0,1,0,3,0
2024-07-19,Gluten-free Buns,Bakery,3,0,19.7,0,1,1,4,0
2024-07-20,Gluten-free Buns,Bakery,3,18,22.1,0,1,1,5,0
2024-07-21,Gluten-free Buns,Bakery,3,0,19.2,0,1,1,6,0
2024-07-22,Gluten-free Buns,Bakery,3,0,20.4,0,1,0,0,0
2024-07-23,Gluten-free Buns,Bakery,3,12,14.5,0,1,0,1,0
2024-07-24,Gluten-free Buns,Bakery,3,0,18.9,0,1,0,2,0
2024-07-25,Gluten-free Buns,Bakery,3,16,17.1,0,1,0,3,0
2024-07-26,Gluten-free Buns,Bakery,3,16,16.3,0,1,1,4,0
2024-07-27,Gluten-free Buns,Bakery,3,35,17.0,0,1,1,5,1
2024-07-28,Gluten-free Buns,Bakery,3,22,18.2,0,1,1,6,0
2024-07-29,Gluten-free Buns,Bakery,3,13,20.9,0,1,0,0,0
2024-07-30,Gluten-free Buns,Bakery,3,14,15.9,0,1,0,1,0
2024-07-31,Gluten-free Buns,Bakery,3,8,18.9,0,1,0,2,0
2024-08-01,Gluten-free Buns,Bakery,3,19,17.7,0,1,0,3,0
2024-08-02,Gluten-free Buns,Bakery,3,17,18.1,0,1,1,4,0
2024-08-03,Gluten-free Buns,Bakery,3,0,21.0,0,1,1,5,0
2024-08-04,Gluten-free Buns,Bakery,3,0,19.9,0,1,1,6,0
2024-08-05,Gluten-free Buns,Bakery,3,20,21.6,0,1,0,0,1
2024-08-06,Gluten-free Buns,Bakery,3,0,18.3,0,1,0,1,0
2024-08-07,Gluten-free Buns,Bakery,3,0,17.1,0,1,0,2,0
2024-08-08,Gluten-free Buns,Bakery,3,0,18.1,0,1,0,3,0
2024-08-09,Gluten-free Buns,Bakery,3,0,19.0,0,1,1,4,0
2024-08-10,Gluten-free Buns,Bakery,3,0,18.8,0,1,1,5,0
2024-08-11,Gluten-free Buns,Bakery,3,20,16.0,0,1,1,6,0
2024-08-12,Gluten-free Buns,Bakery,3,11,18.5,0,1,0,0,0
2024-08-13,Gluten-free Buns,Bakery,3,5,18.8,0,1,0,1,0
2024-08-14,Gluten-free Buns,Bakery,3,0,23.8,0,1,0,2,0
2024-08-15,Gluten-free Buns,Bakery,3,0,22.3,0,1,0,3,0
2024-08-16,Gluten-free Buns,Bakery,3,18,16.2,0,1,1,4,0
2024-08-17,Gluten-free Buns,Bakery,3,15,17.4,0,1,1,5,0
2024-08-18,Gluten-free Buns,Bakery,3,21,14.8,0,1,1,6,0
2024-08-19,Gluten-free Buns,Bakery,3,13,16.6,0,1,0,0,0
2024-08-20,Gluten-free Buns,Bakery,3,0,18.5,0,1,0,1,0
2024-08-21,Gluten-free Buns,Bakery,3,0,20.4,0,1,0,2,0
2024-08-22,Gluten-free Buns,Bakery,3,17,16.1,0,1,0,3,1
2024-08-23,Gluten-free Buns,Bakery,3,18,16.2,0,1,1,4,0
2024-08-24,Gluten-free Buns,Bakery,3,15,12.8,0,1,1,5,0
2024-08-25,Gluten-free Buns,Bakery,3,0,17.1,0,1,1,6,0
2024-08-26,Gluten-free Buns,Bakery,3,25,15.0,1,1,0,0,1
2024-08-27,Gluten-free Buns,Bakery,3,12,16.1,0,1,0,1,0
2024-08-28,Gluten-free Buns,Bakery,3,21,15.3,0,1,0,2,1
2024-08-29,Gluten-free Buns,Bakery,3,0,16.9,0,1,0,3,0
2024-08-30,Gluten-free Buns,Bakery,3,15,13.2,0,1,1,4,0
2024-08-31,Gluten-free Buns,Bakery,3,21,13.7,0,1,1,5,0
2024-09-01,Gluten-free Buns,Bakery,3,0,21.5,0,0,1,6,0
2024-09-02,Gluten-free Buns,Bakery,3,13,13.9,0,0,0,0,0
2024-09-03,Gluten-free Buns,Bakery,3,0,14.2,0,0,0,1,0
2024-09-04,Gluten-free Buns,Bakery,3,0,20.6,0,0,0,2,0
2024-09-05,Gluten-free Buns,Bakery,3,17,22.8,0,0,0,3,0
2024-09-06,Gluten-free Buns,Bakery,3,20,13.8,0,0,1,4,1
2024-09-07,Gluten-free Buns,Bakery,3,18,15.4,0,0,1,5,0
2024-09-08,Gluten-free Buns,Bakery,3,11,16.9,0,0,1,6,0
2024-09-09,Gluten-free Buns,Bakery,3,0,19.8,0,0,0,0,0
2024-09-10,Gluten-free Buns,Bakery,3,8,13.8,0,0,0,1,0
2024-09-11,Gluten-free Buns,Bakery,3,0,15.3,0,0,0,2,0
2024-09-12,Gluten-free Buns,Bakery,3,0,17.4,0,0,0,3,0
2024-09-13,Gluten-free Buns,Bakery,3,0,16.6,0,0,1,4,0
2024-09-14,Gluten-free Buns,Bakery,3,0,14.7,0,0,1,5,0
2024-09-15,Gluten-free Buns,Bakery,3,15,15.1,0,0,1,6,0
2024-09-16,Gluten-free Buns,Bakery,3,10,12.2,0,0,0,0,0
2024-09-17,Gluten-free Buns,Bakery,3,0,14.6,0,0,0,1,0
2024-09-18,Gluten-free Buns,Bakery,3,16,14.4,0,0,0,2,0
2024-09-19,Gluten-free Buns,Bakery,3,0,15.4,0,0,0,3,0
2024-09-20,Gluten-free Buns,Bakery,3,13,13.6,0,0,1,4,0
2024-09-21,Gluten-free Buns,Bakery,3,24,15.7,0,0,1,5,0
2024-09-22,Gluten-free Buns,Bakery,3,0,16.8,0,0,1,6,0
2024-09-23,Gluten-free Buns,Bakery,3,9,14.8,0,0,0,0,0
2024-09-24,Gluten-free Buns,Bakery,3,10,15.1,0,0,0,1,0
2024-09-25,Gluten-free Buns,Bakery,3,8,14.3,0,0,0,2,0
2024-09-26,Gluten-free Buns,Bakery,3,17,14.0,0,0,0,3,0
2024-09-27,Gluten-free Buns,Bakery,3,0,12.3,0,0,1,4,0
2024-09-28,Gluten-free Buns,Bakery,3,17,14.5,0,0,1,5,0
2024-09-29,Gluten-free Buns,Bakery,3,15,13.4,0,0,1,6,0
2024-09-30,Gluten-free Buns,Bakery,3,8,18.1,0,0,0,0,0
2024-10-01,Gluten-free Buns,Bakery,3,12,16.8,0,0,0,1,0
2024-10-02,Gluten-free Buns,Bakery,3,18,14.1,0,0,0,2,0
2024-10-03,Gluten-free Buns,Bakery,3,11,11.4,0,0,0,3,0
2024-10-04,Gluten-free Buns,Bakery,3,12,10.5,0,0,1,4,0
2024-10-05,Gluten-free Buns,Bakery,3,20,15.5,0,0,1,5,0
2024-10-06,Gluten-free Buns,Bakery,3,16,13.3,0,0,1,6,0
2024-10-07,Gluten-free Buns,Bakery,3,0,13.6,0,0,0,0,0
2024-10-08,Gluten-free Buns,Bakery,3,9,8.6,0,0,0,1,0
2024-10-09,Gluten-free Buns,Bakery,3,0,14.4,0,0,0,2,0
2024-10-10,Gluten-free Buns,Bakery,3,10,13.2,0,0,0,3,0
2024-10-11,Gluten-free Buns,Bakery,3,0,9.6,0,0,1,4,0
2024-10-12,Gluten-free Buns,Bakery,3,0,10.9,0,0,1,5,0
2024-10-13,Gluten-free Buns,Bakery,3,13,12.4,0,0,1,6,0
2024-10-14,Gluten-free Buns,Bakery,3,10,11.8,0,0,0,0,0
2024-10-15,Gluten-free Buns,Bakery,3,13,10.9,0,0,0,1,0
2024-10-16,Gluten-free Buns,Bakery,3,4,11.1,0,0,0,2,0
2024-10-17,Gluten-free Buns,Bakery,3,6,10.7,0,0,0,3,0
2024-10-18,Gluten-free Buns,Bakery,3,0,11.4,0,0,1,4,0
2024-10-19,Gluten-free Buns,Bakery,3,17,14.2,0,0,1,5,0
2024-10-20,Gluten-free Buns,Bakery,3,12,5.2,0,0,1,6,0
2024-10-21,Gluten-free Buns,Bakery,3,11,10.2,0,0,0,0,0
2024-10-22,Gluten-free Buns,Bakery,3,5,10.9,0,0,0,1,0
2024-10-23,Gluten-free Buns,Bakery,3,14,11.0,0,0,0,2,0
2024-10-24,Gluten-free Buns,Bakery,3,2,9.4,0,0,0,3,0
2024-10-25,Gluten-free Buns,Bakery,3,0,6.3,0,0,1,4,0
2024-10-26,Gluten-free Buns,Bakery,3,22,10.7,0,1,1,5,0
2024-10-27,Gluten-free Buns,Bakery,3,11,13.7,0,1,1,6,0
2024-10-28,Gluten-free Buns,Bakery,3,11,6.3,0,1,0,0,0
2024-10-29,Gluten-free Buns,Bakery,3,11,11.5,0,1,0,1,0
2024-10-30,Gluten-free Buns,Bakery,3,7,8.7,0,1,0,2,0
2024-10-31,Gluten-free Buns,Bakery,3,9,9.2,0,1,0,3,1
2024-11-01,Gluten-free Buns,Bakery,3,0,6.9,0,0,1,4,0
2024-11-02,Gluten-free Buns,Bakery,3,0,8.3,0,0,1,5,0
2024-11-03,Gluten-free Buns,Bakery,3,14,11.8,0,0,1,6,0
2024-11-04,Gluten-free Buns,Bakery,3,5,10.1,0,0,0,0,0
2024-11-05,Gluten-free Buns,Bakery,3,0,12.5,0,0,0,1,0
2024-11-06,Gluten-free Buns,Bakery,3,14,11.1,0,0,0,2,0
2024-11-07,Gluten-free Buns,Bakery,3,10,9.3,0,0,0,3,0
2024-11-08,Gluten-free Buns,Bakery,3,38,12.1,0,0,1,4,1
2024-11-09,Gluten-free Buns,Bakery,3,8,9.1,0,0,1,5,0
2024-11-10,Gluten-free Buns,Bakery,3,16,9.8,0,0,1,6,0
2024-11-11,Gluten-free Buns,Bakery,3,15,7.2,0,0,0,0,0
2024-11-12,Gluten-free Buns,Bakery,3,13,7.9,0,0,0,1,0
2024-11-13,Gluten-free Buns,Bakery,3,0,6.1,0,0,0,2,0
2024-11-14,Gluten-free Buns,Bakery,3,12,9.7,0,0,0,3,1
2024-11-15,Gluten-free Buns,Bakery,3,18,4.8,0,0,1,4,0
2024-11-16,Gluten-free Buns,Bakery,3,0,9.0,0,0,1,5,0
2024-11-17,Gluten-free Buns,Bakery,3,9,6.7,0,0,1,6,0
2024-11-18,Gluten-free Buns,Bakery,3,6,9.6,0,0,0,0,0
2024-11-19,Gluten-free Buns,Bakery,3,12,8.5,0,0,0,1,0
2024-11-20,Gluten-free Buns,Bakery,3,10,10.8,0,0,0,2,0
2024-11-21,Gluten-free Buns,Bakery,3,9,8.3,0,0,0,3,0
2024-11-22,Gluten-free Buns,Bakery,3,10,3.1,0,0,1,4,0
2024-11-23,Gluten-free Buns,Bakery,3,16,6.3,0,0,1,5,0
2024-11-24,Gluten-free Buns,Bakery,3,18,3.7,0,0,1,6,0
2024-11-25,Gluten-free Buns,Bakery,3,0,5.1,0,0,0,0,0
2024-11-26,Gluten-free Buns,Bakery,3,12,9.4,0,0,0,1,0
2024-11-27,Gluten-free Buns,Bakery,3,8,7.4,0,0,0,2,0
2024-11-28,Gluten-free Buns,Bakery,3,9,4.3,0,0,0,3,0
2024-11-29,Gluten-free Buns,Bakery,3,16,3.5,0,0,1,4,0
2024-11-30,Gluten-free Buns,Bakery,3,0,5.7,0,0,1,5,0
2024-12-01,Gluten-free Buns,Bakery,3,16,2.9,0,0,1,6,0
2024-12-02,Gluten-free Buns,Bakery,3,0,4.0,0,0,0,0,0
2024-12-03,Gluten-free Buns,Bakery,3,9,6.1,0,0,0,1,0
2024-12-04,Gluten-free Buns,Bakery,3,17,7.8,0,0,0,2,0
2024-12-05,Gluten-free Buns,Bakery,3,11,6.5,0,0,0,3,0
2024-12-06,Gluten-free Buns,Bakery,3,27,0.0,0,0,1,4,1
2024-12-07,Gluten-free Buns,Bakery,3,11,5.7,0,0,1,5,0
2024-12-08,Gluten-free Buns,Bakery,3,17,5.1,0,0,1,6,0
2024-12-09,Gluten-free Buns,Bakery,3,0,5.7,0,0,0,0,0
2024-12-10,Gluten-free Buns,Bakery,3,10,8.3,0,0,0,1,0
2024-12-11,Gluten-free Buns,Bakery,3,9,0.1,0,0,0,2,0
2024-12-12,Gluten-free Buns,Bakery,3,10,3.3,0,0,0,3,0
2024-12-13,Gluten-free Buns,Bakery,3,0,5.8,0,0,1,4,0
2024-12-14,Gluten-free Buns,Bakery,3,10,0.9,0,0,1,5,0
2024-12-15,Gluten-free Buns,Bakery,3,0,7.6,0,0,1,6,0
2024-12-16,Gluten-free Buns,Bakery,3,0,5.1,0,0,0,0,0
2024-12-17,Gluten-free Buns,Bakery,3,16,6.0,0,0,0,1,1
2024-12-18,Gluten-free Buns,Bakery,3,16,2.9,0,0,0,2,0
2024-12-19,Gluten-free Buns,Bakery,3,9,5.8,0,0,0,3,0
2024-12-20,Gluten-free Buns,Bakery,3,0,6.3,0,1,1,4,0
2024-12-21,Gluten-free Buns,Bakery,3,16,4.4,0,1,1,5,0
2024-12-22,Gluten-free Buns,Bakery,3,17,4.4,0,1,1,6,0
2024-12-23,Gluten-free Buns,Bakery,3,10,4.4,0,1,0,0,0
2024-12-24,Gluten-free Buns,Bakery,3,0,1.8,0,1,0,1,0
2024-12-25,Gluten-free Buns,Bakery,3,0,3.3,1,1,0,2,0
2024-12-26,Gluten-free Buns,Bakery,3,28,3.3,1,1,0,3,1
2024-12-27,Gluten-free Buns,Bakery,3,23,4.4,0,1,1,4,0
2024-12-28,Gluten-free Buns,Bakery,3,0,5.7,0,1,1,5,0
2024-12-29,Gluten-free Buns,Bakery,3,20,1.1,0,1,1,6,0
2024-12-30,Gluten-free Buns,Bakery,3,20,3.1,0,1,0,0,1
2024-12-31,Gluten-free Buns,Bakery,3,0,6.6,0,1,0,1,0
2025-01-01,Gluten-free Buns,Bakery,3,15,1.7,1,1,0,2,0
2025-01-02,Gluten-free Buns,Bakery,3,6,1.5,0,1,0,3,0
2025-01-03,Gluten-free Buns,Bakery,3,18,3.7,0,0,1,4,0
2025-01-04,Gluten-free Buns,Bakery,3,0,5.1,0,0,1,5,0
2025-01-05,Gluten-free Buns,Bakery,3,21,3.2,0,0,1,6,0
2025-01-06,Gluten-free Buns,Bakery,3,15,6.1,0,0,0,0,0
2025-01-07,Gluten-free Buns,Bakery,3,10,5.0,0,0,0,1,0
2025-01-08,Gluten-free Buns,Bakery,3,7,5.0,0,0,0,2,0
2025-01-09,Gluten-free Buns,Bakery,3,8,4.3,0,0,0,3,0
2025-01-10,Gluten-free Buns,Bakery,3,12,8.2,0,0,1,4,0
2025-01-11,Gluten-free Buns,Bakery,3,18,2.6,0,0,1,5,0
2025-01-12,Gluten-free Buns,Bakery,3,0,-1.4,0,0,1,6,0
2025-01-13,Gluten-free Buns,Bakery,3,14,6.6,0,0,0,0,0
2025-01-14,Gluten-free Buns,Bakery,3,0,2.0,0,0,0,1,1
2025-01-15,Gluten-free Buns,Bakery,3,9,3.3,0,0,0,2,0
2025-01-16,Gluten-free Buns,Bakery,3,13,5.9,0,0,0,3,0
2025-01-17,Gluten-free Buns,Bakery,3,13,-0.5,0,0,1,4,0
2025-01-18,Gluten-free Buns,Bakery,3,0,0.2,0,0,1,5,0
2025-01-19,Gluten-free Buns,Bakery,3,0,-0.5,0,0,1,6,0
2025-01-20,Gluten-free Buns,Bakery,3,0,1.3,0,0,0,0,0
2025-01-21,Gluten-free Buns,Bakery,3,18,4.0,0,0,0,1,1
2025-01-22,Gluten-free Buns,Bakery,3,0,4.2,0,0,0,2,0
2025-01-23,Gluten-free Buns,Bakery,3,0,3.6,0,0,0,3,0
2025-01-24,Gluten-free Buns,Bakery,3,17,-0.1,0,0,1,4,0
2025-01-25,Gluten-free Buns,Bakery,3,23,-2.0,0,0,1,5,0
2025-01-26,Gluten-free Buns,Bakery,3,24,3.2,0,0,1,6,0
2025-01-27,Gluten-free Buns,Bakery,3,6,2.0,0,0,0,0,0
2025-01-28,Gluten-free Buns,Bakery,3,8,4.1,0,0,0,1,0
2025-01-29,Gluten-free Buns,Bakery,3,9,4.7,0,0,0,2,0
2025-01-30,Gluten-free Buns,Bakery,3,19,3.5,0,0,0,3,1
2025-01-31,Gluten-free Buns,Bakery,3,0,4.9,0,0,1,4,0
2025-02-01,Gluten-free Buns,Bakery,3,10,3.7,0,0,1,5,0
2025-02-02,Gluten-free Buns,Bakery,3,22,4.4,0,0,1,6,0
2025-02-03,Gluten-free Buns,Bakery,3,0,1.7,0,0,0,0,0
2025-02-04,Gluten-free Buns,Bakery,3,0,2.9,0,0,0,1,0
2025-02-05,Gluten-free Buns,Bakery,3,18,3.8,0,0,0,2,0
2025-02-06,Gluten-free Buns,Bakery,3,0,5.2,0,0,0,3,0
2025-02-07,Gluten-free Buns,Bakery,3,16,2.6,0,0,1,4,0
2025-02-08,Gluten-free Buns,Bakery,3,0,4.6,0,0,1,5,0
2025-02-09,Gluten-free Buns,Bakery,3,0,2.9,0,0,1,6,1
2025-02-10,Gluten-free Buns,Bakery,3,16,3.3,0,0,0,0,1
2025-02-11,Gluten-free Buns,Bakery,3,8,5.5,0,0,0,1,0
2025-02-12,Gluten-free Buns,Bakery,3,12,-0.7,0,1,0,2,0
2025-02-13,Gluten-free Buns,Bakery,3,14,0.9,0,1,0,3,0
2025-02-14,Gluten-free Buns,Bakery,3,0,0.5,0,1,1,4,0
2025-02-15,Gluten-free Buns,Bakery,3,0,-1.3,0,1,1,5,0
2025-02-16,Gluten-free Buns,Bakery,3,16,2.4,0,1,1,6,0
2025-02-17,Gluten-free Buns,Bakery,3,0,5.6,0,1,0,0,0
2025-02-18,Gluten-free Buns,Bakery,3,10,3.4,0,1,0,1,0
2025-02-19,Gluten-free Buns,Bakery,3,12,4.6,0,0,0,2,0
2025-02-20,Gluten-free Buns,Bakery,3,0,6.6,0,0,0,3,0
2025-02-21,Gluten-free Buns,Bakery,3,13,7.2,0,0,1,4,0
2025-02-22,Gluten-free Buns,Bakery,3,18,4.2,0,0,1,5,0
2025-02-23,Gluten-free Buns,Bakery,3,0,7.4,0,0,1,6,0
2025-02-24,Gluten-free Buns,Bakery,3,15,4.7,0,0,0,0,0
2025-02-25,Gluten-free Buns,Bakery,3,21,2.7,0,0,0,1,1
2025-02-26,Gluten-free Buns,Bakery,3,13,3.4,0,0,0,2,0
2025-02-27,Gluten-free Buns,Bakery,3,23,1.5,0,0,0,3,0
2025-02-28,Gluten-free Buns,Bakery,3,22,2.9,0,0,1,4,0
2025-03-01,Gluten-free Buns,Bakery,3,17,4.1,0,0,1,5,0
2025-03-02,Gluten-free Buns,Bakery,3,30,6.8,0,0,1,6,0
2025-03-03,Gluten-free Buns,Bakery,3,0,8.9,0,0,0,0,0
2025-03-04,Gluten-free Buns,Bakery,3,9,2.2,0,0,0,1,0
2025-03-05,Gluten-free Buns,Bakery,3,0,6.2,0,0,0,2,0
2025-03-06,Gluten-free Buns,Bakery,3,16,3.1,0,0,0,3,0
2025-03-07,Gluten-free Buns,Bakery,3,24,6.6,0,0,1,4,0
2025-03-08,Gluten-free Buns,Bakery,3,0,5.3,0,0,1,5,0
2025-03-09,Gluten-free Buns,Bakery,3,24,1.7,0,0,1,6,0
2025-03-10,Gluten-free Buns,Bakery,3,0,7.9,0,0,0,0,0
2025-03-11,Gluten-free Buns,Bakery,3,0,4.6,0,0,0,1,1
2025-03-12,Gluten-free Buns,Bakery,3,9,4.9,0,0,0,2,0
2025-03-13,Gluten-free Buns,Bakery,3,11,3.8,0,0,0,3,0
2025-03-14,Gluten-free Buns,Bakery,3,21,4.8,0,0,1,4,0
2025-03-15,Gluten-free Buns,Bakery,3,15,7.3,0,0,1,5,0
2025-03-16,Gluten-free Buns,Bakery,3,22,6.1,0,0,1,6,0
2025-03-17,Gluten-free Buns,Bakery,3,18,7.3,0,0,0,0,0
2025-03-18,Gluten-free Buns,Bakery,3,10,7.5,0,0,0,1,0
2025-03-19,Gluten-free Buns,Bakery,3,16,9.7,0,0,0,2,0
2025-03-20,Gluten-free Buns,Bakery,3,17,6.2,0,0,0,3,0
2025-03-21,Gluten-free Buns,Bakery,3,16,3.8,0,0,1,4,0
2025-03-22,Gluten-free Buns,Bakery,3,15,9.5,0,0,1,5,0
2025-03-23,Gluten-free Buns,Bakery,3,22,6.6,0,0,1,6,0
2025-03-24,Gluten-free Buns,Bakery,3,13,9.9,0,0,0,0,0
2025-03-25,Gluten-free Buns,Bakery,3,11,8.4,0,0,0,1,0
2025-03-26,Gluten-free Buns,Bakery,3,23,7.4,0,0,0,2,1
2025-03-27,Gluten-free Buns,Bakery,3,19,8.6,0,0,0,3,0
2025-03-28,Gluten-free Buns,Bakery,3,29,12.2,0,0,1,4,1
2025-03-29,Gluten-free Buns,Bakery,3,0,12.6,0,0,1,5,0
2025-03-30,Gluten-free Buns,Bakery,3,24,8.3,0,0,1,6,0
2025-03-31,Gluten-free Buns,Bakery,3,15,8.7,0,0,0,0,0
2025-04-01,Gluten-free Buns,Bakery,3,10,10.8,0,1,0,1,0
2025-04-02,Gluten-free Buns,Bakery,3,20,6.7,0,1,0,2,0
2025-04-03,Gluten-free Buns,Bakery,3,18,9.4,0,1,0,3,0
2025-04-04,Gluten-free Buns,Bakery,3,30,8.8,0,1,1,4,0
2025-04-05,Gluten-free Buns,Bakery,3,0,9.6,0,1,1,5,0
2025-04-06,Gluten-free Buns,Bakery,3,0,7.3,0,1,1,6,0
2025-04-07,Gluten-free Buns,Bakery,3,13,5.7,0,1,0,0,0
2025-04-08,Gluten-free Buns,Bakery,3,0,4.8,0,1,0,1,0
2025-04-09,Gluten-free Buns,Bakery,3,16,7.0,0,1,0,2,0
2025-04-10,Gluten-free Buns,Bakery,3,6,8.6,0,1,0,3,0
2025-04-11,Gluten-free Buns,Bakery,3,14,9.1,0,1,1,4,0
2025-04-12,Gluten-free Buns,Bakery,3,35,14.2,0,1,1,5,1
2025-04-13,Gluten-free Buns,Bakery,3,18,12.5,0,1,1,6,0
2025-04-14,Gluten-free Buns,Bakery,3,0,8.1,0,1,0,0,0
2025-04-15,Gluten-free Buns,Bakery,3,0,11.1,0,0,0,1,0
2025-04-16,Gluten-free Buns,Bakery,3,13,9.6,0,0,0,2,0
2025-04-17,Gluten-free Buns,Bakery,3,33,10.0,0,0,0,3,1
2025-04-18,Gluten-free Buns,Bakery,3,34,11.1,1,0,1,4,0
2025-04-19,Gluten-free Buns,Bakery,3,0,12.2,0,0,1,5,0
2025-04-20,Gluten-free Buns,Bakery,3,21,10.3,0,0,1,6,0
2025-04-21,Gluten-free Buns,Bakery,3,24,13.5,1,0,0,0,0
2025-04-22,Gluten-free Buns,Bakery,3,15,8.8,0,0,0,1,0
2025-04-23,Gluten-free Buns,Bakery,3,14,11.4,0,0,0,2,0
2025-04-24,Gluten-free Buns,Bakery,3,16,17.3,0,0,0,3,0
2025-04-25,Gluten-free Buns,Bakery,3,36,12.2,0,0,1,4,0
2025-04-26,Gluten-free Buns,Bakery,3,21,15.0,0,0,1,5,0
2025-04-27,Gluten-free Buns,Bakery,3,23,12.2,0,0,1,6,0
2025-04-28,Gluten-free Buns,Bakery,3,12,13.4,0,0,0,0,0
2025-04-29,Gluten-free Buns,Bakery,3,0,12.1,0,0,0,1,1
2025-04-30,Gluten-free Buns,Bakery,3,18,12.0,0,0,0,2,0
2025-05-01,Gluten-free Buns,Bakery,3,0,10.8,0,0,0,3,0
2025-05-02,Gluten-free Buns,Bakery,3,19,13.6,0,0,1,4,0
2025-05-03,Gluten-free Buns,Bakery,3,24,10.9,0,0,1,5,0
2025-05-04,Gluten-free Buns,Bakery,3,0,14.4,0,0,1,6,0
2025-05-05,Gluten-free Buns,Bakery,3,16,15.4,1,0,0,0,0
2025-05-06,Gluten-free Buns,Bakery,3,18,14.0,0,0,0,1,0
2025-05-07,Gluten-free Buns,Bakery,3,13,12.7,0,0,0,2,0
2025-05-08,Gluten-free Buns,Bakery,3,14,14.4,0,0,0,3,0
2025-05-09,Gluten-free Buns,Bakery,3,19,12.9,0,0,1,4,0
2025-05-10,Gluten-free Buns,Bakery,3,0,15.8,0,0,1,5,0
2025-05-11,Gluten-free Buns,Bakery,3,18,9.8,0,0,1,6,0
2025-05-12,Gluten-free Buns,Bakery,3,15,13.2,0,0,0,0,0
2025-05-13,Gluten-free Buns,Bakery,3,19,9.7,0,0,0,1,0
2025-05-14,Gluten-free Buns,Bakery,3,23,10.9,0,0,0,2,0
2025-05-15,Gluten-free Buns,Bakery,3,12,17.3,0,0,0,3,0
2025-05-16,Gluten-free Buns,Bakery,3,26,16.4,0,0,1,4,0
2025-05-17,Gluten-free Buns,Bakery,3,0,13.0,0,0,1,5,1
2025-05-18,Gluten-free Buns,Bakery,3,19,11.4,0,0,1,6,0
2025-05-19,Gluten-free Buns,Bakery,3,0,8.3,0,0,0,0,1
2025-05-20,Gluten-free Buns,Bakery,3,12,13.8,0,0,0,1,0
2025-05-21,Gluten-free Buns,Bakery,3,0,20.4,0,0,0,2,0
2025-05-22,Gluten-free Buns,Bakery,3,18,16.1,0,0,0,3,0
2025-05-23,Gluten-free Buns,Bakery,3,30,14.1,0,0,1,4,0
2025-05-24,Gluten-free Buns,Bakery,3,22,16.4,0,0,1,5,0
2025-05-25,Gluten-free Buns,Bakery,3,23,12.1,0,0,1,6,0
2025-05-26,Gluten-free Buns,Bakery,3,18,15.0,1,1,0,0,0
2025-05-27,Gluten-free Buns,Bakery,3,10,16.0,0,1,0,1,0
2025-05-28,Gluten-free Buns,Bakery,3,13,15.7,0,1,0,2,0
2025-05-29,Gluten-free Buns,Bakery,3,20,17.7,0,1,0,3,0
2025-05-30,Gluten-free Buns,Bakery,3,0,16.8,0,1,1,4,0
2025-05-31,Gluten-free Buns,Bakery,3,27,17.7,0,1,1,5,0
2025-06-01,Gluten-free Buns,Bakery,3,22,14.8,0,0,1,6,0
2025-06-02,Gluten-free Buns,Bakery,3,21,18.4,0,0,0,0,1
2025-06-03,Gluten-free Buns,Bakery,3,0,20.1,0,0,0,1,0
2025-06-04,Gluten-free Buns,Bakery,3,16,14.5,0,0,0,2,0
2025-06-05,Gluten-free Buns,Bakery,3,16,14.7,0,0,0,3,0
2025-06-06,Gluten-free Buns,Bakery,3,22,19.7,0,0,1,4,0
2025-06-07,Gluten-free Buns,Bakery,3,0,16.5,0,0,1,5,0
2025-06-08,Gluten-free Buns,Bakery,3,0,20.1,0,0,1,6,0
2025-06-09,Gluten-free Buns,Bakery,3,12,16.1,0,0,0,0,0
2025-06-10,Gluten-free Buns,Bakery,3,11,20.4,0,0,0,1,0
2025-06-11,Gluten-free Buns,Bakery,3,13,17.5,0,0,0,2,0
2025-06-12,Gluten-free Buns,Bakery,3,17,17.9,0,0,0,3,0
2025-06-13,Gluten-free Buns,Bakery,3,0,20.9,0,0,1,4,0
2025-06-14,Gluten-free Buns,Bakery,3,19,16.7,0,0,1,5,0
2025-06-15,Gluten-free Buns,Bakery,3,0,15.5,0,0,1,6,0
2025-06-16,Gluten-free Buns,Bakery,3,15,16.7,0,0,0,0,0
2025-06-17,Gluten-free Buns,Bakery,3,0,18.7,0,0,0,1,0
2025-06-18,Gluten-free Buns,Bakery,3,9,14.4,0,0,0,2,0
2025-06-19,Gluten-free Buns,Bakery,3,13,19.3,0,0,0,3,0
2025-06-20,Gluten-free Buns,Bakery,3,28,16.8,0,0,1,4,1
2025-06-21,Gluten-free Buns,Bakery,3,0,20.5,0,0,1,5,0
2025-06-22,Gluten-free Buns,Bakery,3,23,12.8,0,0,1,6,0
2025-06-23,Gluten-free Buns,Bakery,3,0,16.4,0,0,0,0,0
2025-06-24,Gluten-free Buns,Bakery,3,17,14.5,0,0,0,1,0
2025-06-25,Gluten-free Buns,Bakery,3,12,16.4,0,0,0,2,0
2025-06-26,Gluten-free Buns,Bakery,3,0,18.9,0,0,0,3,0
2025-06-27,Gluten-free Buns,Bakery,3,21,18.0,0,0,1,4,0
2025-06-28,Gluten-free Buns,Bakery,3,0,17.9,0,0,1,5,0
2025-06-29,Gluten-free Buns,Bakery,3,19,18.1,0,0,1,6,0
2025-06-30,Gluten-free Buns,Bakery,3,12,19.0,0,0,0,0,0
2025-07-01,Gluten-free Buns,Bakery,3,13,16.3,0,1,0,1,0
2025-07-02,Gluten-free Buns,Bakery,3,13,20.2,0,1,0,2,0
2025-07-03,Gluten-free Buns,Bakery,3,20,20.1,0,1,0,3,0
2025-07-04,Gluten-free Buns,Bakery,3,0,19.5,0,1,1,4,0
2025-07-05,Gluten-free Buns,Bakery,3,20,19.9,0,1,1,5,0
2025-07-06,Gluten-free Buns,Bakery,3,21,19.4,0,1,1,6,0
2025-07-07,Gluten-free Buns,Bakery,3,16,23.3,0,1,0,0,0
2025-07-08,Gluten-free Buns,Bakery,3,0,18.6,0,1,0,1,0
2025-07-09,Gluten-free Buns,Bakery,3,0,18.2,0,1,0,2,0
2025-07-10,Gluten-free Buns,Bakery,3,13,17.2,0,1,0,3,0
2025-07-11,Gluten-free Buns,Bakery,3,23,16.6,0,1,1,4,0
2025-07-12,Gluten-free Buns,Bakery,3,24,16.2,0,1,1,5,0
2025-07-13,Gluten-free Buns,Bakery,3,23,17.0,0,1,1,6,0
2025-07-14,Gluten-free Buns,Bakery,3,13,18.8,0,1,0,0,0
2025-07-15,Gluten-free Buns,Bakery,3,8,19.7,0,1,0,1,0
2025-07-16,Gluten-free Buns,Bakery,3,26,19.1,0,1,0,2,1
2025-07-17,Gluten-free Buns,Bakery,3,0,17.3,0,1,0,3,0
2025-07-18,Gluten-free Buns,Bakery,3,22,21.0,0,1,1,4,0
2025-07-19,Gluten-free Buns,Bakery,3,24,20.6,0,1,1,5,0
2025-07-20,Gluten-free Buns,Bakery,3,33,18.6,0,1,1,6,0
2025-07-21,Gluten-free Buns,Bakery,3,7,17.6,0,1,0,0,0
2025-07-22,Gluten-free Buns,Bakery,3,15,20.2,0,1,0,1,0
2025-07-23,Gluten-free Buns,Bakery,3,17,19.4,0,1,0,2,0
2025-07-24,Gluten-free Buns,Bakery,3,15,15.8,0,1,0,3,0
2025-07-25,Gluten-free Buns,Bakery,3,0,18.8,0,1,1,4,0
2025-07-26,Gluten-free Buns,Bakery,3,16,19.5,0,1,1,5,0
2025-07-27,Gluten-free Buns,Bakery,3,26,17.0,0,1,1,6,0
2025-07-28,Gluten-free Buns,Bakery,3,14,19.3,0,1,0,0,0
2025-07-29,Gluten-free Buns,Bakery,3,13,15.7,0,1,0,1,0
2025-07-30,Gluten-free Buns,Bakery,3,10,21.8,0,1,0,2,0
2025-07-31,Gluten-free Buns,Bakery,3,20,21.6,0,1,0,3,0
2025-08-01,Gluten-free Buns,Bakery,3,0,18.3,0,1,1,4,0
2025-08-02,Gluten-free Buns,Bakery,3,33,19.6,0,1,1,5,0
2025-08-03,Gluten-free Buns,Bakery,3,16,13.5,0,1,1,6,0
2025-08-04,Gluten-free Buns,Bakery,3,19,16.2,0,1,0,0,0
2025-08-05,Gluten-free Buns,Bakery,3,16,18.1,0,1,0,1,1
2025-08-06,Gluten-free Buns,Bakery,3,18,16.3,0,1,0,2,0
2025-08-07,Gluten-free Buns,Bakery,3,0,20.2,0,1,0,3,0
2025-08-08,Gluten-free Buns,Bakery,3,21,23.0,0,1,1,4,0
2025-08-09,Gluten-free Buns,Bakery,3,8,16.0,0,1,1,5,0
2025-08-10,Gluten-free Buns,Bakery,3,22,16.7,0,1,1,6,0
2025-08-11,Gluten-free Buns,Bakery,3,0,19.0,0,1,0,0,0
2025-08-12,Gluten-free Buns,Bakery,3,12,21.9,0,1,0,1,0
2025-08-13,Gluten-free Buns,Bakery,3,0,15.7,0,1,0,2,0
2025-08-14,Gluten-free Buns,Bakery,3,0,18.8,0,1,0,3,0
2025-08-15,Gluten-free Buns,Bakery,3,25,22.2,0,1,1,4,0
2025-08-16,Gluten-free Buns,Bakery,3,25,14.5,0,1,1,5,0
2025-08-17,Gluten-free Buns,Bakery,3,0,15.3,0,1,1,6,0
2025-08-18,Gluten-free Buns,Bakery,3,0,17.1,0,1,0,0,0
2025-08-19,Gluten-free Buns,Bakery,3,0,16.8,0,1,0,1,0
2025-08-20,Gluten-free Buns,Bakery,3,9,19.7,0,1,0,2,0
2025-08-21,Gluten-free Buns,Bakery,3,0,18.4,0,1,0,3,0
2025-08-22,Gluten-free Buns,Bakery,3,21,13.9,0,1,1,4,0
2025-08-23,Gluten-free Buns,Bakery,3,0,18.8,0,1,1,5,0
2025-08-24,Gluten-free Buns,Bakery,3,19,16.3,0,1,1,6,0
2025-08-25,Gluten-free Buns,Bakery,3,21,20.3,1,1,0,0,0
2025-08-26,Gluten-free Buns,Bakery,3,10,16.1,0,1,0,1,0
2025-08-27,Gluten-free Buns,Bakery,3,15,16.0,0,1,0,2,0
2025-08-28,Gluten-free Buns,Bakery,3,9,18.5,0,1,0,3,0
2025-08-29,Gluten-free Buns,Bakery,3,0,18.9,0,1,1,4,0
2025-08-30,Gluten-free Buns,Bakery,3,0,18.1,0,1,1,5,0
2025-08-31,Gluten-free Buns,Bakery,3,11,13.3,0,1,1,6,0
2025-09-01,Gluten-free Buns,Bakery,3,8,18.1,0,0,0,0,0
2025-09-02,Gluten-free Buns,Bakery,3,9,14.6,0,0,0,1,0
2025-09-03,Gluten-free Buns,Bakery,3,18,17.3,0,0,0,2,0
2025-09-04,Gluten-free Buns,Bakery,3,18,13.5,0,0,0,3,0
2025-09-05,Gluten-free Buns,Bakery,3,18,17.5,0,0,1,4,0
2025-09-06,Gluten-free Buns,Bakery,3,17,14.7,0,0,1,5,0
2025-09-07,Gluten-free Buns,Bakery,3,24,13.5,0,0,1,6,0
2025-09-08,Gluten-free Buns,Bakery,3,0,17.8,0,0,0,0,0
2025-09-09,Gluten-free Buns,Bakery,3,0,16.7,0,0,0,1,0
2025-09-10,Gluten-free Buns,Bakery,3,16,14.7,0,0,0,2,0
2025-09-11,Gluten-free Buns,Bakery,3,14,19.1,0,0,0,3,0
2025-09-12,Gluten-free Buns,Bakery,3,0,14.9,0,0,1,4,0
2025-09-13,Gluten-free Buns,Bakery,3,19,15.8,0,0,1,5,0
2025-09-14,Gluten-free Buns,Bakery,3,17,16.2,0,0,1,6,0
2025-09-15,Gluten-free Buns,Bakery,3,10,14.1,0,0,0,0,0
2025-09-16,Gluten-free Buns,Bakery,3,0,16.4,0,0,0,1,0
2025-09-17,Gluten-free Buns,Bakery,3,25,14.1,0,0,0,2,1
2025-09-18,Gluten-free Buns,Bakery,3,0,14.2,0,0,0,3,0
2025-09-19,Gluten-free Buns,Bakery,3,0,18.0,0,0,1,4,0
2025-09-20,Gluten-free Buns,Bakery,3,22,12.6,0,0,1,5,0
2025-09-21,Gluten-free Buns,Bakery,3,0,9.5,0,0,1,6,0
2025-09-22,Gluten-free Buns,Bakery,3,9,18.2,0,0,0,0,0
2025-09-23,Gluten-free Buns,Bakery,3,0,20.1,0,0,0,1,0
2025-09-24,Gluten-free Buns,Bakery,3,16,13.5,0,0,0,2,0
2025-09-25,Gluten-free Buns,Bakery,3,15,10.0,0,0,0,3,1
2025-09-26,Gluten-free Buns,Bakery,3,15,13.5,0,0,1,4,0
2025-09-27,Gluten-free Buns,Bakery,3,0,13.4,0,0,1,5,0
2025-09-28,Gluten-free Buns,Bakery,3,0,13.5,0,0,1,6,0
2025-09-29,Gluten-free Buns,Bakery,3,0,11.3,0,0,0,0,0
2025-09-30,Gluten-free Buns,Bakery,3,7,14.9,0,0,0,1,0
2025-10-01,Gluten-free Buns,Bakery,3,0,14.7,0,0,0,2,1
2025-10-02,Gluten-free Buns,Bakery,3,10,10.1,0,0,0,3,0
2025-10-03,Gluten-free Buns,Bakery,3,18,14.8,0,0,1,4,0
2025-10-04,Gluten-free Buns,Bakery,3,23,17.6,0,0,1,5,0
2025-10-05,Gluten-free Buns,Bakery,3,20,13.4,0,0,1,6,0
2025-10-06,Gluten-free Buns,Bakery,3,8,12.1,0,0,0,0,0
2025-10-07,Gluten-free Buns,Bakery,3,15,12.4,0,0,0,1,0
2025-10-08,Gluten-free Buns,Bakery,3,14,13.9,0,0,0,2,0
2025-10-09,Gluten-free Buns,Bakery,3,0,8.6,0,0,0,3,0
2025-10-10,Gluten-free Buns,Bakery,3,0,12.7,0,0,1,4,0
2025-10-11,Gluten-free Buns,Bakery,3,0,11.3,0,0,1,5,0
2025-10-12,Gluten-free Buns,Bakery,3,19,16.1,0,0,1,6,0
2025-10-13,Gluten-free Buns,Bakery,3,0,11.5,0,0,0,0,0
2025-10-14,Gluten-free Buns,Bakery,3,22,15.4,0,0,0,1,1
2025-10-15,Gluten-free Buns,Bakery,3,0,9.2,0,0,0,2,0
2025-10-16,Gluten-free Buns,Bakery,3,13,12.8,0,0,0,3,0
2025-10-17,Gluten-free Buns,Bakery,3,17,12.1,0,0,1,4,0
2025-10-18,Gluten-free Buns,Bakery,3,0,9.3,0,0,1,5,0
2025-10-19,Gluten-free Buns,Bakery,3,0,11.5,0,0,1,6,0
2025-10-20,Gluten-free Buns,Bakery,3,8,13.6,0,0,0,0,0
2025-10-21,Gluten-free Buns,Bakery,3,15,10.1,0,0,0,1,0
2025-10-22,Gluten-free Buns,Bakery,3,6,7.0,0,0,0,2,0
2025-10-23,Gluten-free Buns,Bakery,3,0,10.5,0,0,0,3,0
2025-10-24,Gluten-free Buns,Bakery,3,14,8.4,0,0,1,4,0
2025-10-25,Gluten-free Buns,Bakery,3,0,9.5,0,0,1,5,0
2025-10-26,Gluten-free Buns,Bakery,3,19,9.9,0,1,1,6,0
2025-10-27,Gluten-free Buns,Bakery,3,10,6.2,0,1,0,0,0
2025-10-28,Gluten-free Buns,Bakery,3,0,6.3,0,1,0,1,0
2025-10-29,Gluten-free Buns,Bakery,3,12,10.8,0,1,0,2,0
2025-10-30,Gluten-free Buns,Bakery,3,0,8.4,0,1,0,3,0
2025-10-31,Gluten-free Buns,Bakery,3,0,3.8,0,1,1,4,0
2025-11-01,Gluten-free Buns,Bakery,3,17,11.0,0,0,1,5,0
2025-11-02,Gluten-free Buns,Bakery,3,0,9.8,0,0,1,6,0
2025-11-03,Gluten-free Buns,Bakery,3,12,7.5,0,0,0,0,0
2025-11-04,Gluten-free Buns,Bakery,3,6,6.0,0,0,0,1,0
2025-11-05,Gluten-free Buns,Bakery,3,9,10.6,0,0,0,2,0
2025-11-06,Gluten-free Buns,Bakery,3,0,9.4,0,0,0,3,0
2025-11-07,Gluten-free Buns,Bakery,3,0,13.8,0,0,1,4,0
2025-11-08,Gluten-free Buns,Bakery,3,10,9.3,0,0,1,5,0
2025-11-09,Gluten-free Buns,Bakery,3,23,9.1,0,0,1,6,1
2025-11-10,Gluten-free Buns,Bakery,3,11,7.8,0,0,0,0,0
2025-11-11,Gluten-free Buns,Bakery,3,8,9.8,0,0,0,1,0
2025-11-12,Gluten-free Buns,Bakery,3,9,9.2,0,0,0,2,0
2025-11-13,Gluten-free Buns,Bakery,3,16,10.5,0,0,0,3,0
2025-11-14,Gluten-free Buns,Bakery,3,14,6.5,0,0,1,4,0
2025-11-15,Gluten-free Buns,Bakery,3,13,6.5,0,0,1,5,0
2025-11-16,Gluten-free Buns,Bakery,3,16,6.3,0,0,1,6,0
2025-11-17,Gluten-free Buns,Bakery,3,0,9.0,0,0,0,0,0
2025-11-18,Gluten-free Buns,Bakery,3,7,10.4,0,0,0,1,0
2025-11-19,Gluten-free Buns,Bakery,3,13,6.0,0,0,0,2,0
2025-11-20,Gluten-free Buns,Bakery,3,12,6.0,0,0,0,3,0
2025-11-21,Gluten-free Buns,Bakery,3,0,7.5,0,0,1,4,0
2025-11-22,Gluten-free Buns,Bakery,3,0,6.1,0,0,1,5,0
2025-11-23,Gluten-free Buns,Bakery,3,19,8.6,0,0,1,6,0
2025-11-24,Gluten-free Buns,Bakery,3,12,1.5,0,0,0,0,0
2025-11-25,Gluten-free Buns,Bakery,3,13,4.5,0,0,0,1,0
2025-11-26,Gluten-free Buns,Bakery,3,12,4.5,0,0,0,2,0
2025-11-27,Gluten-free Buns,Bakery,3,0,1.0,0,0,0,3,0
2025-11-28,Gluten-free Buns,Bakery,3,0,3.9,0,0,1,4,0
2025-11-29,Gluten-free Buns,Bakery,3,19,3.9,0,0,1,5,0
2025-11-30,Gluten-free Buns,Bakery,3,22,5.3,0,0,1,6,0
2025-12-01,Gluten-free Buns,Bakery,3,7,8.1,0,0,0,0,0
2025-12-02,Gluten-free Buns,Bakery,3,0,5.0,0,0,0,1,0
2025-12-03,Gluten-free Buns,Bakery,3,17,3.2,0,0,0,2,1
2025-12-04,Gluten-free Buns,Bakery,3,10,5.2,0,0,0,3,0
2025-12-05,Gluten-free Buns,Bakery,3,14,7.6,0,0,1,4,0
2025-12-06,Gluten-free Buns,Bakery,3,11,3.0,0,0,1,5,0
2025-12-07,Gluten-free Buns,Bakery,3,14,3.1,0,0,1,6,0
2025-12-08,Gluten-free Buns,Bakery,3,11,6.2,0,0,0,0,0
2025-12-09,Gluten-free Buns,Bakery,3,0,4.4,0,0,0,1,0
2025-12-10,Gluten-free Buns,Bakery,3,0,6.2,0,0,0,2,0
2025-12-11,Gluten-free Buns,Bakery,3,9,4.7,0,0,0,3,0
2025-12-12,Gluten-free Buns,Bakery,3,25,6.2,0,0,1,4,0
2025-12-13,Gluten-free Buns,Bakery,3,25,2.3,0,0,1,5,1
2025-12-14,Gluten-free Buns,Bakery,3,22,4.5,0,0,1,6,0
2025-12-15,Gluten-free Buns,Bakery,3,0,3.9,0,0,0,0,0
2025-12-16,Gluten-free Buns,Bakery,3,7,1.7,0,0,0,1,0
2025-12-17,Gluten-free Buns,Bakery,3,0,0.8,0,0,0,2,0
2025-12-18,Gluten-free Buns,Bakery,3,8,5.7,0,0,0,3,0
2025-12-19,Gluten-free Buns,Bakery,3,12,3.3,0,0,1,4,0
2025-12-20,Gluten-free Buns,Bakery,3,22,1.8,0,1,1,5,0
2025-12-21,Gluten-free Buns,Bakery,3,14,3.8,0,1,1,6,0
2025-12-22,Gluten-free Buns,Bakery,3,3,6.4,0,1,0,0,0
2025-12-23,Gluten-free Buns,Bakery,3,18,-1.2,0,1,0,1,0
2025-12-24,Gluten-free Buns,Bakery,3,11,0.5,0,1,0,2,0
2025-12-25,Gluten-free Buns,Bakery,3,0,1.7,1,1,0,3,0
2025-12-26,Gluten-free Buns,Bakery,3,19,6.9,1,1,1,4,0
2025-12-27,Gluten-free Buns,Bakery,3,13,4.2,0,1,1,5,0
2025-12-28,Gluten-free Buns,Bakery,3,18,5.3,0,1,1,6,0
2025-12-29,Gluten-free Buns,Bakery,3,11,1.0,0,1,0,0,0
2025-12-30,Gluten-free Buns,Bakery,3,11,1.0,0,1,0,1,0
2025-12-31,Gluten-free Buns,Bakery,3,12,4.4,0,1,0,2,0
2024-01-01,Seasonal Berries,Produce,3,4,4.0,1,1,0,0,0
2024-01-02,Seasonal Berries,Produce,3,0,1.0,0,1,0,1,0
2024-01-03,Seasonal Berries,Produce,3,0,4.9,0,0,0,2,1
2024-01-04,Seasonal Berries,Produce,3,7,5.3,0,0,0,3,0
2024-01-05,Seasonal Berries,Produce,3,0,-1.1,0,0,1,4,0
2024-01-06,Seasonal Berries,Produce,3,0,0.3,0,0,1,5,0
2024-01-07,Seasonal Berries,Produce,3,7,3.4,0,0,1,6,0
2024-01-08,Seasonal Berries,Produce,3,7,2.4,0,0,0,0,1
2024-01-09,Seasonal Berries,Produce,3,8,3.1,0,0,0,1,0
2024-01-10,Seasonal Berries,Produce,3,4,1.2,0,0,0,2,0
2024-01-11,Seasonal Berries,Produce,3,0,5.0,0,0,0,3,0
2024-01-12,Seasonal Berries,Produce,3,15,4.8,0,0,1,4,0
2024-01-13,Seasonal Berries,Produce,3,0,3.2,0,0,1,5,0
2024-01-14,Seasonal Berries,Produce,3,0,5.5,0,0,1,6,0
2024-01-15,Seasonal Berries,Produce,3,0,4.0,0,0,0,0,0
2024-01-16,Seasonal Berries,Produce,3,0,1.1,0,0,0,1,0
2024-01-17,Seasonal Berries,Produce,3,4,3.8,0,0,0,2,0
2024-01-18,Seasonal Berries,Produce,3,3,0.9,0,0,0,3,0
2024-01-19,Seasonal Berries,Produce,3,11,4.9,0,0,1,4,0
2024-01-20,Seasonal Berries,Produce,3,0,2.9,0,0,1,5,0
2024-01-21,Seasonal Berries,Produce,3,7,2.6,0,0,1,6,0
2024-01-22,Seasonal Berries,Produce,3,0,1.5,0,0,0,0,0
2024-01-23,Seasonal Berries,Produce,3,7,5.7,0,0,0,1,0
2024-01-24,Seasonal Berries,Produce,3,5,2.7,0,0,0,2,0
2024-01-25,Seasonal Berries,Produce,3,5,2.1,0,0,0,3,1
2024-01-26,Seasonal Berries,Produce,3,0,2.3,0,0,1,4,1
2024-01-27,Seasonal Berries,Produce,3,17,4.3,0,0,1,5,1
2024-01-28,Seasonal Berries,Produce,3,0,3.9,0,0,1,6,0
2024-01-29,Seasonal Berries,Produce,3,4,4.0,0,0,0,0,0
2024-01-30,Seasonal Berries,Produce,3,0,4.1,0,0,0,1,0
2024-01-31,Seasonal Berries,Produce,3,8,7.9,0,0,0,2,0
2024-02-01,Seasonal Berries,Produce,3,9,2.3,0,0,0,3,0
2024-02-02,Seasonal Berries,Produce,3,10,2.1,0,0,1,4,0
2024-02-03,Seasonal Berries,Produce,3,0,1.5,0,0,1,5,0
2024-02-04,Seasonal Berries,Produce,3,7,4.7,0,0,1,6,0
2024-02-05,Seasonal Berries,Produce,3,5,5.8,0,0,0,0,0
2024-02-06,Seasonal Berries,Produce,3,0,3.1,0,0,0,1,0
2024-02-07,Seasonal Berries,Produce,3,0,1.6,0,0,0,2,0
2024-02-08,Seasonal Berries,Produce,3,4,1.7,0,0,0,3,0
2024-02-09,Seasonal Berries,Produce,3,20,5.0,0,0,1,4,0
2024-02-10,Seasonal Berries,Produce,3,0,5.2,0,0,1,5,0
2024-02-11,Seasonal Berries,Produce,3,11,4.8,0,0,1,6,0
2024-02-12,Seasonal Berries,Produce,3,4,2.2,0,1,0,0,0
2024-02-13,Seasonal Berries,Produce,3,0,4.3,0,1,0,1,0
2024-02-14,Seasonal Berries,Produce,3,0,4.1,0,1,0,2,0
2024-02-15,Seasonal Berries,Produce,3,0,4.3,0,1,0,3,0
2024-02-16,Seasonal Berries,Produce,3,0,5.8,0,1,1,4,0
2024-02-17,Seasonal Berries,Produce,3,8,4.5,0,1,1,5,0
2024-02-18,Seasonal Berries,Produce,3,0,5.6,0,1,1,6,0
2024-02-19,Seasonal Berries,Produce,3,0,4.3,0,0,0,0,0
2024-02-20,Seasonal Berries,Produce,3,5,4.8,0,0,0,1,0
2024-02-21,Seasonal Berries,Produce,3,4,5.7,0,0,0,2,0
2024-02-22,Seasonal Berries,Produce,3,10,1.1,0,0,0,3,0
2024-02-23,Seasonal Berries,Produce,3,6,3.7,0,0,1,4,0
2024-02-24,Seasonal Berries,Produce,3,11,3.5,0,0,1,5,0
2024-02-25,Seasonal Berries,Produce,3,0,3.2,0,0,1,6,0
2024-02-26,Seasonal Berries,Produce,3,6,4.1,0,0,0,0,0
2024-02-27,Seasonal Berries,Produce,3,0,8.0,0,0,0,1,0
2024-02-28,Seasonal Berries,Produce,3,3,2.9,0,0,0,2,0
2024-02-29,Seasonal Berries,Produce,3,0,7.1,0,0,0,3,0
2024-03-01,Seasonal Berries,Produce,3,6,1.3,0,0,1,4,0
2024-03-02,Seasonal Berries,Produce,3,8,4.4,0,0,1,5,0
2024-03-03,Seasonal Berries,Produce,3,0,5.6,0,0,1,6,0
2024-03-04,Seasonal Berries,Produce,3,0,6.6,0,0,0,0,0
2024-03-05,Seasonal Berries,Produce,3,7,7.0,0,0,0,1,1
2024-03-06,Seasonal Berries,Produce,3,7,7.3,0,0,0,2,0
2024-03-07,Seasonal Berries,Produce,3,4,4.8,0,0,0,3,0
2024-03-08,Seasonal Berries,Produce,3,5,4.7,0,0,1,4,0
2024-03-09,Seasonal Berries,Produce,3,11,7.7,0,0,1,5,0
2024-03-10,Seasonal Berries,Produce,3,0,5.5,0,0,1,6,0
2024-03-11,Seasonal Berries,Produce,3,10,3.2,0,0,0,0,0
2024-03-12,Seasonal Berries,Produce,3,0,3.6,0,0,0,1,0
2024-03-13,Seasonal Berries,Produce,3,3,4.2,0,0,0,2,0
2024-03-14,Seasonal Berries,Produce,3,0,7.5,0,0,0,3,0
2024-03-15,Seasonal Berries,Produce,3,9,6.8,0,0,1,4,1
2024-03-16,Seasonal Berries,Produce,3,8,8.1,0,0,1,5,0
2024-03-17,Seasonal Berries,Produce,3,0,5.8,0,0,1,6,0
2024-03-18,Seasonal Berries,Produce,3,7,7.2,0,0,0,0,0
2024-03-19,Seasonal Berries,Produce,3,0,8.3,0,0,0,1,0
2024-03-20,Seasonal Berries,Produce,3,0,6.4,0,0,0,2,0
2024-03-21,Seasonal Berries,Produce,3,15,8.2,0,0,0,3,0
2024-03-22,Seasonal Berries,Produce,3,11,5.8,0,0,1,4,0
2024-03-23,Seasonal Berries,Produce,3,0,6.6,0,0,1,5,0
2024-03-24,Seasonal Berries,Produce,3,0,6.7,0,0,1,6,0
2024-03-25,Seasonal Berries,Produce,3,11,5.0,0,0,0,0,0
2024-03-26,Seasonal Berries,Produce,3,0,8.9,0,0,0,1,0
2024-03-27,Seasonal Berries,Produce,3,5,6.9,0,0,0,2,0
2024-03-28,Seasonal Berries,Produce,3,4,8.1,0,0,0,3,0
2024-03-29,Seasonal Berries,Produce,3,26,9.2,1,0,1,4,0
2024-03-30,Seasonal Berries,Produce,3,0,9.3,0,0,1,5,0
2024-03-31,Seasonal Berries,Produce,3,8,9.9,0,0,1,6,0
2024-04-01,Seasonal Berries,Produce,3,17,8.3,1,1,0,0,0
2024-04-02,Seasonal Berries,Produce,3,8,7.8,0,1,0,1,0
2024-04-03,Seasonal Berries,Produce,3,11,8.7,0,1,0,2,0
2024-04-04,Seasonal Berries,Produce,3,11,5.2,0,1,0,3,0
2024-04-05,Seasonal Berries,Produce,3,0,5.9,0,1,1,4,0
2024-04-06,Seasonal Berries,Produce,3,17,6.3,0,1,1,5,0
2024-04-07,Seasonal Berries,Produce,3,7,7.2,0,1,1,6,0
2024-04-08,Seasonal Berries,Produce,3,7,10.4,0,1,0,0,0
2024-04-09,Seasonal Berries,Produce,3,10,7.6,0,1,0,1,0
2024-04-10,Seasonal Berries,Produce,3,9,8.9,0,1,0,2,0
2024-04-11,Seasonal Berries,Produce,3,10,12.8,0,1,0,3,0
2024-04-12,Seasonal Berries,Produce,3,0,9.3,0,1,1,4,0
2024-04-13,Seasonal Berries,Produce,3,12,11.8,0,1,1,5,0
2024-04-14,Seasonal Berries,Produce,3,11,8.3,0,1,1,6,0
2024-04-15,Seasonal Berries,Produce,3,8,10.0,0,0,0,0,0
2024-04-16,Seasonal Berries,Produce,3,0,8.5,0,0,0,1,1
2024-04-17,Seasonal Berries,Produce,3,0,10.0,0,0,0,2,0
2024-04-18,Seasonal Berries,Produce,3,0,12.7,0,0,0,3,0
2024-04-19,Seasonal Berries,Produce,3,10,7.2,0,0,1,4,0
2024-04-20,Seasonal Berries,Produce,3,18,12.1,0,0,1,5,0
2024-04-21,Seasonal Berries,Produce,3,18,11.8,0,0,1,6,0
2024-04-22,Seasonal Berries,Produce,3,0,10.1,0,0,0,0,0
2024-04-23,Seasonal Berries,Produce,3,5,8.4,0,0,0,1,0
2024-04-24,Seasonal Berries,Produce,3,12,11.8,0,0,0,2,0
2024-04-25,Seasonal Berries,Produce,3,5,10.7,0,0,0,3,0
2024-04-26,Seasonal Berries,Produce,3,19,12.5,0,0,1,4,0
2024-04-27,Seasonal Berries,Produce,3,15,12.1,0,0,1,5,0
2024-04-28,Seasonal Berries,Produce,3,17,15.8,0,0,1,6,0
2024-04-29,Seasonal Berries,Produce,3,13,11.8,0,0,0,0,0
2024-04-30,Seasonal Berries,Produce,3,7,10.3,0,0,0,1,0
2024-05-01,Seasonal Berries,Produce,3,0,13.0,0,0,0,2,0
2024-05-02,Seasonal Berries,Produce,3,10,13.3,0,0,0,3,0
2024-05-03,Seasonal Berries,Produce,3,28,15.9,0,0,1,4,1
2024-05-04,Seasonal Berries,Produce,3,15,14.9,0,0,1,5,0
2024-05-05,Seasonal Berries,Produce,3,12,14.0,0,0,1,6,0
2024-05-06,Seasonal Berries,Produce,3,15,16.5,1,0,0,0,0
2024-05-07,Seasonal Berries,Produce,3,11,10.8,0,0,0,1,0
2024-05-08,Seasonal Berries,Produce,3,0,12.2,0,0,0,2,0
2024-05-09,Seasonal Berries,Produce,3,10,11.7,0,0,0,3,0
2024-05-10,Seasonal Berries,Produce,3,18,13.0,0,0,1,4,1
2024-05-11,Seasonal Berries,Produce,3,17,10.9,0,0,1,5,1
2024-05-12,Seasonal Berries,Produce,3,0,15.5,0,0,1,6,0
2024-05-13,Seasonal Berries,Produce,3,4,13.7,0,0,0,0,0
2024-05-14,Seasonal Berries,Produce,3,9,11.1,0,0,0,1,0
2024-05-15,Seasonal Berries,Produce,3,9,12.2,0,0,0,2,0
2024-05-16,Seasonal Berries,Produce,3,12,15.3,0,0,0,3,1
2024-05-17,Seasonal Berries,Produce,3,0,16.5,0,0,1,4,0
2024-05-18,Seasonal Berries,Produce,3,0,19.2,0,0,1,5,0
2024-05-19,Seasonal Berries,Produce,3,0,21.4,0,0,1,6,1
2024-05-20,Seasonal Berries,Produce,3,0,16.0,0,0,0,0,1
2024-05-21,Seasonal Berries,Produce,3,8,13.0,0,0,0,1,0
2024-05-22,Seasonal Berries,Produce,3,10,10.6,0,0,0,2,0
2024-05-23,Seasonal Berries,Produce,3,14,16.0,0,0,0,3,0
2024-05-24,Seasonal Berries,Produce,3,0,13.7,0,0,1,4,0
2024-05-25,Seasonal Berries,Produce,3,0,14.7,0,0,1,5,0
2024-05-26,Seasonal Berries,Produce,3,19,14.4,0,1,1,6,0
2024-05-27,Seasonal Berries,Produce,3,16,15.6,1,1,0,0,0
2024-05-28,Seasonal Berries,Produce,3,0,18.3,0,1,0,1,0
2024-05-29,Seasonal Berries,Produce,3,0,16.4,0,1,0,2,0
2024-05-30,Seasonal Berries,Produce,3,14,15.8,0,1,0,3,0
2024-05-31,Seasonal Berries,Produce,3,0,14.0,0,1,1,4,0
2024-06-01,Seasonal Berries,Produce,3,9,12.7,0,0,1,5,0
2024-06-02,Seasonal Berries,Produce,3,17,15.4,0,0,1,6,0
2024-06-03,Seasonal Berries,Produce,3,0,16.5,0,0,0,0,0
2024-06-04,Seasonal Berries,Produce,3,11,20.6,0,0,0,1,0
2024-06-05,Seasonal Berries,Produce,3,12,17.1,0,0,0,2,0
2024-06-06,Seasonal Berries,Produce,3,14,19.0,0,0,0,3,0
2024-06-07,Seasonal Berries,Produce,3,0,15.9,0,0,1,4,0
2024-06-08,Seasonal Berries,Produce,3,0,14.5,0,0,1,5,0
2024-06-09,Seasonal Berries,Produce,3,19,15.0,0,0,1,6,0
2024-06-10,Seasonal Berries,Produce,3,0,15.6,0,0,0,0,0
2024-06-11,Seasonal Berries,Produce,3,16,22.0,0,0,0,1,0
2024-06-12,Seasonal Berries,Produce,3,8,15.6,0,0,0,2,0
2024-06-13,Seasonal Berries,Produce,3,7,19.3,0,0,0,3,0
2024-06-14,Seasonal Berries,Produce,3,15,15.6,0,0,1,4,0
2024-06-15,Seasonal Berries,Produce,3,22,19.7,0,0,1,5,0
2024-06-16,Seasonal Berries,Produce,3,24,18.6,0,0,1,6,0
2024-06-17,Seasonal Berries,Produce,3,12,17.5,0,0,0,0,1
2024-06-18,Seasonal Berries,Produce,3,0,17.8,0,0,0,1,0
2024-06-19,Seasonal Berries,Produce,3,0,16.5,0,0,0,2,0
2024-06-20,Seasonal Berries,Produce,3,0,19.0,0,0,0,3,0
2024-06-21,Seasonal Berries,Produce,3,0,17.1,0,0,1,4,1
2024-06-22,Seasonal Berries,Produce,3,13,15.4,0,0,1,5,0
2024-06-23,Seasonal Berries,Produce,3,17,15.4,0,0,1,6,0
2024-06-24,Seasonal Berries,Produce,3,11,18.6,0,0,0,0,0
2024-06-25,Seasonal Berries,Produce,3,25,21.8,0,0,0,1,1
2024-06-26,Seasonal Berries,Produce,3,11,18.7,0,0,0,2,0
2024-06-27,Seasonal Berries,Produce,3,6,18.2,0,0,0,3,0
2024-06-28,Seasonal Berries,Produce,3,24,19.1,0,0,1,4,0
2024-06-29,Seasonal Berries,Produce,3,20,21.4,0,0,1,5,0
2024-06-30,Seasonal Berries,Produce,3,22,19.0,0,0,1,6,1
2024-07-01,Seasonal Berries,Produce,3,18,17.7,0,1,0,0,0
2024-07-02,Seasonal Berries,Produce,3,0,21.1,0,1,0,1,0
2024-07-03,Seasonal Berries,Produce,3,11,19.6,0,1,0,2,0
2024-07-04,Seasonal Berries,Produce,3,16,22.1,0,1,0,3,0
2024-07-05,Seasonal Berries,Produce,3,13,19.2,0,1,1,4,0
2024-07-06,Seasonal Berries,Produce,3,21,16.1,0,1,1,5,0
2024-07-07,Seasonal Berries,Produce,3,17,15.8,0,1,1,6,0
2024-07-08,Seasonal Berries,Produce,3,0,22.5,0,1,0,0,0
2024-07-09,Seasonal Berries,Produce,3,6,22.7,0,1,0,1,0
2024-07-10,Seasonal Berries,Produce,3,20,18.5,0,1,0,2,0
2024-07-11,Seasonal Berries,Produce,3,11,18.1,0,1,0,3,0
2024-07-12,Seasonal Berries,Produce,3,25,22.2,0,1,1,4,0
2024-07-13,Seasonal Berries,Produce,3,0,16.5,0,1,1,5,0
2024-07-14,Seasonal Berries,Produce,3,20,17.0,0,1,1,6,0
2024-07-15,Seasonal Berries,Produce,3,0,20.4,0,1,0,0,0
2024-07-16,Seasonal Berries,Produce,3,8,18.1,0,1,0,1,0
2024-07-17,Seasonal Berries,Produce,3,8,19.0,0,1,0,2,0
2024-07-18,Seasonal Berries,Produce,3,13,18.6,0,1,0,3,0
2024-07-19,Seasonal Berries,Produce,3,0,19.7,0,1,1,4,0
2024-07-20,Seasonal Berries,Produce,3,17,22.1,0,1,1,5,0
2024-07-21,Seasonal Berries,Produce,3,0,19.2,0,1,1,6,0
2024-07-22,Seasonal Berries,Produce,3,7,20.4,0,1,0,0,0
2024-07-23,Seasonal Berries,Produce,3,6,14.5,0,1,0,1,0
2024-07-24,Seasonal Berries,Produce,3,0,18.9,0,1,0,2,0
2024-07-25,Seasonal Berries,Produce,3,11,17.1,0,1,0,3,0
2024-07-26,Seasonal Berries,Produce,3,23,16.3,0,1,1,4,1
2024-07-27,Seasonal Berries,Produce,3,15,17.0,0,1,1,5,0
2024-07-28,Seasonal Berries,Produce,3,23,18.2,0,1,1,6,0
2024-07-29,Seasonal Berries,Produce,3,9,20.9,0,1,0,0,0
2024-07-30,Seasonal Berries,Produce,3,0,15.9,0,1,0,1,0
2024-07-31,Seasonal Berries,Produce,3,0,18.9,0,1,0,2,0
2024-08-01,Seasonal Berries,Produce,3,0,17.7,0,1,0,3,0
2024-08-02,Seasonal Berries,Produce,3,0,18.1,0,1,1,4,0
2024-08-03,Seasonal Berries,Produce,3,0,21.0,0,1,1,5,0
2024-08-04,Seasonal Berries,Produce,3,0,19.9,0,1,1,6,0
2024-08-05,Seasonal Berries,Produce,3,9,21.6,0,1,0,0,0
2024-08-06,Seasonal Berries,Produce,3,0,18.3,0,1,0,1,0
2024-08-07,Seasonal Berries,Produce,3,0,17.1,0,1,0,2,0
2024-08-08,Seasonal Berries,Produce,3,13,18.1,0,1,0,3,0
2024-08-09,Seasonal Berries,Produce,3,0,19.0,0,1,1,4,0
2024-08-10,Seasonal Berries,Produce,3,0,18.8,0,1,1,5,1
2024-08-11,Seasonal Berries,Produce,3,19,16.0,0,1,1,6,0
2024-08-12,Seasonal Berries,Produce,3,8,18.5,0,1,0,0,0
2024-08-13,Seasonal Berries,Produce,3,0,18.8,0,1,0,1,0
2024-08-14,Seasonal Berries,Produce,3,12,23.8,0,1,0,2,0
2024-08-15,Seasonal Berries,Produce,3,0,22.3,0,1,0,3,0
2024-08-16,Seasonal Berries,Produce,3,12,16.2,0,1,1,4,0
2024-08-17,Seasonal Berries,Produce,3,0,17.4,0,1,1,5,0
2024-08-18,Seasonal Berries,Produce,3,13,14.8,0,1,1,6,0
2024-08-19,Seasonal Berries,Produce,3,13,16.6,0,1,0,0,0
2024-08-20,Seasonal Berries,Produce,3,0,18.5,0,1,0,1,1
2024-08-21,Seasonal Berries,Produce,3,8,20.4,0,1,0,2,0
2024-08-22,Seasonal Berries,Produce,3,14,16.1,0,1,0,3,0
2024-08-23,Seasonal Berries,Produce,3,0,16.2,0,1,1,4,0
2024-08-24,Seasonal Berries,Produce,3,12,12.8,0,1,1,5,0
2024-08-25,Seasonal Berries,Produce,3,0,17.1,0,1,1,6,0
2024-08-26,Seasonal Berries,Produce,3,6,15.0,1,1,0,0,0
2024-08-27,Seasonal Berries,Produce,3,0,16.1,0,1,0,1,0
2024-08-28,Seasonal Berries,Produce,3,8,15.3,0,1,0,2,0
2024-08-29,Seasonal Berries,Produce,3,9,16.9,0,1,0,3,0
2024-08-30,Seasonal Berries,Produce,3,8,13.2,0,1,1,4,0
2024-08-31,Seasonal Berries,Produce,3,11,13.7,0,1,1,5,0
2024-09-01,Seasonal Berries,Produce,3,16,21.5,0,0,1,6,0
2024-09-02,Seasonal Berries,Produce,3,0,13.9,0,0,0,0,0
2024-09-03,Seasonal Berries,Produce,3,10,14.2,0,0,0,1,0
2024-09-04,Seasonal Berries,Produce,3,14,20.6,0,0,0,2,0
2024-09-05,Seasonal Berries,Produce,3,0,22.8,0,0,0,3,0
2024-09-06,Seasonal Berries,Produce,3,17,13.8,0,0,1,4,0
2024-09-07,Seasonal Berries,Produce,3,0,15.4,0,0,1,5,0
2024-09-08,Seasonal Berries,Produce,3,0,16.9,0,0,1,6,0
2024-09-09,Seasonal Berries,Produce,3,7,19.8,0,0,0,0,0
2024-09-10,Seasonal Berries,Produce,3,10,13.8,0,0,0,1,0
2024-09-11,Seasonal Berries,Produce,3,0,15.3,0,0,0,2,0
2024-09-12,Seasonal Berries,Produce,3,0,17.4,0,0,0,3,0
2024-09-13,Seasonal Berries,Produce,3,15,16.6,0,0,1,4,0
2024-09-14,Seasonal Berries,Produce,3,0,14.7,0,0,1,5,0
2024-09-15,Seasonal Berries,Produce,3,0,15.1,0,0,1,6,0
2024-09-16,Seasonal Berries,Produce,3,10,12.2,0,0,0,0,0
2024-09-17,Seasonal Berries,Produce,3,5,14.6,0,0,0,1,0
2024-09-18,Seasonal Berries,Produce,3,12,14.4,0,0,0,2,0
2024-09-19,Seasonal Berries,Produce,3,0,15.4,0,0,0,3,0
2024-09-20,Seasonal Berries,Produce,3,18,13.6,0,0,1,4,0
2024-09-21,Seasonal Berries,Produce,3,14,15.7,0,0,1,5,0
2024-09-22,Seasonal Berries,Produce,3,14,16.8,0,0,1,6,0
2024-09-23,Seasonal Berries,Produce,3,0,14.8,0,0,0,0,0
2024-09-24,Seasonal Berries,Produce,3,0,15.1,0,0,0,1,0
2024-09-25,Seasonal Berries,Produce,3,8,14.3,0,0,0,2,1
2024-09-26,Seasonal Berries,Produce,3,0,14.0,0,0,0,3,0
2024-09-27,Seasonal Berries,Produce,3,0,12.3,0,0,1,4,0
2024-09-28,Seasonal Berries,Produce,3,12,14.5,0,0,1,5,0
2024-09-29,Seasonal Berries,Produce,3,17,13.4,0,0,1,6,0
2024-09-30,Seasonal Berries,Produce,3,13,18.1,0,0,0,0,1
2024-10-01,Seasonal Berries,Produce,3,0,16.8,0,0,0,1,0
2024-10-02,Seasonal Berries,Produce,3,0,14.1,0,0,0,2,0
2024-10-03,Seasonal Berries,Produce,3,0,11.4,0,0,0,3,0
2024-10-04,Seasonal Berries,Produce,3,0,10.5,0,0,1,4,0
2024-10-05,Seasonal Berries,Produce,3,0,15.5,0,0,1,5,0
2024-10-06,Seasonal Berries,Produce,3,0,13.3,0,0,1,6,0
2024-10-07,Seasonal Berries,Produce,3,0,13.6,0,0,0,0,0
2024-10-08,Seasonal Berries,Produce,3,0,8.6,0,0,0,1,0
2024-10-09,Seasonal Berries,Produce,3,4,14.4,0,0,0,2,0
2024-10-10,Seasonal Berries,Produce,3,7,13.2,0,0,0,3,0
2024-10-11,Seasonal Berries,Produce,3,15,9.6,0,0,1,4,0
2024-10-12,Seasonal Berries,Produce,3,9,10.9,0,0,1,5,0
2024-10-13,Seasonal Berries,Produce,3,13,12.4,0,0,1,6,0
2024-10-14,Seasonal Berries,Produce,3,8,11.8,0,0,0,0,0
2024-10-15,Seasonal Berries,Produce,3,10,10.9,0,0,0,1,0
2024-10-16,Seasonal Berries,Produce,3,0,11.1,0,0,0,2,0
2024-10-17,Seasonal Berries,Produce,3,4,10.7,0,0,0,3,0
2024-10-18,Seasonal Berries,Produce,3,0,11.4,0,0,1,4,0
2024-10-19,Seasonal Berries,Produce,3,16,14.2,0,0,1,5,0
2024-10-20,Seasonal Berries,Produce,3,0,5.2,0,0,1,6,0
2024-10-21,Seasonal Berries,Produce,3,0,10.2,0,0,0,0,1
2024-10-22,Seasonal Berries,Produce,3,9,10.9,0,0,0,1,1
2024-10-23,Seasonal Berries,Produce,3,0,11.0,0,0,0,2,0
2024-10-24,Seasonal Berries,Produce,3,5,9.4,0,0,0,3,0
2024-10-25,Seasonal Berries,Produce,3,11,6.3,0,0,1,4,0
2024-10-26,Seasonal Berries,Produce,3,9,10.7,0,1,1,5,0
2024-10-27,Seasonal Berries,Produce,3,0,13.7,0,1,1,6,0
2024-10-28,Seasonal Berries,Produce,3,8,6.3,0,1,0,0,0
2024-10-29,Seasonal Berries,Produce,3,0,11.5,0,1,0,1,0
2024-10-30,Seasonal Berries,Produce,3,0,8.7,0,1,0,2,0
2024-10-31,Seasonal Berries,Produce,3,6,9.2,0,1,0,3,0
2024-11-01,Seasonal Berries,Produce,3,0,6.9,0,0,1,4,0
2024-11-02,Seasonal Berries,Produce,3,13,8.3,0,0,1,5,1
2024-11-03,Seasonal Berries,Produce,3,10,11.8,0,0,1,6,0
2024-11-04,Seasonal Berries,Produce,3,11,10.1,0,0,0,0,0
2024-11-05,Seasonal Berries,Produce,3,6,12.5,0,0,0,1,0
2024-11-06,Seasonal Berries,Produce,3,0,11.1,0,0,0,2,0
2024-11-07,Seasonal Berries,Produce,3,8,9.3,0,0,0,3,1
2024-11-08,Seasonal Berries,Produce,3,9,12.1,0,0,1,4,0
2024-11-09,Seasonal Berries,Produce,3,0,9.1,0,0,1,5,0
2024-11-10,Seasonal Berries,Produce,3,12,9.8,0,0,1,6,0
2024-11-11,Seasonal Berries,Produce,3,8,7.2,0,0,0,0,0
2024-11-12,Seasonal Berries,Produce,3,0,7.9,0,0,0,1,0
2024-11-13,Seasonal Berries,Produce,3,4,6.1,0,0,0,2,0
2024-11-14,Seasonal Berries,Produce,3,6,9.7,0,0,0,3,0
2024-11-15,Seasonal Berries,Produce,3,9,4.8,0,0,1,4,0
2024-11-16,Seasonal Berries,Produce,3,0,9.0,0,0,1,5,0
2024-11-17,Seasonal Berries,Produce,3,0,6.7,0,0,1,6,0
2024-11-18,Seasonal Berries,Produce,3,3,9.6,0,0,0,0,0
2024-11-19,Seasonal Berries,Produce,3,0,8.5,0,0,0,1,0
2024-11-20,Seasonal Berries,Produce,3,0,10.8,0,0,0,2,0
2024-11-21,Seasonal Berries,Produce,3,6,8.3,0,0,0,3,0
2024-11-22,Seasonal Berries,Produce,3,8,3.1,0,0,1,4,0
2024-11-23,Seasonal Berries,Produce,3,0,6.3,0,0,1,5,0
2024-11-24,Seasonal Berries,Produce,3,8,3.7,0,0,1,6,0
2024-11-25,Seasonal Berries,Produce,3,0,5.1,0,0,0,0,0
2024-11-26,Seasonal Berries,Produce,3,8,9.4,0,0,0,1,0
2024-11-27,Seasonal Berries,Produce,3,9,7.4,0,0,0,2,0
2024-11-28,Seasonal Berries,Produce,3,0,4.3,0,0,0,3,0
2024-11-29,Seasonal Berries,Produce,3,9,3.5,0,0,1,4,0
2024-11-30,Seasonal Berries,Produce,3,10,5.7,0,0,1,5,0
2024-12-01,Seasonal Berries,Produce,3,6,2.9,0,0,1,6,0
2024-12-02,Seasonal Berries,Produce,3,0,4.0,0,0,0,0,0
2024-12-03,Seasonal Berries,Produce,3,4,6.1,0,0,0,1,0
2024-12-04,Seasonal Berries,Produce,3,8,7.8,0,0,0,2,0
2024-12-05,Seasonal Berries,Produce,3,0,6.5,0,0,0,3,0
2024-12-06,Seasonal Berries,Produce,3,3,0.0,0,0,1,4,0
2024-12-07,Seasonal Berries,Produce,3,16,5.7,0,0,1,5,0
2024-12-08,Seasonal Berries,Produce,3,15,5.1,0,0,1,6,1
2024-12-09,Seasonal Berries,Produce,3,0,5.7,0,0,0,0,1
2024-12-10,Seasonal Berries,Produce,3,0,8.3,0,0,0,1,0
2024-12-11,Seasonal Berries,Produce,3,6,0.1,0,0,0,2,0
2024-12-12,Seasonal Berries,Produce,3,7,3.3,0,0,0,3,0
2024-12-13,Seasonal Berries,Produce,3,10,5.8,0,0,1,4,0
2024-12-14,Seasonal Berries,Produce,3,0,0.9,0,0,1,5,0
2024-12-15,Seasonal Berries,Produce,3,0,7.6,0,0,1,6,0
2024-12-16,Seasonal Berries,Produce,3,8,5.1,0,0,0,0,0
2024-12-17,Seasonal Berries,Produce,3,0,6.0,0,0,0,1,0
2024-12-18,Seasonal Berries,Produce,3,0,2.9,0,0,0,2,0
2024-12-19,Seasonal Berries,Produce,3,2,5.8,0,0,0,3,1
2024-12-20,Seasonal Berries,Produce,3,0,6.3,0,1,1,4,0
2024-12-21,Seasonal Berries,Produce,3,13,4.4,0,1,1,5,0
2024-12-22,Seasonal Berries,Produce,3,13,4.4,0,1,1,6,0
2024-12-23,Seasonal Berries,Produce,3,0,4.4,0,1,0,0,0
2024-12-24,Seasonal Berries,Produce,3,7,1.8,0,1,0,1,0
2024-12-25,Seasonal Berries,Produce,3,0,3.3,1,1,0,2,0
2024-12-26,Seasonal Berries,Produce,3,14,3.3,1,1,0,3,0
2024-12-27,Seasonal Berries,Produce,3,9,4.4,0,1,1,4,0
2024-12-28,Seasonal Berries,Produce,3,0,5.7,0,1,1,5,0
2024-12-29,Seasonal Berries,Produce,3,12,1.1,0,1,1,6,0
2024-12-30,Seasonal Berries,Produce,3,7,3.1,0,1,0,0,1
2024-12-31,Seasonal Berries,Produce,3,0,6.6,0,1,0,1,0
2025-01-01,Seasonal Berries,Produce,3,9,1.7,1,1,0,2,0
2025-01-02,Seasonal Berries,Produce,3,3,1.5,0,1,0,3,0
2025-01-03,Seasonal Berries,Produce,3,0,3.7,0,0,1,4,0
2025-01-04,Seasonal Berries,Produce,3,9,5.1,0,0,1,5,0
2025-01-05,Seasonal Berries,Produce,3,0,3.2,0,0,1,6,0
2025-01-06,Seasonal Berries,Produce,3,0,6.1,0,0,0,0,0
2025-01-07,Seasonal Berries,Produce,3,10,5.0,0,0,0,1,0
2025-01-08,Seasonal Berries,Produce,3,1,5.0,0,0,0,2,0
2025-01-09,Seasonal Berries,Produce,3,3,4.3,0,0,0,3,0
2025-01-10,Seasonal Berries,Produce,3,12,8.2,0,0,1,4,0
2025-01-11,Seasonal Berries,Produce,3,9,2.6,0,0,1,5,0
2025-01-12,Seasonal Berries,Produce,3,3,-1.4,0,0,1,6,0
2025-01-13,Seasonal Berries,Produce,3,4,6.6,0,0,0,0,0
2025-01-14,Seasonal Berries,Produce,3,0,2.0,0,0,0,1,0
2025-01-15,Seasonal Berries,Produce,3,0,3.3,0,0,0,2,0
2025-01-16,Seasonal Berries,Produce,3,10,5.9,0,0,0,3,0
2025-01-17,Seasonal Berries,Produce,3,0,-0.5,0,0,1,4,0
2025-01-18,Seasonal Berries,Produce,3,10,0.2,0,0,1,5,0
2025-01-19,Seasonal Berries,Produce,3,10,-0.5,0,0,1,6,0
2025-01-20,Seasonal Berries,Produce,3,0,1.3,0,0,0,0,0
2025-01-21,Seasonal Berries,Produce,3,0,4.0,0,0,0,1,0
2025-01-22,Seasonal Berries,Produce,3,0,4.2,0,0,0,2,0
2025-01-23,Seasonal Berries,Produce,3,9,3.6,0,0,0,3,0
2025-01-24,Seasonal Berries,Produce,3,0,-0.1,0,0,1,4,0
2025-01-25,Seasonal Berries,Produce,3,0,-2.0,0,0,1,5,0
2025-01-26,Seasonal Berries,Produce,3,12,3.2,0,0,1,6,0
2025-01-27,Seasonal Berries,Produce,3,1,2.0,0,0,0,0,0
2025-01-28,Seasonal Berries,Produce,3,0,4.1,0,0,0,1,0
2025-01-29,Seasonal Berries,Produce,3,0,4.7,0,0,0,2,0
2025-01-30,Seasonal Berries,Produce,3,6,3.5,0,0,0,3,0
2025-01-31,Seasonal Berries,Produce,3,0,4.9,0,0,1,4,0
2025-02-01,Seasonal Berries,Produce,3,0,3.7,0,0,1,5,0
2025-02-02,Seasonal Berries,Produce,3,7,4.4,0,0,1,6,0
2025-02-03,Seasonal Berries,Produce,3,4,1.7,0,0,0,0,0
2025-02-04,Seasonal Berries,Produce,3,5,2.9,0,0,0,1,0
2025-02-05,Seasonal Berries,Produce,3,6,3.8,0,0,0,2,0
2025-02-06,Seasonal Berries,Produce,3,0,5.2,0,0,0,3,0
2025-02-07,Seasonal Berries,Produce,3,8,2.6,0,0,1,4,0
2025-02-08,Seasonal Berries,Produce,3,0,4.6,0,0,1,5,0
2025-02-09,Seasonal Berries,Produce,3,0,2.9,0,0,1,6,1
2025-02-10,Seasonal Berries,Produce,3,0,3.3,0,0,0,0,0
2025-02-11,Seasonal Berries,Produce,3,4,5.5,0,0,0,1,0
2025-02-12,Seasonal Berries,Produce,3,3,-0.7,0,1,0,2,0
2025-02-13,Seasonal Berries,Produce,3,7,0.9,0,1,0,3,0
2025-02-14,Seasonal Berries,Produce,3,8,0.5,0,1,1,4,0
2025-02-15,Seasonal Berries,Produce,3,0,-1.3,0,1,1,5,0
2025-02-16,Seasonal Berries,Produce,3,9,2.4,0,1,1,6,0
2025-02-17,Seasonal Berries,Produce,3,0,5.6,0,1,0,0,0
2025-02-18,Seasonal Berries,Produce,3,0,3.4,0,1,0,1,0
2025-02-19,Seasonal Berries,Produce,3,0,4.6,0,0,0,2,0
2025-02-20,Seasonal Berries,Produce,3,0,6.6,0,0,0,3,0
2025-02-21,Seasonal Berries,Produce,3,10,7.2,0,0,1,4,0
2025-02-22,Seasonal Berries,Produce,3,4,4.2,0,0,1,5,0
2025-02-23,Seasonal Berries,Produce,3,8,7.4,0,0,1,6,0
2025-02-24,Seasonal Berries,Produce,3,4,4.7,0,0,0,0,0
2025-02-25,Seasonal Berries,Produce,3,0,2.7,0,0,0,1,1
2025-02-26,Seasonal Berries,Produce,3,8,3.4,0,0,0,2,0
2025-02-27,Seasonal Berries,Produce,3,0,1.5,0,0,0,3,0
2025-02-28,Seasonal Berries,Produce,3,0,2.9,0,0,1,4,1
2025-03-01,Seasonal Berries,Produce,3,10,4.1,0,0,1,5,0
2025-03-02,Seasonal Berries,Produce,3,15,6.8,0,0,1,6,0
2025-03-03,Seasonal Berries,Produce,3,11,8.9,0,0,0,0,0
2025-03-04,Seasonal Berries,Produce,3,0,2.2,0,0,0,1,0
2025-03-05,Seasonal Berries,Produce,3,10,6.2,0,0,0,2,0
2025-03-06,Seasonal Berries,Produce,3,6,3.1,0,0,0,3,0
2025-03-07,Seasonal Berries,Produce,3,0,6.6,0,0,1,4,1
2025-03-08,Seasonal Berries,Produce,3,0,5.3,0,0,1,5,0
2025-03-09,Seasonal Berries,Produce,3,14,1.7,0,0,1,6,1
2025-03-10,Seasonal Berries,Produce,3,0,7.9,0,0,0,0,0
2025-03-11,Seasonal Berries,Produce,3,0,4.6,0,0,0,1,0
2025-03-12,Seasonal Berries,Produce,3,0,4.9,0,0,0,2,0
2025-03-13,Seasonal Berries,Produce,3,0,3.8,0,0,0,3,0
2025-03-14,Seasonal Berries,Produce,3,0,4.8,0,0,1,4,0
2025-03-15,Seasonal Berries,Produce,3,12,7.3,0,0,1,5,0
2025-03-16,Seasonal Berries,Produce,3,14,6.1,0,0,1,6,0
2025-03-17,Seasonal Berries,Produce,3,0,7.3,0,0,0,0,0
2025-03-18,Seasonal Berries,Produce,3,4,7.5,0,0,0,1,0
2025-03-19,Seasonal Berries,Produce,3,0,9.7,0,0,0,2,0
2025-03-20,Seasonal Berries,Produce,3,8,6.2,0,0,0,3,0
2025-03-21,Seasonal Berries,Produce,3,9,3.8,0,0,1,4,0
2025-03-22,Seasonal Berries,Produce,3,15,9.5,0,0,1,5,0
2025-03-23,Seasonal Berries,Produce,3,0,6.6,0,0,1,6,0
2025-03-24,Seasonal Berries,Produce,3,8,9.9,0,0,0,0,0
2025-03-25,Seasonal Berries,Produce,3,7,8.4,0,0,0,1,0
2025-03-26,Seasonal Berries,Produce,3,0,7.4,0,0,0,2,0
2025-03-27,Seasonal Berries,Produce,3,0,8.6,0,0,0,3,0
2025-03-28,Seasonal Berries,Produce,3,19,12.2,0,0,1,4,0
2025-03-29,Seasonal Berries,Produce,3,0,12.6,0,0,1,5,0
2025-03-30,Seasonal Berries,Produce,3,0,8.3,0,0,1,6,1
2025-03-31,Seasonal Berries,Produce,3,0,8.7,0,0,0,0,0
2025-04-01,Seasonal Berries,Produce,3,8,10.8,0,1,0,1,0
2025-04-02,Seasonal Berries,Produce,3,10,6.7,0,1,0,2,0
2025-04-03,Seasonal Berries,Produce,3,7,9.4,0,1,0,3,0
2025-04-04,Seasonal Berries,Produce,3,20,8.8,0,1,1,4,1
2025-04-05,Seasonal Berries,Produce,3,0,9.6,0,1,1,5,0
2025-04-06,Seasonal Berries,Produce,3,0,7.3,0,1,1,6,0
2025-04-07,Seasonal Berries,Produce,3,6,5.7,0,1,0,0,0
2025-04-08,Seasonal Berries,Produce,3,0,4.8,0,1,0,1,0
2025-04-09,Seasonal Berries,Produce,3,8,7.0,0,1,0,2,0
2025-04-10,Seasonal Berries,Produce,3,9,8.6,0,1,0,3,0
2025-04-11,Seasonal Berries,Produce,3,14,9.1,0,1,1,4,0
2025-04-12,Seasonal Berries,Produce,3,0,14.2,0,1,1,5,0
2025-04-13,Seasonal Berries,Produce,3,0,12.5,0,1,1,6,0
2025-04-14,Seasonal Berries,Produce,3,10,8.1,0,1,0,0,0
2025-04-15,Seasonal Berries,Produce,3,0,11.1,0,0,0,1,0
2025-04-16,Seasonal Berries,Produce,3,0,9.6,0,0,0,2,0
2025-04-17,Seasonal Berries,Produce,3,0,10.0,0,0,0,3,0
2025-04-18,Seasonal Berries,Produce,3,16,11.1,1,0,1,4,0
2025-04-19,Seasonal Berries,Produce,3,15,12.2,0,0,1,5,0
2025-04-20,Seasonal Berries,Produce,3,14,10.3,0,0,1,6,0
2025-04-21,Seasonal Berries,Produce,3,12,13.5,1,0,0,0,0
2025-04-22,Seasonal Berries,Produce,3,14,8.8,0,0,0,1,0
2025-04-23,Seasonal Berries,Produce,3,0,11.4,0,0,0,2,1
2025-04-24,Seasonal Berries,Produce,3,0,17.3,0,0,0,3,0
2025-04-25,Seasonal Berries,Produce,3,23,12.2,0,0,1,4,0
2025-04-26,Seasonal Berries,Produce,3,26,15.0,0,0,1,5,0
2025-04-27,Seasonal Berries,Produce,3,10,12.2,0,0,1,6,0
2025-04-28,Seasonal Berries,Produce,3,0,13.4,0,0,0,0,0
2025-04-29,Seasonal Berries,Produce,3,0,12.1,0,0,0,1,1
2025-04-30,Seasonal Berries,Produce,3,0,12.0,0,0,0,2,0
2025-05-01,Seasonal Berries,Produce,3,9,10.8,0,0,0,3,0
2025-05-02,Seasonal Berries,Produce,3,0,13.6,0,0,1,4,0
2025-05-03,Seasonal Berries,Produce,3,12,10.9,0,0,1,5,0
2025-05-04,Seasonal Berries,Produce,3,19,14.4,0,0,1,6,0
2025-05-05,Seasonal Berries,Produce,3,15,15.4,1,0,0,0,0
2025-05-06,Seasonal Berries,Produce,3,0,14.0,0,0,0,1,0
2025-05-07,Seasonal Berries,Produce,3,6,12.7,0,0,0,2,0
2025-05-08,Seasonal Berries,Produce,3,10,14.4,0,0,0,3,0
2025-05-09,Seasonal Berries,Produce,3,20,12.9,0,0,1,4,0
2025-05-10,Seasonal Berries,Produce,3,19,15.8,0,0,1,5,0
2025-05-11,Seasonal Berries,Produce,3,0,9.8,0,0,1,6,0
2025-05-12,Seasonal Berries,Produce,3,4,13.2,0,0,0,0,0
2025-05-13,Seasonal Berries,Produce,3,1,9.7,0,0,0,1,0
2025-05-14,Seasonal Berries,Produce,3,0,10.9,0,0,0,2,0
2025-05-15,Seasonal Berries,Produce,3,9,17.3,0,0,0,3,0
2025-05-16,Seasonal Berries,Produce,3,17,16.4,0,0,1,4,0
2025-05-17,Seasonal Berries,Produce,3,13,13.0,0,0,1,5,0
2025-05-18,Seasonal Berries,Produce,3,0,11.4,0,0,1,6,0
2025-05-19,Seasonal Berries,Produce,3,13,8.3,0,0,0,0,1
2025-05-20,Seasonal Berries,Produce,3,3,13.8,0,0,0,1,0
2025-05-21,Seasonal Berries,Produce,3,0,20.4,0,0,0,2,0
2025-05-22,Seasonal Berries,Produce,3,8,16.1,0,0,0,3,0
2025-05-23,Seasonal Berries,Produce,3,20,14.1,0,0,1,4,0
2025-05-24,Seasonal Berries,Produce,3,21,16.4,0,0,1,5,0
2025-05-25,Seasonal Berries,Produce,3,16,12.1,0,0,1,6,0
2025-05-26,Seasonal Berries,Produce,3,10,15.0,1,1,0,0,0
2025-05-27,Seasonal Berries,Produce,3,6,16.0,0,1,0,1,0
2025-05-28,Seasonal Berries,Produce,3,0,15.7,0,1,0,2,0
2025-05-29,Seasonal Berries,Produce,3,12,17.7,0,1,0,3,1
2025-05-30,Seasonal Berries,Produce,3,27,16.8,0,1,1,4,1
2025-05-31,Seasonal Berries,Produce,3,17,17.7,0,1,1,5,0
2025-06-01,Seasonal Berries,Produce,3,0,14.8,0,0,1,6,0
2025-06-02,Seasonal Berries,Produce,3,14,18.4,0,0,0,0,0
2025-06-03,Seasonal Berries,Produce,3,16,20.1,0,0,0,1,0
2025-06-04,Seasonal Berries,Produce,3,14,14.5,0,0,0,2,0
2025-06-05,Seasonal Berries,Produce,3,12,14.7,0,0,0,3,0
2025-06-06,Seasonal Berries,Produce,3,0,19.7,0,0,1,4,0
2025-06-07,Seasonal Berries,Produce,3,16,16.5,0,0,1,5,0
2025-06-08,Seasonal Berries,Produce,3,23,20.1,0,0,1,6,0
2025-06-09,Seasonal Berries,Produce,3,8,16.1,0,0,0,0,0
2025-06-10,Seasonal Berries,Produce,3,17,20.4,0,0,0,1,0
2025-06-11,Seasonal Berries,Produce,3,0,17.5,0,0,0,2,0
2025-06-12,Seasonal Berries,Produce,3,9,17.9,0,0,0,3,0
2025-06-13,Seasonal Berries,Produce,3,0,20.9,0,0,1,4,0
2025-06-14,Seasonal Berries,Produce,3,0,16.7,0,0,1,5,0
2025-06-15,Seasonal Berries,Produce,3,20,15.5,0,0,1,6,0
2025-06-16,Seasonal Berries,Produce,3,11,16.7,0,0,0,0,0
2025-06-17,Seasonal Berries,Produce,3,0,18.7,0,0,0,1,0
2025-06-18,Seasonal Berries,Produce,3,8,14.4,0,0,0,2,0
2025-06-19,Seasonal Berries,Produce,3,11,19.3,0,0,0,3,0
2025-06-20,Seasonal Berries,Produce,3,0,16.8,0,0,1,4,0
2025-06-21,Seasonal Berries,Produce,3,15,20.5,0,0,1,5,0
2025-06-22,Seasonal Berries,Produce,3,12,12.8,0,0,1,6,0
2025-06-23,Seasonal Berries,Produce,3,12,16.4,0,0,0,0,0
2025-06-24,Seasonal Berries,Produce,3,7,14.5,0,0,0,1,0
2025-06-25,Seasonal Berries,Produce,3,19,16.4,0,0,0,2,0
2025-06-26,Seasonal Berries,Produce,3,0,18.9,0,0,0,3,0
2025-06-27,Seasonal Berries,Produce,3,17,18.0,0,0,1,4,0
2025-06-28,Seasonal Berries,Produce,3,27,17.9,0,0,1,5,0
2025-06-29,Seasonal Berries,Produce,3,0,18.1,0,0,1,6,0
2025-06-30,Seasonal Berries,Produce,3,0,19.0,0,0,0,0,0
2025-07-01,Seasonal Berries,Produce,3,0,16.3,0,1,0,1,0
2025-07-02,Seasonal Berries,Produce,3,18,20.2,0,1,0,2,0
2025-07-03,Seasonal Berries,Produce,3,0,20.1,0,1,0,3,1
2025-07-04,Seasonal Berries,Produce,3,22,19.5,0,1,1,4,0
2025-07-05,Seasonal Berries,Produce,3,13,19.9,0,1,1,5,0
2025-07-06,Seasonal Berries,Produce,3,13,19.4,0,1,1,6,0
2025-07-07,Seasonal Berries,Produce,3,14,23.3,0,1,0,0,0
2025-07-08,Seasonal Berries,Produce,3,17,18.6,0,1,0,1,0
2025-07-09,Seasonal Berries,Produce,3,6,18.2,0,1,0,2,0
2025-07-10,Seasonal Berries,Produce,3,9,17.2,0,1,0,3,0
2025-07-11,Seasonal Berries,Produce,3,18,16.6,0,1,1,4,0
2025-07-12,Seasonal Berries,Produce,3,20,16.2,0,1,1,5,0
2025-07-13,Seasonal Berries,Produce,3,15,17.0,0,1,1,6,0
2025-07-14,Seasonal Berries,Produce,3,0,18.8,0,1,0,0,0
2025-07-15,Seasonal Berries,Produce,3,13,19.7,0,1,0,1,0
2025-07-16,Seasonal Berries,Produce,3,0,19.1,0,1,0,2,0
2025-07-17,Seasonal Berries,Produce,3,11,17.3,0,1,0,3,0
2025-07-18,Seasonal Berries,Produce,3,17,21.0,0,1,1,4,0
2025-07-19,Seasonal Berries,Produce,3,23,20.6,0,1,1,5,0
2025-07-20,Seasonal Berries,Produce,3,19,18.6,0,1,1,6,0
2025-07-21,Seasonal Berries,Produce,3,15,17.6,0,1,0,0,1
2025-07-22,Seasonal Berries,Produce,3,12,20.2,0,1,0,1,0
2025-07-23,Seasonal Berries,Produce,3,0,19.4,0,1,0,2,0
2025-07-24,Seasonal Berries,Produce,3,0,15.8,0,1,0,3,0
2025-07-25,Seasonal Berries,Produce,3,25,18.8,0,1,1,4,1
2025-07-26,Seasonal Berries,Produce,3,27,19.5,0,1,1,5,0
2025-07-27,Seasonal Berries,Produce,3,17,17.0,0,1,1,6,1
2025-07-28,Seasonal Berries,Produce,3,0,19.3,0,1,0,0,0
2025-07-29,Seasonal Berries,Produce,3,0,15.7,0,1,0,1,0
2025-07-30,Seasonal Berries,Produce,3,11,21.8,0,1,0,2,0
2025-07-31,Seasonal Berries,Produce,3,0,21.6,0,1,0,3,0
2025-08-01,Seasonal Berries,Produce,3,0,18.3,0,1,1,4,0
2025-08-02,Seasonal Berries,Produce,3,14,19.6,0,1,1,5,0
2025-08-03,Seasonal Berries,Produce,3,0,13.5,0,1,1,6,0
2025-08-04,Seasonal Berries,Produce,3,13,16.2,0,1,0,0,0
2025-08-05,Seasonal Berries,Produce,3,0,18.1,0,1,0,1,0
2025-08-06,Seasonal Berries,Produce,3,6,16.3,0,1,0,2,0
2025-08-07,Seasonal Berries,Produce,3,14,20.2,0,1,0,3,0
2025-08-08,Seasonal Berries,Produce,3,0,23.0,0,1,1,4,0
2025-08-09,Seasonal Berries,Produce,3,19,16.0,0,1,1,5,0
2025-08-10,Seasonal Berries,Produce,3,11,16.7,0,1,1,6,0
2025-08-11,Seasonal Berries,Produce,3,12,19.0,0,1,0,0,0
2025-08-12,Seasonal Berries,Produce,3,0,21.9,0,1,0,1,0
2025-08-13,Seasonal Berries,Produce,3,5,15.7,0,1,0,2,0
2025-08-14,Seasonal Berries,Produce,3,11,18.8,0,1,0,3,0
2025-08-15,Seasonal Berries,Produce,3,0,22.2,0,1,1,4,1
2025-08-16,Seasonal Berries,Produce,3,0,14.5,0,1,1,5,0
2025-08-17,Seasonal Berries,Produce,3,12,15.3,0,1,1,6,0
2025-08-18,Seasonal Berries,Produce,3,0,17.1,0,1,0,0,0
2025-08-19,Seasonal Berries,Produce,3,9,16.8,0,1,0,1,0
2025-08-20,Seasonal Berries,Produce,3,13,19.7,0,1,0,2,0
2025-08-21,Seasonal Berries,Produce,3,14,18.4,0,1,0,3,0
2025-08-22,Seasonal Berries,Produce,3,16,13.9,0,1,1,4,0
2025-08-23,Seasonal Berries,Produce,3,0,18.8,0,1,1,5,0
2025-08-24,Seasonal Berries,Produce,3,0,16.3,0,1,1,6,0
2025-08-25,Seasonal Berries,Produce,3,11,20.3,1,1,0,0,0
2025-08-26,Seasonal Berries,Produce,3,9,16.1,0,1,0,1,0
2025-08-27,Seasonal Berries,Produce,3,12,16.0,0,1,0,2,0
2025-08-28,Seasonal Berries,Produce,3,9,18.5,0,1,0,3,0
2025-08-29,Seasonal Berries,Produce,3,16,18.9,0,1,1,4,0
2025-08-30,Seasonal Berries,Produce,3,0,18.1,0,1,1,5,0
2025-08-31,Seasonal Berries,Produce,3,0,13.3,0,1,1,6,0
2025-09-01,Seasonal Berries,Produce,3,10,18.1,0,0,0,0,0
2025-09-02,Seasonal Berries,Produce,3,6,14.6,0,0,0,1,0
2025-09-03,Seasonal Berries,Produce,3,12,17.3,0,0,0,2,1
2025-09-04,Seasonal Berries,Produce,3,12,13.5,0,0,0,3,0
2025-09-05,Seasonal Berries,Produce,3,18,17.5,0,0,1,4,0
2025-09-06,Seasonal Berries,Produce,3,11,14.7,0,0,1,5,0
2025-09-07,Seasonal Berries,Produce,3,12,13.5,0,0,1,6,0
2025-09-08,Seasonal Berries,Produce,3,8,17.8,0,0,0,0,0
2025-09-09,Seasonal Berries,Produce,3,6,16.7,0,0,0,1,0
2025-09-10,Seasonal Berries,Produce,3,0,14.7,0,0,0,2,0
2025-09-11,Seasonal Berries,Produce,3,21,19.1,0,0,0,3,0
2025-09-12,Seasonal Berries,Produce,3,9,14.9,0,0,1,4,0
2025-09-13,Seasonal Berries,Produce,3,16,15.8,0,0,1,5,0
2025-09-14,Seasonal Berries,Produce,3,0,16.2,0,0,1,6,0
2025-09-15,Seasonal Berries,Produce,3,0,14.1,0,0,0,0,0
2025-09-16,Seasonal Berries,Produce,3,0,16.4,0,0,0,1,0
2025-09-17,Seasonal Berries,Produce,3,7,14.1,0,0,0,2,0
2025-09-18,Seasonal Berries,Produce,3,2,14.2,0,0,0,3,0
2025-09-19,Seasonal Berries,Produce,3,13,18.0,0,0,1,4,0
2025-09-20,Seasonal Berries,Produce,3,15,12.6,0,0,1,5,0
2025-09-21,Seasonal Berries,Produce,3,0,9.5,0,0,1,6,0
2025-09-22,Seasonal Berries,Produce,3,6,18.2,0,0,0,0,0
2025-09-23,Seasonal Berries,Produce,3,0,20.1,0,0,0,1,0
2025-09-24,Seasonal Berries,Produce,3,0,13.5,0,0,0,2,0
2025-09-25,Seasonal Berries,Produce,3,6,10.0,0,0,0,3,0
2025-09-26,Seasonal Berries,Produce,3,0,13.5,0,0,1,4,0
2025-09-27,Seasonal Berries,Produce,3,0,13.4,0,0,1,5,0
2025-09-28,Seasonal Berries,Produce,3,9,13.5,0,0,1,6,0
2025-09-29,Seasonal Berries,Produce,3,4,11.3,0,0,0,0,0
2025-09-30,Seasonal Berries,Produce,3,8,14.9,0,0,0,1,0
2025-10-01,Seasonal Berries,Produce,3,6,14.7,0,0,0,2,0
2025-10-02,Seasonal Berries,Produce,3,0,10.1,0,0,0,3,0
2025-10-03,Seasonal Berries,Produce,3,0,14.8,0,0,1,4,0
2025-10-04,Seasonal Berries,Produce,3,20,17.6,0,0,1,5,0
2025-10-05,Seasonal Berries,Produce,3,21,13.4,0,0,1,6,0
2025-10-06,Seasonal Berries,Produce,3,5,12.1,0,0,0,0,0
2025-10-07,Seasonal Berries,Produce,3,0,12.4,0,0,0,1,0
2025-10-08,Seasonal Berries,Produce,3,0,13.9,0,0,0,2,0
2025-10-09,Seasonal Berries,Produce,3,0,8.6,0,0,0,3,0
2025-10-10,Seasonal Berries,Produce,3,0,12.7,0,0,1,4,0
2025-10-11,Seasonal Berries,Produce,3,0,11.3,0,0,1,5,0
2025-10-12,Seasonal Berries,Produce,3,20,16.1,0,0,1,6,0
2025-10-13,Seasonal Berries,Produce,3,12,11.5,0,0,0,0,0
2025-10-14,Seasonal Berries,Produce,3,7,15.4,0,0,0,1,0
2025-10-15,Seasonal Berries,Produce,3,0,9.2,0,0,0,2,0
2025-10-16,Seasonal Berries,Produce,3,0,12.8,0,0,0,3,0
2025-10-17,Seasonal Berries,Produce,3,13,12.1,0,0,1,4,0
2025-10-18,Seasonal Berries,Produce,3,0,9.3,0,0,1,5,0
2025-10-19,Seasonal Berries,Produce,3,6,11.5,0,0,1,6,0
2025-10-20,Seasonal Berries,Produce,3,9,13.6,0,0,0,0,0
2025-10-21,Seasonal Berries,Produce,3,2,10.1,0,0,0,1,0
2025-10-22,Seasonal Berries,Produce,3,0,7.0,0,0,0,2,0
2025-10-23,Seasonal Berries,Produce,3,0,10.5,0,0,0,3,0
2025-10-24,Seasonal Berries,Produce,3,0,8.4,0,0,1,4,0
2025-10-25,Seasonal Berries,Produce,3,10,9.5,0,0,1,5,0
2025-10-26,Seasonal Berries,Produce,3,0,9.9,0,1,1,6,0
2025-10-27,Seasonal Berries,Produce,3,0,6.2,0,1,0,0,0
2025-10-28,Seasonal Berries,Produce,3,0,6.3,0,1,0,1,0
2025-10-29,Seasonal Berries,Produce,3,0,10.8,0,1,0,2,0
2025-10-30,Seasonal Berries,Produce,3,10,8.4,0,1,0,3,0
2025-10-31,Seasonal Berries,Produce,3,9,3.8,0,1,1,4,0
2025-11-01,Seasonal Berries,Produce,3,13,11.0,0,0,1,5,0
2025-11-02,Seasonal Berries,Produce,3,18,9.8,0,0,1,6,0
2025-11-03,Seasonal Berries,Produce,3,0,7.5,0,0,0,0,0
2025-11-04,Seasonal Berries,Produce,3,8,6.0,0,0,0,1,0
2025-11-05,Seasonal Berries,Produce,3,10,10.6,0,0,0,2,0
2025-11-06,Seasonal Berries,Produce,3,0,9.4,0,0,0,3,0
2025-11-07,Seasonal Berries,Produce,3,12,13.8,0,0,1,4,0
2025-11-08,Seasonal Berries,Produce,3,8,9.3,0,0,1,5,0
2025-11-09,Seasonal Berries,Produce,3,6,9.1,0,0,1,6,0
2025-11-10,Seasonal Berries,Produce,3,6,7.8,0,0,0,0,0
2025-11-11,Seasonal Berries,Produce,3,0,9.8,0,0,0,1,0
2025-11-12,Seasonal Berries,Produce,3,4,9.2,0,0,0,2,0
2025-11-13,Seasonal Berries,Produce,3,8,10.5,0,0,0,3,0
2025-11-14,Seasonal Berries,Produce,3,10,6.5,0,0,1,4,0
2025-11-15,Seasonal Berries,Produce,3,9,6.5,0,0,1,5,0
2025-11-16,Seasonal Berries,Produce,3,0,6.3,0,0,1,6,0
2025-11-17,Seasonal Berries,Produce,3,7,9.0,0,0,0,0,0
2025-11-18,Seasonal Berries,Produce,3,0,10.4,0,0,0,1,0
2025-11-19,Seasonal Berries,Produce,3,0,6.0,0,0,0,2,0
2025-11-20,Seasonal Berries,Produce,3,0,6.0,0,0,0,3,0
2025-11-21,Seasonal Berries,Produce,3,0,7.5,0,0,1,4,0
2025-11-22,Seasonal Berries,Produce,3,14,6.1,0,0,1,5,0
2025-11-23,Seasonal Berries,Produce,3,12,8.6,0,0,1,6,0
2025-11-24,Seasonal Berries,Produce,3,0,1.5,0,0,0,0,0
2025-11-25,Seasonal Berries,Produce,3,0,4.5,0,0,0,1,0
2025-11-26,Seasonal Berries,Produce,3,5,4.5,0,0,0,2,0
2025-11-27,Seasonal Berries,Produce,3,0,1.0,0,0,0,3,1
2025-11-28,Seasonal Berries,Produce,3,8,3.9,0,0,1,4,0
2025-11-29,Seasonal Berries,Produce,3,8,3.9,0,0,1,5,0
2025-11-30,Seasonal Berries,Produce,3,10,5.3,0,0,1,6,0
2025-12-01,Seasonal Berries,Produce,3,0,8.1,0,0,0,0,0
2025-12-02,Seasonal Berries,Produce,3,0,5.0,0,0,0,1,0
2025-12-03,Seasonal Berries,Produce,3,8,3.2,0,0,0,2,0
2025-12-04,Seasonal Berries,Produce,3,0,5.2,0,0,0,3,0
2025-12-05,Seasonal Berries,Produce,3,17,7.6,0,0,1,4,0
2025-12-06,Seasonal Berries,Produce,3,15,3.0,0,0,1,5,0
2025-12-07,Seasonal Berries,Produce,3,8,3.1,0,0,1,6,0
2025-12-08,Seasonal Berries,Produce,3,5,6.2,0,0,0,0,0
2025-12-09,Seasonal Berries,Produce,3,7,4.4,0,0,0,1,0
2025-12-10,Seasonal Berries,Produce,3,12,6.2,0,0,0,2,0
2025-12-11,Seasonal Berries,Produce,3,7,4.7,0,0,0,3,1
2025-12-12,Seasonal Berries,Produce,3,10,6.2,0,0,1,4,0
2025-12-13,Seasonal Berries,Produce,3,0,2.3,0,0,1,5,0
2025-12-14,Seasonal Berries,Produce,3,7,4.5,0,0,1,6,0
2025-12-15,Seasonal Berries,Produce,3,7,3.9,0,0,0,0,0
2025-12-16,Seasonal Berries,Produce,3,5,1.7,0,0,0,1,0
2025-12-17,Seasonal Berries,Produce,3,8,0.8,0,0,0,2,0
2025-12-18,Seasonal Berries,Produce,3,0,5.7,0,0,0,3,0
2025-12-19,Seasonal Berries,Produce,3,4,3.3,0,0,1,4,0
2025-12-20,Seasonal Berries,Produce,3,0,1.8,0,1,1,5,0
2025-12-21,Seasonal Berries,Produce,3,8,3.8,0,1,1,6,0
2025-12-22,Seasonal Berries,Produce,3,0,6.4,0,1,0,0,0
2025-12-23,Seasonal Berries,Produce,3,0,-1.2,0,1,0,1,0
2025-12-24,Seasonal Berries,Produce,3,6,0.5,0,1,0,2,0
2025-12-25,Seasonal Berries,Produce,3,0,1.7,1,1,0,3,0
2025-12-26,Seasonal Berries,Produce,3,17,6.9,1,1,1,4,0
2025-12-27,Seasonal Berries,Produce,3,0,4.2,0,1,1,5,0
2025-12-28,Seasonal Berries,Produce,3,0,5.3,0,1,1,6,0
2025-12-29,Seasonal Berries,Produce,3,5,1.0,0,1,0,0,0
2025-12-30,Seasonal Berries,Produce,3,7,1.0,0,1,0,1,0
2025-12-31,Seasonal Berries,Produce,3,0,4.4,0,1,0,2,0
