date,sku,strategy,opening_stock,received,expired_units,available_stock,demand,served,stockout_units,stockout_day,closing_stock,on_order,inventory_value,mean_age_days,recommended_order,is_review_day,holding_cost,waste_cost,stockout_cost,ordering_cost,total_cost
2025-07-01,Bacon,AI forecast + inventory policy,139.42857142857142,0.0,0.0,139.42857142857142,60.0,60.0,0.0,0,79.42857142857142,0.0,87.37142857142857,1.0,0.0,0,0.05984344422700586,0.0,0.0,0.0,0.05984344422700586
2025-07-01,Burger Buns,AI forecast + inventory policy,354.5,0.0,0.0,354.5,153.0,153.0,0.0,0,201.5,0.0,36.269999999999996,1.0,0.0,0,0.024842465753424657,0.0,0.0,0.0,0.024842465753424657
2025-07-01,Butter,AI forecast + inventory policy,101.07142857142857,0.0,0.0,101.07142857142857,57.0,57.0,0.0,0,44.07142857142857,0.0,41.86785714285714,1.0,0.0,0,0.028676614481409,0.0,0.0,0.0,0.028676614481409
2025-07-01,Cheese Slices,AI forecast + inventory policy,244.35714285714286,0.0,0.0,244.35714285714286,95.0,95.0,0.0,0,149.35714285714286,0.0,32.85857142857143,1.0,0.0,0,0.022505870841487283,0.0,0.0,0.0,0.022505870841487283
2025-07-01,Chicken Breast,AI forecast + inventory policy,290.64285714285717,0.0,0.0,290.64285714285717,109.0,109.0,0.0,0,181.64285714285717,0.0,326.9571428571429,1.0,0.0,0,0.22394324853228964,0.0,0.0,0.0,0.22394324853228964
2025-07-01,Coffee Beans,AI forecast + inventory policy,99.35714285714286,0.0,0.0,99.35714285714286,46.0,46.0,0.0,0,53.35714285714286,0.0,112.05000000000001,1.0,0.0,0,0.07674657534246576,0.0,0.0,0.0,0.07674657534246576
2025-07-01,Cooking Oil,AI forecast + inventory policy,79.42857142857143,0.0,0.0,79.42857142857143,23.0,23.0,0.0,0,56.42857142857143,0.0,90.28571428571429,1.0,0.0,0,0.061839530332681025,0.0,0.0,0.0,0.061839530332681025
2025-07-01,Eggs,AI forecast + inventory policy,185.07142857142858,0.0,0.0,185.07142857142858,58.0,58.0,0.0,0,127.07142857142858,0.0,20.331428571428575,1.0,0.0,0,0.01392563600782779,0.0,0.0,0.0,0.01392563600782779
2025-07-01,Fries (Potatoes),AI forecast + inventory policy,418.2142857142857,0.0,0.0,418.2142857142857,174.0,174.0,0.0,0,244.21428571428572,0.0,73.26428571428572,1.0,0.0,0,0.05018101761252446,0.0,0.0,0.0,0.05018101761252446
2025-07-01,Gluten-free Buns,AI forecast + inventory policy,21.071428571428573,0.0,0.0,21.071428571428573,13.0,13.0,0.0,0,8.071428571428573,0.0,4.439285714285716,1.0,0.0,0,0.003040606653620353,0.0,0.0,0.0,0.003040606653620353
2025-07-01,Lettuce,AI forecast + inventory policy,227.0,0.0,0.0,227.0,70.0,70.0,0.0,0,157.0,0.0,94.2,1.0,0.0,0,0.06452054794520548,0.0,0.0,0.0,0.06452054794520548
2025-07-01,Milk,AI forecast + inventory policy,220.64285714285714,0.0,0.0,220.64285714285714,76.0,76.0,0.0,0,144.64285714285714,0.0,108.48214285714286,1.0,0.0,0,0.0743028375733855,0.0,0.0,0.0,0.0743028375733855
2025-07-01,Mushrooms,AI forecast + inventory policy,110.64285714285714,0.0,0.0,110.64285714285714,34.0,34.0,0.0,0,76.64285714285714,0.0,42.15357142857143,1.0,0.0,0,0.028872309197651665,0.0,0.0,0.0,0.028872309197651665
2025-07-01,Onions,AI forecast + inventory policy,167.92857142857142,0.0,0.0,167.92857142857142,77.0,77.0,0.0,0,90.92857142857142,0.0,22.732142857142854,1.0,0.0,0,0.01556996086105675,0.0,0.0,0.0,0.01556996086105675
2025-07-01,Salmon Fillet,AI forecast + inventory policy,102.71428571428571,0.0,0.0,102.71428571428571,37.0,37.0,0.0,0,65.71428571428571,0.0,210.28571428571428,1.0,0.0,0,0.14403131115459883,0.0,0.0,0.0,0.14403131115459883
2025-07-01,Seasonal Berries,AI forecast + inventory policy,19.571428571428573,0.0,0.0,19.571428571428573,0.0,0.0,0.0,0,19.571428571428573,0.0,27.400000000000002,1.0,0.0,0,0.018767123287671234,0.0,0.0,0.0,0.018767123287671234
2025-07-01,Soft Drinks,AI forecast + inventory policy,483.64285714285717,0.0,0.0,483.64285714285717,134.0,134.0,0.0,0,349.64285714285717,0.0,139.85714285714286,1.0,0.0,0,0.0957925636007828,0.0,0.0,0.0,0.0957925636007828
2025-07-01,Tomatoes,AI forecast + inventory policy,244.85714285714286,0.0,0.0,244.85714285714286,76.0,76.0,0.0,0,168.85714285714286,0.0,75.9857142857143,1.0,0.0,0,0.052045009784735814,0.0,0.0,0.0,0.052045009784735814
2025-07-01,Truffle Oil,AI forecast + inventory policy,4.5,0.0,0.0,4.5,5.0,4.5,0.5,1,0.0,0.0,0.0,0.0,0.0,0,0.0,0.0,8.5,0.0,8.5
2025-07-01,Vegan Cheese,AI forecast + inventory policy,18.714285714285715,0.0,0.0,18.714285714285715,5.0,5.0,0.0,0,13.714285714285715,0.0,8.914285714285715,1.0,0.0,0,0.0061056751467710385,0.0,0.0,0.0,0.0061056751467710385
2025-07-02,Bacon,AI forecast + inventory policy,79.42857142857142,0.0,0.0,79.42857142857142,70.0,70.0,0.0,0,9.428571428571416,300.0,10.37142857142856,2.0,300.0,1,0.0071037181996086015,0.0,0.0,0.625,0.6321037181996086
2025-07-02,Burger Buns,AI forecast + inventory policy,201.5,0.0,0.0,201.5,154.0,154.0,0.0,0,47.5,624.0,8.549999999999999,2.0,624.0,1,0.005856164383561644,0.0,0.0,0.625,0.6308561643835616
2025-07-02,Butter,AI forecast + inventory policy,44.07142857142857,0.0,0.0,44.07142857142857,38.0,38.0,0.0,0,6.071428571428569,204.0,5.767857142857141,2.0,204.0,1,0.003950587084148726,0.0,0.0,0.625,0.6289505870841487
2025-07-02,Cheese Slices,AI forecast + inventory policy,149.35714285714286,0.0,0.0,149.35714285714286,99.0,99.0,0.0,0,50.35714285714286,450.0,11.07857142857143,2.0,450.0,1,0.0075880626223091985,0.0,0.0,0.625,0.6325880626223092
2025-07-02,Chicken Breast,AI forecast + inventory policy,181.64285714285717,0.0,0.0,181.64285714285717,108.0,108.0,0.0,0,73.64285714285717,480.0,132.5571428571429,2.0,480.0,1,0.0907925636007828,0.0,0.0,0.625,0.7157925636007828
2025-07-02,Coffee Beans,AI forecast + inventory policy,53.35714285714286,0.0,0.0,53.35714285714286,44.0,44.0,0.0,0,9.357142857142861,168.0,19.65000000000001,2.0,168.0,1,0.013458904109589047,0.0,0.0,0.625,0.638458904109589
2025-07-02,Cooking Oil,AI forecast + inventory policy,56.42857142857143,0.0,0.0,56.42857142857143,45.0,45.0,0.0,0,11.42857142857143,120.0,18.28571428571429,2.0,120.0,1,0.012524461839530336,0.0,0.0,0.625,0.6375244618395304
2025-07-02,Eggs,AI forecast + inventory policy,127.07142857142858,0.0,0.0,127.07142857142858,85.0,85.0,0.0,0,42.071428571428584,300.0,6.731428571428573,2.0,300.0,1,0.004610567514677105,0.0,0.0,0.625,0.6296105675146771
2025-07-02,Fries (Potatoes),AI forecast + inventory policy,244.21428571428572,0.0,0.0,244.21428571428572,184.0,184.0,0.0,0,60.21428571428572,680.0,18.064285714285717,2.0,680.0,1,0.012372798434442271,0.0,0.0,0.625,0.6373727984344423
2025-07-02,Gluten-free Buns,AI forecast + inventory policy,8.071428571428573,0.0,0.0,8.071428571428573,13.0,8.071428571428573,4.928571428571427,1,0.0,48.0,0.0,0.0,48.0,1,0.0,0.0,5.42142857142857,0.625,6.04642857142857
2025-07-02,Lettuce,AI forecast + inventory policy,157.0,0.0,0.0,157.0,119.0,119.0,0.0,0,38.0,384.0,22.8,2.0,384.0,1,0.015616438356164383,0.0,0.0,0.625,0.6406164383561643
2025-07-02,Milk,AI forecast + inventory policy,144.64285714285714,0.0,0.0,144.64285714285714,103.0,103.0,0.0,0,41.64285714285714,360.0,31.232142857142854,2.0,360.0,1,0.021391878669275926,0.0,0.0,0.625,0.6463918786692759
2025-07-02,Mushrooms,AI forecast + inventory policy,76.64285714285714,0.0,0.0,76.64285714285714,51.0,51.0,0.0,0,25.64285714285714,200.0,14.103571428571428,2.0,200.0,1,0.009659980430528375,0.0,0.0,0.625,0.6346599804305284
2025-07-02,Onions,AI forecast + inventory policy,90.92857142857142,0.0,0.0,90.92857142857142,70.0,70.0,0.0,0,20.928571428571416,280.0,5.232142857142854,2.0,280.0,1,0.0035836594911937357,0.0,0.0,0.625,0.6285836594911938
2025-07-02,Salmon Fillet,AI forecast + inventory policy,65.71428571428571,0.0,0.0,65.71428571428571,35.0,35.0,0.0,0,30.714285714285708,168.0,98.28571428571428,2.0,168.0,1,0.06731898238747554,0.0,0.0,0.625,0.6923189823874756
2025-07-02,Seasonal Berries,AI forecast + inventory policy,19.571428571428573,0.0,0.0,19.571428571428573,18.0,18.0,0.0,0,1.571428571428573,30.0,2.200000000000002,2.0,30.0,1,0.0015068493150684945,0.0,0.0,0.625,0.6265068493150685
2025-07-02,Soft Drinks,AI forecast + inventory policy,349.64285714285717,0.0,0.0,349.64285714285717,187.0,187.0,0.0,0,162.64285714285717,744.0,65.05714285714286,2.0,744.0,1,0.04455968688845403,0.0,0.0,0.625,0.669559686888454
2025-07-02,Tomatoes,AI forecast + inventory policy,168.85714285714286,0.0,0.0,168.85714285714286,107.0,107.0,0.0,0,61.85714285714286,396.0,27.83571428571429,2.0,396.0,1,0.019065557729941292,0.0,0.0,0.625,0.6440655577299413
2025-07-02,Truffle Oil,AI forecast + inventory policy,0.0,0.0,0.0,0.0,5.0,0.0,5.0,1,0.0,28.0,0.0,0.0,28.0,1,0.0,0.0,85.0,0.625,85.625
2025-07-02,Vegan Cheese,AI forecast + inventory policy,13.714285714285715,0.0,0.0,13.714285714285715,0.0,0.0,0.0,0,13.714285714285715,36.0,8.914285714285715,2.0,36.0,1,0.0061056751467710385,0.0,0.0,0.625,0.6311056751467711
2025-07-03,Bacon,AI forecast + inventory policy,9.428571428571416,0.0,0.0,9.428571428571416,69.0,9.428571428571416,59.571428571428584,1,0.0,300.0,0.0,0.0,0.0,0,0.0,0.0,131.0571428571429,0.0,131.0571428571429
2025-07-03,Burger Buns,AI forecast + inventory policy,47.5,0.0,47.5,0.0,148.0,0.0,148.0,1,0.0,624.0,0.0,0.0,0.0,0,0.0,10.924999999999999,53.28,0.0,64.205
2025-07-03,Butter,AI forecast + inventory policy,6.071428571428569,0.0,0.0,6.071428571428569,44.0,6.071428571428569,37.92857142857143,1,0.0,204.0,0.0,0.0,0.0,0,0.0,0.0,72.06428571428572,0.0,72.06428571428572
2025-07-03,Cheese Slices,AI forecast + inventory policy,50.35714285714286,0.0,0.0,50.35714285714286,111.0,50.35714285714286,60.64285714285714,1,0.0,450.0,0.0,0.0,0.0,0,0.0,0.0,26.68285714285714,0.0,26.68285714285714
2025-07-03,Chicken Breast,AI forecast + inventory policy,73.64285714285717,0.0,0.0,73.64285714285717,113.0,73.64285714285717,39.35714285714283,1,0.0,480.0,0.0,0.0,0.0,0,0.0,0.0,141.6857142857142,0.0,141.6857142857142
2025-07-03,Coffee Beans,AI forecast + inventory policy,9.357142857142861,0.0,0.0,9.357142857142861,52.0,9.357142857142861,42.64285714285714,1,0.0,168.0,0.0,0.0,0.0,0,0.0,0.0,179.1,0.0,179.1
2025-07-03,Cooking Oil,AI forecast + inventory policy,11.42857142857143,0.0,0.0,11.42857142857143,39.0,11.42857142857143,27.57142857142857,1,0.0,120.0,0.0,0.0,0.0,0,0.0,0.0,88.22857142857143,0.0,88.22857142857143
2025-07-03,Eggs,AI forecast + inventory policy,42.071428571428584,0.0,0.0,42.071428571428584,102.0,42.071428571428584,59.928571428571416,1,0.0,300.0,0.0,0.0,0.0,0,0.0,0.0,19.177142857142854,0.0,19.177142857142854
2025-07-03,Fries (Potatoes),AI forecast + inventory policy,60.21428571428572,0.0,0.0,60.21428571428572,161.0,60.21428571428572,100.78571428571428,1,0.0,680.0,0.0,0.0,0.0,0,0.0,0.0,60.47142857142856,0.0,60.47142857142856
2025-07-03,Gluten-free Buns,AI forecast + inventory policy,0.0,0.0,0.0,0.0,20.0,0.0,20.0,1,0.0,48.0,0.0,0.0,0.0,0,0.0,0.0,22.0,0.0,22.0
2025-07-03,Lettuce,AI forecast + inventory policy,38.0,0.0,0.0,38.0,105.0,38.0,67.0,1,0.0,384.0,0.0,0.0,0.0,0,0.0,0.0,80.39999999999999,0.0,80.39999999999999
2025-07-03,Milk,AI forecast + inventory policy,41.64285714285714,0.0,0.0,41.64285714285714,86.0,41.64285714285714,44.35714285714286,1,0.0,360.0,0.0,0.0,0.0,0,0.0,0.0,66.53571428571429,0.0,66.53571428571429
2025-07-03,Mushrooms,AI forecast + inventory policy,25.64285714285714,0.0,0.0,25.64285714285714,43.0,25.64285714285714,17.35714285714286,1,0.0,200.0,0.0,0.0,0.0,0,0.0,0.0,19.09285714285715,0.0,19.09285714285715
2025-07-03,Onions,AI forecast + inventory policy,20.928571428571416,0.0,0.0,20.928571428571416,77.0,20.928571428571416,56.071428571428584,1,0.0,280.0,0.0,0.0,0.0,0,0.0,0.0,28.035714285714292,0.0,28.035714285714292
2025-07-03,Salmon Fillet,AI forecast + inventory policy,30.714285714285708,0.0,30.714285714285708,0.0,47.0,0.0,47.0,1,0.0,168.0,0.0,0.0,0.0,0,0.0,99.82142857142857,300.8,0.0,400.62142857142857
2025-07-03,Seasonal Berries,AI forecast + inventory policy,1.571428571428573,0.0,1.571428571428573,0.0,0.0,0.0,0.0,0,0.0,30.0,0.0,0.0,0.0,0,0.0,2.2785714285714307,0.0,0.0,2.2785714285714307
2025-07-03,Soft Drinks,AI forecast + inventory policy,162.64285714285717,0.0,0.0,162.64285714285717,253.0,162.64285714285717,90.35714285714283,1,0.0,744.0,0.0,0.0,0.0,0,0.0,0.0,72.28571428571426,0.0,72.28571428571426
2025-07-03,Tomatoes,AI forecast + inventory policy,61.85714285714286,0.0,0.0,61.85714285714286,107.0,61.85714285714286,45.14285714285714,1,0.0,396.0,0.0,0.0,0.0,0,0.0,0.0,40.628571428571426,0.0,40.628571428571426
2025-07-03,Truffle Oil,AI forecast + inventory policy,0.0,0.0,0.0,0.0,0.0,0.0,0.0,0,0.0,28.0,0.0,0.0,0.0,0,0.0,0.0,0.0,0.0,0.0
2025-07-03,Vegan Cheese,AI forecast + inventory policy,13.714285714285715,0.0,0.0,13.714285714285715,19.0,13.714285714285715,5.285714285714285,1,0.0,36.0,0.0,0.0,0.0,0,0.0,0.0,6.87142857142857,0.0,6.87142857142857
2025-07-04,Bacon,AI forecast + inventory policy,0.0,300.0,0.0,300.0,96.0,96.0,0.0,0,204.0,160.0,224.4,0.0,160.0,1,0.15369863013698631,0.0,0.0,0.625,0.7786986301369863
2025-07-04,Burger Buns,AI forecast + inventory policy,0.0,624.0,0.0,624.0,253.0,253.0,0.0,0,371.0,432.0,66.78,0.0,432.0,1,0.04573972602739726,0.0,0.0,0.625,0.6707397260273973
2025-07-04,Butter,AI forecast + inventory policy,0.0,204.0,0.0,204.0,66.0,66.0,0.0,0,138.0,84.0,131.1,0.0,84.0,1,0.0897945205479452,0.0,0.0,0.625,0.7147945205479452
2025-07-04,Cheese Slices,AI forecast + inventory policy,0.0,450.0,0.0,450.0,180.0,180.0,0.0,0,270.0,300.0,59.4,0.0,300.0,1,0.04068493150684932,0.0,0.0,0.625,0.6656849315068494
2025-07-04,Chicken Breast,AI forecast + inventory policy,0.0,480.0,0.0,480.0,176.0,176.0,0.0,0,304.0,330.0,547.2,0.0,330.0,1,0.3747945205479452,0.0,0.0,0.625,0.9997945205479453
2025-07-04,Coffee Beans,AI forecast + inventory policy,0.0,168.0,0.0,168.0,44.0,44.0,0.0,0,124.0,120.0,260.40000000000003,0.0,120.0,1,0.17835616438356164,0.0,0.0,0.625,0.8033561643835616
2025-07-04,Cooking Oil,AI forecast + inventory policy,0.0,120.0,0.0,120.0,42.0,42.0,0.0,0,78.0,92.0,124.80000000000001,0.0,92.0,1,0.08547945205479453,0.0,0.0,0.625,0.7104794520547946
2025-07-04,Eggs,AI forecast + inventory policy,0.0,300.0,0.0,300.0,108.0,108.0,0.0,0,192.0,210.0,30.72,0.0,210.0,1,0.02104109589041096,0.0,0.0,0.625,0.6460410958904109
2025-07-04,Fries (Potatoes),AI forecast + inventory policy,0.0,680.0,0.0,680.0,264.0,264.0,0.0,0,416.0,480.0,124.8,0.0,480.0,1,0.08547945205479451,0.0,0.0,0.625,0.7104794520547946
2025-07-04,Gluten-free Buns,AI forecast + inventory policy,0.0,48.0,0.0,48.0,0.0,0.0,0.0,0,48.0,12.0,26.400000000000002,0.0,12.0,1,0.01808219178082192,0.0,0.0,0.625,0.6430821917808219
2025-07-04,Lettuce,AI forecast + inventory policy,0.0,384.0,0.0,384.0,151.0,151.0,0.0,0,233.0,264.0,139.79999999999998,0.0,264.0,1,0.09575342465753424,0.0,0.0,0.625,0.7207534246575342
2025-07-04,Milk,AI forecast + inventory policy,0.0,360.0,0.0,360.0,131.0,131.0,0.0,0,229.0,252.0,171.75,0.0,252.0,1,0.11763698630136984,0.0,0.0,0.625,0.7426369863013699
2025-07-04,Mushrooms,AI forecast + inventory policy,0.0,200.0,0.0,200.0,71.0,71.0,0.0,0,129.0,150.0,70.95,0.0,150.0,1,0.04859589041095891,0.0,0.0,0.625,0.6735958904109589
2025-07-04,Onions,AI forecast + inventory policy,0.0,280.0,0.0,280.0,102.0,102.0,0.0,0,178.0,180.0,44.5,0.0,180.0,1,0.03047945205479452,0.0,0.0,0.625,0.6554794520547945
2025-07-04,Salmon Fillet,AI forecast + inventory policy,0.0,168.0,0.0,168.0,67.0,67.0,0.0,0,101.0,78.0,323.20000000000005,0.0,78.0,1,0.22136986301369865,0.0,0.0,0.625,0.8463698630136987
2025-07-04,Seasonal Berries,AI forecast + inventory policy,0.0,30.0,0.0,30.0,22.0,22.0,0.0,0,8.0,12.0,11.2,0.0,12.0,1,0.007671232876712329,0.0,0.0,0.625,0.6326712328767123
2025-07-04,Soft Drinks,AI forecast + inventory policy,0.0,744.0,0.0,744.0,293.0,293.0,0.0,0,451.0,576.0,180.4,0.0,576.0,1,0.12356164383561645,0.0,0.0,0.625,0.7485616438356164
2025-07-04,Tomatoes,AI forecast + inventory policy,0.0,396.0,0.0,396.0,142.0,142.0,0.0,0,254.0,336.0,114.3,0.0,336.0,1,0.07828767123287671,0.0,0.0,0.625,0.7032876712328767
2025-07-04,Truffle Oil,AI forecast + inventory policy,0.0,28.0,0.0,28.0,0.0,0.0,0.0,0,28.0,4.0,238.0,0.0,4.0,1,0.16301369863013698,0.0,0.0,0.625,0.7880136986301369
2025-07-04,Vegan Cheese,AI forecast + inventory policy,0.0,36.0,0.0,36.0,14.0,14.0,0.0,0,22.0,24.0,14.3,0.0,24.0,1,0.009794520547945206,0.0,0.0,0.625,0.6347945205479452
2025-07-05,Bacon,AI forecast + inventory policy,204.0,0.0,0.0,204.0,114.0,114.0,0.0,0,90.0,160.0,99.00000000000001,1.0,0.0,0,0.06780821917808219,0.0,0.0,0.0,0.06780821917808219
2025-07-05,Burger Buns,AI forecast + inventory policy,371.0,0.0,0.0,371.0,219.0,219.0,0.0,0,152.0,432.0,27.36,1.0,0.0,0,0.01873972602739726,0.0,0.0,0.0,0.01873972602739726
2025-07-05,Butter,AI forecast + inventory policy,138.0,0.0,0.0,138.0,59.0,59.0,0.0,0,79.0,84.0,75.05,1.0,0.0,0,0.0514041095890411,0.0,0.0,0.0,0.0514041095890411
2025-07-05,Cheese Slices,AI forecast + inventory policy,270.0,0.0,0.0,270.0,192.0,192.0,0.0,0,78.0,300.0,17.16,1.0,0.0,0,0.011753424657534248,0.0,0.0,0.0,0.011753424657534248
2025-07-05,Chicken Breast,AI forecast + inventory policy,304.0,0.0,0.0,304.0,157.0,157.0,0.0,0,147.0,330.0,264.6,1.0,0.0,0,0.18123287671232877,0.0,0.0,0.0,0.18123287671232877
2025-07-05,Coffee Beans,AI forecast + inventory policy,124.0,0.0,0.0,124.0,44.0,44.0,0.0,0,80.0,120.0,168.0,1.0,0.0,0,0.11506849315068493,0.0,0.0,0.0,0.11506849315068493
2025-07-05,Cooking Oil,AI forecast + inventory policy,78.0,0.0,0.0,78.0,43.0,43.0,0.0,0,35.0,92.0,56.0,1.0,0.0,0,0.038356164383561646,0.0,0.0,0.0,0.038356164383561646
2025-07-05,Eggs,AI forecast + inventory policy,192.0,0.0,0.0,192.0,93.0,93.0,0.0,0,99.0,210.0,15.84,1.0,0.0,0,0.01084931506849315,0.0,0.0,0.0,0.01084931506849315
2025-07-05,Fries (Potatoes),AI forecast + inventory policy,416.0,0.0,0.0,416.0,280.0,280.0,0.0,0,136.0,480.0,40.8,1.0,0.0,0,0.02794520547945205,0.0,0.0,0.0,0.02794520547945205
2025-07-05,Gluten-free Buns,AI forecast + inventory policy,48.0,0.0,0.0,48.0,20.0,20.0,0.0,0,28.0,12.0,15.400000000000002,1.0,0.0,0,0.010547945205479452,0.0,0.0,0.0,0.010547945205479452
2025-07-05,Lettuce,AI forecast + inventory policy,233.0,0.0,0.0,233.0,134.0,134.0,0.0,0,99.0,264.0,59.4,1.0,0.0,0,0.04068493150684931,0.0,0.0,0.0,0.04068493150684931
2025-07-05,Milk,AI forecast + inventory policy,229.0,0.0,0.0,229.0,142.0,142.0,0.0,0,87.0,252.0,65.25,1.0,0.0,0,0.044691780821917805,0.0,0.0,0.0,0.044691780821917805
2025-07-05,Mushrooms,AI forecast + inventory policy,129.0,0.0,0.0,129.0,72.0,72.0,0.0,0,57.0,150.0,31.35,1.0,0.0,0,0.021472602739726027,0.0,0.0,0.0,0.021472602739726027
2025-07-05,Onions,AI forecast + inventory policy,178.0,0.0,0.0,178.0,92.0,92.0,0.0,0,86.0,180.0,21.5,1.0,0.0,0,0.014726027397260274,0.0,0.0,0.0,0.014726027397260274
2025-07-05,Salmon Fillet,AI forecast + inventory policy,101.0,0.0,0.0,101.0,63.0,63.0,0.0,0,38.0,78.0,121.60000000000001,1.0,0.0,0,0.08328767123287673,0.0,0.0,0.0,0.08328767123287673
2025-07-05,Seasonal Berries,AI forecast + inventory policy,8.0,0.0,0.0,8.0,13.0,8.0,5.0,1,0.0,12.0,0.0,0.0,0.0,0,0.0,0.0,14.0,0.0,14.0
2025-07-05,Soft Drinks,AI forecast + inventory policy,451.0,0.0,0.0,451.0,310.0,310.0,0.0,0,141.0,576.0,56.400000000000006,1.0,0.0,0,0.038630136986301376,0.0,0.0,0.0,0.038630136986301376
2025-07-05,Tomatoes,AI forecast + inventory policy,254.0,0.0,0.0,254.0,164.0,164.0,0.0,0,90.0,336.0,40.5,1.0,0.0,0,0.02773972602739726,0.0,0.0,0.0,0.02773972602739726
2025-07-05,Truffle Oil,AI forecast + inventory policy,28.0,0.0,0.0,28.0,0.0,0.0,0.0,0,28.0,4.0,238.0,1.0,0.0,0,0.16301369863013698,0.0,0.0,0.0,0.16301369863013698
2025-07-05,Vegan Cheese,AI forecast + inventory policy,22.0,0.0,0.0,22.0,0.0,0.0,0.0,0,22.0,24.0,14.3,1.0,0.0,0,0.009794520547945206,0.0,0.0,0.0,0.009794520547945206
2025-07-06,Bacon,AI forecast + inventory policy,90.0,160.0,0.0,250.0,91.0,91.0,0.0,0,159.0,0.0,174.9,0.0,0.0,0,0.1197945205479452,0.0,0.0,0.0,0.1197945205479452
2025-07-06,Burger Buns,AI forecast + inventory policy,152.0,432.0,0.0,584.0,342.0,342.0,0.0,0,242.0,0.0,43.559999999999995,0.0,0.0,0,0.029835616438356163,0.0,0.0,0.0,0.029835616438356163
2025-07-06,Butter,AI forecast + inventory policy,79.0,84.0,0.0,163.0,56.0,56.0,0.0,0,107.0,0.0,101.64999999999999,0.42990654205607476,0.0,0,0.06962328767123288,0.0,0.0,0.0,0.06962328767123288
2025-07-06,Cheese Slices,AI forecast + inventory policy,78.0,300.0,0.0,378.0,148.0,148.0,0.0,0,230.0,0.0,50.6,0.0,0.0,0,0.03465753424657535,0.0,0.0,0.0,0.03465753424657535
2025-07-06,Chicken Breast,AI forecast + inventory policy,147.0,330.0,0.0,477.0,134.0,134.0,0.0,0,343.0,0.0,617.4,0.07580174927113703,0.0,0,0.4228767123287671,0.0,0.0,0.0,0.4228767123287671
2025-07-06,Coffee Beans,AI forecast + inventory policy,80.0,120.0,0.0,200.0,67.0,67.0,0.0,0,133.0,0.0,279.3,0.19548872180451127,0.0,0,0.19130136986301371,0.0,0.0,0.0,0.19130136986301371
2025-07-06,Cooking Oil,AI forecast + inventory policy,35.0,92.0,0.0,127.0,47.0,47.0,0.0,0,80.0,0.0,128.0,0.0,0.0,0,0.08767123287671234,0.0,0.0,0.0,0.08767123287671234
2025-07-06,Eggs,AI forecast + inventory policy,99.0,210.0,0.0,309.0,89.0,89.0,0.0,0,220.0,0.0,35.2,0.09090909090909091,0.0,0,0.02410958904109589,0.0,0.0,0.0,0.02410958904109589
2025-07-06,Fries (Potatoes),AI forecast + inventory policy,136.0,480.0,0.0,616.0,254.0,254.0,0.0,0,362.0,0.0,108.6,0.0,0.0,0,0.07438356164383561,0.0,0.0,0.0,0.07438356164383561
2025-07-06,Gluten-free Buns,AI forecast + inventory policy,28.0,12.0,0.0,40.0,21.0,21.0,0.0,0,19.0,0.0,10.450000000000001,0.7368421052631579,0.0,0,0.007157534246575343,0.0,0.0,0.0,0.007157534246575343
2025-07-06,Lettuce,AI forecast + inventory policy,99.0,264.0,0.0,363.0,151.0,151.0,0.0,0,212.0,0.0,127.19999999999999,0.0,0.0,0,0.08712328767123287,0.0,0.0,0.0,0.08712328767123287
2025-07-06,Milk,AI forecast + inventory policy,87.0,252.0,0.0,339.0,138.0,138.0,0.0,0,201.0,0.0,150.75,0.0,0.0,0,0.10325342465753423,0.0,0.0,0.0,0.10325342465753423
2025-07-06,Mushrooms,AI forecast + inventory policy,57.0,150.0,0.0,207.0,85.0,85.0,0.0,0,122.0,0.0,67.10000000000001,0.0,0.0,0,0.04595890410958904,0.0,0.0,0.0,0.04595890410958904
2025-07-06,Onions,AI forecast + inventory policy,86.0,180.0,0.0,266.0,97.0,97.0,0.0,0,169.0,0.0,42.25,0.0,0.0,0,0.02893835616438356,0.0,0.0,0.0,0.02893835616438356
2025-07-06,Salmon Fillet,AI forecast + inventory policy,38.0,78.0,0.0,116.0,81.0,81.0,0.0,0,35.0,0.0,112.0,0.0,0.0,0,0.07671232876712329,0.0,0.0,0.0,0.07671232876712329
2025-07-06,Seasonal Berries,AI forecast + inventory policy,0.0,12.0,0.0,12.0,13.0,12.0,1.0,1,0.0,0.0,0.0,0.0,0.0,0,0.0,0.0,2.8,0.0,2.8
2025-07-06,Soft Drinks,AI forecast + inventory policy,141.0,576.0,0.0,717.0,320.0,320.0,0.0,0,397.0,0.0,158.8,0.0,0.0,0,0.10876712328767124,0.0,0.0,0.0,0.10876712328767124
2025-07-06,Tomatoes,AI forecast + inventory policy,90.0,336.0,0.0,426.0,222.0,222.0,0.0,0,204.0,0.0,91.8,0.0,0.0,0,0.06287671232876713,0.0,0.0,0.0,0.06287671232876713
2025-07-06,Truffle Oil,AI forecast + inventory policy,28.0,4.0,0.0,32.0,0.0,0.0,0.0,0,32.0,0.0,272.0,1.75,0.0,0,0.1863013698630137,0.0,0.0,0.0,0.1863013698630137
2025-07-06,Vegan Cheese,AI forecast + inventory policy,22.0,24.0,0.0,46.0,12.0,12.0,0.0,0,34.0,0.0,22.1,0.5882352941176471,0.0,0,0.015136986301369865,0.0,0.0,0.0,0.015136986301369865
2025-07-07,Bacon,AI forecast + inventory policy,159.0,0.0,0.0,159.0,63.0,63.0,0.0,0,96.0,160.0,105.60000000000001,1.0,160.0,1,0.07232876712328767,0.0,0.0,0.6578947368421053,0.730223503965393
2025-07-07,Burger Buns,AI forecast + inventory policy,242.0,0.0,0.0,242.0,187.0,187.0,0.0,0,55.0,480.0,9.9,1.0,480.0,1,0.006780821917808219,0.0,0.0,0.6578947368421053,0.6646755587599136
2025-07-07,Butter,AI forecast + inventory policy,107.0,0.0,0.0,107.0,48.0,48.0,0.0,0,59.0,108.0,56.05,1.0,108.0,1,0.03839041095890411,0.0,0.0,0.6578947368421053,0.6962851478010095
2025-07-07,Cheese Slices,AI forecast + inventory policy,230.0,0.0,0.0,230.0,103.0,103.0,0.0,0,127.0,200.0,27.94,1.0,200.0,1,0.019136986301369865,0.0,0.0,0.6578947368421053,0.6770317231434752
2025-07-07,Chicken Breast,AI forecast + inventory policy,343.0,0.0,0.0,343.0,114.0,114.0,0.0,0,229.0,170.0,412.2,1.0,170.0,1,0.28232876712328764,0.0,0.0,0.6578947368421053,0.940223503965393
2025-07-07,Coffee Beans,AI forecast + inventory policy,133.0,0.0,0.0,133.0,44.0,44.0,0.0,0,89.0,66.0,186.9,1.0,66.0,1,0.12801369863013698,0.0,0.0,0.6578947368421053,0.7859084354722423
2025-07-07,Cooking Oil,AI forecast + inventory policy,80.0,0.0,0.0,80.0,29.0,29.0,0.0,0,51.0,72.0,81.60000000000001,1.0,72.0,1,0.05589041095890412,0.0,0.0,0.6578947368421053,0.7137851478010094
2025-07-07,Eggs,AI forecast + inventory policy,220.0,0.0,0.0,220.0,70.0,70.0,0.0,0,150.0,120.0,24.0,1.0,120.0,1,0.016438356164383564,0.0,0.0,0.6578947368421053,0.6743330930064889
2025-07-07,Fries (Potatoes),AI forecast + inventory policy,362.0,0.0,0.0,362.0,151.0,151.0,0.0,0,211.0,320.0,63.3,1.0,320.0,1,0.04335616438356164,0.0,0.0,0.6578947368421053,0.7012509012256669
2025-07-07,Gluten-free Buns,AI forecast + inventory policy,19.0,0.0,7.0,12.0,16.0,12.0,4.0,1,0.0,48.0,0.0,0.0,48.0,1,0.0,4.2,4.4,0.6578947368421053,9.257894736842108
2025-07-07,Lettuce,AI forecast + inventory policy,212.0,0.0,0.0,212.0,108.0,108.0,0.0,0,104.0,192.0,62.4,1.0,192.0,1,0.04273972602739726,0.0,0.0,0.6578947368421053,0.7006344628695026
2025-07-07,Milk,AI forecast + inventory policy,201.0,0.0,0.0,201.0,93.0,93.0,0.0,0,108.0,204.0,81.0,1.0,204.0,1,0.055479452054794515,0.0,0.0,0.6578947368421053,0.7133741888968999
2025-07-07,Mushrooms,AI forecast + inventory policy,122.0,0.0,0.0,122.0,51.0,51.0,0.0,0,71.0,110.0,39.050000000000004,1.0,110.0,1,0.026746575342465755,0.0,0.0,0.6578947368421053,0.684641312184571
2025-07-07,Onions,AI forecast + inventory policy,169.0,0.0,0.0,169.0,75.0,75.0,0.0,0,94.0,140.0,23.5,1.0,140.0,1,0.016095890410958904,0.0,0.0,0.6578947368421053,0.6739906272530642
2025-07-07,Salmon Fillet,AI forecast + inventory policy,35.0,0.0,0.0,35.0,35.0,35.0,0.0,0,0.0,138.0,0.0,0.0,138.0,1,0.0,0.0,0.0,0.6578947368421053,0.6578947368421053
2025-07-07,Seasonal Berries,AI forecast + inventory policy,0.0,0.0,0.0,0.0,14.0,0.0,14.0,1,0.0,48.0,0.0,0.0,48.0,1,0.0,0.0,39.199999999999996,0.6578947368421053,39.8578947368421
2025-07-07,Soft Drinks,AI forecast + inventory policy,397.0,0.0,0.0,397.0,203.0,203.0,0.0,0,194.0,480.0,77.60000000000001,1.0,480.0,1,0.053150684931506854,0.0,0.0,0.6578947368421053,0.7110454217736122
2025-07-07,Tomatoes,AI forecast + inventory policy,204.0,0.0,0.0,204.0,103.0,103.0,0.0,0,101.0,228.0,45.45,1.0,228.0,1,0.03113013698630137,0.0,0.0,0.6578947368421053,0.6890248738284067
2025-07-07,Truffle Oil,AI forecast + inventory policy,32.0,0.0,0.0,32.0,7.0,7.0,0.0,0,25.0,0.0,212.5,2.68,0.0,1,0.14554794520547945,0.0,0.0,0.0,0.14554794520547945
2025-07-07,Vegan Cheese,AI forecast + inventory policy,34.0,0.0,0.0,34.0,9.0,9.0,0.0,0,25.0,12.0,16.25,1.08,12.0,1,0.011130136986301371,0.0,0.0,0.6578947368421053,0.6690248738284067
2025-07-08,Bacon,AI forecast + inventory policy,96.0,0.0,0.0,96.0,44.0,44.0,0.0,0,52.0,160.0,57.2,2.0,0.0,0,0.03917808219178082,0.0,0.0,0.0,0.03917808219178082
2025-07-08,Burger Buns,AI forecast + inventory policy,55.0,0.0,0.0,55.0,125.0,55.0,70.0,1,0.0,480.0,0.0,0.0,0.0,0,0.0,0.0,25.2,0.0,25.2
2025-07-08,Butter,AI forecast + inventory policy,59.0,0.0,0.0,59.0,39.0,39.0,0.0,0,20.0,108.0,19.0,2.0,0.0,0,0.013013698630136987,0.0,0.0,0.0,0.013013698630136987
2025-07-08,Cheese Slices,AI forecast + inventory policy,127.0,0.0,0.0,127.0,94.0,94.0,0.0,0,33.0,200.0,7.26,2.0,0.0,0,0.004972602739726027,0.0,0.0,0.0,0.004972602739726027
2025-07-08,Chicken Breast,AI forecast + inventory policy,229.0,0.0,0.0,229.0,112.0,112.0,0.0,0,117.0,170.0,210.6,2.0,0.0,0,0.14424657534246574,0.0,0.0,0.0,0.14424657534246574
2025-07-08,Coffee Beans,AI forecast + inventory policy,89.0,0.0,0.0,89.0,46.0,46.0,0.0,0,43.0,66.0,90.3,2.0,0.0,0,0.06184931506849315,0.0,0.0,0.0,0.06184931506849315
2025-07-08,Cooking Oil,AI forecast + inventory policy,51.0,0.0,0.0,51.0,28.0,28.0,0.0,0,23.0,72.0,36.800000000000004,2.0,0.0,0,0.0252054794520548,0.0,0.0,0.0,0.0252054794520548
2025-07-08,Eggs,AI forecast + inventory policy,150.0,0.0,0.0,150.0,75.0,75.0,0.0,0,75.0,120.0,12.0,2.0,0.0,0,0.008219178082191782,0.0,0.0,0.0,0.008219178082191782
2025-07-08,Fries (Potatoes),AI forecast + inventory policy,211.0,0.0,0.0,211.0,144.0,144.0,0.0,0,67.0,320.0,20.099999999999998,2.0,0.0,0,0.013767123287671231,0.0,0.0,0.0,0.013767123287671231
2025-07-08,Gluten-free Buns,AI forecast + inventory policy,0.0,0.0,0.0,0.0,0.0,0.0,0.0,0,0.0,48.0,0.0,0.0,0.0,0,0.0,0.0,0.0,0.0,0.0
2025-07-08,Lettuce,AI forecast + inventory policy,104.0,0.0,0.0,104.0,85.0,85.0,0.0,0,19.0,192.0,11.4,2.0,0.0,0,0.007808219178082191,0.0,0.0,0.0,0.007808219178082191
2025-07-08,Milk,AI forecast + inventory policy,108.0,0.0,0.0,108.0,82.0,82.0,0.0,0,26.0,204.0,19.5,2.0,0.0,0,0.013356164383561643,0.0,0.0,0.0,0.013356164383561643
2025-07-08,Mushrooms,AI forecast + inventory policy,71.0,0.0,0.0,71.0,42.0,42.0,0.0,0,29.0,110.0,15.950000000000001,2.0,0.0,0,0.010924657534246575,0.0,0.0,0.0,0.010924657534246575
2025-07-08,Onions,AI forecast + inventory policy,94.0,0.0,0.0,94.0,56.0,56.0,0.0,0,38.0,140.0,9.5,2.0,0.0,0,0.006506849315068493,0.0,0.0,0.0,0.006506849315068493
2025-07-08,Salmon Fillet,AI forecast + inventory policy,0.0,0.0,0.0,0.0,44.0,0.0,44.0,1,0.0,138.0,0.0,0.0,0.0,0,0.0,0.0,281.6,0.0,281.6
2025-07-08,Seasonal Berries,AI forecast + inventory policy,0.0,0.0,0.0,0.0,17.0,0.0,17.0,1,0.0,48.0,0.0,0.0,0.0,0,0.0,0.0,47.599999999999994,0.0,47.599999999999994
2025-07-08,Soft Drinks,AI forecast + inventory policy,194.0,0.0,0.0,194.0,171.0,171.0,0.0,0,23.0,480.0,9.200000000000001,2.0,0.0,0,0.0063013698630137,0.0,0.0,0.0,0.0063013698630137
2025-07-08,Tomatoes,AI forecast + inventory policy,101.0,0.0,0.0,101.0,102.0,101.0,1.0,1,0.0,228.0,0.0,0.0,0.0,0,0.0,0.0,0.9,0.0,0.9
2025-07-08,Truffle Oil,AI forecast + inventory policy,25.0,0.0,0.0,25.0,7.0,7.0,0.0,0,18.0,0.0,153.0,3.5555555555555554,0.0,0,0.10479452054794522,0.0,0.0,0.0,0.10479452054794522
2025-07-08,Vegan Cheese,AI forecast + inventory policy,25.0,0.0,0.0,25.0,8.0,8.0,0.0,0,17.0,12.0,11.05,2.0,0.0,0,0.007568493150684932,0.0,0.0,0.0,0.007568493150684932
2025-07-09,Bacon,AI forecast + inventory policy,52.0,160.0,0.0,212.0,72.0,72.0,0.0,0,140.0,200.0,154.0,0.0,200.0,1,0.10547945205479453,0.0,0.0,0.625,0.7304794520547946
2025-07-09,Burger Buns,AI forecast + inventory policy,0.0,480.0,0.0,480.0,145.0,145.0,0.0,0,335.0,384.0,60.3,0.0,384.0,1,0.0413013698630137,0.0,0.0,0.625,0.6663013698630137
2025-07-09,Butter,AI forecast + inventory policy,20.0,108.0,0.0,128.0,43.0,43.0,0.0,0,85.0,120.0,80.75,0.0,120.0,1,0.055308219178082194,0.0,0.0,0.625,0.6803082191780822
2025-07-09,Cheese Slices,AI forecast + inventory policy,33.0,200.0,0.0,233.0,106.0,106.0,0.0,0,127.0,350.0,27.94,0.0,350.0,1,0.019136986301369865,0.0,0.0,0.625,0.6441369863013698
2025-07-09,Chicken Breast,AI forecast + inventory policy,117.0,170.0,0.0,287.0,116.0,116.0,0.0,0,171.0,340.0,307.8,0.017543859649122806,340.0,1,0.21082191780821918,0.0,0.0,0.625,0.8358219178082191
2025-07-09,Coffee Beans,AI forecast + inventory policy,43.0,66.0,0.0,109.0,40.0,40.0,0.0,0,69.0,114.0,144.9,0.13043478260869565,114.0,1,0.09924657534246575,0.0,0.0,0.625,0.7242465753424657
2025-07-09,Cooking Oil,AI forecast + inventory policy,23.0,72.0,0.0,95.0,30.0,30.0,0.0,0,65.0,96.0,104.0,0.0,96.0,1,0.07123287671232878,0.0,0.0,0.625,0.6962328767123288
2025-07-09,Eggs,AI forecast + inventory policy,75.0,120.0,0.0,195.0,82.0,82.0,0.0,0,113.0,180.0,18.080000000000002,0.0,180.0,1,0.012383561643835616,0.0,0.0,0.625,0.6373835616438356
2025-07-09,Fries (Potatoes),AI forecast + inventory policy,67.0,320.0,0.0,387.0,150.0,150.0,0.0,0,237.0,460.0,71.1,0.0,460.0,1,0.0486986301369863,0.0,0.0,0.625,0.6736986301369863
2025-07-09,Gluten-free Buns,AI forecast + inventory policy,0.0,48.0,0.0,48.0,0.0,0.0,0.0,0,48.0,12.0,26.400000000000002,0.0,12.0,1,0.01808219178082192,0.0,0.0,0.625,0.6430821917808219
2025-07-09,Lettuce,AI forecast + inventory policy,19.0,192.0,0.0,211.0,89.0,89.0,0.0,0,122.0,276.0,73.2,0.0,276.0,1,0.05013698630136986,0.0,0.0,0.625,0.6751369863013699
2025-07-09,Milk,AI forecast + inventory policy,26.0,204.0,0.0,230.0,108.0,108.0,0.0,0,122.0,252.0,91.5,0.0,252.0,1,0.06267123287671232,0.0,0.0,0.625,0.6876712328767123
2025-07-09,Mushrooms,AI forecast + inventory policy,29.0,110.0,0.0,139.0,53.0,53.0,0.0,0,86.0,160.0,47.300000000000004,0.0,160.0,1,0.032397260273972606,0.0,0.0,0.625,0.6573972602739726
2025-07-09,Onions,AI forecast + inventory policy,38.0,140.0,0.0,178.0,72.0,72.0,0.0,0,106.0,180.0,26.5,0.0,180.0,1,0.01815068493150685,0.0,0.0,0.625,0.6431506849315068
2025-07-09,Salmon Fillet,AI forecast + inventory policy,0.0,138.0,0.0,138.0,39.0,39.0,0.0,0,99.0,120.0,316.8,0.0,120.0,1,0.21698630136986305,0.0,0.0,0.625,0.8419863013698631
2025-07-09,Seasonal Berries,AI forecast + inventory policy,0.0,48.0,0.0,48.0,6.0,6.0,0.0,0,42.0,6.0,58.8,0.0,6.0,1,0.040273972602739724,0.0,0.0,0.625,0.6652739726027397
2025-07-09,Soft Drinks,AI forecast + inventory policy,23.0,480.0,0.0,503.0,152.0,152.0,0.0,0,351.0,480.0,140.4,0.0,480.0,1,0.09616438356164385,0.0,0.0,0.625,0.7211643835616438
2025-07-09,Tomatoes,AI forecast + inventory policy,0.0,228.0,0.0,228.0,105.0,105.0,0.0,0,123.0,312.0,55.35,0.0,312.0,1,0.03791095890410959,0.0,0.0,0.625,0.6629109589041096
2025-07-09,Truffle Oil,AI forecast + inventory policy,18.0,0.0,0.0,18.0,0.0,0.0,0.0,0,18.0,10.0,153.0,4.555555555555555,10.0,1,0.10479452054794522,0.0,0.0,0.625,0.7297945205479452
2025-07-09,Vegan Cheese,AI forecast + inventory policy,17.0,12.0,0.0,29.0,0.0,0.0,0.0,0,29.0,24.0,18.85,1.7586206896551724,24.0,1,0.01291095890410959,0.0,0.0,0.625,0.6379109589041095
2025-07-10,Bacon,AI forecast + inventory policy,140.0,0.0,0.0,140.0,65.0,65.0,0.0,0,75.0,200.0,82.5,1.0,0.0,0,0.0565068493150685,0.0,0.0,0.0,0.0565068493150685
2025-07-10,Burger Buns,AI forecast + inventory policy,335.0,0.0,0.0,335.0,176.0,176.0,0.0,0,159.0,384.0,28.619999999999997,1.0,0.0,0,0.019602739726027395,0.0,0.0,0.0,0.019602739726027395
2025-07-10,Butter,AI forecast + inventory policy,85.0,0.0,0.0,85.0,70.0,70.0,0.0,0,15.0,120.0,14.25,1.0,0.0,0,0.00976027397260274,0.0,0.0,0.0,0.00976027397260274
2025-07-10,Cheese Slices,AI forecast + inventory policy,127.0,0.0,0.0,127.0,120.0,120.0,0.0,0,7.0,350.0,1.54,1.0,0.0,0,0.0010547945205479452,0.0,0.0,0.0,0.0010547945205479452
2025-07-10,Chicken Breast,AI forecast + inventory policy,171.0,0.0,1.0,170.0,134.0,134.0,0.0,0,36.0,340.0,64.8,1.0,0.0,0,0.04438356164383561,1.85,0.0,0.0,1.8943835616438358
2025-07-10,Coffee Beans,AI forecast + inventory policy,69.0,0.0,0.0,69.0,33.0,33.0,0.0,0,36.0,114.0,75.60000000000001,1.0,0.0,0,0.05178082191780822,0.0,0.0,0.0,0.05178082191780822
2025-07-10,Cooking Oil,AI forecast + inventory policy,65.0,0.0,0.0,65.0,30.0,30.0,0.0,0,35.0,96.0,56.0,1.0,0.0,0,0.038356164383561646,0.0,0.0,0.0,0.038356164383561646
2025-07-10,Eggs,AI forecast + inventory policy,113.0,0.0,0.0,113.0,68.0,68.0,0.0,0,45.0,180.0,7.2,1.0,0.0,0,0.004931506849315068,0.0,0.0,0.0,0.004931506849315068
2025-07-10,Fries (Potatoes),AI forecast + inventory policy,237.0,0.0,0.0,237.0,171.0,171.0,0.0,0,66.0,460.0,19.8,1.0,0.0,0,0.013561643835616437,0.0,0.0,0.0,0.013561643835616437
2025-07-10,Gluten-free Buns,AI forecast + inventory policy,48.0,0.0,0.0,48.0,13.0,13.0,0.0,0,35.0,12.0,19.25,1.0,0.0,0,0.013184931506849316,0.0,0.0,0.0,0.013184931506849316
2025-07-10,Lettuce,AI forecast + inventory policy,122.0,0.0,0.0,122.0,98.0,98.0,0.0,0,24.0,276.0,14.399999999999999,1.0,0.0,0,0.009863013698630137,0.0,0.0,0.0,0.009863013698630137
2025-07-10,Milk,AI forecast + inventory policy,122.0,0.0,0.0,122.0,92.0,92.0,0.0,0,30.0,252.0,22.5,1.0,0.0,0,0.015410958904109588,0.0,0.0,0.0,0.015410958904109588
2025-07-10,Mushrooms,AI forecast + inventory policy,86.0,0.0,0.0,86.0,38.0,38.0,0.0,0,48.0,160.0,26.400000000000002,1.0,0.0,0,0.01808219178082192,0.0,0.0,0.0,0.01808219178082192
2025-07-10,Onions,AI forecast + inventory policy,106.0,0.0,0.0,106.0,70.0,70.0,0.0,0,36.0,180.0,9.0,1.0,0.0,0,0.0061643835616438354,0.0,0.0,0.0,0.0061643835616438354
2025-07-10,Salmon Fillet,AI forecast + inventory policy,99.0,0.0,0.0,99.0,46.0,46.0,0.0,0,53.0,120.0,169.60000000000002,1.0,0.0,0,0.11616438356164385,0.0,0.0,0.0,0.11616438356164385
2025-07-10,Seasonal Berries,AI forecast + inventory policy,42.0,0.0,0.0,42.0,9.0,9.0,0.0,0,33.0,6.0,46.199999999999996,1.0,0.0,0,0.031643835616438354,0.0,0.0,0.0,0.031643835616438354
2025-07-10,Soft Drinks,AI forecast + inventory policy,351.0,0.0,0.0,351.0,165.0,165.0,0.0,0,186.0,480.0,74.4,1.0,0.0,0,0.050958904109589045,0.0,0.0,0.0,0.050958904109589045
2025-07-10,Tomatoes,AI forecast + inventory policy,123.0,0.0,0.0,123.0,105.0,105.0,0.0,0,18.0,312.0,8.1,1.0,0.0,0,0.0055479452054794515,0.0,0.0,0.0,0.0055479452054794515
2025-07-10,Truffle Oil,AI forecast + inventory policy,18.0,0.0,0.0,18.0,6.0,6.0,0.0,0,12.0,10.0,102.0,5.333333333333333,0.0,0,0.06986301369863014,0.0,0.0,0.0,0.06986301369863014
2025-07-10,Vegan Cheese,AI forecast + inventory policy,29.0,0.0,0.0,29.0,0.0,0.0,0.0,0,29.0,24.0,18.85,2.7586206896551726,0.0,0,0.01291095890410959,0.0,0.0,0.0,0.01291095890410959
2025-07-11,Bacon,AI forecast + inventory policy,75.0,200.0,0.0,275.0,110.0,110.0,0.0,0,165.0,240.0,181.50000000000003,0.0,240.0,1,0.12431506849315069,0.0,0.0,0.6578947368421053,0.782209805335256
2025-07-11,Burger Buns,AI forecast + inventory policy,159.0,384.0,0.0,543.0,199.0,199.0,0.0,0,344.0,432.0,61.919999999999995,0.0,432.0,1,0.04241095890410959,0.0,0.0,0.6578947368421053,0.7003056957462149
2025-07-11,Butter,AI forecast + inventory policy,15.0,120.0,0.0,135.0,57.0,57.0,0.0,0,78.0,168.0,74.1,0.0,168.0,1,0.05075342465753425,0.0,0.0,0.6578947368421053,0.7086481614996396
2025-07-11,Cheese Slices,AI forecast + inventory policy,7.0,350.0,0.0,357.0,140.0,140.0,0.0,0,217.0,350.0,47.74,0.0,350.0,1,0.032698630136986304,0.0,0.0,0.6578947368421053,0.6905933669790916
2025-07-11,Chicken Breast,AI forecast + inventory policy,36.0,340.0,0.0,376.0,162.0,162.0,0.0,0,214.0,390.0,385.2,0.0,390.0,1,0.2638356164383562,0.0,0.0,0.6578947368421053,0.9217303532804615
2025-07-11,Coffee Beans,AI forecast + inventory policy,36.0,114.0,0.0,150.0,61.0,61.0,0.0,0,89.0,126.0,186.9,0.0,126.0,1,0.12801369863013698,0.0,0.0,0.6578947368421053,0.7859084354722423
2025-07-11,Cooking Oil,AI forecast + inventory policy,35.0,96.0,0.0,131.0,45.0,45.0,0.0,0,86.0,100.0,137.6,0.0,100.0,1,0.09424657534246576,0.0,0.0,0.6578947368421053,0.752141312184571
2025-07-11,Eggs,AI forecast + inventory policy,45.0,180.0,0.0,225.0,95.0,95.0,0.0,0,130.0,270.0,20.8,0.0,270.0,1,0.014246575342465755,0.0,0.0,0.6578947368421053,0.6721413121845711
2025-07-11,Fries (Potatoes),AI forecast + inventory policy,66.0,460.0,0.0,526.0,253.0,253.0,0.0,0,273.0,560.0,81.89999999999999,0.0,560.0,1,0.0560958904109589,0.0,0.0,0.6578947368421053,0.7139906272530642
2025-07-11,Gluten-free Buns,AI forecast + inventory policy,35.0,12.0,0.0,47.0,23.0,23.0,0.0,0,24.0,0.0,13.200000000000001,1.0,0.0,1,0.00904109589041096,0.0,0.0,0.0,0.00904109589041096
2025-07-11,Lettuce,AI forecast + inventory policy,24.0,276.0,0.0,300.0,124.0,124.0,0.0,0,176.0,324.0,105.6,0.0,324.0,1,0.07232876712328766,0.0,0.0,0.6578947368421053,0.7302235039653929
2025-07-11,Milk,AI forecast + inventory policy,30.0,252.0,0.0,282.0,109.0,109.0,0.0,0,173.0,324.0,129.75,0.0,324.0,1,0.08886986301369862,0.0,0.0,0.6578947368421053,0.7467645998558039
2025-07-11,Mushrooms,AI forecast + inventory policy,48.0,160.0,0.0,208.0,92.0,92.0,0.0,0,116.0,160.0,63.800000000000004,0.0,160.0,1,0.0436986301369863,0.0,0.0,0.6578947368421053,0.7015933669790916
2025-07-11,Onions,AI forecast + inventory policy,36.0,180.0,0.0,216.0,99.0,99.0,0.0,0,117.0,240.0,29.25,0.0,240.0,1,0.020034246575342467,0.0,0.0,0.6578947368421053,0.6779289834174478
2025-07-11,Salmon Fillet,AI forecast + inventory policy,53.0,120.0,0.0,173.0,80.0,80.0,0.0,0,93.0,102.0,297.6,0.0,102.0,1,0.20383561643835618,0.0,0.0,0.6578947368421053,0.8617303532804614
2025-07-11,Seasonal Berries,AI forecast + inventory policy,33.0,6.0,0.0,39.0,18.0,18.0,0.0,0,21.0,12.0,29.4,1.4285714285714286,12.0,1,0.020136986301369862,0.0,0.0,0.6578947368421053,0.6780317231434752
2025-07-11,Soft Drinks,AI forecast + inventory policy,186.0,480.0,0.0,666.0,305.0,305.0,0.0,0,361.0,552.0,144.4,0.0,552.0,1,0.09890410958904111,0.0,0.0,0.6578947368421053,0.7567988464311464
2025-07-11,Tomatoes,AI forecast + inventory policy,18.0,312.0,0.0,330.0,150.0,150.0,0.0,0,180.0,372.0,81.0,0.0,372.0,1,0.05547945205479452,0.0,0.0,0.6578947368421053,0.7133741888968999
2025-07-11,Truffle Oil,AI forecast + inventory policy,12.0,10.0,0.0,22.0,0.0,0.0,0.0,0,22.0,10.0,187.0,3.4545454545454546,10.0,1,0.12808219178082192,0.0,0.0,0.6578947368421053,0.7859769286229272
2025-07-11,Vegan Cheese,AI forecast + inventory policy,29.0,24.0,0.0,53.0,11.0,11.0,0.0,0,42.0,12.0,27.300000000000004,1.2857142857142858,12.0,1,0.0186986301369863,0.0,0.0,0.6578947368421053,0.6765933669790916
2025-07-12,Bacon,AI forecast + inventory policy,165.0,0.0,0.0,165.0,110.0,110.0,0.0,0,55.0,240.0,60.50000000000001,1.0,0.0,0,0.041438356164383565,0.0,0.0,0.0,0.041438356164383565
2025-07-12,Burger Buns,AI forecast + inventory policy,344.0,0.0,0.0,344.0,214.0,214.0,0.0,0,130.0,432.0,23.4,1.0,0.0,0,0.01602739726027397,0.0,0.0,0.0,0.01602739726027397
2025-07-12,Butter,AI forecast + inventory policy,78.0,0.0,0.0,78.0,49.0,49.0,0.0,0,29.0,168.0,27.549999999999997,1.0,0.0,0,0.01886986301369863,0.0,0.0,0.0,0.01886986301369863
2025-07-12,Cheese Slices,AI forecast + inventory policy,217.0,0.0,0.0,217.0,182.0,182.0,0.0,0,35.0,350.0,7.7,1.0,0.0,0,0.005273972602739726,0.0,0.0,0.0,0.005273972602739726
2025-07-12,Chicken Breast,AI forecast + inventory policy,214.0,0.0,0.0,214.0,158.0,158.0,0.0,0,56.0,390.0,100.8,1.0,0.0,0,0.06904109589041096,0.0,0.0,0.0,0.06904109589041096
2025-07-12,Coffee Beans,AI forecast + inventory policy,89.0,0.0,0.0,89.0,42.0,42.0,0.0,0,47.0,126.0,98.7,1.0,0.0,0,0.0676027397260274,0.0,0.0,0.0,0.0676027397260274
2025-07-12,Cooking Oil,AI forecast + inventory policy,86.0,0.0,0.0,86.0,42.0,42.0,0.0,0,44.0,100.0,70.4,1.0,0.0,0,0.04821917808219179,0.0,0.0,0.0,0.04821917808219179
2025-07-12,Eggs,AI forecast + inventory policy,130.0,0.0,0.0,130.0,109.0,109.0,0.0,0,21.0,270.0,3.36,1.0,0.0,0,0.002301369863013699,0.0,0.0,0.0,0.002301369863013699
2025-07-12,Fries (Potatoes),AI forecast + inventory policy,273.0,0.0,0.0,273.0,250.0,250.0,0.0,0,23.0,560.0,6.8999999999999995,1.0,0.0,0,0.004726027397260274,0.0,0.0,0.0,0.004726027397260274
2025-07-12,Gluten-free Buns,AI forecast + inventory policy,24.0,0.0,12.0,12.0,24.0,12.0,12.0,1,0.0,0.0,0.0,0.0,0.0,0,0.0,7.200000000000001,13.200000000000001,0.0,20.400000000000002
2025-07-12,Lettuce,AI forecast + inventory policy,176.0,0.0,0.0,176.0,118.0,118.0,0.0,0,58.0,324.0,34.8,1.0,0.0,0,0.023835616438356164,0.0,0.0,0.0,0.023835616438356164
2025-07-12,Milk,AI forecast + inventory policy,173.0,0.0,0.0,173.0,179.0,173.0,6.0,1,0.0,324.0,0.0,0.0,0.0,0,0.0,0.0,9.0,0.0,9.0
2025-07-12,Mushrooms,AI forecast + inventory policy,116.0,0.0,0.0,116.0,122.0,116.0,6.0,1,0.0,160.0,0.0,0.0,0.0,0,0.0,0.0,6.6000000000000005,0.0,6.6000000000000005
2025-07-12,Onions,AI forecast + inventory policy,117.0,0.0,0.0,117.0,105.0,105.0,0.0,0,12.0,240.0,3.0,1.0,0.0,0,0.0020547945205479454,0.0,0.0,0.0,0.0020547945205479454
2025-07-12,Salmon Fillet,AI forecast + inventory policy,93.0,0.0,0.0,93.0,63.0,63.0,0.0,0,30.0,102.0,96.0,1.0,0.0,0,0.06575342465753425,0.0,0.0,0.0,0.06575342465753425
2025-07-12,Seasonal Berries,AI forecast + inventory policy,21.0,0.0,15.0,6.0,20.0,6.0,14.0,1,0.0,12.0,0.0,0.0,0.0,0,0.0,21.75,39.199999999999996,0.0,60.949999999999996
2025-07-12,Soft Drinks,AI forecast + inventory policy,361.0,0.0,0.0,361.0,268.0,268.0,0.0,0,93.0,552.0,37.2,1.0,0.0,0,0.025479452054794523,0.0,0.0,0.0,0.025479452054794523
2025-07-12,Tomatoes,AI forecast + inventory policy,180.0,0.0,0.0,180.0,149.0,149.0,0.0,0,31.0,372.0,13.950000000000001,1.0,0.0,0,0.009554794520547945,0.0,0.0,0.0,0.009554794520547945
2025-07-12,Truffle Oil,AI forecast + inventory policy,22.0,0.0,0.0,22.0,14.0,14.0,0.0,0,8.0,10.0,68.0,1.0,0.0,0,0.04657534246575343,0.0,0.0,0.0,0.04657534246575343
2025-07-12,Vegan Cheese,AI forecast + inventory policy,42.0,0.0,0.0,42.0,13.0,13.0,0.0,0,29.0,12.0,18.85,1.3448275862068966,0.0,0,0.01291095890410959,0.0,0.0,0.0,0.01291095890410959
2025-07-13,Bacon,AI forecast + inventory policy,55.0,240.0,0.0,295.0,91.0,91.0,0.0,0,204.0,0.0,224.4,0.0,0.0,0,0.15369863013698631,0.0,0.0,0.0,0.15369863013698631
2025-07-13,Burger Buns,AI forecast + inventory policy,130.0,432.0,0.0,562.0,230.0,230.0,0.0,0,332.0,0.0,59.76,0.0,0.0,0,0.04093150684931507,0.0,0.0,0.0,0.04093150684931507
2025-07-13,Butter,AI forecast + inventory policy,29.0,168.0,0.0,197.0,63.0,63.0,0.0,0,134.0,0.0,127.3,0.0,0.0,0,0.08719178082191781,0.0,0.0,0.0,0.08719178082191781
2025-07-13,Cheese Slices,AI forecast + inventory policy,35.0,350.0,0.0,385.0,140.0,140.0,0.0,0,245.0,0.0,53.9,0.0,0.0,0,0.03691780821917808,0.0,0.0,0.0,0.03691780821917808
2025-07-13,Chicken Breast,AI forecast + inventory policy,56.0,390.0,0.0,446.0,160.0,160.0,0.0,0,286.0,0.0,514.8000000000001,0.0,0.0,0,0.3526027397260274,0.0,0.0,0.0,0.3526027397260274
2025-07-13,Coffee Beans,AI forecast + inventory policy,47.0,126.0,0.0,173.0,45.0,45.0,0.0,0,128.0,0.0,268.8,0.03125,0.0,0,0.1841095890410959,0.0,0.0,0.0,0.1841095890410959
2025-07-13,Cooking Oil,AI forecast + inventory policy,44.0,100.0,0.0,144.0,50.0,50.0,0.0,0,94.0,0.0,150.4,0.0,0.0,0,0.103013698630137,0.0,0.0,0.0,0.103013698630137
2025-07-13,Eggs,AI forecast + inventory policy,21.0,270.0,0.0,291.0,99.0,99.0,0.0,0,192.0,0.0,30.72,0.0,0.0,0,0.02104109589041096,0.0,0.0,0.0,0.02104109589041096
2025-07-13,Fries (Potatoes),AI forecast + inventory policy,23.0,560.0,0.0,583.0,247.0,247.0,0.0,0,336.0,0.0,100.8,0.0,0.0,0,0.06904109589041095,0.0,0.0,0.0,0.06904109589041095
2025-07-13,Gluten-free Buns,AI forecast + inventory policy,0.0,0.0,0.0,0.0,23.0,0.0,23.0,1,0.0,0.0,0.0,0.0,0.0,0,0.0,0.0,25.3,0.0,25.3
2025-07-13,Lettuce,AI forecast + inventory policy,58.0,324.0,0.0,382.0,121.0,121.0,0.0,0,261.0,0.0,156.6,0.0,0.0,0,0.10726027397260274,0.0,0.0,0.0,0.10726027397260274
2025-07-13,Milk,AI forecast + inventory policy,0.0,324.0,0.0,324.0,113.0,113.0,0.0,0,211.0,0.0,158.25,0.0,0.0,0,0.1083904109589041,0.0,0.0,0.0,0.1083904109589041
2025-07-13,Mushrooms,AI forecast + inventory policy,0.0,160.0,0.0,160.0,75.0,75.0,0.0,0,85.0,0.0,46.75000000000001,0.0,0.0,0,0.03202054794520548,0.0,0.0,0.0,0.03202054794520548
2025-07-13,Onions,AI forecast + inventory policy,12.0,240.0,0.0,252.0,92.0,92.0,0.0,0,160.0,0.0,40.0,0.0,0.0,0,0.0273972602739726,0.0,0.0,0.0,0.0273972602739726
2025-07-13,Salmon Fillet,AI forecast + inventory policy,30.0,102.0,0.0,132.0,65.0,65.0,0.0,0,67.0,0.0,214.4,0.0,0.0,0,0.14684931506849316,0.0,0.0,0.0,0.14684931506849316
2025-07-13,Seasonal Berries,AI forecast + inventory policy,0.0,12.0,0.0,12.0,15.0,12.0,3.0,1,0.0,0.0,0.0,0.0,0.0,0,0.0,0.0,8.399999999999999,0.0,8.399999999999999
2025-07-13,Soft Drinks,AI forecast + inventory policy,93.0,552.0,0.0,645.0,314.0,314.0,0.0,0,331.0,0.0,132.4,0.0,0.0,0,0.09068493150684932,0.0,0.0,0.0,0.09068493150684932
2025-07-13,Tomatoes,AI forecast + inventory policy,31.0,372.0,0.0,403.0,149.0,149.0,0.0,0,254.0,0.0,114.3,0.0,0.0,0,0.07828767123287671,0.0,0.0,0.0,0.07828767123287671
2025-07-13,Truffle Oil,AI forecast + inventory policy,8.0,10.0,0.0,18.0,0.0,0.0,0.0,0,18.0,0.0,153.0,0.8888888888888888,0.0,0,0.10479452054794522,0.0,0.0,0.0,0.10479452054794522
2025-07-13,Vegan Cheese,AI forecast + inventory policy,29.0,12.0,0.0,41.0,0.0,0.0,0.0,0,41.0,0.0,26.650000000000002,1.6585365853658536,0.0,0,0.018253424657534247,0.0,0.0,0.0,0.018253424657534247
2025-07-14,Bacon,AI forecast + inventory policy,204.0,0.0,0.0,204.0,80.0,80.0,0.0,0,124.0,140.0,136.4,1.0,140.0,1,0.09342465753424659,0.0,0.0,0.625,0.7184246575342466
2025-07-14,Burger Buns,AI forecast + inventory policy,332.0,0.0,0.0,332.0,131.0,131.0,0.0,0,201.0,336.0,36.18,1.0,336.0,1,0.02478082191780822,0.0,0.0,0.625,0.6497808219178082
2025-07-14,Butter,AI forecast + inventory policy,134.0,0.0,0.0,134.0,50.0,50.0,0.0,0,84.0,84.0,79.8,1.0,84.0,1,0.054657534246575344,0.0,0.0,0.625,0.6796575342465754
2025-07-14,Cheese Slices,AI forecast + inventory policy,245.0,0.0,0.0,245.0,102.0,102.0,0.0,0,143.0,200.0,31.46,1.0,200.0,1,0.021547945205479455,0.0,0.0,0.625,0.6465479452054794
2025-07-14,Chicken Breast,AI forecast + inventory policy,286.0,0.0,0.0,286.0,103.0,103.0,0.0,0,183.0,230.0,329.40000000000003,1.0,230.0,1,0.22561643835616438,0.0,0.0,0.625,0.8506164383561644
2025-07-14,Coffee Beans,AI forecast + inventory policy,128.0,0.0,0.0,128.0,42.0,42.0,0.0,0,86.0,72.0,180.6,1.0,72.0,1,0.1236986301369863,0.0,0.0,0.625,0.7486986301369863
2025-07-14,Cooking Oil,AI forecast + inventory policy,94.0,0.0,0.0,94.0,29.0,29.0,0.0,0,65.0,56.0,104.0,1.0,56.0,1,0.07123287671232878,0.0,0.0,0.625,0.6962328767123288
2025-07-14,Eggs,AI forecast + inventory policy,192.0,0.0,0.0,192.0,75.0,75.0,0.0,0,117.0,150.0,18.72,1.0,150.0,1,0.012821917808219178,0.0,0.0,0.625,0.6378219178082192
2025-07-14,Fries (Potatoes),AI forecast + inventory policy,336.0,0.0,0.0,336.0,138.0,138.0,0.0,0,198.0,360.0,59.4,1.0,360.0,1,0.04068493150684931,0.0,0.0,0.625,0.6656849315068493
2025-07-14,Gluten-free Buns,AI forecast + inventory policy,0.0,0.0,0.0,0.0,13.0,0.0,13.0,1,0.0,60.0,0.0,0.0,60.0,1,0.0,0.0,14.3,0.625,14.925
2025-07-14,Lettuce,AI forecast + inventory policy,261.0,0.0,0.0,261.0,91.0,91.0,0.0,0,170.0,144.0,102.0,1.0,144.0,1,0.06986301369863013,0.0,0.0,0.625,0.6948630136986301
2025-07-14,Milk,AI forecast + inventory policy,211.0,0.0,0.0,211.0,69.0,69.0,0.0,0,142.0,180.0,106.5,1.0,180.0,1,0.07294520547945205,0.0,0.0,0.625,0.697945205479452
2025-07-14,Mushrooms,AI forecast + inventory policy,85.0,0.0,0.0,85.0,37.0,37.0,0.0,0,48.0,160.0,26.400000000000002,1.0,160.0,1,0.01808219178082192,0.0,0.0,0.625,0.6430821917808219
2025-07-14,Onions,AI forecast + inventory policy,160.0,0.0,0.0,160.0,59.0,59.0,0.0,0,101.0,140.0,25.25,1.0,140.0,1,0.017294520547945207,0.0,0.0,0.625,0.6422945205479452
2025-07-14,Salmon Fillet,AI forecast + inventory policy,67.0,0.0,0.0,67.0,31.0,31.0,0.0,0,36.0,126.0,115.2,1.0,126.0,1,0.07890410958904111,0.0,0.0,0.625,0.7039041095890411
2025-07-14,Seasonal Berries,AI forecast + inventory policy,0.0,0.0,0.0,0.0,0.0,0.0,0.0,0,0.0,54.0,0.0,0.0,54.0,1,0.0,0.0,0.0,0.625,0.625
2025-07-14,Soft Drinks,AI forecast + inventory policy,331.0,0.0,0.0,331.0,134.0,134.0,0.0,0,197.0,456.0,78.80000000000001,1.0,456.0,1,0.05397260273972603,0.0,0.0,0.625,0.678972602739726
2025-07-14,Tomatoes,AI forecast + inventory policy,254.0,0.0,0.0,254.0,92.0,92.0,0.0,0,162.0,192.0,72.9,1.0,192.0,1,0.04993150684931507,0.0,0.0,0.625,0.674931506849315
2025-07-14,Truffle Oil,AI forecast + inventory policy,18.0,0.0,0.0,18.0,0.0,0.0,0.0,0,18.0,10.0,153.0,1.8888888888888888,10.0,1,0.10479452054794522,0.0,0.0,0.625,0.7297945205479452
2025-07-14,Vegan Cheese,AI forecast + inventory policy,41.0,0.0,0.0,41.0,0.0,0.0,0.0,0,41.0,12.0,26.650000000000002,2.658536585365854,12.0,1,0.018253424657534247,0.0,0.0,0.625,0.6432534246575342
2025-07-15,Bacon,AI forecast + inventory policy,124.0,0.0,0.0,124.0,66.0,66.0,0.0,0,58.0,140.0,63.800000000000004,2.0,0.0,0,0.0436986301369863,0.0,0.0,0.0,0.0436986301369863
2025-07-15,Burger Buns,AI forecast + inventory policy,201.0,0.0,0.0,201.0,171.0,171.0,0.0,0,30.0,336.0,5.3999999999999995,2.0,0.0,0,0.0036986301369863013,0.0,0.0,0.0,0.0036986301369863013
2025-07-15,Butter,AI forecast + inventory policy,84.0,0.0,0.0,84.0,45.0,45.0,0.0,0,39.0,84.0,37.05,2.0,0.0,0,0.025376712328767124,0.0,0.0,0.0,0.025376712328767124
2025-07-15,Cheese Slices,AI forecast + inventory policy,143.0,0.0,0.0,143.0,90.0,90.0,0.0,0,53.0,200.0,11.66,2.0,0.0,0,0.007986301369863015,0.0,0.0,0.0,0.007986301369863015
2025-07-15,Chicken Breast,AI forecast + inventory policy,183.0,0.0,0.0,183.0,108.0,108.0,0.0,0,75.0,230.0,135.0,2.0,0.0,0,0.09246575342465753,0.0,0.0,0.0,0.09246575342465753
2025-07-15,Coffee Beans,AI forecast + inventory policy,86.0,0.0,0.0,86.0,60.0,60.0,0.0,0,26.0,72.0,54.6,2.0,0.0,0,0.0373972602739726,0.0,0.0,0.0,0.0373972602739726
2025-07-15,Cooking Oil,AI forecast + inventory policy,65.0,0.0,0.0,65.0,39.0,39.0,0.0,0,26.0,56.0,41.6,2.0,0.0,0,0.02849315068493151,0.0,0.0,0.0,0.02849315068493151
2025-07-15,Eggs,AI forecast + inventory policy,117.0,0.0,0.0,117.0,96.0,96.0,0.0,0,21.0,150.0,3.36,2.0,0.0,0,0.002301369863013699,0.0,0.0,0.0,0.002301369863013699
2025-07-15,Fries (Potatoes),AI forecast + inventory policy,198.0,0.0,0.0,198.0,138.0,138.0,0.0,0,60.0,360.0,18.0,2.0,0.0,0,0.012328767123287671,0.0,0.0,0.0,0.012328767123287671
2025-07-15,Gluten-free Buns,AI forecast + inventory policy,0.0,0.0,0.0,0.0,8.0,0.0,8.0,1,0.0,60.0,0.0,0.0,0.0,0,0.0,0.0,8.8,0.0,8.8
2025-07-15,Lettuce,AI forecast + inventory policy,170.0,0.0,0.0,170.0,91.0,91.0,0.0,0,79.0,144.0,47.4,2.0,0.0,0,0.03246575342465753,0.0,0.0,0.0,0.03246575342465753
2025-07-15,Milk,AI forecast + inventory policy,142.0,0.0,0.0,142.0,71.0,71.0,0.0,0,71.0,180.0,53.25,2.0,0.0,0,0.03647260273972602,0.0,0.0,0.0,0.03647260273972602
2025-07-15,Mushrooms,AI forecast + inventory policy,48.0,0.0,0.0,48.0,41.0,41.0,0.0,0,7.0,160.0,3.8500000000000005,2.0,0.0,0,0.002636986301369863,0.0,0.0,0.0,0.002636986301369863
2025-07-15,Onions,AI forecast + inventory policy,101.0,0.0,0.0,101.0,69.0,69.0,0.0,0,32.0,140.0,8.0,2.0,0.0,0,0.005479452054794521,0.0,0.0,0.0,0.005479452054794521
2025-07-15,Salmon Fillet,AI forecast + inventory policy,36.0,0.0,0.0,36.0,35.0,35.0,0.0,0,1.0,126.0,3.2,2.0,0.0,0,0.0021917808219178085,0.0,0.0,0.0,0.0021917808219178085
2025-07-15,Seasonal Berries,AI forecast + inventory policy,0.0,0.0,0.0,0.0,13.0,0.0,13.0,1,0.0,54.0,0.0,0.0,0.0,0,0.0,0.0,36.4,0.0,36.4
2025-07-15,Soft Drinks,AI forecast + inventory policy,197.0,0.0,0.0,197.0,159.0,159.0,0.0,0,38.0,456.0,15.200000000000001,2.0,0.0,0,0.01041095890410959,0.0,0.0,0.0,0.01041095890410959
2025-07-15,Tomatoes,AI forecast + inventory policy,162.0,0.0,0.0,162.0,101.0,101.0,0.0,0,61.0,192.0,27.45,2.0,0.0,0,0.018801369863013697,0.0,0.0,0.0,0.018801369863013697
2025-07-15,Truffle Oil,AI forecast + inventory policy,18.0,0.0,0.0,18.0,0.0,0.0,0.0,0,18.0,10.0,153.0,2.888888888888889,0.0,0,0.10479452054794522,0.0,0.0,0.0,0.10479452054794522
2025-07-15,Vegan Cheese,AI forecast + inventory policy,41.0,0.0,0.0,41.0,6.0,6.0,0.0,0,35.0,12.0,22.75,3.3142857142857145,0.0,0,0.01558219178082192,0.0,0.0,0.0,0.01558219178082192
2025-07-16,Bacon,AI forecast + inventory policy,58.0,140.0,0.0,198.0,55.0,55.0,0.0,0,143.0,190.0,157.3,0.06293706293706294,190.0,1,0.10773972602739726,0.0,0.0,0.78125,0.8889897260273972
2025-07-16,Burger Buns,AI forecast + inventory policy,30.0,336.0,30.0,336.0,122.0,122.0,0.0,0,214.0,480.0,38.519999999999996,0.0,480.0,1,0.026383561643835617,6.8999999999999995,0.0,0.78125,7.707633561643835
2025-07-16,Butter,AI forecast + inventory policy,39.0,84.0,0.0,123.0,48.0,48.0,0.0,0,75.0,96.0,71.25,0.0,96.0,1,0.0488013698630137,0.0,0.0,0.78125,0.8300513698630136
2025-07-16,Cheese Slices,AI forecast + inventory policy,53.0,200.0,0.0,253.0,115.0,115.0,0.0,0,138.0,300.0,30.36,0.0,300.0,1,0.020794520547945207,0.0,0.0,0.78125,0.8020445205479452
2025-07-16,Chicken Breast,AI forecast + inventory policy,75.0,230.0,0.0,305.0,126.0,126.0,0.0,0,179.0,320.0,322.2,0.0,320.0,1,0.2206849315068493,0.0,0.0,0.78125,1.0019349315068493
2025-07-16,Coffee Beans,AI forecast + inventory policy,26.0,72.0,0.0,98.0,45.0,45.0,0.0,0,53.0,120.0,111.30000000000001,0.0,120.0,1,0.07623287671232877,0.0,0.0,0.78125,0.8574828767123288
2025-07-16,Cooking Oil,AI forecast + inventory policy,26.0,56.0,0.0,82.0,38.0,38.0,0.0,0,44.0,88.0,70.4,0.0,88.0,1,0.04821917808219179,0.0,0.0,0.78125,0.8294691780821918
2025-07-16,Eggs,AI forecast + inventory policy,21.0,150.0,0.0,171.0,84.0,84.0,0.0,0,87.0,240.0,13.92,0.0,240.0,1,0.009534246575342466,0.0,0.0,0.78125,0.7907842465753425
2025-07-16,Fries (Potatoes),AI forecast + inventory policy,60.0,360.0,0.0,420.0,173.0,173.0,0.0,0,247.0,480.0,74.1,0.0,480.0,1,0.05075342465753424,0.0,0.0,0.78125,0.8320034246575343
2025-07-16,Gluten-free Buns,AI forecast + inventory policy,0.0,60.0,0.0,60.0,26.0,26.0,0.0,0,34.0,0.0,18.700000000000003,0.0,0.0,1,0.012808219178082192,0.0,0.0,0.0,0.012808219178082192
2025-07-16,Lettuce,AI forecast + inventory policy,79.0,144.0,0.0,223.0,124.0,124.0,0.0,0,99.0,288.0,59.4,0.0,288.0,1,0.04068493150684931,0.0,0.0,0.78125,0.8219349315068493
2025-07-16,Milk,AI forecast + inventory policy,71.0,180.0,0.0,251.0,85.0,85.0,0.0,0,166.0,264.0,124.5,0.0,264.0,1,0.08527397260273972,0.0,0.0,0.78125,0.8665239726027397
2025-07-16,Mushrooms,AI forecast + inventory policy,7.0,160.0,0.0,167.0,0.0,0.0,0.0,0,167.0,130.0,91.85,0.12574850299401197,130.0,1,0.0629109589041096,0.0,0.0,0.78125,0.8441609589041096
2025-07-16,Onions,AI forecast + inventory policy,32.0,140.0,0.0,172.0,79.0,79.0,0.0,0,93.0,200.0,23.25,0.0,200.0,1,0.015924657534246576,0.0,0.0,0.78125,0.7971746575342465
2025-07-16,Salmon Fillet,AI forecast + inventory policy,1.0,126.0,1.0,126.0,39.0,39.0,0.0,0,87.0,114.0,278.40000000000003,0.0,114.0,1,0.19068493150684934,3.25,0.0,0.78125,4.2219349315068495
2025-07-16,Seasonal Berries,AI forecast + inventory policy,0.0,54.0,0.0,54.0,0.0,0.0,0.0,0,54.0,0.0,75.6,0.0,0.0,1,0.051780821917808216,0.0,0.0,0.0,0.051780821917808216
2025-07-16,Soft Drinks,AI forecast + inventory policy,38.0,456.0,0.0,494.0,171.0,171.0,0.0,0,323.0,600.0,129.20000000000002,0.0,600.0,1,0.08849315068493152,0.0,0.0,0.78125,0.8697431506849316
2025-07-16,Tomatoes,AI forecast + inventory policy,61.0,192.0,0.0,253.0,93.0,93.0,0.0,0,160.0,312.0,72.0,0.0,312.0,1,0.049315068493150684,0.0,0.0,0.78125,0.8305650684931507
2025-07-16,Truffle Oil,AI forecast + inventory policy,18.0,10.0,0.0,28.0,0.0,0.0,0.0,0,28.0,0.0,238.0,2.5,0.0,1,0.16301369863013698,0.0,0.0,0.0,0.16301369863013698
2025-07-16,Vegan Cheese,AI forecast + inventory policy,35.0,12.0,0.0,47.0,0.0,0.0,0.0,0,47.0,0.0,30.550000000000004,3.2127659574468086,0.0,1,0.020924657534246577,0.0,0.0,0.0,0.020924657534246577
2025-07-17,Bacon,AI forecast + inventory policy,143.0,0.0,0.0,143.0,61.0,61.0,0.0,0,82.0,190.0,90.2,1.0,0.0,0,0.06178082191780822,0.0,0.0,0.0,0.06178082191780822
2025-07-17,Burger Buns,AI forecast + inventory policy,214.0,0.0,0.0,214.0,145.0,145.0,0.0,0,69.0,480.0,12.42,1.0,0.0,0,0.008506849315068492,0.0,0.0,0.0,0.008506849315068492
2025-07-17,Butter,AI forecast + inventory policy,75.0,0.0,0.0,75.0,52.0,52.0,0.0,0,23.0,96.0,21.849999999999998,1.0,0.0,0,0.014965753424657535,0.0,0.0,0.0,0.014965753424657535
2025-07-17,Cheese Slices,AI forecast + inventory policy,138.0,0.0,0.0,138.0,92.0,92.0,0.0,0,46.0,300.0,10.12,1.0,0.0,0,0.006931506849315069,0.0,0.0,0.0,0.006931506849315069
2025-07-17,Chicken Breast,AI forecast + inventory policy,179.0,0.0,0.0,179.0,124.0,124.0,0.0,0,55.0,320.0,99.0,1.0,0.0,0,0.06780821917808219,0.0,0.0,0.0,0.06780821917808219
2025-07-17,Coffee Beans,AI forecast + inventory policy,53.0,0.0,0.0,53.0,40.0,40.0,0.0,0,13.0,120.0,27.3,1.0,0.0,0,0.0186986301369863,0.0,0.0,0.0,0.0186986301369863
2025-07-17,Cooking Oil,AI forecast + inventory policy,44.0,0.0,0.0,44.0,29.0,29.0,0.0,0,15.0,88.0,24.0,1.0,0.0,0,0.016438356164383564,0.0,0.0,0.0,0.016438356164383564
2025-07-17,Eggs,AI forecast + inventory policy,87.0,0.0,0.0,87.0,74.0,74.0,0.0,0,13.0,240.0,2.08,1.0,0.0,0,0.0014246575342465753,0.0,0.0,0.0,0.0014246575342465753
2025-07-17,Fries (Potatoes),AI forecast + inventory policy,247.0,0.0,0.0,247.0,154.0,154.0,0.0,0,93.0,480.0,27.9,1.0,0.0,0,0.01910958904109589,0.0,0.0,0.0,0.01910958904109589
2025-07-17,Gluten-free Buns,AI forecast + inventory policy,34.0,0.0,0.0,34.0,0.0,0.0,0.0,0,34.0,0.0,18.700000000000003,1.0,0.0,0,0.012808219178082192,0.0,0.0,0.0,0.012808219178082192
2025-07-17,Lettuce,AI forecast + inventory policy,99.0,0.0,0.0,99.0,97.0,97.0,0.0,0,2.0,288.0,1.2,1.0,0.0,0,0.000821917808219178,0.0,0.0,0.0,0.000821917808219178
2025-07-17,Milk,AI forecast + inventory policy,166.0,0.0,0.0,166.0,81.0,81.0,0.0,0,85.0,264.0,63.75,1.0,0.0,0,0.04366438356164383,0.0,0.0,0.0,0.04366438356164383
2025-07-17,Mushrooms,AI forecast + inventory policy,167.0,0.0,0.0,167.0,48.0,48.0,0.0,0,119.0,130.0,65.45,1.0,0.0,0,0.04482876712328767,0.0,0.0,0.0,0.04482876712328767
2025-07-17,Onions,AI forecast + inventory policy,93.0,0.0,0.0,93.0,84.0,84.0,0.0,0,9.0,200.0,2.25,1.0,0.0,0,0.0015410958904109589,0.0,0.0,0.0,0.0015410958904109589
2025-07-17,Salmon Fillet,AI forecast + inventory policy,87.0,0.0,0.0,87.0,44.0,44.0,0.0,0,43.0,114.0,137.6,1.0,0.0,0,0.09424657534246576,0.0,0.0,0.0,0.09424657534246576
2025-07-17,Seasonal Berries,AI forecast + inventory policy,54.0,0.0,0.0,54.0,11.0,11.0,0.0,0,43.0,0.0,60.199999999999996,1.0,0.0,0,0.04123287671232877,0.0,0.0,0.0,0.04123287671232877
2025-07-17,Soft Drinks,AI forecast + inventory policy,323.0,0.0,0.0,323.0,147.0,147.0,0.0,0,176.0,600.0,70.4,1.0,0.0,0,0.04821917808219179,0.0,0.0,0.0,0.04821917808219179
2025-07-17,Tomatoes,AI forecast + inventory policy,160.0,0.0,0.0,160.0,113.0,113.0,0.0,0,47.0,312.0,21.150000000000002,1.0,0.0,0,0.014486301369863014,0.0,0.0,0.0,0.014486301369863014
2025-07-17,Truffle Oil,AI forecast + inventory policy,28.0,0.0,0.0,28.0,4.0,4.0,0.0,0,24.0,0.0,204.0,3.0833333333333335,0.0,0,0.13972602739726028,0.0,0.0,0.0,0.13972602739726028
2025-07-17,Vegan Cheese,AI forecast + inventory policy,47.0,0.0,0.0,47.0,10.0,10.0,0.0,0,37.0,0.0,24.050000000000004,3.72972972972973,0.0,0,0.01647260273972603,0.0,0.0,0.0,0.01647260273972603
2025-07-18,Bacon,AI forecast + inventory policy,82.0,190.0,0.0,272.0,105.0,105.0,0.0,0,167.0,180.0,183.70000000000002,0.0,180.0,1,0.1258219178082192,0.0,0.0,0.625,0.7508219178082192
2025-07-18,Burger Buns,AI forecast + inventory policy,69.0,480.0,0.0,549.0,217.0,217.0,0.0,0,332.0,384.0,59.76,0.0,384.0,1,0.04093150684931507,0.0,0.0,0.625,0.665931506849315
2025-07-18,Butter,AI forecast + inventory policy,23.0,96.0,0.0,119.0,62.0,62.0,0.0,0,57.0,156.0,54.15,0.0,156.0,1,0.03708904109589041,0.0,0.0,0.625,0.6620890410958904
2025-07-18,Cheese Slices,AI forecast + inventory policy,46.0,300.0,0.0,346.0,156.0,156.0,0.0,0,190.0,350.0,41.8,0.0,350.0,1,0.02863013698630137,0.0,0.0,0.625,0.6536301369863013
2025-07-18,Chicken Breast,AI forecast + inventory policy,55.0,320.0,0.0,375.0,172.0,172.0,0.0,0,203.0,420.0,365.40000000000003,0.0,420.0,1,0.2502739726027397,0.0,0.0,0.625,0.8752739726027396
2025-07-18,Coffee Beans,AI forecast + inventory policy,13.0,120.0,0.0,133.0,48.0,48.0,0.0,0,85.0,138.0,178.5,0.0,138.0,1,0.12226027397260274,0.0,0.0,0.625,0.7472602739726028
2025-07-18,Cooking Oil,AI forecast + inventory policy,15.0,88.0,0.0,103.0,33.0,33.0,0.0,0,70.0,100.0,112.0,0.0,100.0,1,0.07671232876712329,0.0,0.0,0.625,0.7017123287671233
2025-07-18,Eggs,AI forecast + inventory policy,13.0,240.0,0.0,253.0,135.0,135.0,0.0,0,118.0,240.0,18.88,0.0,240.0,1,0.012931506849315069,0.0,0.0,0.625,0.6379315068493151
2025-07-18,Fries (Potatoes),AI forecast + inventory policy,93.0,480.0,0.0,573.0,248.0,248.0,0.0,0,325.0,620.0,97.5,0.0,620.0,1,0.06678082191780821,0.0,0.0,0.625,0.6917808219178082
2025-07-18,Gluten-free Buns,AI forecast + inventory policy,34.0,0.0,0.0,34.0,22.0,22.0,0.0,0,12.0,36.0,6.6000000000000005,2.0,36.0,1,0.00452054794520548,0.0,0.0,0.625,0.6295205479452055
2025-07-18,Lettuce,AI forecast + inventory policy,2.0,288.0,0.0,290.0,152.0,152.0,0.0,0,138.0,324.0,82.8,0.0,324.0,1,0.05671232876712328,0.0,0.0,0.625,0.6817123287671233
2025-07-18,Milk,AI forecast + inventory policy,85.0,264.0,0.0,349.0,130.0,130.0,0.0,0,219.0,276.0,164.25,0.0,276.0,1,0.11249999999999999,0.0,0.0,0.625,0.7375
2025-07-18,Mushrooms,AI forecast + inventory policy,119.0,130.0,0.0,249.0,52.0,52.0,0.0,0,197.0,100.0,108.35,0.6802030456852792,100.0,1,0.07421232876712329,0.0,0.0,0.625,0.6992123287671232
2025-07-18,Onions,AI forecast + inventory policy,9.0,200.0,0.0,209.0,108.0,108.0,0.0,0,101.0,240.0,25.25,0.0,240.0,1,0.017294520547945207,0.0,0.0,0.625,0.6422945205479452
2025-07-18,Salmon Fillet,AI forecast + inventory policy,43.0,114.0,0.0,157.0,56.0,56.0,0.0,0,101.0,102.0,323.20000000000005,0.0,102.0,1,0.22136986301369865,0.0,0.0,0.625,0.8463698630136987
2025-07-18,Seasonal Berries,AI forecast + inventory policy,43.0,0.0,0.0,43.0,17.0,17.0,0.0,0,26.0,6.0,36.4,2.0,6.0,1,0.02493150684931507,0.0,0.0,0.625,0.6499315068493151
2025-07-18,Soft Drinks,AI forecast + inventory policy,176.0,600.0,0.0,776.0,332.0,332.0,0.0,0,444.0,552.0,177.60000000000002,0.0,552.0,1,0.12164383561643838,0.0,0.0,0.625,0.7466438356164384
2025-07-18,Tomatoes,AI forecast + inventory policy,47.0,312.0,0.0,359.0,140.0,140.0,0.0,0,219.0,336.0,98.55,0.0,336.0,1,0.0675,0.0,0.0,0.625,0.6925
2025-07-18,Truffle Oil,AI forecast + inventory policy,24.0,0.0,0.0,24.0,9.0,9.0,0.0,0,15.0,8.0,127.5,3.0,8.0,1,0.08732876712328767,0.0,0.0,0.625,0.7123287671232876
2025-07-18,Vegan Cheese,AI forecast + inventory policy,37.0,0.0,0.0,37.0,0.0,0.0,0.0,0,37.0,12.0,24.050000000000004,4.72972972972973,12.0,1,0.01647260273972603,0.0,0.0,0.625,0.6414726027397261
2025-07-19,Bacon,AI forecast + inventory policy,167.0,0.0,0.0,167.0,94.0,94.0,0.0,0,73.0,180.0,80.30000000000001,1.0,0.0,0,0.055,0.0,0.0,0.0,0.055
2025-07-19,Burger Buns,AI forecast + inventory policy,332.0,0.0,0.0,332.0,222.0,222.0,0.0,0,110.0,384.0,19.8,1.0,0.0,0,0.013561643835616439,0.0,0.0,0.0,0.013561643835616439
2025-07-19,Butter,AI forecast + inventory policy,57.0,0.0,0.0,57.0,65.0,57.0,8.0,1,0.0,156.0,0.0,0.0,0.0,0,0.0,0.0,15.2,0.0,15.2
2025-07-19,Cheese Slices,AI forecast + inventory policy,190.0,0.0,0.0,190.0,144.0,144.0,0.0,0,46.0,350.0,10.12,1.0,0.0,0,0.006931506849315069,0.0,0.0,0.0,0.006931506849315069
2025-07-19,Chicken Breast,AI forecast + inventory policy,203.0,0.0,0.0,203.0,160.0,160.0,0.0,0,43.0,420.0,77.4,1.0,0.0,0,0.05301369863013698,0.0,0.0,0.0,0.05301369863013698
2025-07-19,Coffee Beans,AI forecast + inventory policy,85.0,0.0,0.0,85.0,53.0,53.0,0.0,0,32.0,138.0,67.2,1.0,0.0,0,0.046027397260273974,0.0,0.0,0.0,0.046027397260273974
2025-07-19,Cooking Oil,AI forecast + inventory policy,70.0,0.0,0.0,70.0,36.0,36.0,0.0,0,34.0,100.0,54.400000000000006,1.0,0.0,0,0.037260273972602745,0.0,0.0,0.0,0.037260273972602745
2025-07-19,Eggs,AI forecast + inventory policy,118.0,0.0,0.0,118.0,111.0,111.0,0.0,0,7.0,240.0,1.12,1.0,0.0,0,0.000767123287671233,0.0,0.0,0.0,0.000767123287671233
2025-07-19,Fries (Potatoes),AI forecast + inventory policy,325.0,0.0,0.0,325.0,259.0,259.0,0.0,0,66.0,620.0,19.8,1.0,0.0,0,0.013561643835616437,0.0,0.0,0.0,0.013561643835616437
2025-07-19,Gluten-free Buns,AI forecast + inventory policy,12.0,0.0,12.0,0.0,24.0,0.0,24.0,1,0.0,36.0,0.0,0.0,0.0,0,0.0,7.200000000000001,26.400000000000002,0.0,33.6
2025-07-19,Lettuce,AI forecast + inventory policy,138.0,0.0,0.0,138.0,146.0,138.0,8.0,1,0.0,324.0,0.0,0.0,0.0,0,0.0,0.0,9.6,0.0,9.6
2025-07-19,Milk,AI forecast + inventory policy,219.0,0.0,0.0,219.0,155.0,155.0,0.0,0,64.0,276.0,48.0,1.0,0.0,0,0.03287671232876712,0.0,0.0,0.0,0.03287671232876712
2025-07-19,Mushrooms,AI forecast + inventory policy,197.0,0.0,0.0,197.0,69.0,69.0,0.0,0,128.0,100.0,70.4,1.0,0.0,0,0.04821917808219178,0.0,0.0,0.0,0.04821917808219178
2025-07-19,Onions,AI forecast + inventory policy,101.0,0.0,0.0,101.0,103.0,101.0,2.0,1,0.0,240.0,0.0,0.0,0.0,0,0.0,0.0,1.0,0.0,1.0
2025-07-19,Salmon Fillet,AI forecast + inventory policy,101.0,0.0,0.0,101.0,80.0,80.0,0.0,0,21.0,102.0,67.2,1.0,0.0,0,0.04602739726027398,0.0,0.0,0.0,0.04602739726027398
2025-07-19,Seasonal Berries,AI forecast + inventory policy,26.0,0.0,26.0,0.0,23.0,0.0,23.0,1,0.0,6.0,0.0,0.0,0.0,0,0.0,37.699999999999996,64.39999999999999,0.0,102.1
2025-07-19,Soft Drinks,AI forecast + inventory policy,444.0,0.0,0.0,444.0,315.0,315.0,0.0,0,129.0,552.0,51.6,1.0,0.0,0,0.03534246575342466,0.0,0.0,0.0,0.03534246575342466
2025-07-19,Tomatoes,AI forecast + inventory policy,219.0,0.0,0.0,219.0,150.0,150.0,0.0,0,69.0,336.0,31.05,1.0,0.0,0,0.021267123287671233,0.0,0.0,0.0,0.021267123287671233
2025-07-19,Truffle Oil,AI forecast + inventory policy,15.0,0.0,0.0,15.0,11.0,11.0,0.0,0,4.0,8.0,34.0,3.0,0.0,0,0.023287671232876714,0.0,0.0,0.0,0.023287671232876714
2025-07-19,Vegan Cheese,AI forecast + inventory policy,37.0,0.0,0.0,37.0,17.0,17.0,0.0,0,20.0,12.0,13.0,4.2,0.0,0,0.008904109589041097,0.0,0.0,0.0,0.008904109589041097
2025-07-20,Bacon,AI forecast + inventory policy,73.0,180.0,0.0,253.0,104.0,104.0,0.0,0,149.0,0.0,163.9,0.0,0.0,0,0.11226027397260274,0.0,0.0,0.0,0.11226027397260274
2025-07-20,Burger Buns,AI forecast + inventory policy,110.0,384.0,0.0,494.0,224.0,224.0,0.0,0,270.0,0.0,48.6,0.0,0.0,0,0.03328767123287671,0.0,0.0,0.0,0.03328767123287671
2025-07-20,Butter,AI forecast + inventory policy,0.0,156.0,0.0,156.0,66.0,66.0,0.0,0,90.0,0.0,85.5,0.0,0.0,0,0.05856164383561644,0.0,0.0,0.0,0.05856164383561644
2025-07-20,Cheese Slices,AI forecast + inventory policy,46.0,350.0,0.0,396.0,138.0,138.0,0.0,0,258.0,0.0,56.76,0.0,0.0,0,0.038876712328767125,0.0,0.0,0.0,0.038876712328767125
2025-07-20,Chicken Breast,AI forecast + inventory policy,43.0,420.0,0.0,463.0,160.0,160.0,0.0,0,303.0,0.0,545.4,0.0,0.0,0,0.3735616438356164,0.0,0.0,0.0,0.3735616438356164
2025-07-20,Coffee Beans,AI forecast + inventory policy,32.0,138.0,0.0,170.0,57.0,57.0,0.0,0,113.0,0.0,237.3,0.0,0.0,0,0.16253424657534246,0.0,0.0,0.0,0.16253424657534246
2025-07-20,Cooking Oil,AI forecast + inventory policy,34.0,100.0,0.0,134.0,40.0,40.0,0.0,0,94.0,0.0,150.4,0.0,0.0,0,0.103013698630137,0.0,0.0,0.0,0.103013698630137
2025-07-20,Eggs,AI forecast + inventory policy,7.0,240.0,0.0,247.0,106.0,106.0,0.0,0,141.0,0.0,22.56,0.0,0.0,0,0.015452054794520548,0.0,0.0,0.0,0.015452054794520548
2025-07-20,Fries (Potatoes),AI forecast + inventory policy,66.0,620.0,0.0,686.0,268.0,268.0,0.0,0,418.0,0.0,125.39999999999999,0.0,0.0,0,0.08589041095890411,0.0,0.0,0.0,0.08589041095890411
2025-07-20,Gluten-free Buns,AI forecast + inventory policy,0.0,36.0,0.0,36.0,33.0,33.0,0.0,0,3.0,0.0,1.6500000000000001,0.0,0.0,0,0.00113013698630137,0.0,0.0,0.0,0.00113013698630137
2025-07-20,Lettuce,AI forecast + inventory policy,0.0,324.0,0.0,324.0,139.0,139.0,0.0,0,185.0,0.0,111.0,0.0,0.0,0,0.07602739726027397,0.0,0.0,0.0,0.07602739726027397
2025-07-20,Milk,AI forecast + inventory policy,64.0,276.0,0.0,340.0,115.0,115.0,0.0,0,225.0,0.0,168.75,0.0,0.0,0,0.11558219178082191,0.0,0.0,0.0,0.11558219178082191
2025-07-20,Mushrooms,AI forecast + inventory policy,128.0,100.0,0.0,228.0,65.0,65.0,0.0,0,163.0,0.0,89.65,0.7730061349693251,0.0,0,0.0614041095890411,0.0,0.0,0.0,0.0614041095890411
2025-07-20,Onions,AI forecast + inventory policy,0.0,240.0,0.0,240.0,98.0,98.0,0.0,0,142.0,0.0,35.5,0.0,0.0,0,0.024315068493150686,0.0,0.0,0.0,0.024315068493150686
2025-07-20,Salmon Fillet,AI forecast + inventory policy,21.0,102.0,0.0,123.0,71.0,71.0,0.0,0,52.0,0.0,166.4,0.0,0.0,0,0.11397260273972604,0.0,0.0,0.0,0.11397260273972604
2025-07-20,Seasonal Berries,AI forecast + inventory policy,0.0,6.0,0.0,6.0,19.0,6.0,13.0,1,0.0,0.0,0.0,0.0,0.0,0,0.0,0.0,36.4,0.0,36.4
2025-07-20,Soft Drinks,AI forecast + inventory policy,129.0,552.0,0.0,681.0,259.0,259.0,0.0,0,422.0,0.0,168.8,0.0,0.0,0,0.11561643835616439,0.0,0.0,0.0,0.11561643835616439
2025-07-20,Tomatoes,AI forecast + inventory policy,69.0,336.0,0.0,405.0,153.0,153.0,0.0,0,252.0,0.0,113.4,0.0,0.0,0,0.07767123287671232,0.0,0.0,0.0,0.07767123287671232
2025-07-20,Truffle Oil,AI forecast + inventory policy,4.0,8.0,0.0,12.0,11.0,11.0,0.0,0,1.0,0.0,8.5,0.0,0.0,0,0.0058219178082191785,0.0,0.0,0.0,0.0058219178082191785
2025-07-20,Vegan Cheese,AI forecast + inventory policy,20.0,12.0,0.0,32.0,23.0,23.0,0.0,0,9.0,0.0,5.8500000000000005,0.0,0.0,0,0.004006849315068494,0.0,0.0,0.0,0.004006849315068494
2025-07-21,Bacon,AI forecast + inventory policy,149.0,0.0,0.0,149.0,47.0,47.0,0.0,0,102.0,160.0,112.2,1.0,160.0,1,0.07684931506849316,0.0,0.0,0.625,0.7018493150684931
2025-07-21,Burger Buns,AI forecast + inventory policy,270.0,0.0,0.0,270.0,118.0,118.0,0.0,0,152.0,336.0,27.36,1.0,336.0,1,0.01873972602739726,0.0,0.0,0.625,0.6437397260273973
2025-07-21,Butter,AI forecast + inventory policy,90.0,0.0,0.0,90.0,31.0,31.0,0.0,0,59.0,108.0,56.05,1.0,108.0,1,0.03839041095890411,0.0,0.0,0.625,0.6633904109589042
2025-07-21,Cheese Slices,AI forecast + inventory policy,258.0,0.0,0.0,258.0,86.0,86.0,0.0,0,172.0,200.0,37.84,1.0,200.0,1,0.025917808219178082,0.0,0.0,0.625,0.6509178082191781
2025-07-21,Chicken Breast,AI forecast + inventory policy,303.0,0.0,0.0,303.0,126.0,126.0,0.0,0,177.0,230.0,318.6,1.0,230.0,1,0.21821917808219177,0.0,0.0,0.625,0.8432191780821918
2025-07-21,Coffee Beans,AI forecast + inventory policy,113.0,0.0,0.0,113.0,32.0,32.0,0.0,0,81.0,90.0,170.1,1.0,90.0,1,0.1165068493150685,0.0,0.0,0.625,0.7415068493150685
2025-07-21,Cooking Oil,AI forecast + inventory policy,94.0,0.0,0.0,94.0,27.0,27.0,0.0,0,67.0,52.0,107.2,1.0,52.0,1,0.07342465753424658,0.0,0.0,0.625,0.6984246575342465
2025-07-21,Eggs,AI forecast + inventory policy,141.0,0.0,0.0,141.0,75.0,75.0,0.0,0,66.0,210.0,10.56,1.0,210.0,1,0.007232876712328767,0.0,0.0,0.625,0.6322328767123288
2025-07-21,Fries (Potatoes),AI forecast + inventory policy,418.0,0.0,0.0,418.0,140.0,140.0,0.0,0,278.0,280.0,83.39999999999999,1.0,280.0,1,0.05712328767123287,0.0,0.0,0.625,0.6821232876712329
2025-07-21,Gluten-free Buns,AI forecast + inventory policy,3.0,0.0,0.0,3.0,7.0,3.0,4.0,1,0.0,72.0,0.0,0.0,72.0,1,0.0,0.0,4.4,0.625,5.025
2025-07-21,Lettuce,AI forecast + inventory policy,185.0,0.0,0.0,185.0,93.0,93.0,0.0,0,92.0,216.0,55.199999999999996,1.0,216.0,1,0.03780821917808219,0.0,0.0,0.625,0.6628082191780822
2025-07-21,Milk,AI forecast + inventory policy,225.0,0.0,0.0,225.0,91.0,91.0,0.0,0,134.0,180.0,100.5,1.0,180.0,1,0.06883561643835616,0.0,0.0,0.625,0.6938356164383561
2025-07-21,Mushrooms,AI forecast + inventory policy,163.0,0.0,0.0,163.0,64.0,64.0,0.0,0,99.0,70.0,54.45,1.0,70.0,1,0.03729452054794521,0.0,0.0,0.625,0.6622945205479452
2025-07-21,Onions,AI forecast + inventory policy,142.0,0.0,0.0,142.0,65.0,65.0,0.0,0,77.0,160.0,19.25,1.0,160.0,1,0.013184931506849315,0.0,0.0,0.625,0.6381849315068493
2025-07-21,Salmon Fillet,AI forecast + inventory policy,52.0,0.0,0.0,52.0,53.0,52.0,1.0,1,0.0,138.0,0.0,0.0,138.0,1,0.0,0.0,6.4,0.625,7.025
2025-07-21,Seasonal Berries,AI forecast + inventory policy,0.0,0.0,0.0,0.0,15.0,0.0,15.0,1,0.0,60.0,0.0,0.0,60.0,1,0.0,0.0,42.0,0.625,42.625
2025-07-21,Soft Drinks,AI forecast + inventory policy,422.0,0.0,0.0,422.0,152.0,152.0,0.0,0,270.0,336.0,108.0,1.0,336.0,1,0.07397260273972604,0.0,0.0,0.625,0.6989726027397261
2025-07-21,Tomatoes,AI forecast + inventory policy,252.0,0.0,0.0,252.0,97.0,97.0,0.0,0,155.0,180.0,69.75,1.0,180.0,1,0.047773972602739724,0.0,0.0,0.625,0.6727739726027397
2025-07-21,Truffle Oil,AI forecast + inventory policy,1.0,0.0,0.0,1.0,0.0,0.0,0.0,0,1.0,30.0,8.5,1.0,30.0,1,0.0058219178082191785,0.0,0.0,0.625,0.6308219178082192
2025-07-21,Vegan Cheese,AI forecast + inventory policy,9.0,0.0,0.0,9.0,9.0,9.0,0.0,0,0.0,36.0,0.0,0.0,36.0,1,0.0,0.0,0.0,0.625,0.625
2025-07-22,Bacon,AI forecast + inventory policy,102.0,0.0,0.0,102.0,61.0,61.0,0.0,0,41.0,160.0,45.1,2.0,0.0,0,0.03089041095890411,0.0,0.0,0.0,0.03089041095890411
2025-07-22,Burger Buns,AI forecast + inventory policy,152.0,0.0,0.0,152.0,136.0,136.0,0.0,0,16.0,336.0,2.88,2.0,0.0,0,0.0019726027397260273,0.0,0.0,0.0,0.0019726027397260273
2025-07-22,Butter,AI forecast + inventory policy,59.0,0.0,0.0,59.0,34.0,34.0,0.0,0,25.0,108.0,23.75,2.0,0.0,0,0.016267123287671232,0.0,0.0,0.0,0.016267123287671232
2025-07-22,Cheese Slices,AI forecast + inventory policy,172.0,0.0,0.0,172.0,100.0,100.0,0.0,0,72.0,200.0,15.84,2.0,0.0,0,0.010849315068493152,0.0,0.0,0.0,0.010849315068493152
2025-07-22,Chicken Breast,AI forecast + inventory policy,177.0,0.0,0.0,177.0,104.0,104.0,0.0,0,73.0,230.0,131.4,2.0,0.0,0,0.09,0.0,0.0,0.0,0.09
2025-07-22,Coffee Beans,AI forecast + inventory policy,81.0,0.0,0.0,81.0,42.0,42.0,0.0,0,39.0,90.0,81.9,2.0,0.0,0,0.05609589041095891,0.0,0.0,0.0,0.05609589041095891
2025-07-22,Cooking Oil,AI forecast + inventory policy,67.0,0.0,0.0,67.0,24.0,24.0,0.0,0,43.0,52.0,68.8,2.0,0.0,0,0.04712328767123288,0.0,0.0,0.0,0.04712328767123288
2025-07-22,Eggs,AI forecast + inventory policy,66.0,0.0,0.0,66.0,69.0,66.0,3.0,1,0.0,210.0,0.0,0.0,0.0,0,0.0,0.0,0.96,0.0,0.96
2025-07-22,Fries (Potatoes),AI forecast + inventory policy,278.0,0.0,0.0,278.0,209.0,209.0,0.0,0,69.0,280.0,20.7,2.0,0.0,0,0.01417808219178082,0.0,0.0,0.0,0.01417808219178082
2025-07-22,Gluten-free Buns,AI forecast + inventory policy,0.0,0.0,0.0,0.0,15.0,0.0,15.0,1,0.0,72.0,0.0,0.0,0.0,0,0.0,0.0,16.5,0.0,16.5
2025-07-22,Lettuce,AI forecast + inventory policy,92.0,0.0,0.0,92.0,82.0,82.0,0.0,0,10.0,216.0,6.0,2.0,0.0,0,0.00410958904109589,0.0,0.0,0.0,0.00410958904109589
2025-07-22,Milk,AI forecast + inventory policy,134.0,0.0,0.0,134.0,111.0,111.0,0.0,0,23.0,180.0,17.25,2.0,0.0,0,0.011815068493150683,0.0,0.0,0.0,0.011815068493150683
2025-07-22,Mushrooms,AI forecast + inventory policy,99.0,0.0,0.0,99.0,69.0,69.0,0.0,0,30.0,70.0,16.5,2.0,0.0,0,0.011301369863013699,0.0,0.0,0.0,0.011301369863013699
2025-07-22,Onions,AI forecast + inventory policy,77.0,0.0,0.0,77.0,56.0,56.0,0.0,0,21.0,160.0,5.25,2.0,0.0,0,0.003595890410958904,0.0,0.0,0.0,0.003595890410958904
2025-07-22,Salmon Fillet,AI forecast + inventory policy,0.0,0.0,0.0,0.0,41.0,0.0,41.0,1,0.0,138.0,0.0,0.0,0.0,0,0.0,0.0,262.40000000000003,0.0,262.40000000000003
2025-07-22,Seasonal Berries,AI forecast + inventory policy,0.0,0.0,0.0,0.0,12.0,0.0,12.0,1,0.0,60.0,0.0,0.0,0.0,0,0.0,0.0,33.599999999999994,0.0,33.599999999999994
2025-07-22,Soft Drinks,AI forecast + inventory policy,270.0,0.0,0.0,270.0,164.0,164.0,0.0,0,106.0,336.0,42.400000000000006,2.0,0.0,0,0.029041095890410963,0.0,0.0,0.0,0.029041095890410963
2025-07-22,Tomatoes,AI forecast + inventory policy,155.0,0.0,0.0,155.0,93.0,93.0,0.0,0,62.0,180.0,27.900000000000002,2.0,0.0,0,0.01910958904109589,0.0,0.0,0.0,0.01910958904109589
2025-07-22,Truffle Oil,AI forecast + inventory policy,1.0,0.0,0.0,1.0,0.0,0.0,0.0,0,1.0,30.0,8.5,2.0,0.0,0,0.0058219178082191785,0.0,0.0,0.0,0.0058219178082191785
2025-07-22,Vegan Cheese,AI forecast + inventory policy,0.0,0.0,0.0,0.0,0.0,0.0,0.0,0,0.0,36.0,0.0,0.0,0.0,0,0.0,0.0,0.0,0.0,0.0
2025-07-23,Bacon,AI forecast + inventory policy,41.0,160.0,0.0,201.0,70.0,70.0,0.0,0,131.0,180.0,144.10000000000002,0.0,180.0,1,0.0986986301369863,0.0,0.0,0.7352941176470589,0.8339927477840452
2025-07-23,Burger Buns,AI forecast + inventory policy,16.0,336.0,16.0,336.0,129.0,129.0,0.0,0,207.0,432.0,37.26,0.0,432.0,1,0.025520547945205477,3.6799999999999997,0.0,0.7352941176470589,4.440814665592264
2025-07-23,Butter,AI forecast + inventory policy,25.0,108.0,0.0,133.0,42.0,42.0,0.0,0,91.0,84.0,86.45,0.0,84.0,1,0.05921232876712329,0.0,0.0,0.7352941176470589,0.7945064464141822
2025-07-23,Cheese Slices,AI forecast + inventory policy,72.0,200.0,0.0,272.0,118.0,118.0,0.0,0,154.0,250.0,33.88,0.0,250.0,1,0.023205479452054797,0.0,0.0,0.7352941176470589,0.7584995970991136
2025-07-23,Chicken Breast,AI forecast + inventory policy,73.0,230.0,0.0,303.0,124.0,124.0,0.0,0,179.0,320.0,322.2,0.0,320.0,1,0.2206849315068493,0.0,0.0,0.7352941176470589,0.9559790491539082
2025-07-23,Coffee Beans,AI forecast + inventory policy,39.0,90.0,0.0,129.0,49.0,49.0,0.0,0,80.0,72.0,168.0,0.0,72.0,1,0.11506849315068493,0.0,0.0,0.7352941176470589,0.8503626107977438
2025-07-23,Cooking Oil,AI forecast + inventory policy,43.0,52.0,0.0,95.0,30.0,30.0,0.0,0,65.0,60.0,104.0,0.6,60.0,1,0.07123287671232878,0.0,0.0,0.7352941176470589,0.8065269943593877
2025-07-23,Eggs,AI forecast + inventory policy,0.0,210.0,0.0,210.0,98.0,98.0,0.0,0,112.0,210.0,17.92,0.0,210.0,1,0.012273972602739727,0.0,0.0,0.7352941176470589,0.7475680902497986
2025-07-23,Fries (Potatoes),AI forecast + inventory policy,69.0,280.0,0.0,349.0,156.0,156.0,0.0,0,193.0,500.0,57.9,0.0,500.0,1,0.03965753424657534,0.0,0.0,0.7352941176470589,0.7749516518936342
2025-07-23,Gluten-free Buns,AI forecast + inventory policy,0.0,72.0,0.0,72.0,17.0,17.0,0.0,0,55.0,0.0,30.250000000000004,0.0,0.0,1,0.020719178082191782,0.0,0.0,0.0,0.020719178082191782
2025-07-23,Lettuce,AI forecast + inventory policy,10.0,216.0,0.0,226.0,96.0,96.0,0.0,0,130.0,276.0,78.0,0.0,276.0,1,0.05342465753424657,0.0,0.0,0.7352941176470589,0.7887187751813054
2025-07-23,Milk,AI forecast + inventory policy,23.0,180.0,0.0,203.0,89.0,89.0,0.0,0,114.0,264.0,85.5,0.0,264.0,1,0.058561643835616434,0.0,0.0,0.7352941176470589,0.7938557614826753
2025-07-23,Mushrooms,AI forecast + inventory policy,30.0,70.0,0.0,100.0,48.0,48.0,0.0,0,52.0,180.0,28.6,0.0,180.0,1,0.01958904109589041,0.0,0.0,0.7352941176470589,0.7548831587429493
2025-07-23,Onions,AI forecast + inventory policy,21.0,160.0,0.0,181.0,59.0,59.0,0.0,0,122.0,180.0,30.5,0.0,180.0,1,0.02089041095890411,0.0,0.0,0.7352941176470589,0.756184528605963
2025-07-23,Salmon Fillet,AI forecast + inventory policy,0.0,138.0,0.0,138.0,40.0,40.0,0.0,0,98.0,90.0,313.6,0.0,90.0,1,0.21479452054794523,0.0,0.0,0.7352941176470589,0.9500886381950041
2025-07-23,Seasonal Berries,AI forecast + inventory policy,0.0,60.0,0.0,60.0,0.0,0.0,0.0,0,60.0,0.0,84.0,0.0,0.0,1,0.057534246575342465,0.0,0.0,0.0,0.057534246575342465
2025-07-23,Soft Drinks,AI forecast + inventory policy,106.0,336.0,0.0,442.0,164.0,164.0,0.0,0,278.0,648.0,111.2,0.0,648.0,1,0.07616438356164384,0.0,0.0,0.7352941176470589,0.8114585012087028
2025-07-23,Tomatoes,AI forecast + inventory policy,62.0,180.0,0.0,242.0,87.0,87.0,0.0,0,155.0,288.0,69.75,0.0,288.0,1,0.047773972602739724,0.0,0.0,0.7352941176470589,0.7830680902497986
2025-07-23,Truffle Oil,AI forecast + inventory policy,1.0,30.0,0.0,31.0,0.0,0.0,0.0,0,31.0,0.0,263.5,0.0967741935483871,0.0,1,0.18047945205479454,0.0,0.0,0.0,0.18047945205479454
2025-07-23,Vegan Cheese,AI forecast + inventory policy,0.0,36.0,0.0,36.0,13.0,13.0,0.0,0,23.0,12.0,14.950000000000001,0.0,12.0,1,0.010239726027397261,0.0,0.0,0.7352941176470589,0.7455338436744562
2025-07-24,Bacon,AI forecast + inventory policy,131.0,0.0,0.0,131.0,74.0,74.0,0.0,0,57.0,180.0,62.7,1.0,0.0,0,0.042945205479452055,0.0,0.0,0.0,0.042945205479452055
2025-07-24,Burger Buns,AI forecast + inventory policy,207.0,0.0,0.0,207.0,155.0,155.0,0.0,0,52.0,432.0,9.36,1.0,0.0,0,0.006410958904109589,0.0,0.0,0.0,0.006410958904109589
2025-07-24,Butter,AI forecast + inventory policy,91.0,0.0,0.0,91.0,44.0,44.0,0.0,0,47.0,84.0,44.65,1.0,0.0,0,0.03058219178082192,0.0,0.0,0.0,0.03058219178082192
2025-07-24,Cheese Slices,AI forecast + inventory policy,154.0,0.0,0.0,154.0,101.0,101.0,0.0,0,53.0,250.0,11.66,1.0,0.0,0,0.007986301369863015,0.0,0.0,0.0,0.007986301369863015
2025-07-24,Chicken Breast,AI forecast + inventory policy,179.0,0.0,0.0,179.0,113.0,113.0,0.0,0,66.0,320.0,118.8,1.0,0.0,0,0.08136986301369863,0.0,0.0,0.0,0.08136986301369863
2025-07-24,Coffee Beans,AI forecast + inventory policy,80.0,0.0,0.0,80.0,41.0,41.0,0.0,0,39.0,72.0,81.9,1.0,0.0,0,0.05609589041095891,0.0,0.0,0.0,0.05609589041095891
2025-07-24,Cooking Oil,AI forecast + inventory policy,65.0,0.0,0.0,65.0,30.0,30.0,0.0,0,35.0,60.0,56.0,1.0,0.0,0,0.038356164383561646,0.0,0.0,0.0,0.038356164383561646
2025-07-24,Eggs,AI forecast + inventory policy,112.0,0.0,0.0,112.0,74.0,74.0,0.0,0,38.0,210.0,6.08,1.0,0.0,0,0.004164383561643835,0.0,0.0,0.0,0.004164383561643835
2025-07-24,Fries (Potatoes),AI forecast + inventory policy,193.0,0.0,0.0,193.0,159.0,159.0,0.0,0,34.0,500.0,10.2,1.0,0.0,0,0.006986301369863013,0.0,0.0,0.0,0.006986301369863013
2025-07-24,Gluten-free Buns,AI forecast + inventory policy,55.0,0.0,0.0,55.0,15.0,15.0,0.0,0,40.0,0.0,22.0,1.0,0.0,0,0.015068493150684932,0.0,0.0,0.0,0.015068493150684932
2025-07-24,Lettuce,AI forecast + inventory policy,130.0,0.0,0.0,130.0,87.0,87.0,0.0,0,43.0,276.0,25.8,1.0,0.0,0,0.017671232876712326,0.0,0.0,0.0,0.017671232876712326
2025-07-24,Milk,AI forecast + inventory policy,114.0,0.0,0.0,114.0,93.0,93.0,0.0,0,21.0,264.0,15.75,1.0,0.0,0,0.010787671232876711,0.0,0.0,0.0,0.010787671232876711
2025-07-24,Mushrooms,AI forecast + inventory policy,52.0,0.0,0.0,52.0,45.0,45.0,0.0,0,7.0,180.0,3.8500000000000005,1.0,0.0,0,0.002636986301369863,0.0,0.0,0.0,0.002636986301369863
2025-07-24,Onions,AI forecast + inventory policy,122.0,0.0,0.0,122.0,58.0,58.0,0.0,0,64.0,180.0,16.0,1.0,0.0,0,0.010958904109589041,0.0,0.0,0.0,0.010958904109589041
2025-07-24,Salmon Fillet,AI forecast + inventory policy,98.0,0.0,0.0,98.0,34.0,34.0,0.0,0,64.0,90.0,204.8,1.0,0.0,0,0.14027397260273974,0.0,0.0,0.0,0.14027397260273974
2025-07-24,Seasonal Berries,AI forecast + inventory policy,60.0,0.0,0.0,60.0,0.0,0.0,0.0,0,60.0,0.0,84.0,1.0,0.0,0,0.057534246575342465,0.0,0.0,0.0,0.057534246575342465
2025-07-24,Soft Drinks,AI forecast + inventory policy,278.0,0.0,0.0,278.0,165.0,165.0,0.0,0,113.0,648.0,45.2,1.0,0.0,0,0.030958904109589045,0.0,0.0,0.0,0.030958904109589045
2025-07-24,Tomatoes,AI forecast + inventory policy,155.0,0.0,0.0,155.0,91.0,91.0,0.0,0,64.0,288.0,28.8,1.0,0.0,0,0.019726027397260273,0.0,0.0,0.0,0.019726027397260273
2025-07-24,Truffle Oil,AI forecast + inventory policy,31.0,0.0,0.0,31.0,0.0,0.0,0.0,0,31.0,0.0,263.5,1.096774193548387,0.0,0,0.18047945205479454,0.0,0.0,0.0,0.18047945205479454
2025-07-24,Vegan Cheese,AI forecast + inventory policy,23.0,0.0,0.0,23.0,0.0,0.0,0.0,0,23.0,12.0,14.950000000000001,1.0,0.0,0,0.010239726027397261,0.0,0.0,0.0,0.010239726027397261
2025-07-25,Bacon,AI forecast + inventory policy,57.0,180.0,0.0,237.0,105.0,105.0,0.0,0,132.0,230.0,145.20000000000002,0.0,230.0,1,0.09945205479452054,0.0,0.0,0.6578947368421053,0.7573467916366259
2025-07-25,Burger Buns,AI forecast + inventory policy,52.0,432.0,0.0,484.0,180.0,180.0,0.0,0,304.0,432.0,54.72,0.0,432.0,1,0.03747945205479452,0.0,0.0,0.6578947368421053,0.6953741888968998
2025-07-25,Butter,AI forecast + inventory policy,47.0,84.0,0.0,131.0,61.0,61.0,0.0,0,70.0,132.0,66.5,0.0,132.0,1,0.04554794520547945,0.0,0.0,0.6578947368421053,0.7034426820475848
2025-07-25,Cheese Slices,AI forecast + inventory policy,53.0,250.0,0.0,303.0,126.0,126.0,0.0,0,177.0,400.0,38.94,0.0,400.0,1,0.02667123287671233,0.0,0.0,0.6578947368421053,0.6845659697188177
2025-07-25,Chicken Breast,AI forecast + inventory policy,66.0,320.0,0.0,386.0,163.0,163.0,0.0,0,223.0,370.0,401.40000000000003,0.0,370.0,1,0.27493150684931505,0.0,0.0,0.6578947368421053,0.9328262436914203
2025-07-25,Coffee Beans,AI forecast + inventory policy,39.0,72.0,0.0,111.0,48.0,48.0,0.0,0,63.0,150.0,132.3,0.0,150.0,1,0.09061643835616438,0.0,0.0,0.6578947368421053,0.7485111751982697
2025-07-25,Cooking Oil,AI forecast + inventory policy,35.0,60.0,0.0,95.0,40.0,40.0,0.0,0,55.0,116.0,88.0,0.0,116.0,1,0.060273972602739735,0.0,0.0,0.6578947368421053,0.718168709444845
2025-07-25,Eggs,AI forecast + inventory policy,38.0,210.0,0.0,248.0,96.0,96.0,0.0,0,152.0,210.0,24.32,0.0,210.0,1,0.01665753424657534,0.0,0.0,0.6578947368421053,0.6745522710886807
2025-07-25,Fries (Potatoes),AI forecast + inventory policy,34.0,500.0,0.0,534.0,254.0,254.0,0.0,0,280.0,500.0,84.0,0.0,500.0,1,0.05753424657534246,0.0,0.0,0.6578947368421053,0.7154289834174478
2025-07-25,Gluten-free Buns,AI forecast + inventory policy,40.0,0.0,0.0,40.0,0.0,0.0,0.0,0,40.0,36.0,22.0,2.0,36.0,1,0.015068493150684932,0.0,0.0,0.6578947368421053,0.6729632299927902
2025-07-25,Lettuce,AI forecast + inventory policy,43.0,276.0,0.0,319.0,137.0,137.0,0.0,0,182.0,336.0,109.2,0.0,336.0,1,0.0747945205479452,0.0,0.0,0.6578947368421053,0.7326892573900505
2025-07-25,Milk,AI forecast + inventory policy,21.0,264.0,0.0,285.0,110.0,110.0,0.0,0,175.0,276.0,131.25,0.0,276.0,1,0.08989726027397259,0.0,0.0,0.6578947368421053,0.7477919971160779
2025-07-25,Mushrooms,AI forecast + inventory policy,7.0,180.0,0.0,187.0,68.0,68.0,0.0,0,119.0,150.0,65.45,0.0,150.0,1,0.04482876712328767,0.0,0.0,0.6578947368421053,0.702723503965393
2025-07-25,Onions,AI forecast + inventory policy,64.0,180.0,0.0,244.0,93.0,93.0,0.0,0,151.0,180.0,37.75,0.0,180.0,1,0.025856164383561645,0.0,0.0,0.6578947368421053,0.683750901225667
2025-07-25,Salmon Fillet,AI forecast + inventory policy,64.0,90.0,0.0,154.0,57.0,57.0,0.0,0,97.0,102.0,310.4,0.14432989690721648,102.0,1,0.21260273972602742,0.0,0.0,0.6578947368421053,0.8704974765681327
2025-07-25,Seasonal Berries,AI forecast + inventory policy,60.0,0.0,0.0,60.0,25.0,25.0,0.0,0,35.0,0.0,49.0,2.0,0.0,1,0.03356164383561644,0.0,0.0,0.0,0.03356164383561644
2025-07-25,Soft Drinks,AI forecast + inventory policy,113.0,648.0,0.0,761.0,376.0,376.0,0.0,0,385.0,552.0,154.0,0.0,552.0,1,0.10547945205479453,0.0,0.0,0.6578947368421053,0.7633741888968999
2025-07-25,Tomatoes,AI forecast + inventory policy,64.0,288.0,0.0,352.0,160.0,160.0,0.0,0,192.0,312.0,86.4,0.0,312.0,1,0.05917808219178082,0.0,0.0,0.6578947368421053,0.7170728190338861
2025-07-25,Truffle Oil,AI forecast + inventory policy,31.0,0.0,0.0,31.0,0.0,0.0,0.0,0,31.0,4.0,263.5,2.096774193548387,4.0,1,0.18047945205479454,0.0,0.0,0.6578947368421053,0.8383741888968999
2025-07-25,Vegan Cheese,AI forecast + inventory policy,23.0,12.0,0.0,35.0,0.0,0.0,0.0,0,35.0,24.0,22.75,1.3142857142857143,24.0,1,0.01558219178082192,0.0,0.0,0.6578947368421053,0.6734769286229272
2025-07-26,Bacon,AI forecast + inventory policy,132.0,0.0,0.0,132.0,81.0,81.0,0.0,0,51.0,230.0,56.1,1.0,0.0,0,0.03842465753424658,0.0,0.0,0.0,0.03842465753424658
2025-07-26,Burger Buns,AI forecast + inventory policy,304.0,0.0,0.0,304.0,221.0,221.0,0.0,0,83.0,432.0,14.94,1.0,0.0,0,0.010232876712328767,0.0,0.0,0.0,0.010232876712328767
2025-07-26,Butter,AI forecast + inventory policy,70.0,0.0,0.0,70.0,60.0,60.0,0.0,0,10.0,132.0,9.5,1.0,0.0,0,0.006506849315068493,0.0,0.0,0.0,0.006506849315068493
2025-07-26,Cheese Slices,AI forecast + inventory policy,177.0,0.0,0.0,177.0,135.0,135.0,0.0,0,42.0,400.0,9.24,1.0,0.0,0,0.006328767123287672,0.0,0.0,0.0,0.006328767123287672
2025-07-26,Chicken Breast,AI forecast + inventory policy,223.0,0.0,0.0,223.0,167.0,167.0,0.0,0,56.0,370.0,100.8,1.0,0.0,0,0.06904109589041096,0.0,0.0,0.0,0.06904109589041096
2025-07-26,Coffee Beans,AI forecast + inventory policy,63.0,0.0,0.0,63.0,49.0,49.0,0.0,0,14.0,150.0,29.400000000000002,1.0,0.0,0,0.020136986301369862,0.0,0.0,0.0,0.020136986301369862
2025-07-26,Cooking Oil,AI forecast + inventory policy,55.0,0.0,0.0,55.0,38.0,38.0,0.0,0,17.0,116.0,27.200000000000003,1.0,0.0,0,0.018630136986301372,0.0,0.0,0.0,0.018630136986301372
2025-07-26,Eggs,AI forecast + inventory policy,152.0,0.0,0.0,152.0,110.0,110.0,0.0,0,42.0,210.0,6.72,1.0,0.0,0,0.004602739726027398,0.0,0.0,0.0,0.004602739726027398
2025-07-26,Fries (Potatoes),AI forecast + inventory policy,280.0,0.0,0.0,280.0,258.0,258.0,0.0,0,22.0,500.0,6.6,1.0,0.0,0,0.004520547945205479,0.0,0.0,0.0,0.004520547945205479
2025-07-26,Gluten-free Buns,AI forecast + inventory policy,40.0,0.0,40.0,0.0,16.0,0.0,16.0,1,0.0,36.0,0.0,0.0,0.0,0,0.0,24.0,17.6,0.0,41.6
2025-07-26,Lettuce,AI forecast + inventory policy,182.0,0.0,0.0,182.0,136.0,136.0,0.0,0,46.0,336.0,27.599999999999998,1.0,0.0,0,0.018904109589041096,0.0,0.0,0.0,0.018904109589041096
2025-07-26,Milk,AI forecast + inventory policy,175.0,0.0,0.0,175.0,112.0,112.0,0.0,0,63.0,276.0,47.25,1.0,0.0,0,0.032363013698630136,0.0,0.0,0.0,0.032363013698630136
2025-07-26,Mushrooms,AI forecast + inventory policy,119.0,0.0,0.0,119.0,60.0,60.0,0.0,0,59.0,150.0,32.45,1.0,0.0,0,0.022226027397260276,0.0,0.0,0.0,0.022226027397260276
2025-07-26,Onions,AI forecast + inventory policy,151.0,0.0,0.0,151.0,94.0,94.0,0.0,0,57.0,180.0,14.25,1.0,0.0,0,0.00976027397260274,0.0,0.0,0.0,0.00976027397260274
2025-07-26,Salmon Fillet,AI forecast + inventory policy,97.0,0.0,7.0,90.0,60.0,60.0,0.0,0,30.0,102.0,96.0,1.0,0.0,0,0.06575342465753425,22.750000000000004,0.0,0.0,22.815753424657537
2025-07-26,Seasonal Berries,AI forecast + inventory policy,35.0,0.0,35.0,0.0,27.0,0.0,27.0,1,0.0,0.0,0.0,0.0,0.0,0,0.0,50.75,75.6,0.0,126.35
2025-07-26,Soft Drinks,AI forecast + inventory policy,385.0,0.0,0.0,385.0,311.0,311.0,0.0,0,74.0,552.0,29.6,1.0,0.0,0,0.020273972602739727,0.0,0.0,0.0,0.020273972602739727
2025-07-26,Tomatoes,AI forecast + inventory policy,192.0,0.0,0.0,192.0,166.0,166.0,0.0,0,26.0,312.0,11.700000000000001,1.0,0.0,0,0.008013698630136986,0.0,0.0,0.0,0.008013698630136986
2025-07-26,Truffle Oil,AI forecast + inventory policy,31.0,0.0,0.0,31.0,11.0,11.0,0.0,0,20.0,4.0,170.0,3.0,0.0,0,0.11643835616438357,0.0,0.0,0.0,0.11643835616438357
2025-07-26,Vegan Cheese,AI forecast + inventory policy,35.0,0.0,0.0,35.0,13.0,13.0,0.0,0,22.0,24.0,14.3,1.9090909090909092,0.0,0,0.009794520547945206,0.0,0.0,0.0,0.009794520547945206
2025-07-27,Bacon,AI forecast + inventory policy,51.0,230.0,0.0,281.0,84.0,84.0,0.0,0,197.0,0.0,216.70000000000002,0.0,0.0,0,0.14842465753424658,0.0,0.0,0.0,0.14842465753424658
2025-07-27,Burger Buns,AI forecast + inventory policy,83.0,432.0,0.0,515.0,220.0,220.0,0.0,0,295.0,0.0,53.1,0.0,0.0,0,0.03636986301369863,0.0,0.0,0.0,0.03636986301369863
2025-07-27,Butter,AI forecast + inventory policy,10.0,132.0,0.0,142.0,57.0,57.0,0.0,0,85.0,0.0,80.75,0.0,0.0,0,0.055308219178082194,0.0,0.0,0.0,0.055308219178082194
2025-07-27,Cheese Slices,AI forecast + inventory policy,42.0,400.0,0.0,442.0,195.0,195.0,0.0,0,247.0,0.0,54.34,0.0,0.0,0,0.03721917808219179,0.0,0.0,0.0,0.03721917808219179
2025-07-27,Chicken Breast,AI forecast + inventory policy,56.0,370.0,0.0,426.0,160.0,160.0,0.0,0,266.0,0.0,478.8,0.0,0.0,0,0.32794520547945205,0.0,0.0,0.0,0.32794520547945205
2025-07-27,Coffee Beans,AI forecast + inventory policy,14.0,150.0,0.0,164.0,55.0,55.0,0.0,0,109.0,0.0,228.9,0.0,0.0,0,0.15678082191780823,0.0,0.0,0.0,0.15678082191780823
2025-07-27,Cooking Oil,AI forecast + inventory policy,17.0,116.0,0.0,133.0,48.0,48.0,0.0,0,85.0,0.0,136.0,0.0,0.0,0,0.09315068493150686,0.0,0.0,0.0,0.09315068493150686
2025-07-27,Eggs,AI forecast + inventory policy,42.0,210.0,0.0,252.0,95.0,95.0,0.0,0,157.0,0.0,25.12,0.0,0.0,0,0.017205479452054796,0.0,0.0,0.0,0.017205479452054796
2025-07-27,Fries (Potatoes),AI forecast + inventory policy,22.0,500.0,0.0,522.0,227.0,227.0,0.0,0,295.0,0.0,88.5,0.0,0.0,0,0.06061643835616438,0.0,0.0,0.0,0.06061643835616438
2025-07-27,Gluten-free Buns,AI forecast + inventory policy,0.0,36.0,0.0,36.0,26.0,26.0,0.0,0,10.0,0.0,5.5,0.0,0.0,0,0.003767123287671233,0.0,0.0,0.0,0.003767123287671233
2025-07-27,Lettuce,AI forecast + inventory policy,46.0,336.0,0.0,382.0,124.0,124.0,0.0,0,258.0,0.0,154.79999999999998,0.0,0.0,0,0.10602739726027396,0.0,0.0,0.0,0.10602739726027396
2025-07-27,Milk,AI forecast + inventory policy,63.0,276.0,0.0,339.0,86.0,86.0,0.0,0,253.0,0.0,189.75,0.0,0.0,0,0.12996575342465752,0.0,0.0,0.0,0.12996575342465752
2025-07-27,Mushrooms,AI forecast + inventory policy,59.0,150.0,0.0,209.0,55.0,55.0,0.0,0,154.0,0.0,84.7,0.05194805194805195,0.0,0,0.05801369863013699,0.0,0.0,0.0,0.05801369863013699
2025-07-27,Onions,AI forecast + inventory policy,57.0,180.0,0.0,237.0,83.0,83.0,0.0,0,154.0,0.0,38.5,0.0,0.0,0,0.02636986301369863,0.0,0.0,0.0,0.02636986301369863
2025-07-27,Salmon Fillet,AI forecast + inventory policy,30.0,102.0,0.0,132.0,64.0,64.0,0.0,0,68.0,0.0,217.60000000000002,0.0,0.0,0,0.14904109589041098,0.0,0.0,0.0,0.14904109589041098
2025-07-27,Seasonal Berries,AI forecast + inventory policy,0.0,0.0,0.0,0.0,17.0,0.0,17.0,1,0.0,0.0,0.0,0.0,0.0,0,0.0,0.0,47.599999999999994,0.0,47.599999999999994
2025-07-27,Soft Drinks,AI forecast + inventory policy,74.0,552.0,0.0,626.0,235.0,235.0,0.0,0,391.0,0.0,156.4,0.0,0.0,0,0.10712328767123289,0.0,0.0,0.0,0.10712328767123289
2025-07-27,Tomatoes,AI forecast + inventory policy,26.0,312.0,0.0,338.0,151.0,151.0,0.0,0,187.0,0.0,84.15,0.0,0.0,0,0.05763698630136986,0.0,0.0,0.0,0.05763698630136986
2025-07-27,Truffle Oil,AI forecast + inventory policy,20.0,4.0,0.0,24.0,16.0,16.0,0.0,0,8.0,0.0,68.0,2.0,0.0,0,0.04657534246575343,0.0,0.0,0.0,0.04657534246575343
2025-07-27,Vegan Cheese,AI forecast + inventory policy,22.0,24.0,0.0,46.0,13.0,13.0,0.0,0,33.0,0.0,21.450000000000003,0.5454545454545454,0.0,0,0.01469178082191781,0.0,0.0,0.0,0.01469178082191781
2025-07-28,Bacon,AI forecast + inventory policy,197.0,0.0,0.0,197.0,0.0,0.0,0.0,0,197.0,120.0,216.70000000000002,1.0,120.0,1,0.14842465753424658,0.0,0.0,0.625,0.7734246575342466
2025-07-28,Burger Buns,AI forecast + inventory policy,295.0,0.0,0.0,295.0,146.0,146.0,0.0,0,149.0,336.0,26.82,1.0,336.0,1,0.01836986301369863,0.0,0.0,0.625,0.6433698630136986
2025-07-28,Butter,AI forecast + inventory policy,85.0,0.0,0.0,85.0,36.0,36.0,0.0,0,49.0,96.0,46.55,1.0,96.0,1,0.031883561643835615,0.0,0.0,0.625,0.6568835616438357
2025-07-28,Cheese Slices,AI forecast + inventory policy,247.0,0.0,0.0,247.0,86.0,86.0,0.0,0,161.0,200.0,35.42,1.0,200.0,1,0.02426027397260274,0.0,0.0,0.625,0.6492602739726028
2025-07-28,Chicken Breast,AI forecast + inventory policy,266.0,0.0,0.0,266.0,99.0,99.0,0.0,0,167.0,220.0,300.6,1.0,220.0,1,0.2058904109589041,0.0,0.0,0.625,0.8308904109589041
2025-07-28,Coffee Beans,AI forecast + inventory policy,109.0,0.0,0.0,109.0,55.0,55.0,0.0,0,54.0,84.0,113.4,1.0,84.0,1,0.07767123287671233,0.0,0.0,0.625,0.7026712328767123
2025-07-28,Cooking Oil,AI forecast + inventory policy,85.0,0.0,0.0,85.0,33.0,33.0,0.0,0,52.0,68.0,83.2,1.0,68.0,1,0.05698630136986302,0.0,0.0,0.625,0.681986301369863
2025-07-28,Eggs,AI forecast + inventory policy,157.0,0.0,0.0,157.0,69.0,69.0,0.0,0,88.0,150.0,14.08,1.0,150.0,1,0.009643835616438357,0.0,0.0,0.625,0.6346438356164383
2025-07-28,Fries (Potatoes),AI forecast + inventory policy,295.0,0.0,0.0,295.0,153.0,153.0,0.0,0,142.0,340.0,42.6,1.0,340.0,1,0.02917808219178082,0.0,0.0,0.625,0.6541780821917809
2025-07-28,Gluten-free Buns,AI forecast + inventory policy,10.0,0.0,0.0,10.0,14.0,10.0,4.0,1,0.0,60.0,0.0,0.0,60.0,1,0.0,0.0,4.4,0.625,5.025
2025-07-28,Lettuce,AI forecast + inventory policy,258.0,0.0,0.0,258.0,82.0,82.0,0.0,0,176.0,216.0,105.6,1.0,216.0,1,0.07232876712328766,0.0,0.0,0.625,0.6973287671232876
2025-07-28,Milk,AI forecast + inventory policy,253.0,0.0,0.0,253.0,80.0,80.0,0.0,0,173.0,132.0,129.75,1.0,132.0,1,0.08886986301369862,0.0,0.0,0.625,0.7138698630136986
2025-07-28,Mushrooms,AI forecast + inventory policy,154.0,0.0,0.0,154.0,41.0,41.0,0.0,0,113.0,70.0,62.150000000000006,1.0,70.0,1,0.042568493150684936,0.0,0.0,0.625,0.6675684931506849
2025-07-28,Onions,AI forecast + inventory policy,154.0,0.0,0.0,154.0,68.0,68.0,0.0,0,86.0,140.0,21.5,1.0,140.0,1,0.014726027397260274,0.0,0.0,0.625,0.6397260273972603
2025-07-28,Salmon Fillet,AI forecast + inventory policy,68.0,0.0,0.0,68.0,39.0,39.0,0.0,0,29.0,102.0,92.80000000000001,1.0,102.0,1,0.06356164383561645,0.0,0.0,0.625,0.6885616438356165
2025-07-28,Seasonal Berries,AI forecast + inventory policy,0.0,0.0,0.0,0.0,0.0,0.0,0.0,0,0.0,60.0,0.0,0.0,60.0,1,0.0,0.0,0.0,0.625,0.625
2025-07-28,Soft Drinks,AI forecast + inventory policy,391.0,0.0,0.0,391.0,171.0,171.0,0.0,0,220.0,360.0,88.0,1.0,360.0,1,0.060273972602739735,0.0,0.0,0.625,0.6852739726027397
2025-07-28,Tomatoes,AI forecast + inventory policy,187.0,0.0,0.0,187.0,104.0,104.0,0.0,0,83.0,228.0,37.35,1.0,228.0,1,0.025582191780821918,0.0,0.0,0.625,0.6505821917808219
2025-07-28,Truffle Oil,AI forecast + inventory policy,8.0,0.0,0.0,8.0,0.0,0.0,0.0,0,8.0,22.0,68.0,3.0,22.0,1,0.04657534246575343,0.0,0.0,0.625,0.6715753424657535
2025-07-28,Vegan Cheese,AI forecast + inventory policy,33.0,0.0,0.0,33.0,0.0,0.0,0.0,0,33.0,12.0,21.450000000000003,1.5454545454545454,12.0,1,0.01469178082191781,0.0,0.0,0.625,0.6396917808219178
2025-07-29,Bacon,AI forecast + inventory policy,197.0,0.0,0.0,197.0,55.0,55.0,0.0,0,142.0,120.0,156.20000000000002,2.0,0.0,0,0.10698630136986302,0.0,0.0,0.0,0.10698630136986302
2025-07-29,Burger Buns,AI forecast + inventory policy,149.0,0.0,0.0,149.0,130.0,130.0,0.0,0,19.0,336.0,3.42,2.0,0.0,0,0.0023424657534246575,0.0,0.0,0.0,0.0023424657534246575
2025-07-29,Butter,AI forecast + inventory policy,49.0,0.0,0.0,49.0,44.0,44.0,0.0,0,5.0,96.0,4.75,2.0,0.0,0,0.0032534246575342467,0.0,0.0,0.0,0.0032534246575342467
2025-07-29,Cheese Slices,AI forecast + inventory policy,161.0,0.0,0.0,161.0,82.0,82.0,0.0,0,79.0,200.0,17.38,2.0,0.0,0,0.011904109589041097,0.0,0.0,0.0,0.011904109589041097
2025-07-29,Chicken Breast,AI forecast + inventory policy,167.0,0.0,0.0,167.0,103.0,103.0,0.0,0,64.0,220.0,115.2,2.0,0.0,0,0.0789041095890411,0.0,0.0,0.0,0.0789041095890411
2025-07-29,Coffee Beans,AI forecast + inventory policy,54.0,0.0,0.0,54.0,40.0,40.0,0.0,0,14.0,84.0,29.400000000000002,2.0,0.0,0,0.020136986301369862,0.0,0.0,0.0,0.020136986301369862
2025-07-29,Cooking Oil,AI forecast + inventory policy,52.0,0.0,0.0,52.0,28.0,28.0,0.0,0,24.0,68.0,38.400000000000006,2.0,0.0,0,0.0263013698630137,0.0,0.0,0.0,0.0263013698630137
2025-07-29,Eggs,AI forecast + inventory policy,88.0,0.0,0.0,88.0,51.0,51.0,0.0,0,37.0,150.0,5.92,2.0,0.0,0,0.0040547945205479455,0.0,0.0,0.0,0.0040547945205479455
2025-07-29,Fries (Potatoes),AI forecast + inventory policy,142.0,0.0,0.0,142.0,139.0,139.0,0.0,0,3.0,340.0,0.8999999999999999,2.0,0.0,0,0.0006164383561643835,0.0,0.0,0.0,0.0006164383561643835
2025-07-29,Gluten-free Buns,AI forecast + inventory policy,0.0,0.0,0.0,0.0,13.0,0.0,13.0,1,0.0,60.0,0.0,0.0,0.0,0,0.0,0.0,14.3,0.0,14.3
2025-07-29,Lettuce,AI forecast + inventory policy,176.0,0.0,0.0,176.0,104.0,104.0,0.0,0,72.0,216.0,43.199999999999996,2.0,0.0,0,0.02958904109589041,0.0,0.0,0.0,0.02958904109589041
2025-07-29,Milk,AI forecast + inventory policy,173.0,0.0,0.0,173.0,82.0,82.0,0.0,0,91.0,132.0,68.25,2.0,0.0,0,0.04674657534246575,0.0,0.0,0.0,0.04674657534246575
2025-07-29,Mushrooms,AI forecast + inventory policy,113.0,0.0,0.0,113.0,34.0,34.0,0.0,0,79.0,70.0,43.45,2.0,0.0,0,0.02976027397260274,0.0,0.0,0.0,0.02976027397260274
2025-07-29,Onions,AI forecast + inventory policy,86.0,0.0,0.0,86.0,79.0,79.0,0.0,0,7.0,140.0,1.75,2.0,0.0,0,0.0011986301369863014,0.0,0.0,0.0,0.0011986301369863014
2025-07-29,Salmon Fillet,AI forecast + inventory policy,29.0,0.0,0.0,29.0,0.0,0.0,0.0,0,29.0,102.0,92.80000000000001,2.0,0.0,0,0.06356164383561645,0.0,0.0,0.0,0.06356164383561645
2025-07-29,Seasonal Berries,AI forecast + inventory policy,0.0,0.0,0.0,0.0,0.0,0.0,0.0,0,0.0,60.0,0.0,0.0,0.0,0,0.0,0.0,0.0,0.0,0.0
2025-07-29,Soft Drinks,AI forecast + inventory policy,220.0,0.0,0.0,220.0,130.0,130.0,0.0,0,90.0,360.0,36.0,2.0,0.0,0,0.024657534246575345,0.0,0.0,0.0,0.024657534246575345
2025-07-29,Tomatoes,AI forecast + inventory policy,83.0,0.0,0.0,83.0,84.0,83.0,1.0,1,0.0,228.0,0.0,0.0,0.0,0,0.0,0.0,0.9,0.0,0.9
2025-07-29,Truffle Oil,AI forecast + inventory policy,8.0,0.0,0.0,8.0,0.0,0.0,0.0,0,8.0,22.0,68.0,4.0,0.0,0,0.04657534246575343,0.0,0.0,0.0,0.04657534246575343
2025-07-29,Vegan Cheese,AI forecast + inventory policy,33.0,0.0,0.0,33.0,10.0,10.0,0.0,0,23.0,12.0,14.950000000000001,2.0,0.0,0,0.010239726027397261,0.0,0.0,0.0,0.010239726027397261
2025-07-30,Bacon,AI forecast + inventory policy,142.0,120.0,0.0,262.0,50.0,50.0,0.0,0,212.0,100.0,233.2,1.3018867924528301,100.0,1,0.15972602739726027,0.0,0.0,0.6944444444444444,0.8541704718417047
2025-07-30,Burger Buns,AI forecast + inventory policy,19.0,336.0,19.0,336.0,151.0,151.0,0.0,0,185.0,432.0,33.3,0.0,432.0,1,0.022808219178082192,4.37,0.0,0.6944444444444444,5.087252663622527
2025-07-30,Butter,AI forecast + inventory policy,5.0,96.0,0.0,101.0,54.0,54.0,0.0,0,47.0,120.0,44.65,0.0,120.0,1,0.03058219178082192,0.0,0.0,0.6944444444444444,0.7250266362252663
2025-07-30,Cheese Slices,AI forecast + inventory policy,79.0,200.0,0.0,279.0,104.0,104.0,0.0,0,175.0,250.0,38.5,0.0,250.0,1,0.026369863013698633,0.0,0.0,0.6944444444444444,0.720814307458143
2025-07-30,Chicken Breast,AI forecast + inventory policy,64.0,220.0,0.0,284.0,122.0,122.0,0.0,0,162.0,310.0,291.6,0.0,310.0,1,0.19972602739726028,0.0,0.0,0.6944444444444444,0.8941704718417047
2025-07-30,Coffee Beans,AI forecast + inventory policy,14.0,84.0,0.0,98.0,47.0,47.0,0.0,0,51.0,126.0,107.10000000000001,0.0,126.0,1,0.07335616438356164,0.0,0.0,0.6944444444444444,0.767800608828006
2025-07-30,Cooking Oil,AI forecast + inventory policy,24.0,68.0,0.0,92.0,35.0,35.0,0.0,0,57.0,72.0,91.2,0.0,72.0,1,0.062465753424657544,0.0,0.0,0.6944444444444444,0.756910197869102
2025-07-30,Eggs,AI forecast + inventory policy,37.0,150.0,0.0,187.0,78.0,78.0,0.0,0,109.0,180.0,17.44,0.0,180.0,1,0.011945205479452055,0.0,0.0,0.6944444444444444,0.7063896499238965
2025-07-30,Fries (Potatoes),AI forecast + inventory policy,3.0,340.0,0.0,343.0,184.0,184.0,0.0,0,159.0,520.0,47.699999999999996,0.0,520.0,1,0.03267123287671233,0.0,0.0,0.6944444444444444,0.7271156773211568
2025-07-30,Gluten-free Buns,AI forecast + inventory policy,0.0,60.0,0.0,60.0,10.0,10.0,0.0,0,50.0,12.0,27.500000000000004,0.0,12.0,1,0.018835616438356163,0.0,0.0,0.6944444444444444,0.7132800608828006
2025-07-30,Lettuce,AI forecast + inventory policy,72.0,216.0,0.0,288.0,125.0,125.0,0.0,0,163.0,240.0,97.8,0.0,240.0,1,0.06698630136986301,0.0,0.0,0.6944444444444444,0.7614307458143075
2025-07-30,Milk,AI forecast + inventory policy,91.0,132.0,0.0,223.0,89.0,89.0,0.0,0,134.0,216.0,100.5,0.04477611940298507,216.0,1,0.06883561643835616,0.0,0.0,0.6944444444444444,0.7632800608828005
2025-07-30,Mushrooms,AI forecast + inventory policy,79.0,70.0,0.0,149.0,48.0,48.0,0.0,0,101.0,120.0,55.55,0.9207920792079208,120.0,1,0.03804794520547945,0.0,0.0,0.6944444444444444,0.7324923896499239
2025-07-30,Onions,AI forecast + inventory policy,7.0,140.0,0.0,147.0,88.0,88.0,0.0,0,59.0,200.0,14.75,0.0,200.0,1,0.010102739726027397,0.0,0.0,0.6944444444444444,0.7045471841704718
2025-07-30,Salmon Fillet,AI forecast + inventory policy,29.0,102.0,29.0,102.0,39.0,39.0,0.0,0,63.0,150.0,201.60000000000002,0.0,150.0,1,0.13808219178082193,94.25000000000001,0.0,0.6944444444444444,95.08252663622528
2025-07-30,Seasonal Berries,AI forecast + inventory policy,0.0,60.0,0.0,60.0,11.0,11.0,0.0,0,49.0,0.0,68.6,0.0,0.0,1,0.046986301369863016,0.0,0.0,0.0,0.046986301369863016
2025-07-30,Soft Drinks,AI forecast + inventory policy,90.0,360.0,0.0,450.0,204.0,204.0,0.0,0,246.0,528.0,98.4,0.0,528.0,1,0.06739726027397261,0.0,0.0,0.6944444444444444,0.7618417047184171
2025-07-30,Tomatoes,AI forecast + inventory policy,0.0,228.0,0.0,228.0,124.0,124.0,0.0,0,104.0,312.0,46.800000000000004,0.0,312.0,1,0.03205479452054794,0.0,0.0,0.6944444444444444,0.7264992389649924
2025-07-30,Truffle Oil,AI forecast + inventory policy,8.0,22.0,0.0,30.0,4.0,4.0,0.0,0,26.0,0.0,221.0,0.46153846153846156,0.0,1,0.15136986301369865,0.0,0.0,0.0,0.15136986301369865
2025-07-30,Vegan Cheese,AI forecast + inventory policy,23.0,12.0,0.0,35.0,14.0,14.0,0.0,0,21.0,12.0,13.650000000000002,1.2857142857142858,12.0,1,0.00934931506849315,0.0,0.0,0.6944444444444444,0.7037937595129375
2025-07-31,Bacon,AI forecast + inventory policy,212.0,0.0,0.0,212.0,70.0,70.0,0.0,0,142.0,100.0,156.2,1.4647887323943662,0.0,0,0.10698630136986302,0.0,0.0,0.0,0.10698630136986302
2025-07-31,Burger Buns,AI forecast + inventory policy,185.0,0.0,0.0,185.0,131.0,131.0,0.0,0,54.0,432.0,9.719999999999999,1.0,0.0,0,0.006657534246575342,0.0,0.0,0.0,0.006657534246575342
2025-07-31,Butter,AI forecast + inventory policy,47.0,0.0,0.0,47.0,50.0,47.0,3.0,1,0.0,120.0,0.0,0.0,0.0,0,0.0,0.0,5.699999999999999,0.0,5.699999999999999
2025-07-31,Cheese Slices,AI forecast + inventory policy,175.0,0.0,0.0,175.0,105.0,105.0,0.0,0,70.0,250.0,15.4,1.0,0.0,0,0.010547945205479452,0.0,0.0,0.0,0.010547945205479452
2025-07-31,Chicken Breast,AI forecast + inventory policy,162.0,0.0,0.0,162.0,103.0,103.0,0.0,0,59.0,310.0,106.2,1.0,0.0,0,0.07273972602739726,0.0,0.0,0.0,0.07273972602739726
2025-07-31,Coffee Beans,AI forecast + inventory policy,51.0,0.0,0.0,51.0,44.0,44.0,0.0,0,7.0,126.0,14.700000000000001,1.0,0.0,0,0.010068493150684931,0.0,0.0,0.0,0.010068493150684931
2025-07-31,Cooking Oil,AI forecast + inventory policy,57.0,0.0,0.0,57.0,54.0,54.0,0.0,0,3.0,72.0,4.800000000000001,1.0,0.0,0,0.0032876712328767125,0.0,0.0,0.0,0.0032876712328767125
2025-07-31,Eggs,AI forecast + inventory policy,109.0,0.0,0.0,109.0,76.0,76.0,0.0,0,33.0,180.0,5.28,1.0,0.0,0,0.0036164383561643836,0.0,0.0,0.0,0.0036164383561643836
2025-07-31,Fries (Potatoes),AI forecast + inventory policy,159.0,0.0,0.0,159.0,177.0,159.0,18.0,1,0.0,520.0,0.0,0.0,0.0,0,0.0,0.0,10.799999999999999,0.0,10.799999999999999
2025-07-31,Gluten-free Buns,AI forecast + inventory policy,50.0,0.0,0.0,50.0,20.0,20.0,0.0,0,30.0,12.0,16.5,1.0,0.0,0,0.011301369863013699,0.0,0.0,0.0,0.011301369863013699
2025-07-31,Lettuce,AI forecast + inventory policy,163.0,0.0,0.0,163.0,128.0,128.0,0.0,0,35.0,240.0,21.0,1.0,0.0,0,0.014383561643835615,0.0,0.0,0.0,0.014383561643835615
2025-07-31,Milk,AI forecast + inventory policy,134.0,0.0,0.0,134.0,82.0,82.0,0.0,0,52.0,216.0,39.0,1.0,0.0,0,0.026712328767123285,0.0,0.0,0.0,0.026712328767123285
2025-07-31,Mushrooms,AI forecast + inventory policy,101.0,0.0,0.0,101.0,48.0,48.0,0.0,0,53.0,120.0,29.150000000000002,1.0,0.0,0,0.019965753424657534,0.0,0.0,0.0,0.019965753424657534
2025-07-31,Onions,AI forecast + inventory policy,59.0,0.0,0.0,59.0,67.0,59.0,8.0,1,0.0,200.0,0.0,0.0,0.0,0,0.0,0.0,4.0,0.0,4.0
2025-07-31,Salmon Fillet,AI forecast + inventory policy,63.0,0.0,0.0,63.0,39.0,39.0,0.0,0,24.0,150.0,76.80000000000001,1.0,0.0,0,0.0526027397260274,0.0,0.0,0.0,0.0526027397260274
2025-07-31,Seasonal Berries,AI forecast + inventory policy,49.0,0.0,0.0,49.0,0.0,0.0,0.0,0,49.0,0.0,68.6,1.0,0.0,0,0.046986301369863016,0.0,0.0,0.0,0.046986301369863016
2025-07-31,Soft Drinks,AI forecast + inventory policy,246.0,0.0,0.0,246.0,203.0,203.0,0.0,0,43.0,528.0,17.2,1.0,0.0,0,0.01178082191780822,0.0,0.0,0.0,0.01178082191780822
2025-07-31,Tomatoes,AI forecast + inventory policy,104.0,0.0,0.0,104.0,96.0,96.0,0.0,0,8.0,312.0,3.6,1.0,0.0,0,0.002465753424657534,0.0,0.0,0.0,0.002465753424657534
2025-07-31,Truffle Oil,AI forecast + inventory policy,26.0,0.0,0.0,26.0,8.0,8.0,0.0,0,18.0,0.0,153.0,1.0,0.0,0,0.10479452054794522,0.0,0.0,0.0,0.10479452054794522
2025-07-31,Vegan Cheese,AI forecast + inventory policy,21.0,0.0,0.0,21.0,5.0,5.0,0.0,0,16.0,12.0,10.4,1.75,0.0,0,0.007123287671232877,0.0,0.0,0.0,0.007123287671232877
2025-08-01,Bacon,AI forecast + inventory policy,142.0,100.0,0.0,242.0,90.0,90.0,0.0,0,152.0,200.0,167.20000000000002,0.6842105263157895,200.0,1,0.11452054794520548,0.0,0.0,0.625,0.7395205479452055
2025-08-01,Burger Buns,AI forecast + inventory policy,54.0,432.0,0.0,486.0,226.0,226.0,0.0,0,260.0,384.0,46.8,0.0,384.0,1,0.03205479452054794,0.0,0.0,0.625,0.6570547945205479
2025-08-01,Butter,AI forecast + inventory policy,0.0,120.0,0.0,120.0,62.0,62.0,0.0,0,58.0,156.0,55.099999999999994,0.0,156.0,1,0.03773972602739726,0.0,0.0,0.625,0.6627397260273973
2025-08-01,Cheese Slices,AI forecast + inventory policy,70.0,250.0,0.0,320.0,147.0,147.0,0.0,0,173.0,300.0,38.06,0.0,300.0,1,0.026068493150684935,0.0,0.0,0.625,0.6510684931506849
2025-08-01,Chicken Breast,AI forecast + inventory policy,59.0,310.0,0.0,369.0,173.0,173.0,0.0,0,196.0,390.0,352.8,0.0,390.0,1,0.24164383561643835,0.0,0.0,0.625,0.8666438356164383
2025-08-01,Coffee Beans,AI forecast + inventory policy,7.0,126.0,0.0,133.0,39.0,39.0,0.0,0,94.0,144.0,197.4,0.0,144.0,1,0.1352054794520548,0.0,0.0,0.625,0.7602054794520547
2025-08-01,Cooking Oil,AI forecast + inventory policy,3.0,72.0,0.0,75.0,49.0,49.0,0.0,0,26.0,124.0,41.6,0.0,124.0,1,0.02849315068493151,0.0,0.0,0.625,0.6534931506849315
2025-08-01,Eggs,AI forecast + inventory policy,33.0,180.0,0.0,213.0,98.0,98.0,0.0,0,115.0,270.0,18.400000000000002,0.0,270.0,1,0.012602739726027398,0.0,0.0,0.625,0.6376027397260274
2025-08-01,Fries (Potatoes),AI forecast + inventory policy,0.0,520.0,0.0,520.0,248.0,248.0,0.0,0,272.0,580.0,81.6,0.0,580.0,1,0.0558904109589041,0.0,0.0,0.625,0.6808904109589041
2025-08-01,Gluten-free Buns,AI forecast + inventory policy,30.0,12.0,0.0,42.0,0.0,0.0,0.0,0,42.0,24.0,23.1,1.4285714285714286,24.0,1,0.015821917808219177,0.0,0.0,0.625,0.6408219178082192
2025-08-01,Lettuce,AI forecast + inventory policy,35.0,240.0,0.0,275.0,129.0,129.0,0.0,0,146.0,324.0,87.6,0.0,324.0,1,0.06,0.0,0.0,0.625,0.685
2025-08-01,Milk,AI forecast + inventory policy,52.0,216.0,0.0,268.0,107.0,107.0,0.0,0,161.0,264.0,120.75,0.0,264.0,1,0.08270547945205478,0.0,0.0,0.625,0.7077054794520548
2025-08-01,Mushrooms,AI forecast + inventory policy,53.0,120.0,0.0,173.0,64.0,64.0,0.0,0,109.0,150.0,59.95,0.0,150.0,1,0.04106164383561644,0.0,0.0,0.625,0.6660616438356164
2025-08-01,Onions,AI forecast + inventory policy,0.0,200.0,0.0,200.0,84.0,84.0,0.0,0,116.0,280.0,29.0,0.0,280.0,1,0.01986301369863014,0.0,0.0,0.625,0.6448630136986302
2025-08-01,Salmon Fillet,AI forecast + inventory policy,24.0,150.0,0.0,174.0,0.0,0.0,0.0,0,174.0,114.0,556.8,0.27586206896551724,114.0,1,0.3813698630136987,0.0,0.0,0.625,1.0063698630136986
2025-08-01,Seasonal Berries,AI forecast + inventory policy,49.0,0.0,0.0,49.0,0.0,0.0,0.0,0,49.0,6.0,68.6,2.0,6.0,1,0.046986301369863016,0.0,0.0,0.625,0.671986301369863
2025-08-01,Soft Drinks,AI forecast + inventory policy,43.0,528.0,0.0,571.0,302.0,302.0,0.0,0,269.0,720.0,107.60000000000001,0.0,720.0,1,0.07369863013698631,0.0,0.0,0.625,0.6986986301369863
2025-08-01,Tomatoes,AI forecast + inventory policy,8.0,312.0,0.0,320.0,142.0,142.0,0.0,0,178.0,348.0,80.10000000000001,0.0,348.0,1,0.054863013698630135,0.0,0.0,0.625,0.6798630136986301
2025-08-01,Truffle Oil,AI forecast + inventory policy,18.0,0.0,0.0,18.0,0.0,0.0,0.0,0,18.0,18.0,153.0,2.0,18.0,1,0.10479452054794522,0.0,0.0,0.625,0.7297945205479452
2025-08-01,Vegan Cheese,AI forecast + inventory policy,16.0,12.0,0.0,28.0,16.0,16.0,0.0,0,12.0,24.0,7.800000000000001,0.0,24.0,1,0.005342465753424658,0.0,0.0,0.625,0.6303424657534247
2025-08-02,Bacon,AI forecast + inventory policy,152.0,0.0,0.0,152.0,68.0,68.0,0.0,0,84.0,200.0,92.4,1.0,0.0,0,0.06328767123287671,0.0,0.0,0.0,0.06328767123287671
2025-08-02,Burger Buns,AI forecast + inventory policy,260.0,0.0,0.0,260.0,214.0,214.0,0.0,0,46.0,384.0,8.28,1.0,0.0,0,0.005671232876712329,0.0,0.0,0.0,0.005671232876712329
2025-08-02,Butter,AI forecast + inventory policy,58.0,0.0,0.0,58.0,51.0,51.0,0.0,0,7.0,156.0,6.6499999999999995,1.0,0.0,0,0.004554794520547945,0.0,0.0,0.0,0.004554794520547945
2025-08-02,Cheese Slices,AI forecast + inventory policy,173.0,0.0,0.0,173.0,147.0,147.0,0.0,0,26.0,300.0,5.72,1.0,0.0,0,0.003917808219178083,0.0,0.0,0.0,0.003917808219178083
2025-08-02,Chicken Breast,AI forecast + inventory policy,196.0,0.0,0.0,196.0,158.0,158.0,0.0,0,38.0,390.0,68.4,1.0,0.0,0,0.04684931506849315,0.0,0.0,0.0,0.04684931506849315
2025-08-02,Coffee Beans,AI forecast + inventory policy,94.0,0.0,0.0,94.0,50.0,50.0,0.0,0,44.0,144.0,92.4,1.0,0.0,0,0.06328767123287671,0.0,0.0,0.0,0.06328767123287671
2025-08-02,Cooking Oil,AI forecast + inventory policy,26.0,0.0,0.0,26.0,42.0,26.0,16.0,1,0.0,124.0,0.0,0.0,0.0,0,0.0,0.0,51.2,0.0,51.2
2025-08-02,Eggs,AI forecast + inventory policy,115.0,0.0,0.0,115.0,120.0,115.0,5.0,1,0.0,270.0,0.0,0.0,0.0,0,0.0,0.0,1.6,0.0,1.6
2025-08-02,Fries (Potatoes),AI forecast + inventory policy,272.0,0.0,0.0,272.0,261.0,261.0,0.0,0,11.0,580.0,3.3,1.0,0.0,0,0.0022602739726027394,0.0,0.0,0.0,0.0022602739726027394
2025-08-02,Gluten-free Buns,AI forecast + inventory policy,42.0,0.0,30.0,12.0,33.0,12.0,21.0,1,0.0,24.0,0.0,0.0,0.0,0,0.0,18.0,23.1,0.0,41.1
2025-08-02,Lettuce,AI forecast + inventory policy,146.0,0.0,0.0,146.0,137.0,137.0,0.0,0,9.0,324.0,5.3999999999999995,1.0,0.0,0,0.0036986301369863013,0.0,0.0,0.0,0.0036986301369863013
2025-08-02,Milk,AI forecast + inventory policy,161.0,0.0,0.0,161.0,128.0,128.0,0.0,0,33.0,264.0,24.75,1.0,0.0,0,0.016952054794520548,0.0,0.0,0.0,0.016952054794520548
2025-08-02,Mushrooms,AI forecast + inventory policy,109.0,0.0,0.0,109.0,0.0,0.0,0.0,0,109.0,150.0,59.95,1.0,0.0,0,0.04106164383561644,0.0,0.0,0.0,0.04106164383561644
2025-08-02,Onions,AI forecast + inventory policy,116.0,0.0,0.0,116.0,82.0,82.0,0.0,0,34.0,280.0,8.5,1.0,0.0,0,0.0058219178082191785,0.0,0.0,0.0,0.0058219178082191785
2025-08-02,Salmon Fillet,AI forecast + inventory policy,174.0,0.0,24.0,150.0,66.0,66.0,0.0,0,84.0,114.0,268.8,1.0,0.0,0,0.18410958904109592,78.00000000000001,0.0,0.0,78.18410958904111
2025-08-02,Seasonal Berries,AI forecast + inventory policy,49.0,0.0,49.0,0.0,14.0,0.0,14.0,1,0.0,6.0,0.0,0.0,0.0,0,0.0,71.05,39.199999999999996,0.0,110.25
2025-08-02,Soft Drinks,AI forecast + inventory policy,269.0,0.0,0.0,269.0,317.0,269.0,48.0,1,0.0,720.0,0.0,0.0,0.0,0,0.0,0.0,38.400000000000006,0.0,38.400000000000006
2025-08-02,Tomatoes,AI forecast + inventory policy,178.0,0.0,0.0,178.0,135.0,135.0,0.0,0,43.0,348.0,19.35,1.0,0.0,0,0.013253424657534246,0.0,0.0,0.0,0.013253424657534246
2025-08-02,Truffle Oil,AI forecast + inventory policy,18.0,0.0,0.0,18.0,0.0,0.0,0.0,0,18.0,18.0,153.0,3.0,0.0,0,0.10479452054794522,0.0,0.0,0.0,0.10479452054794522
2025-08-02,Vegan Cheese,AI forecast + inventory policy,12.0,0.0,0.0,12.0,17.0,12.0,5.0,1,0.0,24.0,0.0,0.0,0.0,0,0.0,0.0,6.5,0.0,6.5
2025-08-03,Bacon,AI forecast + inventory policy,84.0,200.0,0.0,284.0,102.0,102.0,0.0,0,182.0,0.0,200.20000000000002,0.0,0.0,0,0.13712328767123289,0.0,0.0,0.0,0.13712328767123289
2025-08-03,Burger Buns,AI forecast + inventory policy,46.0,384.0,0.0,430.0,225.0,225.0,0.0,0,205.0,0.0,36.9,0.0,0.0,0,0.025273972602739725,0.0,0.0,0.0,0.025273972602739725
2025-08-03,Butter,AI forecast + inventory policy,7.0,156.0,0.0,163.0,63.0,63.0,0.0,0,100.0,0.0,95.0,0.0,0.0,0,0.06506849315068493,0.0,0.0,0.0,0.06506849315068493
2025-08-03,Cheese Slices,AI forecast + inventory policy,26.0,300.0,0.0,326.0,117.0,117.0,0.0,0,209.0,0.0,45.98,0.0,0.0,0,0.03149315068493151,0.0,0.0,0.0,0.03149315068493151
2025-08-03,Chicken Breast,AI forecast + inventory policy,38.0,390.0,0.0,428.0,171.0,171.0,0.0,0,257.0,0.0,462.6,0.0,0.0,0,0.3168493150684931,0.0,0.0,0.0,0.3168493150684931
2025-08-03,Coffee Beans,AI forecast + inventory policy,44.0,144.0,0.0,188.0,50.0,50.0,0.0,0,138.0,0.0,289.8,0.0,0.0,0,0.1984931506849315,0.0,0.0,0.0,0.1984931506849315
2025-08-03,Cooking Oil,AI forecast + inventory policy,0.0,124.0,0.0,124.0,57.0,57.0,0.0,0,67.0,0.0,107.2,0.0,0.0,0,0.07342465753424658,0.0,0.0,0.0,0.07342465753424658
2025-08-03,Eggs,AI forecast + inventory policy,0.0,270.0,0.0,270.0,131.0,131.0,0.0,0,139.0,0.0,22.240000000000002,0.0,0.0,0,0.015232876712328768,0.0,0.0,0.0,0.015232876712328768
2025-08-03,Fries (Potatoes),AI forecast + inventory policy,11.0,580.0,0.0,591.0,222.0,222.0,0.0,0,369.0,0.0,110.7,0.0,0.0,0,0.07582191780821917,0.0,0.0,0.0,0.07582191780821917
2025-08-03,Gluten-free Buns,AI forecast + inventory policy,0.0,24.0,0.0,24.0,16.0,16.0,0.0,0,8.0,0.0,4.4,0.0,0.0,0,0.0030136986301369864,0.0,0.0,0.0,0.0030136986301369864
2025-08-03,Lettuce,AI forecast + inventory policy,9.0,324.0,0.0,333.0,135.0,135.0,0.0,0,198.0,0.0,118.8,0.0,0.0,0,0.08136986301369863,0.0,0.0,0.0,0.08136986301369863
2025-08-03,Milk,AI forecast + inventory policy,33.0,264.0,0.0,297.0,123.0,123.0,0.0,0,174.0,0.0,130.5,0.0,0.0,0,0.08938356164383561,0.0,0.0,0.0,0.08938356164383561
2025-08-03,Mushrooms,AI forecast + inventory policy,109.0,150.0,0.0,259.0,59.0,59.0,0.0,0,200.0,0.0,110.0,0.5,0.0,0,0.07534246575342465,0.0,0.0,0.0,0.07534246575342465
2025-08-03,Onions,AI forecast + inventory policy,34.0,280.0,0.0,314.0,128.0,128.0,0.0,0,186.0,0.0,46.5,0.0,0.0,0,0.03184931506849315,0.0,0.0,0.0,0.03184931506849315
2025-08-03,Salmon Fillet,AI forecast + inventory policy,84.0,114.0,0.0,198.0,57.0,57.0,0.0,0,141.0,0.0,451.20000000000005,0.3829787234042553,0.0,0,0.309041095890411,0.0,0.0,0.0,0.309041095890411
2025-08-03,Seasonal Berries,AI forecast + inventory policy,0.0,6.0,0.0,6.0,0.0,0.0,0.0,0,6.0,0.0,8.399999999999999,0.0,0.0,0,0.005753424657534247,0.0,0.0,0.0,0.005753424657534247
2025-08-03,Soft Drinks,AI forecast + inventory policy,0.0,720.0,0.0,720.0,207.0,207.0,0.0,0,513.0,0.0,205.20000000000002,0.0,0.0,0,0.14054794520547947,0.0,0.0,0.0,0.14054794520547947
2025-08-03,Tomatoes,AI forecast + inventory policy,43.0,348.0,0.0,391.0,119.0,119.0,0.0,0,272.0,0.0,122.4,0.0,0.0,0,0.08383561643835616,0.0,0.0,0.0,0.08383561643835616
2025-08-03,Truffle Oil,AI forecast + inventory policy,18.0,18.0,0.0,36.0,19.0,19.0,0.0,0,17.0,0.0,144.5,0.0,0.0,0,0.09897260273972604,0.0,0.0,0.0,0.09897260273972604
2025-08-03,Vegan Cheese,AI forecast + inventory policy,0.0,24.0,0.0,24.0,15.0,15.0,0.0,0,9.0,0.0,5.8500000000000005,0.0,0.0,0,0.004006849315068494,0.0,0.0,0.0,0.004006849315068494
2025-08-04,Bacon,AI forecast + inventory policy,182.0,0.0,0.0,182.0,54.0,54.0,0.0,0,128.0,110.0,140.8,1.0,110.0,1,0.09643835616438357,0.0,0.0,0.625,0.7214383561643836
2025-08-04,Burger Buns,AI forecast + inventory policy,205.0,0.0,0.0,205.0,128.0,128.0,0.0,0,77.0,384.0,13.86,1.0,384.0,1,0.009493150684931506,0.0,0.0,0.625,0.6344931506849315
2025-08-04,Butter,AI forecast + inventory policy,100.0,0.0,0.0,100.0,46.0,46.0,0.0,0,54.0,108.0,51.3,1.0,108.0,1,0.03513698630136986,0.0,0.0,0.625,0.6601369863013699
2025-08-04,Cheese Slices,AI forecast + inventory policy,209.0,0.0,0.0,209.0,90.0,90.0,0.0,0,119.0,200.0,26.18,1.0,200.0,1,0.01793150684931507,0.0,0.0,0.625,0.6429315068493151
2025-08-04,Chicken Breast,AI forecast + inventory policy,257.0,0.0,0.0,257.0,128.0,128.0,0.0,0,129.0,250.0,232.20000000000002,1.0,250.0,1,0.15904109589041096,0.0,0.0,0.625,0.7840410958904109
2025-08-04,Coffee Beans,AI forecast + inventory policy,138.0,0.0,0.0,138.0,41.0,41.0,0.0,0,97.0,48.0,203.70000000000002,1.0,48.0,1,0.1395205479452055,0.0,0.0,0.625,0.7645205479452055
2025-08-04,Cooking Oil,AI forecast + inventory policy,67.0,0.0,0.0,67.0,36.0,36.0,0.0,0,31.0,84.0,49.6,1.0,84.0,1,0.033972602739726035,0.0,0.0,0.625,0.658972602739726
2025-08-04,Eggs,AI forecast + inventory policy,139.0,0.0,0.0,139.0,75.0,75.0,0.0,0,64.0,180.0,10.24,1.0,180.0,1,0.0070136986301369865,0.0,0.0,0.625,0.632013698630137
2025-08-04,Fries (Potatoes),AI forecast + inventory policy,369.0,0.0,0.0,369.0,193.0,193.0,0.0,0,176.0,300.0,52.8,1.0,300.0,1,0.03616438356164383,0.0,0.0,0.625,0.6611643835616439
2025-08-04,Gluten-free Buns,AI forecast + inventory policy,8.0,0.0,0.0,8.0,19.0,8.0,11.0,1,0.0,60.0,0.0,0.0,60.0,1,0.0,0.0,12.100000000000001,0.625,12.725000000000001
2025-08-04,Lettuce,AI forecast + inventory policy,198.0,0.0,0.0,198.0,74.0,74.0,0.0,0,124.0,180.0,74.39999999999999,1.0,180.0,1,0.05095890410958904,0.0,0.0,0.625,0.675958904109589
2025-08-04,Milk,AI forecast + inventory policy,174.0,0.0,0.0,174.0,82.0,82.0,0.0,0,92.0,204.0,69.0,1.0,204.0,1,0.04726027397260273,0.0,0.0,0.625,0.6722602739726027
2025-08-04,Mushrooms,AI forecast + inventory policy,200.0,0.0,0.0,200.0,35.0,35.0,0.0,0,165.0,10.0,90.75,1.1818181818181819,10.0,1,0.062157534246575344,0.0,0.0,0.625,0.6871575342465753
2025-08-04,Onions,AI forecast + inventory policy,186.0,0.0,0.0,186.0,93.0,93.0,0.0,0,93.0,100.0,23.25,1.0,100.0,1,0.015924657534246576,0.0,0.0,0.625,0.6409246575342465
2025-08-04,Salmon Fillet,AI forecast + inventory policy,141.0,0.0,27.0,114.0,53.0,53.0,0.0,0,61.0,78.0,195.20000000000002,1.0,78.0,1,0.13369863013698632,87.75,0.0,0.625,88.50869863013699
2025-08-04,Seasonal Berries,AI forecast + inventory policy,6.0,0.0,0.0,6.0,13.0,6.0,7.0,1,0.0,42.0,0.0,0.0,42.0,1,0.0,0.0,19.599999999999998,0.625,20.224999999999998
2025-08-04,Soft Drinks,AI forecast + inventory policy,513.0,0.0,0.0,513.0,200.0,200.0,0.0,0,313.0,288.0,125.2,1.0,288.0,1,0.08575342465753426,0.0,0.0,0.625,0.7107534246575342
2025-08-04,Tomatoes,AI forecast + inventory policy,272.0,0.0,0.0,272.0,79.0,79.0,0.0,0,193.0,144.0,86.85000000000001,1.0,144.0,1,0.059486301369863014,0.0,0.0,0.625,0.684486301369863
2025-08-04,Truffle Oil,AI forecast + inventory policy,17.0,0.0,0.0,17.0,6.0,6.0,0.0,0,11.0,14.0,93.5,1.0,14.0,1,0.06404109589041096,0.0,0.0,0.625,0.689041095890411
2025-08-04,Vegan Cheese,AI forecast + inventory policy,9.0,0.0,0.0,9.0,6.0,6.0,0.0,0,3.0,48.0,1.9500000000000002,1.0,48.0,1,0.0013356164383561645,0.0,0.0,0.625,0.6263356164383561
2025-08-05,Bacon,AI forecast + inventory policy,128.0,0.0,0.0,128.0,67.0,67.0,0.0,0,61.0,110.0,67.10000000000001,2.0,0.0,0,0.04595890410958904,0.0,0.0,0.0,0.04595890410958904
2025-08-05,Burger Buns,AI forecast + inventory policy,77.0,0.0,0.0,77.0,116.0,77.0,39.0,1,0.0,384.0,0.0,0.0,0.0,0,0.0,0.0,14.04,0.0,14.04
2025-08-05,Butter,AI forecast + inventory policy,54.0,0.0,0.0,54.0,0.0,0.0,0.0,0,54.0,108.0,51.3,2.0,0.0,0,0.03513698630136986,0.0,0.0,0.0,0.03513698630136986
2025-08-05,Cheese Slices,AI forecast + inventory policy,119.0,0.0,0.0,119.0,81.0,81.0,0.0,0,38.0,200.0,8.36,2.0,0.0,0,0.005726027397260274,0.0,0.0,0.0,0.005726027397260274
2025-08-05,Chicken Breast,AI forecast + inventory policy,129.0,0.0,0.0,129.0,95.0,95.0,0.0,0,34.0,250.0,61.2,2.0,0.0,0,0.04191780821917808,0.0,0.0,0.0,0.04191780821917808
2025-08-05,Coffee Beans,AI forecast + inventory policy,97.0,0.0,0.0,97.0,46.0,46.0,0.0,0,51.0,48.0,107.10000000000001,2.0,0.0,0,0.07335616438356164,0.0,0.0,0.0,0.07335616438356164
2025-08-05,Cooking Oil,AI forecast + inventory policy,31.0,0.0,0.0,31.0,26.0,26.0,0.0,0,5.0,84.0,8.0,2.0,0.0,0,0.0054794520547945215,0.0,0.0,0.0,0.0054794520547945215
2025-08-05,Eggs,AI forecast + inventory policy,64.0,0.0,0.0,64.0,65.0,64.0,1.0,1,0.0,180.0,0.0,0.0,0.0,0,0.0,0.0,0.32,0.0,0.32
2025-08-05,Fries (Potatoes),AI forecast + inventory policy,176.0,0.0,0.0,176.0,143.0,143.0,0.0,0,33.0,300.0,9.9,2.0,0.0,0,0.0067808219178082186,0.0,0.0,0.0,0.0067808219178082186
2025-08-05,Gluten-free Buns,AI forecast + inventory policy,0.0,0.0,0.0,0.0,16.0,0.0,16.0,1,0.0,60.0,0.0,0.0,0.0,0,0.0,0.0,17.6,0.0,17.6
2025-08-05,Lettuce,AI forecast + inventory policy,124.0,0.0,0.0,124.0,82.0,82.0,0.0,0,42.0,180.0,25.2,2.0,0.0,0,0.017260273972602738,0.0,0.0,0.0,0.017260273972602738
2025-08-05,Milk,AI forecast + inventory policy,92.0,0.0,0.0,92.0,96.0,92.0,4.0,1,0.0,204.0,0.0,0.0,0.0,0,0.0,0.0,6.0,0.0,6.0
2025-08-05,Mushrooms,AI forecast + inventory policy,165.0,0.0,0.0,165.0,32.0,32.0,0.0,0,133.0,10.0,73.15,2.0,0.0,0,0.0501027397260274,0.0,0.0,0.0,0.0501027397260274
2025-08-05,Onions,AI forecast + inventory policy,93.0,0.0,0.0,93.0,90.0,90.0,0.0,0,3.0,100.0,0.75,2.0,0.0,0,0.0005136986301369864,0.0,0.0,0.0,0.0005136986301369864
2025-08-05,Salmon Fillet,AI forecast + inventory policy,61.0,0.0,0.0,61.0,33.0,33.0,0.0,0,28.0,78.0,89.60000000000001,2.0,0.0,0,0.061369863013698636,0.0,0.0,0.0,0.061369863013698636
2025-08-05,Seasonal Berries,AI forecast + inventory policy,0.0,0.0,0.0,0.0,0.0,0.0,0.0,0,0.0,42.0,0.0,0.0,0.0,0,0.0,0.0,0.0,0.0,0.0
2025-08-05,Soft Drinks,AI forecast + inventory policy,313.0,0.0,0.0,313.0,216.0,216.0,0.0,0,97.0,288.0,38.800000000000004,2.0,0.0,0,0.026575342465753427,0.0,0.0,0.0,0.026575342465753427
2025-08-05,Tomatoes,AI forecast + inventory policy,193.0,0.0,0.0,193.0,88.0,88.0,0.0,0,105.0,144.0,47.25,2.0,0.0,0,0.032363013698630136,0.0,0.0,0.0,0.032363013698630136
2025-08-05,Truffle Oil,AI forecast + inventory policy,11.0,0.0,0.0,11.0,3.0,3.0,0.0,0,8.0,14.0,68.0,2.0,0.0,0,0.04657534246575343,0.0,0.0,0.0,0.04657534246575343
2025-08-05,Vegan Cheese,AI forecast + inventory policy,3.0,0.0,0.0,3.0,5.0,3.0,2.0,1,0.0,48.0,0.0,0.0,0.0,0,0.0,0.0,2.6,0.0,2.6
2025-08-06,Bacon,AI forecast + inventory policy,61.0,110.0,0.0,171.0,60.0,60.0,0.0,0,111.0,200.0,122.10000000000001,0.02702702702702703,200.0,1,0.08363013698630137,0.0,0.0,0.6578947368421053,0.7415248738284067
2025-08-06,Burger Buns,AI forecast + inventory policy,0.0,384.0,0.0,384.0,134.0,134.0,0.0,0,250.0,336.0,45.0,0.0,336.0,1,0.030821917808219176,0.0,0.0,0.6578947368421053,0.6887166546503245
2025-08-06,Butter,AI forecast + inventory policy,54.0,108.0,0.0,162.0,62.0,62.0,0.0,0,100.0,72.0,95.0,0.0,72.0,1,0.06506849315068493,0.0,0.0,0.6578947368421053,0.7229632299927903
2025-08-06,Cheese Slices,AI forecast + inventory policy,38.0,200.0,0.0,238.0,104.0,104.0,0.0,0,134.0,350.0,29.48,0.0,350.0,1,0.02019178082191781,0.0,0.0,0.6578947368421053,0.6780865176640232
2025-08-06,Chicken Breast,AI forecast + inventory policy,34.0,250.0,0.0,284.0,100.0,100.0,0.0,0,184.0,300.0,331.2,0.0,300.0,1,0.22684931506849315,0.0,0.0,0.6578947368421053,0.8847440519105985
2025-08-06,Coffee Beans,AI forecast + inventory policy,51.0,48.0,0.0,99.0,54.0,54.0,0.0,0,45.0,126.0,94.5,0.0,126.0,1,0.06472602739726027,0.0,0.0,0.6578947368421053,0.7226207642393656
2025-08-06,Cooking Oil,AI forecast + inventory policy,5.0,84.0,0.0,89.0,31.0,31.0,0.0,0,58.0,92.0,92.80000000000001,0.0,92.0,1,0.06356164383561645,0.0,0.0,0.6578947368421053,0.7214563806777218
2025-08-06,Eggs,AI forecast + inventory policy,0.0,180.0,0.0,180.0,74.0,74.0,0.0,0,106.0,210.0,16.96,0.0,210.0,1,0.011616438356164384,0.0,0.0,0.6578947368421053,0.6695111751982697
2025-08-06,Fries (Potatoes),AI forecast + inventory policy,33.0,300.0,0.0,333.0,185.0,185.0,0.0,0,148.0,500.0,44.4,0.0,500.0,1,0.030410958904109588,0.0,0.0,0.6578947368421053,0.6883056957462149
2025-08-06,Gluten-free Buns,AI forecast + inventory policy,0.0,60.0,0.0,60.0,18.0,18.0,0.0,0,42.0,12.0,23.1,0.0,12.0,1,0.015821917808219177,0.0,0.0,0.6578947368421053,0.6737166546503245
2025-08-06,Lettuce,AI forecast + inventory policy,42.0,180.0,0.0,222.0,89.0,89.0,0.0,0,133.0,264.0,79.8,0.0,264.0,1,0.05465753424657534,0.0,0.0,0.6578947368421053,0.7125522710886807
2025-08-06,Milk,AI forecast + inventory policy,0.0,204.0,0.0,204.0,82.0,82.0,0.0,0,122.0,240.0,91.5,0.0,240.0,1,0.06267123287671232,0.0,0.0,0.6578947368421053,0.7205659697188176
2025-08-06,Mushrooms,AI forecast + inventory policy,133.0,10.0,0.0,143.0,42.0,42.0,0.0,0,101.0,120.0,55.550000000000004,2.702970297029703,120.0,1,0.03804794520547945,0.0,0.0,0.6578947368421053,0.6959426820475848
2025-08-06,Onions,AI forecast + inventory policy,3.0,100.0,0.0,103.0,68.0,68.0,0.0,0,35.0,260.0,8.75,0.0,260.0,1,0.0059931506849315065,0.0,0.0,0.6578947368421053,0.6638878875270369
2025-08-06,Salmon Fillet,AI forecast + inventory policy,28.0,78.0,28.0,78.0,31.0,31.0,0.0,0,47.0,180.0,150.4,0.0,180.0,1,0.103013698630137,91.00000000000001,0.0,0.6578947368421053,91.76090843547226
2025-08-06,Seasonal Berries,AI forecast + inventory policy,0.0,42.0,0.0,42.0,6.0,6.0,0.0,0,36.0,6.0,50.4,0.0,6.0,1,0.03452054794520548,0.0,0.0,0.6578947368421053,0.6924152847873108
2025-08-06,Soft Drinks,AI forecast + inventory policy,97.0,288.0,0.0,385.0,145.0,145.0,0.0,0,240.0,600.0,96.0,0.0,600.0,1,0.06575342465753425,0.0,0.0,0.6578947368421053,0.7236481614996395
2025-08-06,Tomatoes,AI forecast + inventory policy,105.0,144.0,0.0,249.0,89.0,89.0,0.0,0,160.0,252.0,72.0,0.3,252.0,1,0.049315068493150684,0.0,0.0,0.6578947368421053,0.707209805335256
2025-08-06,Truffle Oil,AI forecast + inventory policy,8.0,14.0,0.0,22.0,5.0,5.0,0.0,0,17.0,10.0,144.5,0.5294117647058824,10.0,1,0.09897260273972604,0.0,0.0,0.6578947368421053,0.7568673395818314
2025-08-06,Vegan Cheese,AI forecast + inventory policy,0.0,48.0,0.0,48.0,11.0,11.0,0.0,0,37.0,0.0,24.05,0.0,0.0,1,0.01647260273972603,0.0,0.0,0.0,0.01647260273972603
2025-08-07,Bacon,AI forecast + inventory policy,111.0,0.0,0.0,111.0,55.0,55.0,0.0,0,56.0,200.0,61.60000000000001,1.0,0.0,0,0.04219178082191781,0.0,0.0,0.0,0.04219178082191781
2025-08-07,Burger Buns,AI forecast + inventory policy,250.0,0.0,0.0,250.0,129.0,129.0,0.0,0,121.0,336.0,21.779999999999998,1.0,0.0,0,0.014917808219178081,0.0,0.0,0.0,0.014917808219178081
2025-08-07,Butter,AI forecast + inventory policy,100.0,0.0,0.0,100.0,36.0,36.0,0.0,0,64.0,72.0,60.8,1.0,0.0,0,0.041643835616438356,0.0,0.0,0.0,0.041643835616438356
2025-08-07,Cheese Slices,AI forecast + inventory policy,134.0,0.0,0.0,134.0,105.0,105.0,0.0,0,29.0,350.0,6.38,1.0,0.0,0,0.004369863013698631,0.0,0.0,0.0,0.004369863013698631
2025-08-07,Chicken Breast,AI forecast + inventory policy,184.0,0.0,0.0,184.0,97.0,97.0,0.0,0,87.0,300.0,156.6,1.0,0.0,0,0.10726027397260274,0.0,0.0,0.0,0.10726027397260274
2025-08-07,Coffee Beans,AI forecast + inventory policy,45.0,0.0,0.0,45.0,48.0,45.0,3.0,1,0.0,126.0,0.0,0.0,0.0,0,0.0,0.0,12.600000000000001,0.0,12.600000000000001
2025-08-07,Cooking Oil,AI forecast + inventory policy,58.0,0.0,0.0,58.0,32.0,32.0,0.0,0,26.0,92.0,41.6,1.0,0.0,0,0.02849315068493151,0.0,0.0,0.0,0.02849315068493151
2025-08-07,Eggs,AI forecast + inventory policy,106.0,0.0,0.0,106.0,89.0,89.0,0.0,0,17.0,210.0,2.72,1.0,0.0,0,0.001863013698630137,0.0,0.0,0.0,0.001863013698630137
2025-08-07,Fries (Potatoes),AI forecast + inventory policy,148.0,0.0,0.0,148.0,164.0,148.0,16.0,1,0.0,500.0,0.0,0.0,0.0,0,0.0,0.0,9.6,0.0,9.6
2025-08-07,Gluten-free Buns,AI forecast + inventory policy,42.0,0.0,0.0,42.0,0.0,0.0,0.0,0,42.0,12.0,23.1,1.0,0.0,0,0.015821917808219177,0.0,0.0,0.0,0.015821917808219177
2025-08-07,Lettuce,AI forecast + inventory policy,133.0,0.0,0.0,133.0,88.0,88.0,0.0,0,45.0,264.0,27.0,1.0,0.0,0,0.018493150684931507,0.0,0.0,0.0,0.018493150684931507
2025-08-07,Milk,AI forecast + inventory policy,122.0,0.0,0.0,122.0,77.0,77.0,0.0,0,45.0,240.0,33.75,1.0,0.0,0,0.023116438356164382,0.0,0.0,0.0,0.023116438356164382
2025-08-07,Mushrooms,AI forecast + inventory policy,101.0,0.0,0.0,101.0,46.0,46.0,0.0,0,55.0,120.0,30.250000000000004,3.4545454545454546,0.0,0,0.020719178082191782,0.0,0.0,0.0,0.020719178082191782
2025-08-07,Onions,AI forecast + inventory policy,35.0,0.0,0.0,35.0,68.0,35.0,33.0,1,0.0,260.0,0.0,0.0,0.0,0,0.0,0.0,16.5,0.0,16.5
2025-08-07,Salmon Fillet,AI forecast + inventory policy,47.0,0.0,0.0,47.0,43.0,43.0,0.0,0,4.0,180.0,12.8,1.0,0.0,0,0.008767123287671234,0.0,0.0,0.0,0.008767123287671234
2025-08-07,Seasonal Berries,AI forecast + inventory policy,36.0,0.0,0.0,36.0,14.0,14.0,0.0,0,22.0,6.0,30.799999999999997,1.0,0.0,0,0.021095890410958905,0.0,0.0,0.0,0.021095890410958905
2025-08-07,Soft Drinks,AI forecast + inventory policy,240.0,0.0,0.0,240.0,191.0,191.0,0.0,0,49.0,600.0,19.6,1.0,0.0,0,0.013424657534246577,0.0,0.0,0.0,0.013424657534246577
2025-08-07,Tomatoes,AI forecast + inventory policy,160.0,0.0,0.0,160.0,100.0,100.0,0.0,0,60.0,252.0,27.0,1.0,0.0,0,0.018493150684931507,0.0,0.0,0.0,0.018493150684931507
2025-08-07,Truffle Oil,AI forecast + inventory policy,17.0,0.0,0.0,17.0,6.0,6.0,0.0,0,11.0,10.0,93.5,1.0,0.0,0,0.06404109589041096,0.0,0.0,0.0,0.06404109589041096
2025-08-07,Vegan Cheese,AI forecast + inventory policy,37.0,0.0,0.0,37.0,0.0,0.0,0.0,0,37.0,0.0,24.05,1.0,0.0,0,0.01647260273972603,0.0,0.0,0.0,0.01647260273972603
2025-08-08,Bacon,AI forecast + inventory policy,56.0,200.0,0.0,256.0,120.0,120.0,0.0,0,136.0,190.0,149.60000000000002,0.0,190.0,1,0.10246575342465754,0.0,0.0,0.625,0.7274657534246576
2025-08-08,Burger Buns,AI forecast + inventory policy,121.0,336.0,0.0,457.0,221.0,221.0,0.0,0,236.0,384.0,42.48,0.0,384.0,1,0.029095890410958905,0.0,0.0,0.625,0.654095890410959
2025-08-08,Butter,AI forecast + inventory policy,64.0,72.0,0.0,136.0,54.0,54.0,0.0,0,82.0,132.0,77.89999999999999,0.24390243902439024,132.0,1,0.053356164383561645,0.0,0.0,0.625,0.6783561643835616
2025-08-08,Cheese Slices,AI forecast + inventory policy,29.0,350.0,0.0,379.0,169.0,169.0,0.0,0,210.0,350.0,46.2,0.0,350.0,1,0.03164383561643836,0.0,0.0,0.625,0.6566438356164384
2025-08-08,Chicken Breast,AI forecast + inventory policy,87.0,300.0,0.0,387.0,159.0,159.0,0.0,0,228.0,330.0,410.40000000000003,0.0,330.0,1,0.2810958904109589,0.0,0.0,0.625,0.9060958904109588
2025-08-08,Coffee Beans,AI forecast + inventory policy,0.0,126.0,0.0,126.0,45.0,45.0,0.0,0,81.0,144.0,170.1,0.0,144.0,1,0.1165068493150685,0.0,0.0,0.625,0.7415068493150685
2025-08-08,Cooking Oil,AI forecast + inventory policy,26.0,92.0,0.0,118.0,51.0,51.0,0.0,0,67.0,96.0,107.2,0.0,96.0,1,0.07342465753424658,0.0,0.0,0.625,0.6984246575342465
2025-08-08,Eggs,AI forecast + inventory policy,17.0,210.0,0.0,227.0,113.0,113.0,0.0,0,114.0,240.0,18.240000000000002,0.0,240.0,1,0.012493150684931507,0.0,0.0,0.625,0.6374931506849315
2025-08-08,Fries (Potatoes),AI forecast + inventory policy,0.0,500.0,0.0,500.0,263.0,263.0,0.0,0,237.0,560.0,71.1,0.0,560.0,1,0.0486986301369863,0.0,0.0,0.625,0.6736986301369863
2025-08-08,Gluten-free Buns,AI forecast + inventory policy,42.0,12.0,0.0,54.0,21.0,21.0,0.0,0,33.0,24.0,18.150000000000002,1.2727272727272727,24.0,1,0.012431506849315068,0.0,0.0,0.625,0.637431506849315
2025-08-08,Lettuce,AI forecast + inventory policy,45.0,264.0,0.0,309.0,157.0,157.0,0.0,0,152.0,288.0,91.2,0.0,288.0,1,0.06246575342465753,0.0,0.0,0.625,0.6874657534246575
2025-08-08,Milk,AI forecast + inventory policy,45.0,240.0,0.0,285.0,105.0,105.0,0.0,0,180.0,252.0,135.0,0.0,252.0,1,0.09246575342465753,0.0,0.0,0.625,0.7174657534246576
2025-08-08,Mushrooms,AI forecast + inventory policy,55.0,120.0,45.0,130.0,62.0,62.0,0.0,0,68.0,190.0,37.400000000000006,0.0,190.0,1,0.025616438356164384,27.000000000000004,0.0,0.625,27.650616438356167
2025-08-08,Onions,AI forecast + inventory policy,0.0,260.0,0.0,260.0,104.0,104.0,0.0,0,156.0,220.0,39.0,0.0,220.0,1,0.02671232876712329,0.0,0.0,0.625,0.6517123287671233
2025-08-08,Salmon Fillet,AI forecast + inventory policy,4.0,180.0,0.0,184.0,69.0,69.0,0.0,0,115.0,78.0,368.0,0.0,78.0,1,0.25205479452054796,0.0,0.0,0.625,0.877054794520548
2025-08-08,Seasonal Berries,AI forecast + inventory policy,22.0,6.0,0.0,28.0,0.0,0.0,0.0,0,28.0,18.0,39.199999999999996,1.5714285714285714,18.0,1,0.02684931506849315,0.0,0.0,0.625,0.6518493150684932
2025-08-08,Soft Drinks,AI forecast + inventory policy,49.0,600.0,0.0,649.0,330.0,330.0,0.0,0,319.0,624.0,127.60000000000001,0.0,624.0,1,0.08739726027397261,0.0,0.0,0.625,0.7123972602739727
2025-08-08,Tomatoes,AI forecast + inventory policy,60.0,252.0,0.0,312.0,136.0,136.0,0.0,0,176.0,312.0,79.2,0.0,312.0,1,0.054246575342465755,0.0,0.0,0.625,0.6792465753424658
2025-08-08,Truffle Oil,AI forecast + inventory policy,11.0,10.0,0.0,21.0,9.0,9.0,0.0,0,12.0,16.0,102.0,0.3333333333333333,16.0,1,0.06986301369863014,0.0,0.0,0.625,0.6948630136986301
2025-08-08,Vegan Cheese,AI forecast + inventory policy,37.0,0.0,0.0,37.0,8.0,8.0,0.0,0,29.0,24.0,18.85,2.0,24.0,1,0.01291095890410959,0.0,0.0,0.625,0.6379109589041095
2025-08-09,Bacon,AI forecast + inventory policy,136.0,0.0,0.0,136.0,96.0,96.0,0.0,0,40.0,190.0,44.0,1.0,0.0,0,0.030136986301369864,0.0,0.0,0.0,0.030136986301369864
2025-08-09,Burger Buns,AI forecast + inventory policy,236.0,0.0,0.0,236.0,181.0,181.0,0.0,0,55.0,384.0,9.9,1.0,0.0,0,0.006780821917808219,0.0,0.0,0.0,0.006780821917808219
2025-08-09,Butter,AI forecast + inventory policy,82.0,0.0,0.0,82.0,51.0,51.0,0.0,0,31.0,132.0,29.45,1.0,0.0,0,0.02017123287671233,0.0,0.0,0.0,0.02017123287671233
2025-08-09,Cheese Slices,AI forecast + inventory policy,210.0,0.0,0.0,210.0,149.0,149.0,0.0,0,61.0,350.0,13.42,1.0,0.0,0,0.009191780821917808,0.0,0.0,0.0,0.009191780821917808
2025-08-09,Chicken Breast,AI forecast + inventory policy,228.0,0.0,0.0,228.0,145.0,145.0,0.0,0,83.0,330.0,149.4,1.0,0.0,0,0.10232876712328767,0.0,0.0,0.0,0.10232876712328767
2025-08-09,Coffee Beans,AI forecast + inventory policy,81.0,0.0,0.0,81.0,61.0,61.0,0.0,0,20.0,144.0,42.0,1.0,0.0,0,0.028767123287671233,0.0,0.0,0.0,0.028767123287671233
2025-08-09,Cooking Oil,AI forecast + inventory policy,67.0,0.0,0.0,67.0,34.0,34.0,0.0,0,33.0,96.0,52.800000000000004,1.0,0.0,0,0.03616438356164384,0.0,0.0,0.0,0.03616438356164384
2025-08-09,Eggs,AI forecast + inventory policy,114.0,0.0,0.0,114.0,113.0,113.0,0.0,0,1.0,240.0,0.16,1.0,0.0,0,0.00010958904109589041,0.0,0.0,0.0,0.00010958904109589041
2025-08-09,Fries (Potatoes),AI forecast + inventory policy,237.0,0.0,0.0,237.0,226.0,226.0,0.0,0,11.0,560.0,3.3,1.0,0.0,0,0.0022602739726027394,0.0,0.0,0.0,0.0022602739726027394
2025-08-09,Gluten-free Buns,AI forecast + inventory policy,33.0,0.0,21.0,12.0,8.0,8.0,0.0,0,4.0,24.0,2.2,1.0,0.0,0,0.0015068493150684932,12.600000000000001,0.0,0.0,12.60150684931507
2025-08-09,Lettuce,AI forecast + inventory policy,152.0,0.0,0.0,152.0,118.0,118.0,0.0,0,34.0,288.0,20.4,1.0,0.0,0,0.013972602739726026,0.0,0.0,0.0,0.013972602739726026
2025-08-09,Milk,AI forecast + inventory policy,180.0,0.0,0.0,180.0,122.0,122.0,0.0,0,58.0,252.0,43.5,1.0,0.0,0,0.0297945205479452,0.0,0.0,0.0,0.0297945205479452
2025-08-09,Mushrooms,AI forecast + inventory policy,68.0,0.0,0.0,68.0,47.0,47.0,0.0,0,21.0,190.0,11.55,1.0,0.0,0,0.007910958904109588,0.0,0.0,0.0,0.007910958904109588
2025-08-09,Onions,AI forecast + inventory policy,156.0,0.0,0.0,156.0,111.0,111.0,0.0,0,45.0,220.0,11.25,1.0,0.0,0,0.007705479452054795,0.0,0.0,0.0,0.007705479452054795
2025-08-09,Salmon Fillet,AI forecast + inventory policy,115.0,0.0,0.0,115.0,49.0,49.0,0.0,0,66.0,78.0,211.20000000000002,1.0,0.0,0,0.14465753424657535,0.0,0.0,0.0,0.14465753424657535
2025-08-09,Seasonal Berries,AI forecast + inventory policy,28.0,0.0,22.0,6.0,19.0,6.0,13.0,1,0.0,18.0,0.0,0.0,0.0,0,0.0,31.9,36.4,0.0,68.3
2025-08-09,Soft Drinks,AI forecast + inventory policy,319.0,0.0,0.0,319.0,261.0,261.0,0.0,0,58.0,624.0,23.200000000000003,1.0,0.0,0,0.015890410958904113,0.0,0.0,0.0,0.015890410958904113
2025-08-09,Tomatoes,AI forecast + inventory policy,176.0,0.0,0.0,176.0,142.0,142.0,0.0,0,34.0,312.0,15.3,1.0,0.0,0,0.01047945205479452,0.0,0.0,0.0,0.01047945205479452
2025-08-09,Truffle Oil,AI forecast + inventory policy,12.0,0.0,0.0,12.0,0.0,0.0,0.0,0,12.0,16.0,102.0,1.3333333333333333,0.0,0,0.06986301369863014,0.0,0.0,0.0,0.06986301369863014
2025-08-09,Vegan Cheese,AI forecast + inventory policy,29.0,0.0,0.0,29.0,14.0,14.0,0.0,0,15.0,24.0,9.75,3.0,0.0,0,0.006678082191780822,0.0,0.0,0.0,0.006678082191780822
2025-08-10,Bacon,AI forecast + inventory policy,40.0,190.0,0.0,230.0,85.0,85.0,0.0,0,145.0,0.0,159.5,0.0,0.0,0,0.10924657534246576,0.0,0.0,0.0,0.10924657534246576
2025-08-10,Burger Buns,AI forecast + inventory policy,55.0,384.0,0.0,439.0,205.0,205.0,0.0,0,234.0,0.0,42.12,0.0,0.0,0,0.02884931506849315,0.0,0.0,0.0,0.02884931506849315
2025-08-10,Butter,AI forecast + inventory policy,31.0,132.0,0.0,163.0,42.0,42.0,0.0,0,121.0,0.0,114.94999999999999,0.0,0.0,0,0.07873287671232877,0.0,0.0,0.0,0.07873287671232877
2025-08-10,Cheese Slices,AI forecast + inventory policy,61.0,350.0,0.0,411.0,130.0,130.0,0.0,0,281.0,0.0,61.82,0.0,0.0,0,0.04234246575342466,0.0,0.0,0.0,0.04234246575342466
2025-08-10,Chicken Breast,AI forecast + inventory policy,83.0,330.0,0.0,413.0,152.0,152.0,0.0,0,261.0,0.0,469.8,0.0,0.0,0,0.3217808219178082,0.0,0.0,0.0,0.3217808219178082
2025-08-10,Coffee Beans,AI forecast + inventory policy,20.0,144.0,0.0,164.0,39.0,39.0,0.0,0,125.0,0.0,262.5,0.0,0.0,0,0.1797945205479452,0.0,0.0,0.0,0.1797945205479452
2025-08-10,Cooking Oil,AI forecast + inventory policy,33.0,96.0,0.0,129.0,36.0,36.0,0.0,0,93.0,0.0,148.8,0.0,0.0,0,0.10191780821917809,0.0,0.0,0.0,0.10191780821917809
2025-08-10,Eggs,AI forecast + inventory policy,1.0,240.0,0.0,241.0,87.0,87.0,0.0,0,154.0,0.0,24.64,0.0,0.0,0,0.016876712328767123,0.0,0.0,0.0,0.016876712328767123
2025-08-10,Fries (Potatoes),AI forecast + inventory policy,11.0,560.0,0.0,571.0,283.0,283.0,0.0,0,288.0,0.0,86.39999999999999,0.0,0.0,0,0.05917808219178082,0.0,0.0,0.0,0.05917808219178082
2025-08-10,Gluten-free Buns,AI forecast + inventory policy,4.0,24.0,0.0,28.0,22.0,22.0,0.0,0,6.0,0.0,3.3000000000000003,0.0,0.0,0,0.00226027397260274,0.0,0.0,0.0,0.00226027397260274
2025-08-10,Lettuce,AI forecast + inventory policy,34.0,288.0,0.0,322.0,125.0,125.0,0.0,0,197.0,0.0,118.19999999999999,0.0,0.0,0,0.08095890410958903,0.0,0.0,0.0,0.08095890410958903
2025-08-10,Milk,AI forecast + inventory policy,58.0,252.0,0.0,310.0,99.0,99.0,0.0,0,211.0,0.0,158.25,0.0,0.0,0,0.1083904109589041,0.0,0.0,0.0,0.1083904109589041
2025-08-10,Mushrooms,AI forecast + inventory policy,21.0,190.0,0.0,211.0,67.0,67.0,0.0,0,144.0,0.0,79.2,0.0,0.0,0,0.054246575342465755,0.0,0.0,0.0,0.054246575342465755
2025-08-10,Onions,AI forecast + inventory policy,45.0,220.0,0.0,265.0,84.0,84.0,0.0,0,181.0,0.0,45.25,0.0,0.0,0,0.030993150684931508,0.0,0.0,0.0,0.030993150684931508
2025-08-10,Salmon Fillet,AI forecast + inventory policy,66.0,78.0,0.0,144.0,85.0,85.0,0.0,0,59.0,0.0,188.8,0.0,0.0,0,0.1293150684931507,0.0,0.0,0.0,0.1293150684931507
2025-08-10,Seasonal Berries,AI forecast + inventory policy,0.0,18.0,0.0,18.0,11.0,11.0,0.0,0,7.0,0.0,9.799999999999999,0.0,0.0,0,0.006712328767123288,0.0,0.0,0.0,0.006712328767123288
2025-08-10,Soft Drinks,AI forecast + inventory policy,58.0,624.0,0.0,682.0,258.0,258.0,0.0,0,424.0,0.0,169.60000000000002,0.0,0.0,0,0.11616438356164385,0.0,0.0,0.0,0.11616438356164385
2025-08-10,Tomatoes,AI forecast + inventory policy,34.0,312.0,0.0,346.0,130.0,130.0,0.0,0,216.0,0.0,97.2,0.0,0.0,0,0.06657534246575342,0.0,0.0,0.0,0.06657534246575342
2025-08-10,Truffle Oil,AI forecast + inventory policy,12.0,16.0,0.0,28.0,0.0,0.0,0.0,0,28.0,0.0,238.0,1.0,0.0,0,0.16301369863013698,0.0,0.0,0.0,0.16301369863013698
2025-08-10,Vegan Cheese,AI forecast + inventory policy,15.0,24.0,0.0,39.0,17.0,17.0,0.0,0,22.0,0.0,14.3,0.0,0.0,0,0.009794520547945206,0.0,0.0,0.0,0.009794520547945206
2025-08-11,Bacon,AI forecast + inventory policy,145.0,0.0,0.0,145.0,51.0,51.0,0.0,0,94.0,150.0,103.4,1.0,150.0,1,0.07082191780821918,0.0,0.0,0.625,0.6958219178082192
2025-08-11,Burger Buns,AI forecast + inventory policy,234.0,0.0,0.0,234.0,121.0,121.0,0.0,0,113.0,336.0,20.34,1.0,336.0,1,0.013931506849315068,0.0,0.0,0.625,0.6389315068493151
2025-08-11,Butter,AI forecast + inventory policy,121.0,0.0,0.0,121.0,34.0,34.0,0.0,0,87.0,72.0,82.64999999999999,1.0,72.0,1,0.05660958904109589,0.0,0.0,0.625,0.6816095890410959
2025-08-11,Cheese Slices,AI forecast + inventory policy,281.0,0.0,0.0,281.0,147.0,147.0,0.0,0,134.0,150.0,29.48,1.0,150.0,1,0.02019178082191781,0.0,0.0,0.625,0.6451917808219179
2025-08-11,Chicken Breast,AI forecast + inventory policy,261.0,0.0,0.0,261.0,96.0,96.0,0.0,0,165.0,170.0,297.0,1.0,170.0,1,0.20342465753424657,0.0,0.0,0.625,0.8284246575342465
2025-08-11,Coffee Beans,AI forecast + inventory policy,125.0,0.0,0.0,125.0,36.0,36.0,0.0,0,89.0,78.0,186.9,1.0,78.0,1,0.12801369863013698,0.0,0.0,0.625,0.753013698630137
2025-08-11,Cooking Oil,AI forecast + inventory policy,93.0,0.0,0.0,93.0,30.0,30.0,0.0,0,63.0,80.0,100.80000000000001,1.0,80.0,1,0.06904109589041096,0.0,0.0,0.625,0.694041095890411
2025-08-11,Eggs,AI forecast + inventory policy,154.0,0.0,0.0,154.0,81.0,81.0,0.0,0,73.0,150.0,11.68,1.0,150.0,1,0.008,0.0,0.0,0.625,0.633
2025-08-11,Fries (Potatoes),AI forecast + inventory policy,288.0,0.0,0.0,288.0,137.0,137.0,0.0,0,151.0,360.0,45.3,1.0,360.0,1,0.03102739726027397,0.0,0.0,0.625,0.6560273972602739
2025-08-11,Gluten-free Buns,AI forecast + inventory policy,6.0,0.0,0.0,6.0,0.0,0.0,0.0,0,6.0,60.0,3.3000000000000003,1.0,60.0,1,0.00226027397260274,0.0,0.0,0.625,0.6272602739726028
2025-08-11,Lettuce,AI forecast + inventory policy,197.0,0.0,0.0,197.0,94.0,94.0,0.0,0,103.0,204.0,61.8,1.0,204.0,1,0.04232876712328767,0.0,0.0,0.625,0.6673287671232877
2025-08-11,Milk,AI forecast + inventory policy,211.0,0.0,0.0,211.0,60.0,60.0,0.0,0,151.0,192.0,113.25,1.0,192.0,1,0.07756849315068493,0.0,0.0,0.625,0.7025684931506849
2025-08-11,Mushrooms,AI forecast + inventory policy,144.0,0.0,0.0,144.0,38.0,38.0,0.0,0,106.0,70.0,58.300000000000004,1.0,70.0,1,0.03993150684931507,0.0,0.0,0.625,0.6649315068493151
2025-08-11,Onions,AI forecast + inventory policy,181.0,0.0,0.0,181.0,80.0,80.0,0.0,0,101.0,140.0,25.25,1.0,140.0,1,0.017294520547945207,0.0,0.0,0.625,0.6422945205479452
2025-08-11,Salmon Fillet,AI forecast + inventory policy,59.0,0.0,0.0,59.0,31.0,31.0,0.0,0,28.0,144.0,89.60000000000001,1.0,144.0,1,0.061369863013698636,0.0,0.0,0.625,0.6863698630136986
2025-08-11,Seasonal Berries,AI forecast + inventory policy,7.0,0.0,0.0,7.0,12.0,7.0,5.0,1,0.0,36.0,0.0,0.0,36.0,1,0.0,0.0,14.0,0.625,14.625
2025-08-11,Soft Drinks,AI forecast + inventory policy,424.0,0.0,0.0,424.0,158.0,158.0,0.0,0,266.0,384.0,106.4,1.0,384.0,1,0.07287671232876713,0.0,0.0,0.625,0.6978767123287671
2025-08-11,Tomatoes,AI forecast + inventory policy,216.0,0.0,0.0,216.0,86.0,86.0,0.0,0,130.0,192.0,58.5,1.0,192.0,1,0.04006849315068493,0.0,0.0,0.625,0.665068493150685
2025-08-11,Truffle Oil,AI forecast + inventory policy,28.0,0.0,0.0,28.0,5.0,5.0,0.0,0,23.0,6.0,195.5,1.608695652173913,6.0,1,0.13390410958904111,0.0,0.0,0.625,0.7589041095890411
2025-08-11,Vegan Cheese,AI forecast + inventory policy,22.0,0.0,0.0,22.0,14.0,14.0,0.0,0,8.0,36.0,5.2,1.0,36.0,1,0.0035616438356164386,0.0,0.0,0.625,0.6285616438356164
2025-08-12,Bacon,AI forecast + inventory policy,94.0,0.0,0.0,94.0,62.0,62.0,0.0,0,32.0,150.0,35.2,2.0,0.0,0,0.02410958904109589,0.0,0.0,0.0,0.02410958904109589
2025-08-12,Burger Buns,AI forecast + inventory policy,113.0,0.0,0.0,113.0,119.0,113.0,6.0,1,0.0,336.0,0.0,0.0,0.0,0,0.0,0.0,2.16,0.0,2.16
2025-08-12,Butter,AI forecast + inventory policy,87.0,0.0,0.0,87.0,45.0,45.0,0.0,0,42.0,72.0,39.9,2.0,0.0,0,0.027328767123287672,0.0,0.0,0.0,0.027328767123287672
2025-08-12,Cheese Slices,AI forecast + inventory policy,134.0,0.0,0.0,134.0,90.0,90.0,0.0,0,44.0,150.0,9.68,2.0,0.0,0,0.0066301369863013705,0.0,0.0,0.0,0.0066301369863013705
2025-08-12,Chicken Breast,AI forecast + inventory policy,165.0,0.0,0.0,165.0,97.0,97.0,0.0,0,68.0,170.0,122.4,2.0,0.0,0,0.08383561643835616,0.0,0.0,0.0,0.08383561643835616
2025-08-12,Coffee Beans,AI forecast + inventory policy,89.0,0.0,0.0,89.0,43.0,43.0,0.0,0,46.0,78.0,96.60000000000001,2.0,0.0,0,0.06616438356164384,0.0,0.0,0.0,0.06616438356164384
2025-08-12,Cooking Oil,AI forecast + inventory policy,63.0,0.0,0.0,63.0,33.0,33.0,0.0,0,30.0,80.0,48.0,2.0,0.0,0,0.03287671232876713,0.0,0.0,0.0,0.03287671232876713
2025-08-12,Eggs,AI forecast + inventory policy,73.0,0.0,0.0,73.0,69.0,69.0,0.0,0,4.0,150.0,0.64,2.0,0.0,0,0.00043835616438356166,0.0,0.0,0.0,0.00043835616438356166
2025-08-12,Fries (Potatoes),AI forecast + inventory policy,151.0,0.0,0.0,151.0,164.0,151.0,13.0,1,0.0,360.0,0.0,0.0,0.0,0,0.0,0.0,7.8,0.0,7.8
2025-08-12,Gluten-free Buns,AI forecast + inventory policy,6.0,0.0,0.0,6.0,12.0,6.0,6.0,1,0.0,60.0,0.0,0.0,0.0,0,0.0,0.0,6.6000000000000005,0.0,6.6000000000000005
2025-08-12,Lettuce,AI forecast + inventory policy,103.0,0.0,0.0,103.0,104.0,103.0,1.0,1,0.0,204.0,0.0,0.0,0.0,0,0.0,0.0,1.2,0.0,1.2
2025-08-12,Milk,AI forecast + inventory policy,151.0,0.0,0.0,151.0,85.0,85.0,0.0,0,66.0,192.0,49.5,2.0,0.0,0,0.033904109589041095,0.0,0.0,0.0,0.033904109589041095
2025-08-12,Mushrooms,AI forecast + inventory policy,106.0,0.0,0.0,106.0,42.0,42.0,0.0,0,64.0,70.0,35.2,2.0,0.0,0,0.02410958904109589,0.0,0.0,0.0,0.02410958904109589
2025-08-12,Onions,AI forecast + inventory policy,101.0,0.0,0.0,101.0,55.0,55.0,0.0,0,46.0,140.0,11.5,2.0,0.0,0,0.007876712328767124,0.0,0.0,0.0,0.007876712328767124
2025-08-12,Salmon Fillet,AI forecast + inventory policy,28.0,0.0,0.0,28.0,39.0,28.0,11.0,1,0.0,144.0,0.0,0.0,0.0,0,0.0,0.0,70.4,0.0,70.4
2025-08-12,Seasonal Berries,AI forecast + inventory policy,0.0,0.0,0.0,0.0,0.0,0.0,0.0,0,0.0,36.0,0.0,0.0,0.0,0,0.0,0.0,0.0,0.0,0.0
2025-08-12,Soft Drinks,AI forecast + inventory policy,266.0,0.0,0.0,266.0,242.0,242.0,0.0,0,24.0,384.0,9.600000000000001,2.0,0.0,0,0.006575342465753425,0.0,0.0,0.0,0.006575342465753425
2025-08-12,Tomatoes,AI forecast + inventory policy,130.0,0.0,0.0,130.0,102.0,102.0,0.0,0,28.0,192.0,12.6,2.0,0.0,0,0.00863013698630137,0.0,0.0,0.0,0.00863013698630137
2025-08-12,Truffle Oil,AI forecast + inventory policy,23.0,0.0,0.0,23.0,0.0,0.0,0.0,0,23.0,6.0,195.5,2.608695652173913,0.0,0,0.13390410958904111,0.0,0.0,0.0,0.13390410958904111
2025-08-12,Vegan Cheese,AI forecast + inventory policy,8.0,0.0,0.0,8.0,8.0,8.0,0.0,0,0.0,36.0,0.0,0.0,0.0,0,0.0,0.0,0.0,0.0,0.0
2025-08-13,Bacon,AI forecast + inventory policy,32.0,150.0,0.0,182.0,63.0,63.0,0.0,0,119.0,160.0,130.9,0.0,160.0,1,0.08965753424657534,0.0,0.0,0.6578947368421053,0.7475522710886806
2025-08-13,Burger Buns,AI forecast + inventory policy,0.0,336.0,0.0,336.0,157.0,157.0,0.0,0,179.0,384.0,32.22,0.0,384.0,1,0.02206849315068493,0.0,0.0,0.6578947368421053,0.6799632299927902
2025-08-13,Butter,AI forecast + inventory policy,42.0,72.0,0.0,114.0,46.0,46.0,0.0,0,68.0,108.0,64.6,0.0,108.0,1,0.04424657534246575,0.0,0.0,0.6578947368421053,0.7021413121845711
2025-08-13,Cheese Slices,AI forecast + inventory policy,44.0,150.0,0.0,194.0,99.0,99.0,0.0,0,95.0,300.0,20.9,0.0,300.0,1,0.014315068493150685,0.0,0.0,0.6578947368421053,0.672209805335256
2025-08-13,Chicken Breast,AI forecast + inventory policy,68.0,170.0,0.0,238.0,105.0,105.0,0.0,0,133.0,300.0,239.4,0.0,300.0,1,0.16397260273972603,0.0,0.0,0.6578947368421053,0.8218673395818313
2025-08-13,Coffee Beans,AI forecast + inventory policy,46.0,78.0,0.0,124.0,69.0,69.0,0.0,0,55.0,96.0,115.5,0.0,96.0,1,0.0791095890410959,0.0,0.0,0.6578947368421053,0.7370043258832012
2025-08-13,Cooking Oil,AI forecast + inventory policy,30.0,80.0,0.0,110.0,35.0,35.0,0.0,0,75.0,72.0,120.0,0.0,72.0,1,0.08219178082191782,0.0,0.0,0.6578947368421053,0.7400865176640231
2025-08-13,Eggs,AI forecast + inventory policy,4.0,150.0,0.0,154.0,50.0,50.0,0.0,0,104.0,240.0,16.64,0.0,240.0,1,0.011397260273972603,0.0,0.0,0.6578947368421053,0.6692919971160779
2025-08-13,Fries (Potatoes),AI forecast + inventory policy,0.0,360.0,0.0,360.0,153.0,153.0,0.0,0,207.0,480.0,62.099999999999994,0.0,480.0,1,0.042534246575342466,0.0,0.0,0.6578947368421053,0.7004289834174477
2025-08-13,Gluten-free Buns,AI forecast + inventory policy,0.0,60.0,0.0,60.0,0.0,0.0,0.0,0,60.0,0.0,33.0,0.0,0.0,1,0.022602739726027398,0.0,0.0,0.0,0.022602739726027398
2025-08-13,Lettuce,AI forecast + inventory policy,0.0,204.0,0.0,204.0,84.0,84.0,0.0,0,120.0,276.0,72.0,0.0,276.0,1,0.049315068493150684,0.0,0.0,0.6578947368421053,0.707209805335256
2025-08-13,Milk,AI forecast + inventory policy,66.0,192.0,0.0,258.0,112.0,112.0,0.0,0,146.0,192.0,109.5,0.0,192.0,1,0.075,0.0,0.0,0.6578947368421053,0.7328947368421053
2025-08-13,Mushrooms,AI forecast + inventory policy,64.0,70.0,0.0,134.0,34.0,34.0,0.0,0,100.0,130.0,55.0,0.9,130.0,1,0.03767123287671233,0.0,0.0,0.6578947368421053,0.6955659697188177
2025-08-13,Onions,AI forecast + inventory policy,46.0,140.0,0.0,186.0,61.0,61.0,0.0,0,125.0,140.0,31.25,0.0,140.0,1,0.021404109589041095,0.0,0.0,0.6578947368421053,0.6792988464311464
2025-08-13,Salmon Fillet,AI forecast + inventory policy,0.0,144.0,0.0,144.0,52.0,52.0,0.0,0,92.0,102.0,294.40000000000003,0.0,102.0,1,0.2016438356164384,0.0,0.0,0.6578947368421053,0.8595385724585437
2025-08-13,Seasonal Berries,AI forecast + inventory policy,0.0,36.0,0.0,36.0,5.0,5.0,0.0,0,31.0,6.0,43.4,0.0,6.0,1,0.029726027397260272,0.0,0.0,0.6578947368421053,0.6876207642393656
2025-08-13,Soft Drinks,AI forecast + inventory policy,24.0,384.0,0.0,408.0,167.0,167.0,0.0,0,241.0,504.0,96.4,0.0,504.0,1,0.06602739726027398,0.0,0.0,0.6578947368421053,0.7239221341023793
2025-08-13,Tomatoes,AI forecast + inventory policy,28.0,192.0,0.0,220.0,101.0,101.0,0.0,0,119.0,264.0,53.550000000000004,0.0,264.0,1,0.03667808219178082,0.0,0.0,0.6578947368421053,0.6945728190338861
2025-08-13,Truffle Oil,AI forecast + inventory policy,23.0,6.0,0.0,29.0,0.0,0.0,0.0,0,29.0,2.0,246.5,2.8620689655172415,2.0,1,0.16883561643835618,0.0,0.0,0.6578947368421053,0.8267303532804615
2025-08-13,Vegan Cheese,AI forecast + inventory policy,0.0,36.0,0.0,36.0,9.0,9.0,0.0,0,27.0,24.0,17.55,0.0,24.0,1,0.012020547945205481,0.0,0.0,0.6578947368421053,0.6699152847873108
2025-08-14,Bacon,AI forecast + inventory policy,119.0,0.0,0.0,119.0,74.0,74.0,0.0,0,45.0,160.0,49.50000000000001,1.0,0.0,0,0.033904109589041095,0.0,0.0,0.0,0.033904109589041095
2025-08-14,Burger Buns,AI forecast + inventory policy,179.0,0.0,0.0,179.0,134.0,134.0,0.0,0,45.0,384.0,8.1,1.0,0.0,0,0.0055479452054794515,0.0,0.0,0.0,0.0055479452054794515
2025-08-14,Butter,AI forecast + inventory policy,68.0,0.0,0.0,68.0,46.0,46.0,0.0,0,22.0,108.0,20.9,1.0,0.0,0,0.014315068493150685,0.0,0.0,0.0,0.014315068493150685
2025-08-14,Cheese Slices,AI forecast + inventory policy,95.0,0.0,0.0,95.0,88.0,88.0,0.0,0,7.0,300.0,1.54,1.0,0.0,0,0.0010547945205479452,0.0,0.0,0.0,0.0010547945205479452
2025-08-14,Chicken Breast,AI forecast + inventory policy,133.0,0.0,0.0,133.0,124.0,124.0,0.0,0,9.0,300.0,16.2,1.0,0.0,0,0.011095890410958903,0.0,0.0,0.0,0.011095890410958903
2025-08-14,Coffee Beans,AI forecast + inventory policy,55.0,0.0,0.0,55.0,36.0,36.0,0.0,0,19.0,96.0,39.9,1.0,0.0,0,0.027328767123287672,0.0,0.0,0.0,0.027328767123287672
2025-08-14,Cooking Oil,AI forecast + inventory policy,75.0,0.0,0.0,75.0,37.0,37.0,0.0,0,38.0,72.0,60.800000000000004,1.0,0.0,0,0.04164383561643836,0.0,0.0,0.0,0.04164383561643836
2025-08-14,Eggs,AI forecast + inventory policy,104.0,0.0,0.0,104.0,68.0,68.0,0.0,0,36.0,240.0,5.76,1.0,0.0,0,0.003945205479452055,0.0,0.0,0.0,0.003945205479452055
2025-08-14,Fries (Potatoes),AI forecast + inventory policy,207.0,0.0,0.0,207.0,158.0,158.0,0.0,0,49.0,480.0,14.7,1.0,0.0,0,0.010068493150684931,0.0,0.0,0.0,0.010068493150684931
2025-08-14,Gluten-free Buns,AI forecast + inventory policy,60.0,0.0,0.0,60.0,0.0,0.0,0.0,0,60.0,0.0,33.0,1.0,0.0,0,0.022602739726027398,0.0,0.0,0.0,0.022602739726027398
2025-08-14,Lettuce,AI forecast + inventory policy,120.0,0.0,0.0,120.0,92.0,92.0,0.0,0,28.0,276.0,16.8,1.0,0.0,0,0.011506849315068492,0.0,0.0,0.0,0.011506849315068492
2025-08-14,Milk,AI forecast + inventory policy,146.0,0.0,0.0,146.0,112.0,112.0,0.0,0,34.0,192.0,25.5,1.0,0.0,0,0.017465753424657532,0.0,0.0,0.0,0.017465753424657532
2025-08-14,Mushrooms,AI forecast + inventory policy,100.0,0.0,0.0,100.0,51.0,51.0,0.0,0,49.0,130.0,26.950000000000003,1.0,0.0,0,0.01845890410958904,0.0,0.0,0.0,0.01845890410958904
2025-08-14,Onions,AI forecast + inventory policy,125.0,0.0,0.0,125.0,79.0,79.0,0.0,0,46.0,140.0,11.5,1.0,0.0,0,0.007876712328767124,0.0,0.0,0.0,0.007876712328767124
2025-08-14,Salmon Fillet,AI forecast + inventory policy,92.0,0.0,0.0,92.0,39.0,39.0,0.0,0,53.0,102.0,169.60000000000002,1.0,0.0,0,0.11616438356164385,0.0,0.0,0.0,0.11616438356164385
2025-08-14,Seasonal Berries,AI forecast + inventory policy,31.0,0.0,0.0,31.0,11.0,11.0,0.0,0,20.0,6.0,28.0,1.0,0.0,0,0.019178082191780823,0.0,0.0,0.0,0.019178082191780823
2025-08-14,Soft Drinks,AI forecast + inventory policy,241.0,0.0,0.0,241.0,173.0,173.0,0.0,0,68.0,504.0,27.200000000000003,1.0,0.0,0,0.018630136986301372,0.0,0.0,0.0,0.018630136986301372
2025-08-14,Tomatoes,AI forecast + inventory policy,119.0,0.0,0.0,119.0,90.0,90.0,0.0,0,29.0,264.0,13.05,1.0,0.0,0,0.008938356164383562,0.0,0.0,0.0,0.008938356164383562
2025-08-14,Truffle Oil,AI forecast + inventory policy,29.0,0.0,0.0,29.0,0.0,0.0,0.0,0,29.0,2.0,246.5,3.8620689655172415,0.0,0,0.16883561643835618,0.0,0.0,0.0,0.16883561643835618
2025-08-14,Vegan Cheese,AI forecast + inventory policy,27.0,0.0,0.0,27.0,15.0,15.0,0.0,0,12.0,24.0,7.800000000000001,1.0,0.0,0,0.005342465753424658,0.0,0.0,0.0,0.005342465753424658
2025-08-15,Bacon,AI forecast + inventory policy,45.0,160.0,0.0,205.0,0.0,0.0,0.0,0,205.0,210.0,225.5,0.43902439024390244,210.0,1,0.15445205479452057,0.0,0.0,0.6578947368421053,0.8123467916366258
2025-08-15,Burger Buns,AI forecast + inventory policy,45.0,384.0,0.0,429.0,212.0,212.0,0.0,0,217.0,528.0,39.059999999999995,0.0,528.0,1,0.026753424657534247,0.0,0.0,0.6578947368421053,0.6846481614996396
2025-08-15,Butter,AI forecast + inventory policy,22.0,108.0,0.0,130.0,48.0,48.0,0.0,0,82.0,132.0,77.89999999999999,0.0,132.0,1,0.053356164383561645,0.0,0.0,0.6578947368421053,0.7112509012256669
2025-08-15,Cheese Slices,AI forecast + inventory policy,7.0,300.0,0.0,307.0,122.0,122.0,0.0,0,185.0,300.0,40.7,0.0,300.0,1,0.027876712328767126,0.0,0.0,0.6578947368421053,0.6857714491708724
2025-08-15,Chicken Breast,AI forecast + inventory policy,9.0,300.0,0.0,309.0,161.0,161.0,0.0,0,148.0,420.0,266.40000000000003,0.0,420.0,1,0.18246575342465754,0.0,0.0,0.6578947368421053,0.8403604902667628
2025-08-15,Coffee Beans,AI forecast + inventory policy,19.0,96.0,0.0,115.0,49.0,49.0,0.0,0,66.0,138.0,138.6,0.0,138.0,1,0.09493150684931508,0.0,0.0,0.6578947368421053,0.7528262436914204
2025-08-15,Cooking Oil,AI forecast + inventory policy,38.0,72.0,0.0,110.0,41.0,41.0,0.0,0,69.0,96.0,110.4,0.0,96.0,1,0.0756164383561644,0.0,0.0,0.6578947368421053,0.7335111751982697
2025-08-15,Eggs,AI forecast + inventory policy,36.0,240.0,0.0,276.0,120.0,120.0,0.0,0,156.0,210.0,24.96,0.0,210.0,1,0.017095890410958905,0.0,0.0,0.6578947368421053,0.6749906272530642
2025-08-15,Fries (Potatoes),AI forecast + inventory policy,49.0,480.0,0.0,529.0,274.0,274.0,0.0,0,255.0,580.0,76.5,0.0,580.0,1,0.052397260273972596,0.0,0.0,0.6578947368421053,0.7102919971160779
2025-08-15,Gluten-free Buns,AI forecast + inventory policy,60.0,0.0,0.0,60.0,25.0,25.0,0.0,0,35.0,0.0,19.25,2.0,0.0,1,0.013184931506849316,0.0,0.0,0.0,0.013184931506849316
2025-08-15,Lettuce,AI forecast + inventory policy,28.0,276.0,0.0,304.0,139.0,139.0,0.0,0,165.0,300.0,99.0,0.0,300.0,1,0.06780821917808219,0.0,0.0,0.6578947368421053,0.7257029560201875
2025-08-15,Milk,AI forecast + inventory policy,34.0,192.0,0.0,226.0,104.0,104.0,0.0,0,122.0,348.0,91.5,0.0,348.0,1,0.06267123287671232,0.0,0.0,0.6578947368421053,0.7205659697188176
2025-08-15,Mushrooms,AI forecast + inventory policy,49.0,130.0,0.0,179.0,42.0,42.0,0.0,0,137.0,150.0,75.35,0.10218978102189781,150.0,1,0.051609589041095895,0.0,0.0,0.6578947368421053,0.7095043258832012
2025-08-15,Onions,AI forecast + inventory policy,46.0,140.0,0.0,186.0,80.0,80.0,0.0,0,106.0,240.0,26.5,0.0,240.0,1,0.01815068493150685,0.0,0.0,0.6578947368421053,0.6760454217736122
2025-08-15,Salmon Fillet,AI forecast + inventory policy,53.0,102.0,0.0,155.0,78.0,78.0,0.0,0,77.0,96.0,246.4,0.0,96.0,1,0.16876712328767127,0.0,0.0,0.6578947368421053,0.8266618601297766
2025-08-15,Seasonal Berries,AI forecast + inventory policy,20.0,6.0,0.0,26.0,0.0,0.0,0.0,0,26.0,18.0,36.4,1.5384615384615385,18.0,1,0.02493150684931507,0.0,0.0,0.6578947368421053,0.6828262436914204
2025-08-15,Soft Drinks,AI forecast + inventory policy,68.0,504.0,0.0,572.0,320.0,320.0,0.0,0,252.0,624.0,100.80000000000001,0.0,624.0,1,0.06904109589041096,0.0,0.0,0.6578947368421053,0.7269358327325163
2025-08-15,Tomatoes,AI forecast + inventory policy,29.0,264.0,0.0,293.0,152.0,152.0,0.0,0,141.0,324.0,63.45,0.0,324.0,1,0.04345890410958904,0.0,0.0,0.6578947368421053,0.7013536409516944
2025-08-15,Truffle Oil,AI forecast + inventory policy,29.0,2.0,0.0,31.0,0.0,0.0,0.0,0,31.0,6.0,263.5,4.548387096774194,6.0,1,0.18047945205479454,0.0,0.0,0.6578947368421053,0.8383741888968999
2025-08-15,Vegan Cheese,AI forecast + inventory policy,12.0,24.0,0.0,36.0,0.0,0.0,0.0,0,36.0,36.0,23.400000000000002,0.6666666666666666,36.0,1,0.016027397260273975,0.0,0.0,0.6578947368421053,0.6739221341023793
2025-08-16,Bacon,AI forecast + inventory policy,205.0,0.0,0.0,205.0,83.0,83.0,0.0,0,122.0,210.0,134.20000000000002,1.0,0.0,0,0.09191780821917808,0.0,0.0,0.0,0.09191780821917808
2025-08-16,Burger Buns,AI forecast + inventory policy,217.0,0.0,0.0,217.0,207.0,207.0,0.0,0,10.0,528.0,1.7999999999999998,1.0,0.0,0,0.001232876712328767,0.0,0.0,0.0,0.001232876712328767
2025-08-16,Butter,AI forecast + inventory policy,82.0,0.0,0.0,82.0,51.0,51.0,0.0,0,31.0,132.0,29.45,1.0,0.0,0,0.02017123287671233,0.0,0.0,0.0,0.02017123287671233
2025-08-16,Cheese Slices,AI forecast + inventory policy,185.0,0.0,0.0,185.0,125.0,125.0,0.0,0,60.0,300.0,13.2,1.0,0.0,0,0.00904109589041096,0.0,0.0,0.0,0.00904109589041096
2025-08-16,Chicken Breast,AI forecast + inventory policy,148.0,0.0,0.0,148.0,157.0,148.0,9.0,1,0.0,420.0,0.0,0.0,0.0,0,0.0,0.0,32.4,0.0,32.4
2025-08-16,Coffee Beans,AI forecast + inventory policy,66.0,0.0,0.0,66.0,54.0,54.0,0.0,0,12.0,138.0,25.200000000000003,1.0,0.0,0,0.01726027397260274,0.0,0.0,0.0,0.01726027397260274
2025-08-16,Cooking Oil,AI forecast + inventory policy,69.0,0.0,0.0,69.0,42.0,42.0,0.0,0,27.0,96.0,43.2,1.0,0.0,0,0.029589041095890414,0.0,0.0,0.0,0.029589041095890414
2025-08-16,Eggs,AI forecast + inventory policy,156.0,0.0,0.0,156.0,67.0,67.0,0.0,0,89.0,210.0,14.24,1.0,0.0,0,0.009753424657534248,0.0,0.0,0.0,0.009753424657534248
2025-08-16,Fries (Potatoes),AI forecast + inventory policy,255.0,0.0,0.0,255.0,249.0,249.0,0.0,0,6.0,580.0,1.7999999999999998,1.0,0.0,0,0.001232876712328767,0.0,0.0,0.0,0.001232876712328767
2025-08-16,Gluten-free Buns,AI forecast + inventory policy,35.0,0.0,35.0,0.0,25.0,0.0,25.0,1,0.0,0.0,0.0,0.0,0.0,0,0.0,21.0,27.500000000000004,0.0,48.5
2025-08-16,Lettuce,AI forecast + inventory policy,165.0,0.0,0.0,165.0,105.0,105.0,0.0,0,60.0,300.0,36.0,1.0,0.0,0,0.024657534246575342,0.0,0.0,0.0,0.024657534246575342
2025-08-16,Milk,AI forecast + inventory policy,122.0,0.0,0.0,122.0,90.0,90.0,0.0,0,32.0,348.0,24.0,1.0,0.0,0,0.01643835616438356,0.0,0.0,0.0,0.01643835616438356
2025-08-16,Mushrooms,AI forecast + inventory policy,137.0,0.0,0.0,137.0,83.0,83.0,0.0,0,54.0,150.0,29.700000000000003,1.0,0.0,0,0.02034246575342466,0.0,0.0,0.0,0.02034246575342466
2025-08-16,Onions,AI forecast + inventory policy,106.0,0.0,0.0,106.0,95.0,95.0,0.0,0,11.0,240.0,2.75,1.0,0.0,0,0.0018835616438356165,0.0,0.0,0.0,0.0018835616438356165
2025-08-16,Salmon Fillet,AI forecast + inventory policy,77.0,0.0,0.0,77.0,62.0,62.0,0.0,0,15.0,96.0,48.0,1.0,0.0,0,0.03287671232876713,0.0,0.0,0.0,0.03287671232876713
2025-08-16,Seasonal Berries,AI forecast + inventory policy,26.0,0.0,20.0,6.0,0.0,0.0,0.0,0,6.0,18.0,8.399999999999999,1.0,0.0,0,0.005753424657534247,29.0,0.0,0.0,29.005753424657534
2025-08-16,Soft Drinks,AI forecast + inventory policy,252.0,0.0,0.0,252.0,191.0,191.0,0.0,0,61.0,624.0,24.400000000000002,1.0,0.0,0,0.01671232876712329,0.0,0.0,0.0,0.01671232876712329
2025-08-16,Tomatoes,AI forecast + inventory policy,141.0,0.0,0.0,141.0,140.0,140.0,0.0,0,1.0,324.0,0.45,1.0,0.0,0,0.00030821917808219177,0.0,0.0,0.0,0.00030821917808219177
2025-08-16,Truffle Oil,AI forecast + inventory policy,31.0,0.0,0.0,31.0,14.0,14.0,0.0,0,17.0,6.0,144.5,4.352941176470588,0.0,0,0.09897260273972604,0.0,0.0,0.0,0.09897260273972604
2025-08-16,Vegan Cheese,AI forecast + inventory policy,36.0,0.0,0.0,36.0,0.0,0.0,0.0,0,36.0,36.0,23.400000000000002,1.6666666666666667,0.0,0,0.016027397260273975,0.0,0.0,0.0,0.016027397260273975
2025-08-17,Bacon,AI forecast + inventory policy,122.0,210.0,0.0,332.0,71.0,71.0,0.0,0,261.0,0.0,287.1,0.39080459770114945,0.0,0,0.19664383561643836,0.0,0.0,0.0,0.19664383561643836
2025-08-17,Burger Buns,AI forecast + inventory policy,10.0,528.0,0.0,538.0,253.0,253.0,0.0,0,285.0,0.0,51.3,0.0,0.0,0,0.03513698630136986,0.0,0.0,0.0,0.03513698630136986
2025-08-17,Butter,AI forecast + inventory policy,31.0,132.0,0.0,163.0,44.0,44.0,0.0,0,119.0,0.0,113.05,0.0,0.0,0,0.07743150684931507,0.0,0.0,0.0,0.07743150684931507
2025-08-17,Cheese Slices,AI forecast + inventory policy,60.0,300.0,0.0,360.0,131.0,131.0,0.0,0,229.0,0.0,50.38,0.0,0.0,0,0.0345068493150685,0.0,0.0,0.0,0.0345068493150685
2025-08-17,Chicken Breast,AI forecast + inventory policy,0.0,420.0,0.0,420.0,165.0,165.0,0.0,0,255.0,0.0,459.0,0.0,0.0,0,0.31438356164383563,0.0,0.0,0.0,0.31438356164383563
2025-08-17,Coffee Beans,AI forecast + inventory policy,12.0,138.0,0.0,150.0,46.0,46.0,0.0,0,104.0,0.0,218.4,0.0,0.0,0,0.1495890410958904,0.0,0.0,0.0,0.1495890410958904
2025-08-17,Cooking Oil,AI forecast + inventory policy,27.0,96.0,0.0,123.0,44.0,44.0,0.0,0,79.0,0.0,126.4,0.0,0.0,0,0.08657534246575344,0.0,0.0,0.0,0.08657534246575344
2025-08-17,Eggs,AI forecast + inventory policy,89.0,210.0,0.0,299.0,96.0,96.0,0.0,0,203.0,0.0,32.480000000000004,0.0,0.0,0,0.022246575342465755,0.0,0.0,0.0,0.022246575342465755
2025-08-17,Fries (Potatoes),AI forecast + inventory policy,6.0,580.0,0.0,586.0,226.0,226.0,0.0,0,360.0,0.0,108.0,0.0,0.0,0,0.07397260273972603,0.0,0.0,0.0,0.07397260273972603
2025-08-17,Gluten-free Buns,AI forecast + inventory policy,0.0,0.0,0.0,0.0,0.0,0.0,0.0,0,0.0,0.0,0.0,0.0,0.0,0,0.0,0.0,0.0,0.0,0.0
2025-08-17,Lettuce,AI forecast + inventory policy,60.0,300.0,0.0,360.0,129.0,129.0,0.0,0,231.0,0.0,138.6,0.0,0.0,0,0.09493150684931506,0.0,0.0,0.0,0.09493150684931506
2025-08-17,Milk,AI forecast + inventory policy,32.0,348.0,0.0,380.0,110.0,110.0,0.0,0,270.0,0.0,202.5,0.0,0.0,0,0.1386986301369863,0.0,0.0,0.0,0.1386986301369863
2025-08-17,Mushrooms,AI forecast + inventory policy,54.0,150.0,0.0,204.0,64.0,64.0,0.0,0,140.0,0.0,77.0,0.0,0.0,0,0.052739726027397266,0.0,0.0,0.0,0.052739726027397266
2025-08-17,Onions,AI forecast + inventory policy,11.0,240.0,0.0,251.0,80.0,80.0,0.0,0,171.0,0.0,42.75,0.0,0.0,0,0.02928082191780822,0.0,0.0,0.0,0.02928082191780822
2025-08-17,Salmon Fillet,AI forecast + inventory policy,15.0,96.0,0.0,111.0,54.0,54.0,0.0,0,57.0,0.0,182.4,0.0,0.0,0,0.12493150684931509,0.0,0.0,0.0,0.12493150684931509
2025-08-17,Seasonal Berries,AI forecast + inventory policy,6.0,18.0,0.0,24.0,12.0,12.0,0.0,0,12.0,0.0,16.799999999999997,0.0,0.0,0,0.011506849315068493,0.0,0.0,0.0,0.011506849315068493
2025-08-17,Soft Drinks,AI forecast + inventory policy,61.0,624.0,0.0,685.0,241.0,241.0,0.0,0,444.0,0.0,177.60000000000002,0.0,0.0,0,0.12164383561643838,0.0,0.0,0.0,0.12164383561643838
2025-08-17,Tomatoes,AI forecast + inventory policy,1.0,324.0,0.0,325.0,114.0,114.0,0.0,0,211.0,0.0,94.95,0.0,0.0,0,0.06503424657534246,0.0,0.0,0.0,0.06503424657534246
2025-08-17,Truffle Oil,AI forecast + inventory policy,17.0,6.0,0.0,23.0,0.0,0.0,0.0,0,23.0,0.0,195.5,3.9565217391304346,0.0,0,0.13390410958904111,0.0,0.0,0.0,0.13390410958904111
2025-08-17,Vegan Cheese,AI forecast + inventory policy,36.0,36.0,0.0,72.0,0.0,0.0,0.0,0,72.0,0.0,46.800000000000004,1.3333333333333333,0.0,0,0.03205479452054795,0.0,0.0,0.0,0.03205479452054795
2025-08-18,Bacon,AI forecast + inventory policy,261.0,0.0,0.0,261.0,57.0,57.0,0.0,0,204.0,0.0,224.4,1.0,0.0,1,0.15369863013698631,0.0,0.0,0.0,0.15369863013698631
2025-08-18,Burger Buns,AI forecast + inventory policy,285.0,0.0,0.0,285.0,106.0,106.0,0.0,0,179.0,288.0,32.22,1.0,288.0,1,0.02206849315068493,0.0,0.0,0.6944444444444444,0.7165129375951294
2025-08-18,Butter,AI forecast + inventory policy,119.0,0.0,0.0,119.0,38.0,38.0,0.0,0,81.0,60.0,76.95,1.0,60.0,1,0.052705479452054796,0.0,0.0,0.6944444444444444,0.7471499238964993
2025-08-18,Cheese Slices,AI forecast + inventory policy,229.0,0.0,0.0,229.0,79.0,79.0,0.0,0,150.0,150.0,33.0,1.0,150.0,1,0.022602739726027398,0.0,0.0,0.6944444444444444,0.7170471841704719
2025-08-18,Chicken Breast,AI forecast + inventory policy,255.0,0.0,0.0,255.0,121.0,121.0,0.0,0,134.0,250.0,241.20000000000002,1.0,250.0,1,0.1652054794520548,0.0,0.0,0.6944444444444444,0.8596499238964992
2025-08-18,Coffee Beans,AI forecast + inventory policy,104.0,0.0,0.0,104.0,38.0,38.0,0.0,0,66.0,90.0,138.6,1.0,90.0,1,0.09493150684931508,0.0,0.0,0.6944444444444444,0.7893759512937595
2025-08-18,Cooking Oil,AI forecast + inventory policy,79.0,0.0,0.0,79.0,29.0,29.0,0.0,0,50.0,68.0,80.0,1.0,68.0,1,0.05479452054794521,0.0,0.0,0.6944444444444444,0.7492389649923896
2025-08-18,Eggs,AI forecast + inventory policy,203.0,0.0,0.0,203.0,77.0,77.0,0.0,0,126.0,90.0,20.16,1.0,90.0,1,0.013808219178082191,0.0,0.0,0.6944444444444444,0.7082526636225266
2025-08-18,Fries (Potatoes),AI forecast + inventory policy,360.0,0.0,0.0,360.0,146.0,146.0,0.0,0,214.0,340.0,64.2,1.0,340.0,1,0.04397260273972602,0.0,0.0,0.6944444444444444,0.7384170471841704
2025-08-18,Gluten-free Buns,AI forecast + inventory policy,0.0,0.0,0.0,0.0,0.0,0.0,0.0,0,0.0,60.0,0.0,0.0,60.0,1,0.0,0.0,0.0,0.6944444444444444,0.6944444444444444
2025-08-18,Lettuce,AI forecast + inventory policy,231.0,0.0,0.0,231.0,95.0,95.0,0.0,0,136.0,144.0,81.6,1.0,144.0,1,0.0558904109589041,0.0,0.0,0.6944444444444444,0.7503348554033485
2025-08-18,Milk,AI forecast + inventory policy,270.0,0.0,0.0,270.0,84.0,84.0,0.0,0,186.0,120.0,139.5,1.0,120.0,1,0.09554794520547945,0.0,0.0,0.6944444444444444,0.7899923896499239
2025-08-18,Mushrooms,AI forecast + inventory policy,140.0,0.0,0.0,140.0,40.0,40.0,0.0,0,100.0,70.0,55.00000000000001,1.0,70.0,1,0.03767123287671233,0.0,0.0,0.6944444444444444,0.7321156773211568
2025-08-18,Onions,AI forecast + inventory policy,171.0,0.0,0.0,171.0,63.0,63.0,0.0,0,108.0,120.0,27.0,1.0,120.0,1,0.018493150684931507,0.0,0.0,0.6944444444444444,0.7129375951293759
2025-08-18,Salmon Fillet,AI forecast + inventory policy,57.0,0.0,0.0,57.0,40.0,40.0,0.0,0,17.0,144.0,54.400000000000006,1.0,144.0,1,0.037260273972602745,0.0,0.0,0.6944444444444444,0.7317047184170472
2025-08-18,Seasonal Berries,AI forecast + inventory policy,12.0,0.0,0.0,12.0,0.0,0.0,0.0,0,12.0,24.0,16.799999999999997,1.0,24.0,1,0.011506849315068493,0.0,0.0,0.6944444444444444,0.7059512937595129
2025-08-18,Soft Drinks,AI forecast + inventory policy,444.0,0.0,0.0,444.0,148.0,148.0,0.0,0,296.0,264.0,118.4,1.0,264.0,1,0.08109589041095891,0.0,0.0,0.6944444444444444,0.7755403348554033
2025-08-18,Tomatoes,AI forecast + inventory policy,211.0,0.0,0.0,211.0,95.0,95.0,0.0,0,116.0,180.0,52.2,1.0,180.0,1,0.03575342465753425,0.0,0.0,0.6944444444444444,0.7301978691019787
2025-08-18,Truffle Oil,AI forecast + inventory policy,23.0,0.0,0.0,23.0,0.0,0.0,0.0,0,23.0,8.0,195.5,4.956521739130435,8.0,1,0.13390410958904111,0.0,0.0,0.6944444444444444,0.8283485540334855
2025-08-18,Vegan Cheese,AI forecast + inventory policy,72.0,0.0,0.0,72.0,8.0,8.0,0.0,0,64.0,0.0,41.6,2.0,0.0,1,0.02849315068493151,0.0,0.0,0.0,0.02849315068493151
2025-08-19,Bacon,AI forecast + inventory policy,204.0,0.0,0.0,204.0,66.0,66.0,0.0,0,138.0,0.0,151.8,2.0,0.0,0,0.10397260273972603,0.0,0.0,0.0,0.10397260273972603
2025-08-19,Burger Buns,AI forecast + inventory policy,179.0,0.0,0.0,179.0,122.0,122.0,0.0,0,57.0,288.0,10.26,2.0,0.0,0,0.007027397260273972,0.0,0.0,0.0,0.007027397260273972
2025-08-19,Butter,AI forecast + inventory policy,81.0,0.0,0.0,81.0,35.0,35.0,0.0,0,46.0,60.0,43.699999999999996,2.0,0.0,0,0.02993150684931507,0.0,0.0,0.0,0.02993150684931507
2025-08-19,Cheese Slices,AI forecast + inventory policy,150.0,0.0,0.0,150.0,95.0,95.0,0.0,0,55.0,150.0,12.1,2.0,0.0,0,0.008287671232876713,0.0,0.0,0.0,0.008287671232876713
2025-08-19,Chicken Breast,AI forecast + inventory policy,134.0,0.0,0.0,134.0,107.0,107.0,0.0,0,27.0,250.0,48.6,2.0,0.0,0,0.03328767123287671,0.0,0.0,0.0,0.03328767123287671
2025-08-19,Coffee Beans,AI forecast + inventory policy,66.0,0.0,0.0,66.0,46.0,46.0,0.0,0,20.0,90.0,42.0,2.0,0.0,0,0.028767123287671233,0.0,0.0,0.0,0.028767123287671233
2025-08-19,Cooking Oil,AI forecast + inventory policy,50.0,0.0,0.0,50.0,38.0,38.0,0.0,0,12.0,68.0,19.200000000000003,2.0,0.0,0,0.01315068493150685,0.0,0.0,0.0,0.01315068493150685
2025-08-19,Eggs,AI forecast + inventory policy,126.0,0.0,0.0,126.0,68.0,68.0,0.0,0,58.0,90.0,9.28,2.0,0.0,0,0.006356164383561644,0.0,0.0,0.0,0.006356164383561644
2025-08-19,Fries (Potatoes),AI forecast + inventory policy,214.0,0.0,0.0,214.0,204.0,204.0,0.0,0,10.0,340.0,3.0,2.0,0.0,0,0.002054794520547945,0.0,0.0,0.0,0.002054794520547945
2025-08-19,Gluten-free Buns,AI forecast + inventory policy,0.0,0.0,0.0,0.0,0.0,0.0,0.0,0,0.0,60.0,0.0,0.0,0.0,0,0.0,0.0,0.0,0.0,0.0
2025-08-19,Lettuce,AI forecast + inventory policy,136.0,0.0,0.0,136.0,91.0,91.0,0.0,0,45.0,144.0,27.0,2.0,0.0,0,0.018493150684931507,0.0,0.0,0.0,0.018493150684931507
2025-08-19,Milk,AI forecast + inventory policy,186.0,0.0,0.0,186.0,106.0,106.0,0.0,0,80.0,120.0,60.0,2.0,0.0,0,0.0410958904109589,0.0,0.0,0.0,0.0410958904109589
2025-08-19,Mushrooms,AI forecast + inventory policy,100.0,0.0,0.0,100.0,38.0,38.0,0.0,0,62.0,70.0,34.1,2.0,0.0,0,0.023356164383561646,0.0,0.0,0.0,0.023356164383561646
2025-08-19,Onions,AI forecast + inventory policy,108.0,0.0,0.0,108.0,62.0,62.0,0.0,0,46.0,120.0,11.5,2.0,0.0,0,0.007876712328767124,0.0,0.0,0.0,0.007876712328767124
2025-08-19,Salmon Fillet,AI forecast + inventory policy,17.0,0.0,0.0,17.0,46.0,17.0,29.0,1,0.0,144.0,0.0,0.0,0.0,0,0.0,0.0,185.60000000000002,0.0,185.60000000000002
2025-08-19,Seasonal Berries,AI forecast + inventory policy,12.0,0.0,0.0,12.0,9.0,9.0,0.0,0,3.0,24.0,4.199999999999999,2.0,0.0,0,0.0028767123287671234,0.0,0.0,0.0,0.0028767123287671234
2025-08-19,Soft Drinks,AI forecast + inventory policy,296.0,0.0,0.0,296.0,153.0,153.0,0.0,0,143.0,264.0,57.2,2.0,0.0,0,0.03917808219178083,0.0,0.0,0.0,0.03917808219178083
2025-08-19,Tomatoes,AI forecast + inventory policy,116.0,0.0,0.0,116.0,96.0,96.0,0.0,0,20.0,180.0,9.0,2.0,0.0,0,0.0061643835616438354,0.0,0.0,0.0,0.0061643835616438354
2025-08-19,Truffle Oil,AI forecast + inventory policy,23.0,0.0,0.0,23.0,3.0,3.0,0.0,0,20.0,8.0,170.0,5.5,0.0,0,0.11643835616438357,0.0,0.0,0.0,0.11643835616438357
2025-08-19,Vegan Cheese,AI forecast + inventory policy,64.0,0.0,0.0,64.0,6.0,6.0,0.0,0,58.0,0.0,37.7,2.7586206896551726,0.0,0,0.02582191780821918,0.0,0.0,0.0,0.02582191780821918
2025-08-20,Bacon,AI forecast + inventory policy,138.0,0.0,0.0,138.0,55.0,55.0,0.0,0,83.0,230.0,91.30000000000001,3.0,230.0,1,0.06253424657534247,0.0,0.0,0.7352941176470589,0.7978283642224013
2025-08-20,Burger Buns,AI forecast + inventory policy,57.0,288.0,57.0,288.0,133.0,133.0,0.0,0,155.0,432.0,27.9,0.0,432.0,1,0.01910958904109589,13.11,0.0,0.7352941176470589,13.864403706688154
2025-08-20,Butter,AI forecast + inventory policy,46.0,60.0,0.0,106.0,47.0,47.0,0.0,0,59.0,108.0,56.05,0.0,108.0,1,0.03839041095890411,0.0,0.0,0.7352941176470589,0.773684528605963
2025-08-20,Cheese Slices,AI forecast + inventory policy,55.0,150.0,0.0,205.0,95.0,95.0,0.0,0,110.0,350.0,24.2,0.0,350.0,1,0.016575342465753425,0.0,0.0,0.7352941176470589,0.7518694601128123
2025-08-20,Chicken Breast,AI forecast + inventory policy,27.0,250.0,0.0,277.0,163.0,163.0,0.0,0,114.0,290.0,205.20000000000002,0.0,290.0,1,0.14054794520547945,0.0,0.0,0.7352941176470589,0.8758420628525383
2025-08-20,Coffee Beans,AI forecast + inventory policy,20.0,90.0,0.0,110.0,35.0,35.0,0.0,0,75.0,108.0,157.5,0.0,108.0,1,0.10787671232876712,0.0,0.0,0.7352941176470589,0.843170829975826
2025-08-20,Cooking Oil,AI forecast + inventory policy,12.0,68.0,0.0,80.0,30.0,30.0,0.0,0,50.0,88.0,80.0,0.0,88.0,1,0.05479452054794521,0.0,0.0,0.7352941176470589,0.7900886381950041
2025-08-20,Eggs,AI forecast + inventory policy,58.0,90.0,0.0,148.0,85.0,85.0,0.0,0,63.0,240.0,10.08,0.0,240.0,1,0.006904109589041096,0.0,0.0,0.7352941176470589,0.7421982272361
2025-08-20,Fries (Potatoes),AI forecast + inventory policy,10.0,340.0,0.0,350.0,151.0,151.0,0.0,0,199.0,460.0,59.699999999999996,0.0,460.0,1,0.040890410958904104,0.0,0.0,0.7352941176470589,0.776184528605963
2025-08-20,Gluten-free Buns,AI forecast + inventory policy,0.0,60.0,0.0,60.0,9.0,9.0,0.0,0,51.0,0.0,28.05,0.0,0.0,1,0.01921232876712329,0.0,0.0,0.0,0.01921232876712329
2025-08-20,Lettuce,AI forecast + inventory policy,45.0,144.0,0.0,189.0,86.0,86.0,0.0,0,103.0,264.0,61.8,0.0,264.0,1,0.04232876712328767,0.0,0.0,0.7352941176470589,0.7776228847703466
2025-08-20,Milk,AI forecast + inventory policy,80.0,120.0,0.0,200.0,96.0,96.0,0.0,0,104.0,204.0,78.0,0.0,204.0,1,0.05342465753424657,0.0,0.0,0.7352941176470589,0.7887187751813054
2025-08-20,Mushrooms,AI forecast + inventory policy,62.0,70.0,0.0,132.0,41.0,41.0,0.0,0,91.0,100.0,50.05,0.6923076923076923,100.0,1,0.03428082191780822,0.0,0.0,0.7352941176470589,0.7695749395648671
2025-08-20,Onions,AI forecast + inventory policy,46.0,120.0,0.0,166.0,61.0,61.0,0.0,0,105.0,180.0,26.25,0.0,180.0,1,0.01797945205479452,0.0,0.0,0.7352941176470589,0.7532735697018534
2025-08-20,Salmon Fillet,AI forecast + inventory policy,0.0,144.0,0.0,144.0,46.0,46.0,0.0,0,98.0,114.0,313.6,0.0,114.0,1,0.21479452054794523,0.0,0.0,0.7352941176470589,0.9500886381950041
2025-08-20,Seasonal Berries,AI forecast + inventory policy,3.0,24.0,3.0,24.0,13.0,13.0,0.0,0,11.0,12.0,15.399999999999999,0.0,12.0,1,0.010547945205479452,4.35,0.0,0.7352941176470589,5.095842062852538
2025-08-20,Soft Drinks,AI forecast + inventory policy,143.0,264.0,0.0,407.0,174.0,174.0,0.0,0,233.0,432.0,93.2,0.0,432.0,1,0.06383561643835617,0.0,0.0,0.7352941176470589,0.7991297340854151
2025-08-20,Tomatoes,AI forecast + inventory policy,20.0,180.0,0.0,200.0,95.0,95.0,0.0,0,105.0,288.0,47.25,0.0,288.0,1,0.032363013698630136,0.0,0.0,0.7352941176470589,0.767657131345689
2025-08-20,Truffle Oil,AI forecast + inventory policy,20.0,8.0,0.0,28.0,6.0,6.0,0.0,0,22.0,0.0,187.0,3.1818181818181817,0.0,1,0.12808219178082192,0.0,0.0,0.0,0.12808219178082192
2025-08-20,Vegan Cheese,AI forecast + inventory policy,58.0,0.0,0.0,58.0,0.0,0.0,0.0,0,58.0,0.0,37.7,3.7586206896551726,0.0,1,0.02582191780821918,0.0,0.0,0.0,0.02582191780821918
2025-08-21,Bacon,AI forecast + inventory policy,83.0,0.0,0.0,83.0,66.0,66.0,0.0,0,17.0,230.0,18.700000000000003,4.0,0.0,0,0.012808219178082192,0.0,0.0,0.0,0.012808219178082192
2025-08-21,Burger Buns,AI forecast + inventory policy,155.0,0.0,0.0,155.0,125.0,125.0,0.0,0,30.0,432.0,5.3999999999999995,1.0,0.0,0,0.0036986301369863013,0.0,0.0,0.0,0.0036986301369863013
2025-08-21,Butter,AI forecast + inventory policy,59.0,0.0,0.0,59.0,45.0,45.0,0.0,0,14.0,108.0,13.299999999999999,1.0,0.0,0,0.00910958904109589,0.0,0.0,0.0,0.00910958904109589
2025-08-21,Cheese Slices,AI forecast + inventory policy,110.0,0.0,0.0,110.0,93.0,93.0,0.0,0,17.0,350.0,3.74,1.0,0.0,0,0.0025616438356164386,0.0,0.0,0.0,0.0025616438356164386
2025-08-21,Chicken Breast,AI forecast + inventory policy,114.0,0.0,0.0,114.0,108.0,108.0,0.0,0,6.0,290.0,10.8,1.0,0.0,0,0.0073972602739726025,0.0,0.0,0.0,0.0073972602739726025
2025-08-21,Coffee Beans,AI forecast + inventory policy,75.0,0.0,0.0,75.0,44.0,44.0,0.0,0,31.0,108.0,65.10000000000001,1.0,0.0,0,0.04458904109589041,0.0,0.0,0.0,0.04458904109589041
2025-08-21,Cooking Oil,AI forecast + inventory policy,50.0,0.0,0.0,50.0,34.0,34.0,0.0,0,16.0,88.0,25.6,1.0,0.0,0,0.017534246575342468,0.0,0.0,0.0,0.017534246575342468
2025-08-21,Eggs,AI forecast + inventory policy,63.0,0.0,0.0,63.0,64.0,63.0,1.0,1,0.0,240.0,0.0,0.0,0.0,0,0.0,0.0,0.32,0.0,0.32
2025-08-21,Fries (Potatoes),AI forecast + inventory policy,199.0,0.0,0.0,199.0,159.0,159.0,0.0,0,40.0,460.0,12.0,1.0,0.0,0,0.00821917808219178,0.0,0.0,0.0,0.00821917808219178
2025-08-21,Gluten-free Buns,AI forecast + inventory policy,51.0,0.0,0.0,51.0,0.0,0.0,0.0,0,51.0,0.0,28.05,1.0,0.0,0,0.01921232876712329,0.0,0.0,0.0,0.01921232876712329
2025-08-21,Lettuce,AI forecast + inventory policy,103.0,0.0,0.0,103.0,98.0,98.0,0.0,0,5.0,264.0,3.0,1.0,0.0,0,0.002054794520547945,0.0,0.0,0.0,0.002054794520547945
2025-08-21,Milk,AI forecast + inventory policy,104.0,0.0,0.0,104.0,89.0,89.0,0.0,0,15.0,204.0,11.25,1.0,0.0,0,0.007705479452054794,0.0,0.0,0.0,0.007705479452054794
2025-08-21,Mushrooms,AI forecast + inventory policy,91.0,0.0,0.0,91.0,56.0,56.0,0.0,0,35.0,100.0,19.25,1.0,0.0,0,0.013184931506849316,0.0,0.0,0.0,0.013184931506849316
2025-08-21,Onions,AI forecast + inventory policy,105.0,0.0,0.0,105.0,59.0,59.0,0.0,0,46.0,180.0,11.5,1.0,0.0,0,0.007876712328767124,0.0,0.0,0.0,0.007876712328767124
2025-08-21,Salmon Fillet,AI forecast + inventory policy,98.0,0.0,0.0,98.0,31.0,31.0,0.0,0,67.0,114.0,214.4,1.0,0.0,0,0.14684931506849316,0.0,0.0,0.0,0.14684931506849316
2025-08-21,Seasonal Berries,AI forecast + inventory policy,11.0,0.0,0.0,11.0,14.0,11.0,3.0,1,0.0,12.0,0.0,0.0,0.0,0,0.0,0.0,8.399999999999999,0.0,8.399999999999999
2025-08-21,Soft Drinks,AI forecast + inventory policy,233.0,0.0,0.0,233.0,162.0,162.0,0.0,0,71.0,432.0,28.400000000000002,1.0,0.0,0,0.01945205479452055,0.0,0.0,0.0,0.01945205479452055
2025-08-21,Tomatoes,AI forecast + inventory policy,105.0,0.0,0.0,105.0,93.0,93.0,0.0,0,12.0,288.0,5.4,1.0,0.0,0,0.0036986301369863013,0.0,0.0,0.0,0.0036986301369863013
2025-08-21,Truffle Oil,AI forecast + inventory policy,22.0,0.0,0.0,22.0,0.0,0.0,0.0,0,22.0,0.0,187.0,4.181818181818182,0.0,0,0.12808219178082192,0.0,0.0,0.0,0.12808219178082192
2025-08-21,Vegan Cheese,AI forecast + inventory policy,58.0,0.0,0.0,58.0,0.0,0.0,0.0,0,58.0,0.0,37.7,4.758620689655173,0.0,0,0.02582191780821918,0.0,0.0,0.0,0.02582191780821918
2025-08-22,Bacon,AI forecast + inventory policy,17.0,230.0,0.0,247.0,89.0,89.0,0.0,0,158.0,200.0,173.8,0.0,200.0,1,0.11904109589041097,0.0,0.0,0.6944444444444444,0.8134855403348554
2025-08-22,Burger Buns,AI forecast + inventory policy,30.0,432.0,0.0,462.0,190.0,190.0,0.0,0,272.0,432.0,48.96,0.0,432.0,1,0.033534246575342465,0.0,0.0,0.6944444444444444,0.7279786910197868
2025-08-22,Butter,AI forecast + inventory policy,14.0,108.0,0.0,122.0,57.0,57.0,0.0,0,65.0,132.0,61.75,0.0,132.0,1,0.042294520547945205,0.0,0.0,0.6944444444444444,0.7367389649923897
2025-08-22,Cheese Slices,AI forecast + inventory policy,17.0,350.0,0.0,367.0,177.0,177.0,0.0,0,190.0,350.0,41.8,0.0,350.0,1,0.02863013698630137,0.0,0.0,0.6944444444444444,0.7230745814307458
2025-08-22,Chicken Breast,AI forecast + inventory policy,6.0,290.0,0.0,296.0,175.0,175.0,0.0,0,121.0,400.0,217.8,0.0,400.0,1,0.14917808219178083,0.0,0.0,0.6944444444444444,0.8436225266362253
2025-08-22,Coffee Beans,AI forecast + inventory policy,31.0,108.0,0.0,139.0,59.0,59.0,0.0,0,80.0,114.0,168.0,0.0,114.0,1,0.11506849315068493,0.0,0.0,0.6944444444444444,0.8095129375951293
2025-08-22,Cooking Oil,AI forecast + inventory policy,16.0,88.0,0.0,104.0,39.0,39.0,0.0,0,65.0,108.0,104.0,0.0,108.0,1,0.07123287671232878,0.0,0.0,0.6944444444444444,0.7656773211567732
2025-08-22,Eggs,AI forecast + inventory policy,0.0,240.0,0.0,240.0,88.0,88.0,0.0,0,152.0,240.0,24.32,0.0,240.0,1,0.01665753424657534,0.0,0.0,0.6944444444444444,0.7111019786910198
2025-08-22,Fries (Potatoes),AI forecast + inventory policy,40.0,460.0,0.0,500.0,225.0,225.0,0.0,0,275.0,580.0,82.5,0.0,580.0,1,0.05650684931506849,0.0,0.0,0.6944444444444444,0.7509512937595129
2025-08-22,Gluten-free Buns,AI forecast + inventory policy,51.0,0.0,0.0,51.0,21.0,21.0,0.0,0,30.0,0.0,16.5,2.0,0.0,1,0.011301369863013699,0.0,0.0,0.0,0.011301369863013699
2025-08-22,Lettuce,AI forecast + inventory policy,5.0,264.0,0.0,269.0,125.0,125.0,0.0,0,144.0,312.0,86.39999999999999,0.0,312.0,1,0.05917808219178082,0.0,0.0,0.6944444444444444,0.7536225266362252
2025-08-22,Milk,AI forecast + inventory policy,15.0,204.0,0.0,219.0,97.0,97.0,0.0,0,122.0,300.0,91.5,0.0,300.0,1,0.06267123287671232,0.0,0.0,0.6944444444444444,0.7571156773211567
2025-08-22,Mushrooms,AI forecast + inventory policy,35.0,100.0,0.0,135.0,64.0,64.0,0.0,0,71.0,160.0,39.050000000000004,0.0,160.0,1,0.026746575342465755,0.0,0.0,0.6944444444444444,0.7211910197869101
2025-08-22,Onions,AI forecast + inventory policy,46.0,180.0,0.0,226.0,88.0,88.0,0.0,0,138.0,200.0,34.5,0.0,200.0,1,0.02363013698630137,0.0,0.0,0.6944444444444444,0.7180745814307458
2025-08-22,Salmon Fillet,AI forecast + inventory policy,67.0,114.0,0.0,181.0,67.0,67.0,0.0,0,114.0,84.0,364.8,0.0,84.0,1,0.24986301369863018,0.0,0.0,0.6944444444444444,0.9443074581430746
2025-08-22,Seasonal Berries,AI forecast + inventory policy,0.0,12.0,0.0,12.0,16.0,12.0,4.0,1,0.0,30.0,0.0,0.0,30.0,1,0.0,0.0,11.2,0.6944444444444444,11.894444444444444
2025-08-22,Soft Drinks,AI forecast + inventory policy,71.0,432.0,0.0,503.0,218.0,218.0,0.0,0,285.0,552.0,114.0,0.0,552.0,1,0.07808219178082193,0.0,0.0,0.6944444444444444,0.7725266362252663
2025-08-22,Tomatoes,AI forecast + inventory policy,12.0,288.0,0.0,300.0,104.0,104.0,0.0,0,196.0,324.0,88.2,0.0,324.0,1,0.060410958904109587,0.0,0.0,0.6944444444444444,0.754855403348554
2025-08-22,Truffle Oil,AI forecast + inventory policy,22.0,0.0,0.0,22.0,0.0,0.0,0.0,0,22.0,12.0,187.0,5.181818181818182,12.0,1,0.12808219178082192,0.0,0.0,0.6944444444444444,0.8225266362252663
2025-08-22,Vegan Cheese,AI forecast + inventory policy,58.0,0.0,0.0,58.0,10.0,10.0,0.0,0,48.0,0.0,31.200000000000003,5.5,0.0,1,0.021369863013698632,0.0,0.0,0.0,0.021369863013698632
2025-08-23,Bacon,AI forecast + inventory policy,158.0,0.0,0.0,158.0,76.0,76.0,0.0,0,82.0,200.0,90.2,1.0,0.0,0,0.06178082191780822,0.0,0.0,0.0,0.06178082191780822
2025-08-23,Burger Buns,AI forecast + inventory policy,272.0,0.0,0.0,272.0,203.0,203.0,0.0,0,69.0,432.0,12.42,1.0,0.0,0,0.008506849315068492,0.0,0.0,0.0,0.008506849315068492
2025-08-23,Butter,AI forecast + inventory policy,65.0,0.0,0.0,65.0,50.0,50.0,0.0,0,15.0,132.0,14.25,1.0,0.0,0,0.00976027397260274,0.0,0.0,0.0,0.00976027397260274
2025-08-23,Cheese Slices,AI forecast + inventory policy,190.0,0.0,0.0,190.0,153.0,153.0,0.0,0,37.0,350.0,8.14,1.0,0.0,0,0.005575342465753425,0.0,0.0,0.0,0.005575342465753425
2025-08-23,Chicken Breast,AI forecast + inventory policy,121.0,0.0,0.0,121.0,145.0,121.0,24.0,1,0.0,400.0,0.0,0.0,0.0,0,0.0,0.0,86.4,0.0,86.4
2025-08-23,Coffee Beans,AI forecast + inventory policy,80.0,0.0,0.0,80.0,26.0,26.0,0.0,0,54.0,114.0,113.4,1.0,0.0,0,0.07767123287671233,0.0,0.0,0.0,0.07767123287671233
2025-08-23,Cooking Oil,AI forecast + inventory policy,65.0,0.0,0.0,65.0,34.0,34.0,0.0,0,31.0,108.0,49.6,1.0,0.0,0,0.033972602739726035,0.0,0.0,0.0,0.033972602739726035
2025-08-23,Eggs,AI forecast + inventory policy,152.0,0.0,0.0,152.0,124.0,124.0,0.0,0,28.0,240.0,4.48,1.0,0.0,0,0.003068493150684932,0.0,0.0,0.0,0.003068493150684932
2025-08-23,Fries (Potatoes),AI forecast + inventory policy,275.0,0.0,0.0,275.0,236.0,236.0,0.0,0,39.0,580.0,11.7,1.0,0.0,0,0.008013698630136986,0.0,0.0,0.0,0.008013698630136986
2025-08-23,Gluten-free Buns,AI forecast + inventory policy,30.0,0.0,30.0,0.0,0.0,0.0,0.0,0,0.0,0.0,0.0,0.0,0.0,0,0.0,18.0,0.0,0.0,18.0
2025-08-23,Lettuce,AI forecast + inventory policy,144.0,0.0,0.0,144.0,129.0,129.0,0.0,0,15.0,312.0,9.0,1.0,0.0,0,0.0061643835616438354,0.0,0.0,0.0,0.0061643835616438354
2025-08-23,Milk,AI forecast + inventory policy,122.0,0.0,0.0,122.0,113.0,113.0,0.0,0,9.0,300.0,6.75,1.0,0.0,0,0.004623287671232876,0.0,0.0,0.0,0.004623287671232876
2025-08-23,Mushrooms,AI forecast + inventory policy,71.0,0.0,0.0,71.0,74.0,71.0,3.0,1,0.0,160.0,0.0,0.0,0.0,0,0.0,0.0,3.3000000000000003,0.0,3.3000000000000003
2025-08-23,Onions,AI forecast + inventory policy,138.0,0.0,0.0,138.0,84.0,84.0,0.0,0,54.0,200.0,13.5,1.0,0.0,0,0.009246575342465754,0.0,0.0,0.0,0.009246575342465754
2025-08-23,Salmon Fillet,AI forecast + inventory policy,114.0,0.0,0.0,114.0,61.0,61.0,0.0,0,53.0,84.0,169.60000000000002,1.0,0.0,0,0.11616438356164385,0.0,0.0,0.0,0.11616438356164385
2025-08-23,Seasonal Berries,AI forecast + inventory policy,0.0,0.0,0.0,0.0,0.0,0.0,0.0,0,0.0,30.0,0.0,0.0,0.0,0,0.0,0.0,0.0,0.0,0.0
2025-08-23,Soft Drinks,AI forecast + inventory policy,285.0,0.0,0.0,285.0,281.0,281.0,0.0,0,4.0,552.0,1.6,1.0,0.0,0,0.0010958904109589042,0.0,0.0,0.0,0.0010958904109589042
2025-08-23,Tomatoes,AI forecast + inventory policy,196.0,0.0,0.0,196.0,137.0,137.0,0.0,0,59.0,324.0,26.55,1.0,0.0,0,0.018184931506849314,0.0,0.0,0.0,0.018184931506849314
2025-08-23,Truffle Oil,AI forecast + inventory policy,22.0,0.0,0.0,22.0,0.0,0.0,0.0,0,22.0,12.0,187.0,6.181818181818182,0.0,0,0.12808219178082192,0.0,0.0,0.0,0.12808219178082192
2025-08-23,Vegan Cheese,AI forecast + inventory policy,48.0,0.0,0.0,48.0,0.0,0.0,0.0,0,48.0,0.0,31.200000000000003,6.5,0.0,0,0.021369863013698632,0.0,0.0,0.0,0.021369863013698632
2025-08-24,Bacon,AI forecast + inventory policy,82.0,200.0,0.0,282.0,97.0,97.0,0.0,0,185.0,0.0,203.50000000000003,0.0,0.0,0,0.1393835616438356,0.0,0.0,0.0,0.1393835616438356
2025-08-24,Burger Buns,AI forecast + inventory policy,69.0,432.0,0.0,501.0,182.0,182.0,0.0,0,319.0,0.0,57.419999999999995,0.0,0.0,0,0.03932876712328767,0.0,0.0,0.0,0.03932876712328767
2025-08-24,Butter,AI forecast + inventory policy,15.0,132.0,0.0,147.0,53.0,53.0,0.0,0,94.0,0.0,89.3,0.0,0.0,0,0.06116438356164384,0.0,0.0,0.0,0.06116438356164384
2025-08-24,Cheese Slices,AI forecast + inventory policy,37.0,350.0,0.0,387.0,131.0,131.0,0.0,0,256.0,0.0,56.32,0.0,0.0,0,0.03857534246575343,0.0,0.0,0.0,0.03857534246575343
2025-08-24,Chicken Breast,AI forecast + inventory policy,0.0,400.0,0.0,400.0,147.0,147.0,0.0,0,253.0,0.0,455.40000000000003,0.0,0.0,0,0.3119178082191781,0.0,0.0,0.0,0.3119178082191781
2025-08-24,Coffee Beans,AI forecast + inventory policy,54.0,114.0,0.0,168.0,48.0,48.0,0.0,0,120.0,0.0,252.0,0.1,0.0,0,0.1726027397260274,0.0,0.0,0.0,0.1726027397260274
2025-08-24,Cooking Oil,AI forecast + inventory policy,31.0,108.0,0.0,139.0,39.0,39.0,0.0,0,100.0,0.0,160.0,0.0,0.0,0,0.10958904109589042,0.0,0.0,0.0,0.10958904109589042
2025-08-24,Eggs,AI forecast + inventory policy,28.0,240.0,0.0,268.0,96.0,96.0,0.0,0,172.0,0.0,27.52,0.0,0.0,0,0.01884931506849315,0.0,0.0,0.0,0.01884931506849315
2025-08-24,Fries (Potatoes),AI forecast + inventory policy,39.0,580.0,0.0,619.0,232.0,232.0,0.0,0,387.0,0.0,116.1,0.0,0.0,0,0.07952054794520548,0.0,0.0,0.0,0.07952054794520548
2025-08-24,Gluten-free Buns,AI forecast + inventory policy,0.0,0.0,0.0,0.0,19.0,0.0,19.0,1,0.0,0.0,0.0,0.0,0.0,0,0.0,0.0,20.900000000000002,0.0,20.900000000000002
2025-08-24,Lettuce,AI forecast + inventory policy,15.0,312.0,0.0,327.0,131.0,131.0,0.0,0,196.0,0.0,117.6,0.0,0.0,0,0.08054794520547945,0.0,0.0,0.0,0.08054794520547945
2025-08-24,Milk,AI forecast + inventory policy,9.0,300.0,0.0,309.0,111.0,111.0,0.0,0,198.0,0.0,148.5,0.0,0.0,0,0.10171232876712327,0.0,0.0,0.0,0.10171232876712327
2025-08-24,Mushrooms,AI forecast + inventory policy,0.0,160.0,0.0,160.0,0.0,0.0,0.0,0,160.0,0.0,88.0,0.0,0.0,0,0.06027397260273973,0.0,0.0,0.0,0.06027397260273973
2025-08-24,Onions,AI forecast + inventory policy,54.0,200.0,0.0,254.0,78.0,78.0,0.0,0,176.0,0.0,44.0,0.0,0.0,0,0.030136986301369864,0.0,0.0,0.0,0.030136986301369864
2025-08-24,Salmon Fillet,AI forecast + inventory policy,53.0,84.0,0.0,137.0,83.0,83.0,0.0,0,54.0,0.0,172.8,0.0,0.0,0,0.11835616438356165,0.0,0.0,0.0,0.11835616438356165
2025-08-24,Seasonal Berries,AI forecast + inventory policy,0.0,30.0,0.0,30.0,0.0,0.0,0.0,0,30.0,0.0,42.0,0.0,0.0,0,0.028767123287671233,0.0,0.0,0.0,0.028767123287671233
2025-08-24,Soft Drinks,AI forecast + inventory policy,4.0,552.0,0.0,556.0,266.0,266.0,0.0,0,290.0,0.0,116.0,0.0,0.0,0,0.07945205479452055,0.0,0.0,0.0,0.07945205479452055
2025-08-24,Tomatoes,AI forecast + inventory policy,59.0,324.0,0.0,383.0,110.0,110.0,0.0,0,273.0,0.0,122.85000000000001,0.0,0.0,0,0.08414383561643836,0.0,0.0,0.0,0.08414383561643836
2025-08-24,Truffle Oil,AI forecast + inventory policy,22.0,12.0,0.0,34.0,17.0,17.0,0.0,0,17.0,0.0,144.5,1.1764705882352942,0.0,0,0.09897260273972604,0.0,0.0,0.0,0.09897260273972604
2025-08-24,Vegan Cheese,AI forecast + inventory policy,48.0,0.0,0.0,48.0,9.0,9.0,0.0,0,39.0,0.0,25.35,7.153846153846154,0.0,0,0.01736301369863014,0.0,0.0,0.0,0.01736301369863014
2025-08-25,Bacon,AI forecast + inventory policy,185.0,0.0,0.0,185.0,85.0,85.0,0.0,0,100.0,120.0,110.00000000000001,1.0,120.0,1,0.07534246575342465,0.0,0.0,0.6578947368421053,0.7332372025955299
2025-08-25,Burger Buns,AI forecast + inventory policy,319.0,0.0,0.0,319.0,228.0,228.0,0.0,0,91.0,336.0,16.38,1.0,336.0,1,0.011219178082191781,0.0,0.0,0.6578947368421053,0.6691139149242971
2025-08-25,Butter,AI forecast + inventory policy,94.0,0.0,0.0,94.0,48.0,48.0,0.0,0,46.0,96.0,43.699999999999996,1.0,96.0,1,0.02993150684931507,0.0,0.0,0.6578947368421053,0.6878262436914204
2025-08-25,Cheese Slices,AI forecast + inventory policy,256.0,0.0,0.0,256.0,128.0,128.0,0.0,0,128.0,200.0,28.16,1.0,200.0,1,0.019287671232876714,0.0,0.0,0.6578947368421053,0.677182408074982
2025-08-25,Chicken Breast,AI forecast + inventory policy,253.0,0.0,0.0,253.0,140.0,140.0,0.0,0,113.0,210.0,203.4,1.0,210.0,1,0.13931506849315067,0.0,0.0,0.6578947368421053,0.797209805335256
2025-08-25,Coffee Beans,AI forecast + inventory policy,120.0,0.0,0.0,120.0,36.0,36.0,0.0,0,84.0,72.0,176.4,1.0,72.0,1,0.12082191780821919,0.0,0.0,0.6578947368421053,0.7787166546503245
2025-08-25,Cooking Oil,AI forecast + inventory policy,100.0,0.0,0.0,100.0,37.0,37.0,0.0,0,63.0,64.0,100.80000000000001,1.0,64.0,1,0.06904109589041096,0.0,0.0,0.6578947368421053,0.7269358327325163
2025-08-25,Eggs,AI forecast + inventory policy,172.0,0.0,0.0,172.0,79.0,79.0,0.0,0,93.0,150.0,14.88,1.0,150.0,1,0.010191780821917809,0.0,0.0,0.6578947368421053,0.6680865176640232
2025-08-25,Fries (Potatoes),AI forecast + inventory policy,387.0,0.0,0.0,387.0,182.0,182.0,0.0,0,205.0,360.0,61.5,1.0,360.0,1,0.04212328767123288,0.0,0.0,0.6578947368421053,0.7000180245133382
2025-08-25,Gluten-free Buns,AI forecast + inventory policy,0.0,0.0,0.0,0.0,21.0,0.0,21.0,1,0.0,48.0,0.0,0.0,48.0,1,0.0,0.0,23.1,0.6578947368421053,23.757894736842108
2025-08-25,Lettuce,AI forecast + inventory policy,196.0,0.0,0.0,196.0,119.0,119.0,0.0,0,77.0,228.0,46.199999999999996,1.0,228.0,1,0.031643835616438354,0.0,0.0,0.6578947368421053,0.6895385724585437
2025-08-25,Milk,AI forecast + inventory policy,198.0,0.0,0.0,198.0,76.0,76.0,0.0,0,122.0,192.0,91.5,1.0,192.0,1,0.06267123287671232,0.0,0.0,0.6578947368421053,0.7205659697188176
2025-08-25,Mushrooms,AI forecast + inventory policy,160.0,0.0,0.0,160.0,42.0,42.0,0.0,0,118.0,40.0,64.9,1.0,40.0,1,0.04445205479452055,0.0,0.0,0.6578947368421053,0.7023467916366258
2025-08-25,Onions,AI forecast + inventory policy,176.0,0.0,0.0,176.0,85.0,85.0,0.0,0,91.0,120.0,22.75,1.0,120.0,1,0.015582191780821918,0.0,0.0,0.6578947368421053,0.6734769286229272
2025-08-25,Salmon Fillet,AI forecast + inventory policy,54.0,0.0,0.0,54.0,48.0,48.0,0.0,0,6.0,156.0,19.200000000000003,1.0,156.0,1,0.01315068493150685,0.0,0.0,0.6578947368421053,0.6710454217736121
2025-08-25,Seasonal Berries,AI forecast + inventory policy,30.0,0.0,0.0,30.0,11.0,11.0,0.0,0,19.0,12.0,26.599999999999998,1.0,12.0,1,0.01821917808219178,0.0,0.0,0.6578947368421053,0.6761139149242971
2025-08-25,Soft Drinks,AI forecast + inventory policy,290.0,0.0,0.0,290.0,228.0,228.0,0.0,0,62.0,432.0,24.8,1.0,432.0,1,0.016986301369863017,0.0,0.0,0.6578947368421053,0.6748810382119683
2025-08-25,Tomatoes,AI forecast + inventory policy,273.0,0.0,0.0,273.0,133.0,133.0,0.0,0,140.0,132.0,63.0,1.0,132.0,1,0.043150684931506846,0.0,0.0,0.6578947368421053,0.7010454217736122
2025-08-25,Truffle Oil,AI forecast + inventory policy,17.0,0.0,0.0,17.0,10.0,10.0,0.0,0,7.0,12.0,59.5,1.0,12.0,1,0.040753424657534246,0.0,0.0,0.6578947368421053,0.6986481614996396
2025-08-25,Vegan Cheese,AI forecast + inventory policy,39.0,0.0,0.0,39.0,12.0,12.0,0.0,0,27.0,0.0,17.55,8.0,0.0,1,0.012020547945205481,0.0,0.0,0.0,0.012020547945205481
2025-08-26,Bacon,AI forecast + inventory policy,100.0,0.0,0.0,100.0,55.0,55.0,0.0,0,45.0,120.0,49.50000000000001,2.0,0.0,0,0.033904109589041095,0.0,0.0,0.0,0.033904109589041095
2025-08-26,Burger Buns,AI forecast + inventory policy,91.0,0.0,0.0,91.0,108.0,91.0,17.0,1,0.0,336.0,0.0,0.0,0.0,0,0.0,0.0,6.12,0.0,6.12
2025-08-26,Butter,AI forecast + inventory policy,46.0,0.0,0.0,46.0,33.0,33.0,0.0,0,13.0,96.0,12.35,2.0,0.0,0,0.00845890410958904,0.0,0.0,0.0,0.00845890410958904
2025-08-26,Cheese Slices,AI forecast + inventory policy,128.0,0.0,0.0,128.0,76.0,76.0,0.0,0,52.0,200.0,11.44,2.0,0.0,0,0.007835616438356166,0.0,0.0,0.0,0.007835616438356166
2025-08-26,Chicken Breast,AI forecast + inventory policy,113.0,0.0,0.0,113.0,78.0,78.0,0.0,0,35.0,210.0,63.0,2.0,0.0,0,0.043150684931506846,0.0,0.0,0.0,0.043150684931506846
2025-08-26,Coffee Beans,AI forecast + inventory policy,84.0,0.0,0.0,84.0,31.0,31.0,0.0,0,53.0,72.0,111.30000000000001,2.0,0.0,0,0.07623287671232877,0.0,0.0,0.0,0.07623287671232877
2025-08-26,Cooking Oil,AI forecast + inventory policy,63.0,0.0,0.0,63.0,22.0,22.0,0.0,0,41.0,64.0,65.60000000000001,2.0,0.0,0,0.04493150684931507,0.0,0.0,0.0,0.04493150684931507
2025-08-26,Eggs,AI forecast + inventory policy,93.0,0.0,0.0,93.0,57.0,57.0,0.0,0,36.0,150.0,5.76,2.0,0.0,0,0.003945205479452055,0.0,0.0,0.0,0.003945205479452055
2025-08-26,Fries (Potatoes),AI forecast + inventory policy,205.0,0.0,0.0,205.0,156.0,156.0,0.0,0,49.0,360.0,14.7,2.0,0.0,0,0.010068493150684931,0.0,0.0,0.0,0.010068493150684931
2025-08-26,Gluten-free Buns,AI forecast + inventory policy,0.0,0.0,0.0,0.0,10.0,0.0,10.0,1,0.0,48.0,0.0,0.0,0.0,0,0.0,0.0,11.0,0.0,11.0
2025-08-26,Lettuce,AI forecast + inventory policy,77.0,0.0,0.0,77.0,80.0,77.0,3.0,1,0.0,228.0,0.0,0.0,0.0,0,0.0,0.0,3.5999999999999996,0.0,3.5999999999999996
2025-08-26,Milk,AI forecast + inventory policy,122.0,0.0,0.0,122.0,87.0,87.0,0.0,0,35.0,192.0,26.25,2.0,0.0,0,0.01797945205479452,0.0,0.0,0.0,0.01797945205479452
2025-08-26,Mushrooms,AI forecast + inventory policy,118.0,0.0,0.0,118.0,42.0,42.0,0.0,0,76.0,40.0,41.800000000000004,2.0,0.0,0,0.02863013698630137,0.0,0.0,0.0,0.02863013698630137
2025-08-26,Onions,AI forecast + inventory policy,91.0,0.0,0.0,91.0,63.0,63.0,0.0,0,28.0,120.0,7.0,2.0,0.0,0,0.004794520547945206,0.0,0.0,0.0,0.004794520547945206
2025-08-26,Salmon Fillet,AI forecast + inventory policy,6.0,0.0,0.0,6.0,44.0,6.0,38.0,1,0.0,156.0,0.0,0.0,0.0,0,0.0,0.0,243.20000000000002,0.0,243.20000000000002
2025-08-26,Seasonal Berries,AI forecast + inventory policy,19.0,0.0,0.0,19.0,9.0,9.0,0.0,0,10.0,12.0,14.0,2.0,0.0,0,0.009589041095890411,0.0,0.0,0.0,0.009589041095890411
2025-08-26,Soft Drinks,AI forecast + inventory policy,62.0,0.0,0.0,62.0,150.0,62.0,88.0,1,0.0,432.0,0.0,0.0,0.0,0,0.0,0.0,70.4,0.0,70.4
2025-08-26,Tomatoes,AI forecast + inventory policy,140.0,0.0,0.0,140.0,82.0,82.0,0.0,0,58.0,132.0,26.1,2.0,0.0,0,0.017876712328767124,0.0,0.0,0.0,0.017876712328767124
2025-08-26,Truffle Oil,AI forecast + inventory policy,7.0,0.0,0.0,7.0,6.0,6.0,0.0,0,1.0,12.0,8.5,2.0,0.0,0,0.0058219178082191785,0.0,0.0,0.0,0.0058219178082191785
2025-08-26,Vegan Cheese,AI forecast + inventory policy,27.0,0.0,0.0,27.0,13.0,13.0,0.0,0,14.0,0.0,9.1,9.0,0.0,0,0.006232876712328767,0.0,0.0,0.0,0.006232876712328767
2025-08-27,Bacon,AI forecast + inventory policy,45.0,120.0,0.0,165.0,49.0,49.0,0.0,0,116.0,170.0,127.60000000000001,0.0,170.0,1,0.0873972602739726,0.0,0.0,0.6578947368421053,0.7452919971160779
2025-08-27,Burger Buns,AI forecast + inventory policy,0.0,336.0,0.0,336.0,154.0,154.0,0.0,0,182.0,384.0,32.76,0.0,384.0,1,0.022438356164383562,0.0,0.0,0.6578947368421053,0.6803330930064889
2025-08-27,Butter,AI forecast + inventory policy,13.0,96.0,0.0,109.0,60.0,60.0,0.0,0,49.0,108.0,46.55,0.0,108.0,1,0.031883561643835615,0.0,0.0,0.6578947368421053,0.689778298485941
2025-08-27,Cheese Slices,AI forecast + inventory policy,52.0,200.0,0.0,252.0,100.0,100.0,0.0,0,152.0,250.0,33.44,0.0,250.0,1,0.022904109589041096,0.0,0.0,0.6578947368421053,0.6807988464311464
2025-08-27,Chicken Breast,AI forecast + inventory policy,35.0,210.0,0.0,245.0,127.0,127.0,0.0,0,118.0,330.0,212.4,0.0,330.0,1,0.1454794520547945,0.0,0.0,0.6578947368421053,0.8033741888968998
2025-08-27,Coffee Beans,AI forecast + inventory policy,53.0,72.0,0.0,125.0,43.0,43.0,0.0,0,82.0,90.0,172.20000000000002,0.36585365853658536,90.0,1,0.11794520547945206,0.0,0.0,0.6578947368421053,0.7758399423215574
2025-08-27,Cooking Oil,AI forecast + inventory policy,41.0,64.0,0.0,105.0,30.0,30.0,0.0,0,75.0,68.0,120.0,0.44,68.0,1,0.08219178082191782,0.0,0.0,0.6578947368421053,0.7400865176640231
2025-08-27,Eggs,AI forecast + inventory policy,36.0,150.0,0.0,186.0,76.0,76.0,0.0,0,110.0,180.0,17.6,0.0,180.0,1,0.012054794520547946,0.0,0.0,0.6578947368421053,0.6699495313626532
2025-08-27,Fries (Potatoes),AI forecast + inventory policy,49.0,360.0,0.0,409.0,193.0,193.0,0.0,0,216.0,480.0,64.8,0.0,480.0,1,0.04438356164383561,0.0,0.0,0.6578947368421053,0.7022782984859409
2025-08-27,Gluten-free Buns,AI forecast + inventory policy,0.0,48.0,0.0,48.0,15.0,15.0,0.0,0,33.0,0.0,18.150000000000002,0.0,0.0,1,0.012431506849315068,0.0,0.0,0.0,0.012431506849315068
2025-08-27,Lettuce,AI forecast + inventory policy,0.0,228.0,0.0,228.0,108.0,108.0,0.0,0,120.0,264.0,72.0,0.0,264.0,1,0.049315068493150684,0.0,0.0,0.6578947368421053,0.707209805335256
2025-08-27,Milk,AI forecast + inventory policy,35.0,192.0,0.0,227.0,92.0,92.0,0.0,0,135.0,192.0,101.25,0.0,192.0,1,0.06934931506849315,0.0,0.0,0.6578947368421053,0.7272440519105985
2025-08-27,Mushrooms,AI forecast + inventory policy,76.0,40.0,0.0,116.0,39.0,39.0,0.0,0,77.0,150.0,42.35,1.4415584415584415,150.0,1,0.029006849315068493,0.0,0.0,0.6578947368421053,0.6869015861571738
2025-08-27,Onions,AI forecast + inventory policy,28.0,120.0,0.0,148.0,46.0,46.0,0.0,0,102.0,180.0,25.5,0.0,180.0,1,0.017465753424657535,0.0,0.0,0.6578947368421053,0.6753604902667628
2025-08-27,Salmon Fillet,AI forecast + inventory policy,0.0,156.0,0.0,156.0,34.0,34.0,0.0,0,122.0,96.0,390.40000000000003,0.0,96.0,1,0.26739726027397265,0.0,0.0,0.6578947368421053,0.925291997116078
2025-08-27,Seasonal Berries,AI forecast + inventory policy,10.0,12.0,10.0,12.0,12.0,12.0,0.0,0,0.0,24.0,0.0,0.0,24.0,1,0.0,14.5,0.0,0.6578947368421053,15.157894736842106
2025-08-27,Soft Drinks,AI forecast + inventory policy,0.0,432.0,0.0,432.0,144.0,144.0,0.0,0,288.0,480.0,115.2,0.0,480.0,1,0.07890410958904111,0.0,0.0,0.6578947368421053,0.7367988464311465
2025-08-27,Tomatoes,AI forecast + inventory policy,58.0,132.0,0.0,190.0,99.0,99.0,0.0,0,91.0,288.0,40.95,0.0,288.0,1,0.02804794520547945,0.0,0.0,0.6578947368421053,0.6859426820475848
2025-08-27,Truffle Oil,AI forecast + inventory policy,1.0,12.0,0.0,13.0,6.0,6.0,0.0,0,7.0,18.0,59.5,0.0,18.0,1,0.040753424657534246,0.0,0.0,0.6578947368421053,0.6986481614996396
2025-08-27,Vegan Cheese,AI forecast + inventory policy,14.0,0.0,0.0,14.0,0.0,0.0,0.0,0,14.0,36.0,9.1,10.0,36.0,1,0.006232876712328767,0.0,0.0,0.6578947368421053,0.6641276135544341
2025-08-28,Bacon,AI forecast + inventory policy,116.0,0.0,0.0,116.0,61.0,61.0,0.0,0,55.0,170.0,60.50000000000001,1.0,0.0,0,0.041438356164383565,0.0,0.0,0.0,0.041438356164383565
2025-08-28,Burger Buns,AI forecast + inventory policy,182.0,0.0,0.0,182.0,117.0,117.0,0.0,0,65.0,384.0,11.7,1.0,0.0,0,0.008013698630136986,0.0,0.0,0.0,0.008013698630136986
2025-08-28,Butter,AI forecast + inventory policy,49.0,0.0,0.0,49.0,38.0,38.0,0.0,0,11.0,108.0,10.45,1.0,0.0,0,0.007157534246575343,0.0,0.0,0.0,0.007157534246575343
2025-08-28,Cheese Slices,AI forecast + inventory policy,152.0,0.0,0.0,152.0,84.0,84.0,0.0,0,68.0,250.0,14.96,1.0,0.0,0,0.010246575342465754,0.0,0.0,0.0,0.010246575342465754
2025-08-28,Chicken Breast,AI forecast + inventory policy,118.0,0.0,0.0,118.0,102.0,102.0,0.0,0,16.0,330.0,28.8,1.0,0.0,0,0.019726027397260273,0.0,0.0,0.0,0.019726027397260273
2025-08-28,Coffee Beans,AI forecast + inventory policy,82.0,0.0,0.0,82.0,40.0,40.0,0.0,0,42.0,90.0,88.2,1.0,0.0,0,0.06041095890410959,0.0,0.0,0.0,0.06041095890410959
2025-08-28,Cooking Oil,AI forecast + inventory policy,75.0,0.0,0.0,75.0,36.0,36.0,0.0,0,39.0,68.0,62.400000000000006,1.0,0.0,0,0.042739726027397264,0.0,0.0,0.0,0.042739726027397264
2025-08-28,Eggs,AI forecast + inventory policy,110.0,0.0,0.0,110.0,60.0,60.0,0.0,0,50.0,180.0,8.0,1.0,0.0,0,0.005479452054794521,0.0,0.0,0.0,0.005479452054794521
2025-08-28,Fries (Potatoes),AI forecast + inventory policy,216.0,0.0,0.0,216.0,163.0,163.0,0.0,0,53.0,480.0,15.899999999999999,1.0,0.0,0,0.010890410958904109,0.0,0.0,0.0,0.010890410958904109
2025-08-28,Gluten-free Buns,AI forecast + inventory policy,33.0,0.0,0.0,33.0,9.0,9.0,0.0,0,24.0,0.0,13.200000000000001,1.0,0.0,0,0.00904109589041096,0.0,0.0,0.0,0.00904109589041096
2025-08-28,Lettuce,AI forecast + inventory policy,120.0,0.0,0.0,120.0,98.0,98.0,0.0,0,22.0,264.0,13.2,1.0,0.0,0,0.009041095890410958,0.0,0.0,0.0,0.009041095890410958
2025-08-28,Milk,AI forecast + inventory policy,135.0,0.0,0.0,135.0,95.0,95.0,0.0,0,40.0,192.0,30.0,1.0,0.0,0,0.02054794520547945,0.0,0.0,0.0,0.02054794520547945
2025-08-28,Mushrooms,AI forecast + inventory policy,77.0,0.0,0.0,77.0,46.0,46.0,0.0,0,31.0,150.0,17.05,1.0,0.0,0,0.011678082191780823,0.0,0.0,0.0,0.011678082191780823
2025-08-28,Onions,AI forecast + inventory policy,102.0,0.0,0.0,102.0,54.0,54.0,0.0,0,48.0,180.0,12.0,1.0,0.0,0,0.008219178082191782,0.0,0.0,0.0,0.008219178082191782
2025-08-28,Salmon Fillet,AI forecast + inventory policy,122.0,0.0,0.0,122.0,35.0,35.0,0.0,0,87.0,96.0,278.40000000000003,1.0,0.0,0,0.19068493150684934,0.0,0.0,0.0,0.19068493150684934
2025-08-28,Seasonal Berries,AI forecast + inventory policy,0.0,0.0,0.0,0.0,9.0,0.0,9.0,1,0.0,24.0,0.0,0.0,0.0,0,0.0,0.0,25.2,0.0,25.2
2025-08-28,Soft Drinks,AI forecast + inventory policy,288.0,0.0,0.0,288.0,173.0,173.0,0.0,0,115.0,480.0,46.0,1.0,0.0,0,0.031506849315068496,0.0,0.0,0.0,0.031506849315068496
2025-08-28,Tomatoes,AI forecast + inventory policy,91.0,0.0,0.0,91.0,108.0,91.0,17.0,1,0.0,288.0,0.0,0.0,0.0,0,0.0,0.0,15.3,0.0,15.3
2025-08-28,Truffle Oil,AI forecast + inventory policy,7.0,0.0,0.0,7.0,0.0,0.0,0.0,0,7.0,18.0,59.5,1.0,0.0,0,0.040753424657534246,0.0,0.0,0.0,0.040753424657534246
2025-08-28,Vegan Cheese,AI forecast + inventory policy,14.0,0.0,0.0,14.0,7.0,7.0,0.0,0,7.0,36.0,4.55,11.0,0.0,0,0.0031164383561643836,0.0,0.0,0.0,0.0031164383561643836
2025-08-29,Bacon,AI forecast + inventory policy,55.0,170.0,0.0,225.0,67.0,67.0,0.0,0,158.0,170.0,173.8,0.0,170.0,1,0.11904109589041097,0.0,0.0,0.625,0.744041095890411
2025-08-29,Burger Buns,AI forecast + inventory policy,65.0,384.0,0.0,449.0,191.0,191.0,0.0,0,258.0,384.0,46.44,0.0,384.0,1,0.031808219178082194,0.0,0.0,0.625,0.6568082191780822
2025-08-29,Butter,AI forecast + inventory policy,11.0,108.0,0.0,119.0,50.0,50.0,0.0,0,69.0,144.0,65.55,0.0,144.0,1,0.0448972602739726,0.0,0.0,0.625,0.6698972602739726
2025-08-29,Cheese Slices,AI forecast + inventory policy,68.0,250.0,0.0,318.0,123.0,123.0,0.0,0,195.0,250.0,42.9,0.0,250.0,1,0.02938356164383562,0.0,0.0,0.625,0.6543835616438356
2025-08-29,Chicken Breast,AI forecast + inventory policy,16.0,330.0,0.0,346.0,168.0,168.0,0.0,0,178.0,360.0,320.40000000000003,0.0,360.0,1,0.21945205479452054,0.0,0.0,0.625,0.8444520547945206
2025-08-29,Coffee Beans,AI forecast + inventory policy,42.0,90.0,0.0,132.0,44.0,44.0,0.0,0,88.0,126.0,184.8,0.0,126.0,1,0.12657534246575342,0.0,0.0,0.625,0.7515753424657534
2025-08-29,Cooking Oil,AI forecast + inventory policy,39.0,68.0,0.0,107.0,35.0,35.0,0.0,0,72.0,88.0,115.20000000000002,0.1111111111111111,88.0,1,0.07890410958904111,0.0,0.0,0.625,0.7039041095890411
2025-08-29,Eggs,AI forecast + inventory policy,50.0,180.0,0.0,230.0,95.0,95.0,0.0,0,135.0,240.0,21.6,0.0,240.0,1,0.014794520547945205,0.0,0.0,0.625,0.6397945205479452
2025-08-29,Fries (Potatoes),AI forecast + inventory policy,53.0,480.0,0.0,533.0,237.0,237.0,0.0,0,296.0,580.0,88.8,0.0,580.0,1,0.060821917808219175,0.0,0.0,0.625,0.6858219178082192
2025-08-29,Gluten-free Buns,AI forecast + inventory policy,24.0,0.0,0.0,24.0,0.0,0.0,0.0,0,24.0,24.0,13.200000000000001,2.0,24.0,1,0.00904109589041096,0.0,0.0,0.625,0.6340410958904109
2025-08-29,Lettuce,AI forecast + inventory policy,22.0,264.0,0.0,286.0,127.0,127.0,0.0,0,159.0,276.0,95.39999999999999,0.0,276.0,1,0.06534246575342466,0.0,0.0,0.625,0.6903424657534246
2025-08-29,Milk,AI forecast + inventory policy,40.0,192.0,0.0,232.0,113.0,113.0,0.0,0,119.0,276.0,89.25,0.0,276.0,1,0.06113013698630136,0.0,0.0,0.625,0.6861301369863013
2025-08-29,Mushrooms,AI forecast + inventory policy,31.0,150.0,0.0,181.0,79.0,79.0,0.0,0,102.0,140.0,56.1,0.0,140.0,1,0.03842465753424658,0.0,0.0,0.625,0.6634246575342466
2025-08-29,Onions,AI forecast + inventory policy,48.0,180.0,0.0,228.0,90.0,90.0,0.0,0,138.0,160.0,34.5,0.0,160.0,1,0.02363013698630137,0.0,0.0,0.625,0.6486301369863013
2025-08-29,Salmon Fillet,AI forecast + inventory policy,87.0,96.0,0.0,183.0,60.0,60.0,0.0,0,123.0,66.0,393.6,0.43902439024390244,66.0,1,0.26958904109589044,0.0,0.0,0.625,0.8945890410958904
2025-08-29,Seasonal Berries,AI forecast + inventory policy,0.0,24.0,0.0,24.0,16.0,16.0,0.0,0,8.0,18.0,11.2,0.0,18.0,1,0.007671232876712329,0.0,0.0,0.625,0.6326712328767123
2025-08-29,Soft Drinks,AI forecast + inventory policy,115.0,480.0,0.0,595.0,251.0,251.0,0.0,0,344.0,456.0,137.6,0.0,456.0,1,0.09424657534246576,0.0,0.0,0.625,0.7192465753424657
2025-08-29,Tomatoes,AI forecast + inventory policy,0.0,288.0,0.0,288.0,135.0,135.0,0.0,0,153.0,288.0,68.85000000000001,0.0,288.0,1,0.047157534246575344,0.0,0.0,0.625,0.6721575342465753
2025-08-29,Truffle Oil,AI forecast + inventory policy,7.0,18.0,0.0,25.0,12.0,12.0,0.0,0,13.0,12.0,110.5,0.0,12.0,1,0.07568493150684932,0.0,0.0,0.625,0.7006849315068493
2025-08-29,Vegan Cheese,AI forecast + inventory policy,7.0,36.0,0.0,43.0,0.0,0.0,0.0,0,43.0,12.0,27.950000000000003,1.9534883720930232,12.0,1,0.019143835616438357,0.0,0.0,0.625,0.6441438356164384
2025-08-30,Bacon,AI forecast + inventory policy,158.0,0.0,0.0,158.0,89.0,89.0,0.0,0,69.0,170.0,75.9,1.0,0.0,0,0.051986301369863014,0.0,0.0,0.0,0.051986301369863014
2025-08-30,Burger Buns,AI forecast + inventory policy,258.0,0.0,0.0,258.0,200.0,200.0,0.0,0,58.0,384.0,10.44,1.0,0.0,0,0.007150684931506849,0.0,0.0,0.0,0.007150684931506849
2025-08-30,Butter,AI forecast + inventory policy,69.0,0.0,0.0,69.0,49.0,49.0,0.0,0,20.0,144.0,19.0,1.0,0.0,0,0.013013698630136987,0.0,0.0,0.0,0.013013698630136987
2025-08-30,Cheese Slices,AI forecast + inventory policy,195.0,0.0,0.0,195.0,130.0,130.0,0.0,0,65.0,250.0,14.3,1.0,0.0,0,0.009794520547945206,0.0,0.0,0.0,0.009794520547945206
2025-08-30,Chicken Breast,AI forecast + inventory policy,178.0,0.0,0.0,178.0,158.0,158.0,0.0,0,20.0,360.0,36.0,1.0,0.0,0,0.024657534246575342,0.0,0.0,0.0,0.024657534246575342
2025-08-30,Coffee Beans,AI forecast + inventory policy,88.0,0.0,0.0,88.0,43.0,43.0,0.0,0,45.0,126.0,94.5,1.0,0.0,0,0.06472602739726027,0.0,0.0,0.0,0.06472602739726027
2025-08-30,Cooking Oil,AI forecast + inventory policy,72.0,0.0,0.0,72.0,29.0,29.0,0.0,0,43.0,88.0,68.8,1.0,0.0,0,0.04712328767123288,0.0,0.0,0.0,0.04712328767123288
2025-08-30,Eggs,AI forecast + inventory policy,135.0,0.0,0.0,135.0,101.0,101.0,0.0,0,34.0,240.0,5.44,1.0,0.0,0,0.003726027397260274,0.0,0.0,0.0,0.003726027397260274
2025-08-30,Fries (Potatoes),AI forecast + inventory policy,296.0,0.0,0.0,296.0,251.0,251.0,0.0,0,45.0,580.0,13.5,1.0,0.0,0,0.009246575342465754,0.0,0.0,0.0,0.009246575342465754
2025-08-30,Gluten-free Buns,AI forecast + inventory policy,24.0,0.0,24.0,0.0,0.0,0.0,0.0,0,0.0,24.0,0.0,0.0,0.0,0,0.0,14.400000000000002,0.0,0.0,14.400000000000002
2025-08-30,Lettuce,AI forecast + inventory policy,159.0,0.0,0.0,159.0,131.0,131.0,0.0,0,28.0,276.0,16.8,1.0,0.0,0,0.011506849315068492,0.0,0.0,0.0,0.011506849315068492
2025-08-30,Milk,AI forecast + inventory policy,119.0,0.0,0.0,119.0,85.0,85.0,0.0,0,34.0,276.0,25.5,1.0,0.0,0,0.017465753424657532,0.0,0.0,0.0,0.017465753424657532
2025-08-30,Mushrooms,AI forecast + inventory policy,102.0,0.0,0.0,102.0,70.0,70.0,0.0,0,32.0,140.0,17.6,1.0,0.0,0,0.012054794520547946,0.0,0.0,0.0,0.012054794520547946
2025-08-30,Onions,AI forecast + inventory policy,138.0,0.0,0.0,138.0,84.0,84.0,0.0,0,54.0,160.0,13.5,1.0,0.0,0,0.009246575342465754,0.0,0.0,0.0,0.009246575342465754
2025-08-30,Salmon Fillet,AI forecast + inventory policy,123.0,0.0,27.0,96.0,45.0,45.0,0.0,0,51.0,66.0,163.20000000000002,1.0,0.0,0,0.11178082191780823,87.75,0.0,0.0,87.8617808219178
2025-08-30,Seasonal Berries,AI forecast + inventory policy,8.0,0.0,0.0,8.0,0.0,0.0,0.0,0,8.0,18.0,11.2,1.0,0.0,0,0.007671232876712329,0.0,0.0,0.0,0.007671232876712329
2025-08-30,Soft Drinks,AI forecast + inventory policy,344.0,0.0,0.0,344.0,272.0,272.0,0.0,0,72.0,456.0,28.8,1.0,0.0,0,0.019726027397260277,0.0,0.0,0.0,0.019726027397260277
2025-08-30,Tomatoes,AI forecast + inventory policy,153.0,0.0,0.0,153.0,131.0,131.0,0.0,0,22.0,288.0,9.9,1.0,0.0,0,0.006780821917808219,0.0,0.0,0.0,0.006780821917808219
2025-08-30,Truffle Oil,AI forecast + inventory policy,13.0,0.0,0.0,13.0,7.0,7.0,0.0,0,6.0,12.0,51.0,1.0,0.0,0,0.03493150684931507,0.0,0.0,0.0,0.03493150684931507
2025-08-30,Vegan Cheese,AI forecast + inventory policy,43.0,0.0,0.0,43.0,15.0,15.0,0.0,0,28.0,12.0,18.2,1.0,0.0,0,0.012465753424657534,0.0,0.0,0.0,0.012465753424657534
2025-08-31,Bacon,AI forecast + inventory policy,69.0,170.0,0.0,239.0,71.0,71.0,0.0,0,168.0,0.0,184.8,0.0,0.0,0,0.12657534246575342,0.0,0.0,0.0,0.12657534246575342
2025-08-31,Burger Buns,AI forecast + inventory policy,58.0,384.0,0.0,442.0,225.0,225.0,0.0,0,217.0,0.0,39.059999999999995,0.0,0.0,0,0.026753424657534247,0.0,0.0,0.0,0.026753424657534247
2025-08-31,Butter,AI forecast + inventory policy,20.0,144.0,0.0,164.0,67.0,67.0,0.0,0,97.0,0.0,92.14999999999999,0.0,0.0,0,0.06311643835616439,0.0,0.0,0.0,0.06311643835616439
2025-08-31,Cheese Slices,AI forecast + inventory policy,65.0,250.0,0.0,315.0,117.0,117.0,0.0,0,198.0,0.0,43.56,0.0,0.0,0,0.029835616438356166,0.0,0.0,0.0,0.029835616438356166
2025-08-31,Chicken Breast,AI forecast + inventory policy,20.0,360.0,0.0,380.0,139.0,139.0,0.0,0,241.0,0.0,433.8,0.0,0.0,0,0.29712328767123286,0.0,0.0,0.0,0.29712328767123286
2025-08-31,Coffee Beans,AI forecast + inventory policy,45.0,126.0,0.0,171.0,58.0,58.0,0.0,0,113.0,0.0,237.3,0.0,0.0,0,0.16253424657534246,0.0,0.0,0.0,0.16253424657534246
2025-08-31,Cooking Oil,AI forecast + inventory policy,43.0,88.0,0.0,131.0,43.0,43.0,0.0,0,88.0,0.0,140.8,0.0,0.0,0,0.09643835616438358,0.0,0.0,0.0,0.09643835616438358
2025-08-31,Eggs,AI forecast + inventory policy,34.0,240.0,0.0,274.0,92.0,92.0,0.0,0,182.0,0.0,29.12,0.0,0.0,0,0.019945205479452055,0.0,0.0,0.0,0.019945205479452055
2025-08-31,Fries (Potatoes),AI forecast + inventory policy,45.0,580.0,0.0,625.0,293.0,293.0,0.0,0,332.0,0.0,99.6,0.0,0.0,0,0.06821917808219177,0.0,0.0,0.0,0.06821917808219177
2025-08-31,Gluten-free Buns,AI forecast + inventory policy,0.0,24.0,0.0,24.0,11.0,11.0,0.0,0,13.0,0.0,7.15,0.0,0.0,0,0.004897260273972603,0.0,0.0,0.0,0.004897260273972603
2025-08-31,Lettuce,AI forecast + inventory policy,28.0,276.0,0.0,304.0,120.0,120.0,0.0,0,184.0,0.0,110.39999999999999,0.0,0.0,0,0.07561643835616438,0.0,0.0,0.0,0.07561643835616438
2025-08-31,Milk,AI forecast + inventory policy,34.0,276.0,0.0,310.0,103.0,103.0,0.0,0,207.0,0.0,155.25,0.0,0.0,0,0.10633561643835615,0.0,0.0,0.0,0.10633561643835615
2025-08-31,Mushrooms,AI forecast + inventory policy,32.0,140.0,0.0,172.0,62.0,62.0,0.0,0,110.0,0.0,60.50000000000001,0.0,0.0,0,0.041438356164383565,0.0,0.0,0.0,0.041438356164383565
2025-08-31,Onions,AI forecast + inventory policy,54.0,160.0,0.0,214.0,90.0,90.0,0.0,0,124.0,0.0,31.0,0.0,0.0,0,0.021232876712328767,0.0,0.0,0.0,0.021232876712328767
2025-08-31,Salmon Fillet,AI forecast + inventory policy,51.0,66.0,0.0,117.0,63.0,63.0,0.0,0,54.0,0.0,172.8,0.0,0.0,0,0.11835616438356165,0.0,0.0,0.0,0.11835616438356165
2025-08-31,Seasonal Berries,AI forecast + inventory policy,8.0,18.0,0.0,26.0,0.0,0.0,0.0,0,26.0,0.0,36.4,0.6153846153846154,0.0,0,0.02493150684931507,0.0,0.0,0.0,0.02493150684931507
2025-08-31,Soft Drinks,AI forecast + inventory policy,72.0,456.0,0.0,528.0,220.0,220.0,0.0,0,308.0,0.0,123.2,0.0,0.0,0,0.08438356164383563,0.0,0.0,0.0,0.08438356164383563
2025-08-31,Tomatoes,AI forecast + inventory policy,22.0,288.0,0.0,310.0,129.0,129.0,0.0,0,181.0,0.0,81.45,0.0,0.0,0,0.05578767123287671,0.0,0.0,0.0,0.05578767123287671
2025-08-31,Truffle Oil,AI forecast + inventory policy,6.0,12.0,0.0,18.0,11.0,11.0,0.0,0,7.0,0.0,59.5,0.0,0.0,0,0.040753424657534246,0.0,0.0,0.0,0.040753424657534246
2025-08-31,Vegan Cheese,AI forecast + inventory policy,28.0,12.0,0.0,40.0,16.0,16.0,0.0,0,24.0,0.0,15.600000000000001,1.0,0.0,0,0.010684931506849316,0.0,0.0,0.0,0.010684931506849316
2025-09-01,Bacon,AI forecast + inventory policy,168.0,0.0,0.0,168.0,59.0,59.0,0.0,0,109.0,120.0,119.9,1.0,120.0,1,0.08212328767123288,0.0,0.0,0.625,0.7071232876712329
2025-09-01,Burger Buns,AI forecast + inventory policy,217.0,0.0,0.0,217.0,120.0,120.0,0.0,0,97.0,336.0,17.46,1.0,336.0,1,0.01195890410958904,0.0,0.0,0.625,0.636958904109589
2025-09-01,Butter,AI forecast + inventory policy,97.0,0.0,0.0,97.0,41.0,41.0,0.0,0,56.0,96.0,53.199999999999996,1.0,96.0,1,0.03643835616438356,0.0,0.0,0.625,0.6614383561643835
2025-09-01,Cheese Slices,AI forecast + inventory policy,198.0,0.0,0.0,198.0,91.0,91.0,0.0,0,107.0,150.0,23.54,1.0,150.0,1,0.01612328767123288,0.0,0.0,0.625,0.6411232876712328
2025-09-01,Chicken Breast,AI forecast + inventory policy,241.0,0.0,0.0,241.0,85.0,85.0,0.0,0,156.0,220.0,280.8,1.0,220.0,1,0.19232876712328767,0.0,0.0,0.625,0.8173287671232876
2025-09-01,Coffee Beans,AI forecast + inventory policy,113.0,0.0,0.0,113.0,31.0,31.0,0.0,0,82.0,78.0,172.20000000000002,1.0,78.0,1,0.11794520547945206,0.0,0.0,0.625,0.7429452054794521
2025-09-01,Cooking Oil,AI forecast + inventory policy,88.0,0.0,0.0,88.0,29.0,29.0,0.0,0,59.0,56.0,94.4,1.0,56.0,1,0.06465753424657535,0.0,0.0,0.625,0.6896575342465754
2025-09-01,Eggs,AI forecast + inventory policy,182.0,0.0,0.0,182.0,80.0,80.0,0.0,0,102.0,150.0,16.32,1.0,150.0,1,0.011178082191780823,0.0,0.0,0.625,0.6361780821917808
2025-09-01,Fries (Potatoes),AI forecast + inventory policy,332.0,0.0,0.0,332.0,137.0,137.0,0.0,0,195.0,300.0,58.5,1.0,300.0,1,0.040068493150684927,0.0,0.0,0.625,0.665068493150685
2025-09-01,Gluten-free Buns,AI forecast + inventory policy,13.0,0.0,0.0,13.0,8.0,8.0,0.0,0,5.0,36.0,2.75,1.0,36.0,1,0.0018835616438356165,0.0,0.0,0.625,0.6268835616438356
2025-09-01,Lettuce,AI forecast + inventory policy,184.0,0.0,0.0,184.0,80.0,80.0,0.0,0,104.0,192.0,62.4,1.0,192.0,1,0.04273972602739726,0.0,0.0,0.625,0.6677397260273973
2025-09-01,Milk,AI forecast + inventory policy,207.0,0.0,0.0,207.0,74.0,74.0,0.0,0,133.0,168.0,99.75,1.0,168.0,1,0.06832191780821917,0.0,0.0,0.625,0.6933219178082192
2025-09-01,Mushrooms,AI forecast + inventory policy,110.0,0.0,0.0,110.0,43.0,43.0,0.0,0,67.0,110.0,36.85,1.0,110.0,1,0.025239726027397262,0.0,0.0,0.625,0.6502397260273972
2025-09-01,Onions,AI forecast + inventory policy,124.0,0.0,0.0,124.0,61.0,61.0,0.0,0,63.0,140.0,15.75,1.0,140.0,1,0.010787671232876713,0.0,0.0,0.625,0.6357876712328767
2025-09-01,Salmon Fillet,AI forecast + inventory policy,54.0,0.0,0.0,54.0,40.0,40.0,0.0,0,14.0,162.0,44.800000000000004,1.0,162.0,1,0.030684931506849318,0.0,0.0,0.625,0.6556849315068494
2025-09-01,Seasonal Berries,AI forecast + inventory policy,26.0,0.0,8.0,18.0,10.0,10.0,0.0,0,8.0,24.0,11.2,1.0,24.0,1,0.007671232876712329,11.6,0.0,0.625,12.232671232876712
2025-09-01,Soft Drinks,AI forecast + inventory policy,308.0,0.0,0.0,308.0,142.0,142.0,0.0,0,166.0,360.0,66.4,1.0,360.0,1,0.04547945205479453,0.0,0.0,0.625,0.6704794520547945
2025-09-01,Tomatoes,AI forecast + inventory policy,181.0,0.0,0.0,181.0,63.0,63.0,0.0,0,118.0,228.0,53.1,1.0,228.0,1,0.03636986301369863,0.0,0.0,0.625,0.6613698630136986
2025-09-01,Truffle Oil,AI forecast + inventory policy,7.0,0.0,0.0,7.0,6.0,6.0,0.0,0,1.0,28.0,8.5,1.0,28.0,1,0.0058219178082191785,0.0,0.0,0.625,0.6308219178082192
2025-09-01,Vegan Cheese,AI forecast + inventory policy,24.0,0.0,0.0,24.0,9.0,9.0,0.0,0,15.0,24.0,9.75,1.4,24.0,1,0.006678082191780822,0.0,0.0,0.625,0.6316780821917808
2025-09-02,Bacon,AI forecast + inventory policy,109.0,0.0,0.0,109.0,52.0,52.0,0.0,0,57.0,120.0,62.7,2.0,0.0,0,0.042945205479452055,0.0,0.0,0.0,0.042945205479452055
2025-09-02,Burger Buns,AI forecast + inventory policy,97.0,0.0,0.0,97.0,103.0,97.0,6.0,1,0.0,336.0,0.0,0.0,0.0,0,0.0,0.0,2.16,0.0,2.16
2025-09-02,Butter,AI forecast + inventory policy,56.0,0.0,0.0,56.0,55.0,55.0,0.0,0,1.0,96.0,0.95,2.0,0.0,0,0.0006506849315068493,0.0,0.0,0.0,0.0006506849315068493
2025-09-02,Cheese Slices,AI forecast + inventory policy,107.0,0.0,0.0,107.0,71.0,71.0,0.0,0,36.0,150.0,7.92,2.0,0.0,0,0.005424657534246576,0.0,0.0,0.0,0.005424657534246576
2025-09-02,Chicken Breast,AI forecast + inventory policy,156.0,0.0,0.0,156.0,103.0,103.0,0.0,0,53.0,220.0,95.4,2.0,0.0,0,0.06534246575342466,0.0,0.0,0.0,0.06534246575342466
2025-09-02,Coffee Beans,AI forecast + inventory policy,82.0,0.0,0.0,82.0,41.0,41.0,0.0,0,41.0,78.0,86.10000000000001,2.0,0.0,0,0.05897260273972603,0.0,0.0,0.0,0.05897260273972603
2025-09-02,Cooking Oil,AI forecast + inventory policy,59.0,0.0,0.0,59.0,31.0,31.0,0.0,0,28.0,56.0,44.800000000000004,2.0,0.0,0,0.030684931506849318,0.0,0.0,0.0,0.030684931506849318
2025-09-02,Eggs,AI forecast + inventory policy,102.0,0.0,0.0,102.0,66.0,66.0,0.0,0,36.0,150.0,5.76,2.0,0.0,0,0.003945205479452055,0.0,0.0,0.0,0.003945205479452055
2025-09-02,Fries (Potatoes),AI forecast + inventory policy,195.0,0.0,0.0,195.0,144.0,144.0,0.0,0,51.0,300.0,15.299999999999999,2.0,0.0,0,0.01047945205479452,0.0,0.0,0.0,0.01047945205479452
2025-09-02,Gluten-free Buns,AI forecast + inventory policy,5.0,0.0,0.0,5.0,9.0,5.0,4.0,1,0.0,36.0,0.0,0.0,0.0,0,0.0,0.0,4.4,0.0,4.4
2025-09-02,Lettuce,AI forecast + inventory policy,104.0,0.0,0.0,104.0,74.0,74.0,0.0,0,30.0,192.0,18.0,2.0,0.0,0,0.012328767123287671,0.0,0.0,0.0,0.012328767123287671
2025-09-02,Milk,AI forecast + inventory policy,133.0,0.0,0.0,133.0,85.0,85.0,0.0,0,48.0,168.0,36.0,2.0,0.0,0,0.02465753424657534,0.0,0.0,0.0,0.02465753424657534
2025-09-02,Mushrooms,AI forecast + inventory policy,67.0,0.0,0.0,67.0,0.0,0.0,0.0,0,67.0,110.0,36.85,2.0,0.0,0,0.025239726027397262,0.0,0.0,0.0,0.025239726027397262
2025-09-02,Onions,AI forecast + inventory policy,63.0,0.0,0.0,63.0,51.0,51.0,0.0,0,12.0,140.0,3.0,2.0,0.0,0,0.0020547945205479454,0.0,0.0,0.0,0.0020547945205479454
2025-09-02,Salmon Fillet,AI forecast + inventory policy,14.0,0.0,0.0,14.0,23.0,14.0,9.0,1,0.0,162.0,0.0,0.0,0.0,0,0.0,0.0,57.6,0.0,57.6
2025-09-02,Seasonal Berries,AI forecast + inventory policy,8.0,0.0,0.0,8.0,6.0,6.0,0.0,0,2.0,24.0,2.8,2.0,0.0,0,0.0019178082191780822,0.0,0.0,0.0,0.0019178082191780822
2025-09-02,Soft Drinks,AI forecast + inventory policy,166.0,0.0,0.0,166.0,111.0,111.0,0.0,0,55.0,360.0,22.0,2.0,0.0,0,0.015068493150684934,0.0,0.0,0.0,0.015068493150684934
2025-09-02,Tomatoes,AI forecast + inventory policy,118.0,0.0,0.0,118.0,68.0,68.0,0.0,0,50.0,228.0,22.5,2.0,0.0,0,0.015410958904109588,0.0,0.0,0.0,0.015410958904109588
2025-09-02,Truffle Oil,AI forecast + inventory policy,1.0,0.0,0.0,1.0,0.0,0.0,0.0,0,1.0,28.0,8.5,2.0,0.0,0,0.0058219178082191785,0.0,0.0,0.0,0.0058219178082191785
2025-09-02,Vegan Cheese,AI forecast + inventory policy,15.0,0.0,0.0,15.0,10.0,10.0,0.0,0,5.0,24.0,3.25,2.0,0.0,0,0.0022260273972602744,0.0,0.0,0.0,0.0022260273972602744
2025-09-03,Bacon,AI forecast + inventory policy,57.0,120.0,0.0,177.0,56.0,56.0,0.0,0,121.0,160.0,133.1,0.024793388429752067,160.0,1,0.09116438356164384,0.0,0.0,0.625,0.7161643835616438
2025-09-03,Burger Buns,AI forecast + inventory policy,0.0,336.0,0.0,336.0,136.0,136.0,0.0,0,200.0,384.0,36.0,0.0,384.0,1,0.024657534246575342,0.0,0.0,0.625,0.6496575342465754
2025-09-03,Butter,AI forecast + inventory policy,1.0,96.0,0.0,97.0,26.0,26.0,0.0,0,71.0,120.0,67.45,0.0,120.0,1,0.0461986301369863,0.0,0.0,0.625,0.6711986301369863
2025-09-03,Cheese Slices,AI forecast + inventory policy,36.0,150.0,0.0,186.0,80.0,80.0,0.0,0,106.0,300.0,23.32,0.0,300.0,1,0.01597260273972603,0.0,0.0,0.625,0.640972602739726
2025-09-03,Chicken Breast,AI forecast + inventory policy,53.0,220.0,0.0,273.0,94.0,94.0,0.0,0,179.0,290.0,322.2,0.0,290.0,1,0.2206849315068493,0.0,0.0,0.625,0.8456849315068493
2025-09-03,Coffee Beans,AI forecast + inventory policy,41.0,78.0,0.0,119.0,47.0,47.0,0.0,0,72.0,84.0,151.20000000000002,0.0,84.0,1,0.10356164383561645,0.0,0.0,0.625,0.7285616438356164
2025-09-03,Cooking Oil,AI forecast + inventory policy,28.0,56.0,0.0,84.0,26.0,26.0,0.0,0,58.0,68.0,92.80000000000001,0.10344827586206896,68.0,1,0.06356164383561645,0.0,0.0,0.625,0.6885616438356165
2025-09-03,Eggs,AI forecast + inventory policy,36.0,150.0,0.0,186.0,78.0,78.0,0.0,0,108.0,150.0,17.28,0.0,150.0,1,0.011835616438356164,0.0,0.0,0.625,0.6368356164383562
2025-09-03,Fries (Potatoes),AI forecast + inventory policy,51.0,300.0,0.0,351.0,170.0,170.0,0.0,0,181.0,460.0,54.3,0.0,460.0,1,0.037191780821917805,0.0,0.0,0.625,0.6621917808219178
2025-09-03,Gluten-free Buns,AI forecast + inventory policy,0.0,36.0,0.0,36.0,18.0,18.0,0.0,0,18.0,12.0,9.9,0.0,12.0,1,0.006780821917808219,0.0,0.0,0.625,0.6317808219178083
2025-09-03,Lettuce,AI forecast + inventory policy,30.0,192.0,0.0,222.0,81.0,81.0,0.0,0,141.0,216.0,84.6,0.0,216.0,1,0.057945205479452054,0.0,0.0,0.625,0.682945205479452
2025-09-03,Milk,AI forecast + inventory policy,48.0,168.0,0.0,216.0,96.0,96.0,0.0,0,120.0,216.0,90.0,0.0,216.0,1,0.06164383561643835,0.0,0.0,0.625,0.6866438356164384
2025-09-03,Mushrooms,AI forecast + inventory policy,67.0,110.0,0.0,177.0,69.0,69.0,0.0,0,108.0,80.0,59.400000000000006,0.0,80.0,1,0.04068493150684932,0.0,0.0,0.625,0.6656849315068494
2025-09-03,Onions,AI forecast + inventory policy,12.0,140.0,0.0,152.0,60.0,60.0,0.0,0,92.0,160.0,23.0,0.0,160.0,1,0.015753424657534248,0.0,0.0,0.625,0.6407534246575343
2025-09-03,Salmon Fillet,AI forecast + inventory policy,0.0,162.0,0.0,162.0,42.0,42.0,0.0,0,120.0,78.0,384.0,0.0,78.0,1,0.263013698630137,0.0,0.0,0.625,0.888013698630137
2025-09-03,Seasonal Berries,AI forecast + inventory policy,2.0,24.0,2.0,24.0,12.0,12.0,0.0,0,12.0,12.0,16.799999999999997,0.0,12.0,1,0.011506849315068493,2.9,0.0,0.625,3.536506849315068
2025-09-03,Soft Drinks,AI forecast + inventory policy,55.0,360.0,0.0,415.0,173.0,173.0,0.0,0,242.0,552.0,96.80000000000001,0.0,552.0,1,0.0663013698630137,0.0,0.0,0.625,0.6913013698630137
2025-09-03,Tomatoes,AI forecast + inventory policy,50.0,228.0,0.0,278.0,125.0,125.0,0.0,0,153.0,216.0,68.85000000000001,0.0,216.0,1,0.047157534246575344,0.0,0.0,0.625,0.6721575342465753
2025-09-03,Truffle Oil,AI forecast + inventory policy,1.0,28.0,0.0,29.0,6.0,6.0,0.0,0,23.0,6.0,195.5,0.0,6.0,1,0.13390410958904111,0.0,0.0,0.625,0.7589041095890411
2025-09-03,Vegan Cheese,AI forecast + inventory policy,5.0,24.0,0.0,29.0,9.0,9.0,0.0,0,20.0,24.0,13.0,0.0,24.0,1,0.008904109589041097,0.0,0.0,0.625,0.6339041095890411
2025-09-04,Bacon,AI forecast + inventory policy,121.0,0.0,0.0,121.0,63.0,63.0,0.0,0,58.0,160.0,63.800000000000004,1.0,0.0,0,0.0436986301369863,0.0,0.0,0.0,0.0436986301369863
2025-09-04,Burger Buns,AI forecast + inventory policy,200.0,0.0,0.0,200.0,114.0,114.0,0.0,0,86.0,384.0,15.479999999999999,1.0,0.0,0,0.010602739726027398,0.0,0.0,0.0,0.010602739726027398
2025-09-04,Butter,AI forecast + inventory policy,71.0,0.0,0.0,71.0,50.0,50.0,0.0,0,21.0,120.0,19.95,1.0,0.0,0,0.013664383561643836,0.0,0.0,0.0,0.013664383561643836
2025-09-04,Cheese Slices,AI forecast + inventory policy,106.0,0.0,0.0,106.0,87.0,87.0,0.0,0,19.0,300.0,4.18,1.0,0.0,0,0.002863013698630137,0.0,0.0,0.0,0.002863013698630137
2025-09-04,Chicken Breast,AI forecast + inventory policy,179.0,0.0,0.0,179.0,101.0,101.0,0.0,0,78.0,290.0,140.4,1.0,0.0,0,0.09616438356164383,0.0,0.0,0.0,0.09616438356164383
2025-09-04,Coffee Beans,AI forecast + inventory policy,72.0,0.0,0.0,72.0,50.0,50.0,0.0,0,22.0,84.0,46.2,1.0,0.0,0,0.031643835616438354,0.0,0.0,0.0,0.031643835616438354
2025-09-04,Cooking Oil,AI forecast + inventory policy,58.0,0.0,0.0,58.0,39.0,39.0,0.0,0,19.0,68.0,30.400000000000002,1.0,0.0,0,0.02082191780821918,0.0,0.0,0.0,0.02082191780821918
2025-09-04,Eggs,AI forecast + inventory policy,108.0,0.0,0.0,108.0,77.0,77.0,0.0,0,31.0,150.0,4.96,1.0,0.0,0,0.003397260273972603,0.0,0.0,0.0,0.003397260273972603
2025-09-04,Fries (Potatoes),AI forecast + inventory policy,181.0,0.0,0.0,181.0,145.0,145.0,0.0,0,36.0,460.0,10.799999999999999,1.0,0.0,0,0.0073972602739726025,0.0,0.0,0.0,0.0073972602739726025
2025-09-04,Gluten-free Buns,AI forecast + inventory policy,18.0,0.0,0.0,18.0,18.0,18.0,0.0,0,0.0,12.0,0.0,0.0,0.0,0,0.0,0.0,0.0,0.0,0.0
2025-09-04,Lettuce,AI forecast + inventory policy,141.0,0.0,0.0,141.0,92.0,92.0,0.0,0,49.0,216.0,29.4,1.0,0.0,0,0.020136986301369862,0.0,0.0,0.0,0.020136986301369862
2025-09-04,Milk,AI forecast + inventory policy,120.0,0.0,0.0,120.0,81.0,81.0,0.0,0,39.0,216.0,29.25,1.0,0.0,0,0.020034246575342463,0.0,0.0,0.0,0.020034246575342463
2025-09-04,Mushrooms,AI forecast + inventory policy,108.0,0.0,0.0,108.0,44.0,44.0,0.0,0,64.0,80.0,35.2,1.0,0.0,0,0.02410958904109589,0.0,0.0,0.0,0.02410958904109589
2025-09-04,Onions,AI forecast + inventory policy,92.0,0.0,0.0,92.0,62.0,62.0,0.0,0,30.0,160.0,7.5,1.0,0.0,0,0.005136986301369863,0.0,0.0,0.0,0.005136986301369863
2025-09-04,Salmon Fillet,AI forecast + inventory policy,120.0,0.0,0.0,120.0,37.0,37.0,0.0,0,83.0,78.0,265.6,1.0,0.0,0,0.1819178082191781,0.0,0.0,0.0,0.1819178082191781
2025-09-04,Seasonal Berries,AI forecast + inventory policy,12.0,0.0,0.0,12.0,12.0,12.0,0.0,0,0.0,12.0,0.0,0.0,0.0,0,0.0,0.0,0.0,0.0,0.0
2025-09-04,Soft Drinks,AI forecast + inventory policy,242.0,0.0,0.0,242.0,161.0,161.0,0.0,0,81.0,552.0,32.4,1.0,0.0,0,0.02219178082191781,0.0,0.0,0.0,0.02219178082191781
2025-09-04,Tomatoes,AI forecast + inventory policy,153.0,0.0,0.0,153.0,85.0,85.0,0.0,0,68.0,216.0,30.6,1.0,0.0,0,0.02095890410958904,0.0,0.0,0.0,0.02095890410958904
2025-09-04,Truffle Oil,AI forecast + inventory policy,23.0,0.0,0.0,23.0,0.0,0.0,0.0,0,23.0,6.0,195.5,1.0,0.0,0,0.13390410958904111,0.0,0.0,0.0,0.13390410958904111
2025-09-04,Vegan Cheese,AI forecast + inventory policy,20.0,0.0,0.0,20.0,0.0,0.0,0.0,0,20.0,24.0,13.0,1.0,0.0,0,0.008904109589041097,0.0,0.0,0.0,0.008904109589041097
2025-09-05,Bacon,AI forecast + inventory policy,58.0,160.0,0.0,218.0,71.0,71.0,0.0,0,147.0,200.0,161.70000000000002,0.0,200.0,1,0.11075342465753425,0.0,0.0,0.625,0.7357534246575342
2025-09-05,Burger Buns,AI forecast + inventory policy,86.0,384.0,0.0,470.0,218.0,218.0,0.0,0,252.0,336.0,45.36,0.0,336.0,1,0.031068493150684932,0.0,0.0,0.625,0.6560684931506849
2025-09-05,Butter,AI forecast + inventory policy,21.0,120.0,0.0,141.0,49.0,49.0,0.0,0,92.0,120.0,87.39999999999999,0.0,120.0,1,0.05986301369863014,0.0,0.0,0.625,0.6848630136986301
2025-09-05,Cheese Slices,AI forecast + inventory policy,19.0,300.0,0.0,319.0,149.0,149.0,0.0,0,170.0,300.0,37.4,0.0,300.0,1,0.025616438356164384,0.0,0.0,0.625,0.6506164383561643
2025-09-05,Chicken Breast,AI forecast + inventory policy,78.0,290.0,0.0,368.0,146.0,146.0,0.0,0,222.0,310.0,399.6,0.0,310.0,1,0.2736986301369863,0.0,0.0,0.625,0.8986986301369864
2025-09-05,Coffee Beans,AI forecast + inventory policy,22.0,84.0,0.0,106.0,48.0,48.0,0.0,0,58.0,132.0,121.80000000000001,0.0,132.0,1,0.08342465753424658,0.0,0.0,0.625,0.7084246575342465
2025-09-05,Cooking Oil,AI forecast + inventory policy,19.0,68.0,0.0,87.0,25.0,25.0,0.0,0,62.0,96.0,99.2,0.0,96.0,1,0.06794520547945207,0.0,0.0,0.625,0.692945205479452
2025-09-05,Eggs,AI forecast + inventory policy,31.0,150.0,0.0,181.0,98.0,98.0,0.0,0,83.0,240.0,13.280000000000001,0.0,240.0,1,0.009095890410958905,0.0,0.0,0.625,0.6340958904109589
2025-09-05,Fries (Potatoes),AI forecast + inventory policy,36.0,460.0,0.0,496.0,254.0,254.0,0.0,0,242.0,580.0,72.6,0.0,580.0,1,0.04972602739726027,0.0,0.0,0.625,0.6747260273972603
2025-09-05,Gluten-free Buns,AI forecast + inventory policy,0.0,12.0,0.0,12.0,18.0,12.0,6.0,1,0.0,36.0,0.0,0.0,36.0,1,0.0,0.0,6.6000000000000005,0.625,7.2250000000000005
2025-09-05,Lettuce,AI forecast + inventory policy,49.0,216.0,0.0,265.0,117.0,117.0,0.0,0,148.0,288.0,88.8,0.0,288.0,1,0.060821917808219175,0.0,0.0,0.625,0.6858219178082192
2025-09-05,Milk,AI forecast + inventory policy,39.0,216.0,0.0,255.0,97.0,97.0,0.0,0,158.0,276.0,118.5,0.0,276.0,1,0.08116438356164382,0.0,0.0,0.625,0.7061643835616438
2025-09-05,Mushrooms,AI forecast + inventory policy,64.0,80.0,0.0,144.0,50.0,50.0,0.0,0,94.0,150.0,51.7,0.2978723404255319,150.0,1,0.03541095890410959,0.0,0.0,0.625,0.6604109589041096
2025-09-05,Onions,AI forecast + inventory policy,30.0,160.0,0.0,190.0,61.0,61.0,0.0,0,129.0,200.0,32.25,0.0,200.0,1,0.02208904109589041,0.0,0.0,0.625,0.6470890410958904
2025-09-05,Salmon Fillet,AI forecast + inventory policy,83.0,78.0,0.0,161.0,77.0,77.0,0.0,0,84.0,102.0,268.8,0.14285714285714285,102.0,1,0.18410958904109592,0.0,0.0,0.625,0.809109589041096
2025-09-05,Seasonal Berries,AI forecast + inventory policy,0.0,12.0,0.0,12.0,18.0,12.0,6.0,1,0.0,24.0,0.0,0.0,24.0,1,0.0,0.0,16.799999999999997,0.625,17.424999999999997
2025-09-05,Soft Drinks,AI forecast + inventory policy,81.0,552.0,0.0,633.0,332.0,332.0,0.0,0,301.0,672.0,120.4,0.0,672.0,1,0.08246575342465755,0.0,0.0,0.625,0.7074657534246576
2025-09-05,Tomatoes,AI forecast + inventory policy,68.0,216.0,0.0,284.0,132.0,132.0,0.0,0,152.0,300.0,68.4,0.0,300.0,1,0.04684931506849315,0.0,0.0,0.625,0.6718493150684931
2025-09-05,Truffle Oil,AI forecast + inventory policy,23.0,6.0,0.0,29.0,0.0,0.0,0.0,0,29.0,12.0,246.5,1.5862068965517242,12.0,1,0.16883561643835618,0.0,0.0,0.625,0.7938356164383562
2025-09-05,Vegan Cheese,AI forecast + inventory policy,20.0,24.0,0.0,44.0,0.0,0.0,0.0,0,44.0,12.0,28.6,0.9090909090909091,12.0,1,0.01958904109589041,0.0,0.0,0.625,0.6445890410958904
2025-09-06,Bacon,AI forecast + inventory policy,147.0,0.0,0.0,147.0,95.0,95.0,0.0,0,52.0,200.0,57.2,1.0,0.0,0,0.03917808219178082,0.0,0.0,0.0,0.03917808219178082
2025-09-06,Burger Buns,AI forecast + inventory policy,252.0,0.0,0.0,252.0,205.0,205.0,0.0,0,47.0,336.0,8.459999999999999,1.0,0.0,0,0.005794520547945206,0.0,0.0,0.0,0.005794520547945206
2025-09-06,Butter,AI forecast + inventory policy,92.0,0.0,0.0,92.0,55.0,55.0,0.0,0,37.0,120.0,35.15,1.0,0.0,0,0.024075342465753425,0.0,0.0,0.0,0.024075342465753425
2025-09-06,Cheese Slices,AI forecast + inventory policy,170.0,0.0,0.0,170.0,136.0,136.0,0.0,0,34.0,300.0,7.48,1.0,0.0,0,0.005123287671232877,0.0,0.0,0.0,0.005123287671232877
2025-09-06,Chicken Breast,AI forecast + inventory policy,222.0,0.0,0.0,222.0,155.0,155.0,0.0,0,67.0,310.0,120.60000000000001,1.0,0.0,0,0.0826027397260274,0.0,0.0,0.0,0.0826027397260274
2025-09-06,Coffee Beans,AI forecast + inventory policy,58.0,0.0,0.0,58.0,44.0,44.0,0.0,0,14.0,132.0,29.400000000000002,1.0,0.0,0,0.020136986301369862,0.0,0.0,0.0,0.020136986301369862
2025-09-06,Cooking Oil,AI forecast + inventory policy,62.0,0.0,0.0,62.0,40.0,40.0,0.0,0,22.0,96.0,35.2,1.0,0.0,0,0.024109589041095895,0.0,0.0,0.0,0.024109589041095895
2025-09-06,Eggs,AI forecast + inventory policy,83.0,0.0,0.0,83.0,83.0,83.0,0.0,0,0.0,240.0,0.0,0.0,0.0,0,0.0,0.0,0.0,0.0,0.0
2025-09-06,Fries (Potatoes),AI forecast + inventory policy,242.0,0.0,0.0,242.0,218.0,218.0,0.0,0,24.0,580.0,7.199999999999999,1.0,0.0,0,0.004931506849315068,0.0,0.0,0.0,0.004931506849315068
2025-09-06,Gluten-free Buns,AI forecast + inventory policy,0.0,0.0,0.0,0.0,17.0,0.0,17.0,1,0.0,36.0,0.0,0.0,0.0,0,0.0,0.0,18.700000000000003,0.0,18.700000000000003
2025-09-06,Lettuce,AI forecast + inventory policy,148.0,0.0,0.0,148.0,112.0,112.0,0.0,0,36.0,288.0,21.599999999999998,1.0,0.0,0,0.014794520547945205,0.0,0.0,0.0,0.014794520547945205
2025-09-06,Milk,AI forecast + inventory policy,158.0,0.0,0.0,158.0,128.0,128.0,0.0,0,30.0,276.0,22.5,1.0,0.0,0,0.015410958904109588,0.0,0.0,0.0,0.015410958904109588
2025-09-06,Mushrooms,AI forecast + inventory policy,94.0,0.0,0.0,94.0,58.0,58.0,0.0,0,36.0,150.0,19.8,1.0,0.0,0,0.013561643835616439,0.0,0.0,0.0,0.013561643835616439
2025-09-06,Onions,AI forecast + inventory policy,129.0,0.0,0.0,129.0,72.0,72.0,0.0,0,57.0,200.0,14.25,1.0,0.0,0,0.00976027397260274,0.0,0.0,0.0,0.00976027397260274
2025-09-06,Salmon Fillet,AI forecast + inventory policy,84.0,0.0,6.0,78.0,55.0,55.0,0.0,0,23.0,102.0,73.60000000000001,1.0,0.0,0,0.0504109589041096,19.500000000000004,0.0,0.0,19.550410958904113
2025-09-06,Seasonal Berries,AI forecast + inventory policy,0.0,0.0,0.0,0.0,11.0,0.0,11.0,1,0.0,24.0,0.0,0.0,0.0,0,0.0,0.0,30.799999999999997,0.0,30.799999999999997
2025-09-06,Soft Drinks,AI forecast + inventory policy,301.0,0.0,0.0,301.0,239.0,239.0,0.0,0,62.0,672.0,24.8,1.0,0.0,0,0.016986301369863017,0.0,0.0,0.0,0.016986301369863017
2025-09-06,Tomatoes,AI forecast + inventory policy,152.0,0.0,0.0,152.0,116.0,116.0,0.0,0,36.0,300.0,16.2,1.0,0.0,0,0.011095890410958903,0.0,0.0,0.0,0.011095890410958903
2025-09-06,Truffle Oil,AI forecast + inventory policy,29.0,0.0,0.0,29.0,0.0,0.0,0.0,0,29.0,12.0,246.5,2.586206896551724,0.0,0,0.16883561643835618,0.0,0.0,0.0,0.16883561643835618
2025-09-06,Vegan Cheese,AI forecast + inventory policy,44.0,0.0,0.0,44.0,20.0,20.0,0.0,0,24.0,12.0,15.600000000000001,1.0,0.0,0,0.010684931506849316,0.0,0.0,0.0,0.010684931506849316
2025-09-07,Bacon,AI forecast + inventory policy,52.0,200.0,0.0,252.0,84.0,84.0,0.0,0,168.0,0.0,184.8,0.0,0.0,0,0.12657534246575342,0.0,0.0,0.0,0.12657534246575342
2025-09-07,Burger Buns,AI forecast + inventory policy,47.0,336.0,0.0,383.0,200.0,200.0,0.0,0,183.0,0.0,32.94,0.0,0.0,0,0.022561643835616436,0.0,0.0,0.0,0.022561643835616436
2025-09-07,Butter,AI forecast + inventory policy,37.0,120.0,0.0,157.0,45.0,45.0,0.0,0,112.0,0.0,106.39999999999999,0.0,0.0,0,0.07287671232876712,0.0,0.0,0.0,0.07287671232876712
2025-09-07,Cheese Slices,AI forecast + inventory policy,34.0,300.0,0.0,334.0,141.0,141.0,0.0,0,193.0,0.0,42.46,0.0,0.0,0,0.02908219178082192,0.0,0.0,0.0,0.02908219178082192
2025-09-07,Chicken Breast,AI forecast + inventory policy,67.0,310.0,0.0,377.0,161.0,161.0,0.0,0,216.0,0.0,388.8,0.0,0.0,0,0.26630136986301367,0.0,0.0,0.0,0.26630136986301367
2025-09-07,Coffee Beans,AI forecast + inventory policy,14.0,132.0,0.0,146.0,42.0,42.0,0.0,0,104.0,0.0,218.4,0.0,0.0,0,0.1495890410958904,0.0,0.0,0.0,0.1495890410958904
2025-09-07,Cooking Oil,AI forecast + inventory policy,22.0,96.0,0.0,118.0,30.0,30.0,0.0,0,88.0,0.0,140.8,0.0,0.0,0,0.09643835616438358,0.0,0.0,0.0,0.09643835616438358
2025-09-07,Eggs,AI forecast + inventory policy,0.0,240.0,0.0,240.0,83.0,83.0,0.0,0,157.0,0.0,25.12,0.0,0.0,0,0.017205479452054796,0.0,0.0,0.0,0.017205479452054796
2025-09-07,Fries (Potatoes),AI forecast + inventory policy,24.0,580.0,0.0,604.0,234.0,234.0,0.0,0,370.0,0.0,111.0,0.0,0.0,0,0.07602739726027397,0.0,0.0,0.0,0.07602739726027397
2025-09-07,Gluten-free Buns,AI forecast + inventory policy,0.0,36.0,0.0,36.0,24.0,24.0,0.0,0,12.0,0.0,6.6000000000000005,0.0,0.0,0,0.00452054794520548,0.0,0.0,0.0,0.00452054794520548
2025-09-07,Lettuce,AI forecast + inventory policy,36.0,288.0,0.0,324.0,119.0,119.0,0.0,0,205.0,0.0,123.0,0.0,0.0,0,0.08424657534246575,0.0,0.0,0.0,0.08424657534246575
2025-09-07,Milk,AI forecast + inventory policy,30.0,276.0,0.0,306.0,96.0,96.0,0.0,0,210.0,0.0,157.5,0.0,0.0,0,0.10787671232876711,0.0,0.0,0.0,0.10787671232876711
2025-09-07,Mushrooms,AI forecast + inventory policy,36.0,150.0,0.0,186.0,48.0,48.0,0.0,0,138.0,0.0,75.9,0.0,0.0,0,0.051986301369863014,0.0,0.0,0.0,0.051986301369863014
2025-09-07,Onions,AI forecast + inventory policy,57.0,200.0,0.0,257.0,82.0,82.0,0.0,0,175.0,0.0,43.75,0.0,0.0,0,0.029965753424657536,0.0,0.0,0.0,0.029965753424657536
2025-09-07,Salmon Fillet,AI forecast + inventory policy,23.0,102.0,0.0,125.0,56.0,56.0,0.0,0,69.0,0.0,220.8,0.0,0.0,0,0.1512328767123288,0.0,0.0,0.0,0.1512328767123288
2025-09-07,Seasonal Berries,AI forecast + inventory policy,0.0,24.0,0.0,24.0,12.0,12.0,0.0,0,12.0,0.0,16.799999999999997,0.0,0.0,0,0.011506849315068493,0.0,0.0,0.0,0.011506849315068493
2025-09-07,Soft Drinks,AI forecast + inventory policy,62.0,672.0,0.0,734.0,262.0,262.0,0.0,0,472.0,0.0,188.8,0.0,0.0,0,0.1293150684931507,0.0,0.0,0.0,0.1293150684931507
2025-09-07,Tomatoes,AI forecast + inventory policy,36.0,300.0,0.0,336.0,111.0,111.0,0.0,0,225.0,0.0,101.25,0.0,0.0,0,0.06934931506849315,0.0,0.0,0.0,0.06934931506849315
2025-09-07,Truffle Oil,AI forecast + inventory policy,29.0,12.0,0.0,41.0,7.0,7.0,0.0,0,34.0,0.0,289.0,2.235294117647059,0.0,0,0.19794520547945207,0.0,0.0,0.0,0.19794520547945207
2025-09-07,Vegan Cheese,AI forecast + inventory policy,24.0,12.0,0.0,36.0,16.0,16.0,0.0,0,20.0,0.0,13.0,0.8,0.0,0,0.008904109589041097,0.0,0.0,0.0,0.008904109589041097
2025-09-08,Bacon,AI forecast + inventory policy,168.0,0.0,0.0,168.0,67.0,67.0,0.0,0,101.0,120.0,111.10000000000001,1.0,120.0,1,0.0760958904109589,0.0,0.0,0.6578947368421053,0.7339906272530642
2025-09-08,Burger Buns,AI forecast + inventory policy,183.0,0.0,0.0,183.0,119.0,119.0,0.0,0,64.0,384.0,11.52,1.0,384.0,1,0.00789041095890411,0.0,0.0,0.6578947368421053,0.6657851478010094
2025-09-08,Butter,AI forecast + inventory policy,112.0,0.0,0.0,112.0,44.0,44.0,0.0,0,68.0,84.0,64.6,1.0,84.0,1,0.04424657534246575,0.0,0.0,0.6578947368421053,0.7021413121845711
2025-09-08,Cheese Slices,AI forecast + inventory policy,193.0,0.0,0.0,193.0,85.0,85.0,0.0,0,108.0,200.0,23.76,1.0,200.0,1,0.016273972602739727,0.0,0.0,0.6578947368421053,0.6741687094448451
2025-09-08,Chicken Breast,AI forecast + inventory policy,216.0,0.0,0.0,216.0,85.0,85.0,0.0,0,131.0,210.0,235.8,1.0,210.0,1,0.16150684931506848,0.0,0.0,0.6578947368421053,0.8194015861571737
2025-09-08,Coffee Beans,AI forecast + inventory policy,104.0,0.0,0.0,104.0,41.0,41.0,0.0,0,63.0,90.0,132.3,1.0,90.0,1,0.09061643835616438,0.0,0.0,0.6578947368421053,0.7485111751982697
2025-09-08,Cooking Oil,AI forecast + inventory policy,88.0,0.0,0.0,88.0,38.0,38.0,0.0,0,50.0,64.0,80.0,1.0,64.0,1,0.05479452054794521,0.0,0.0,0.6578947368421053,0.7126892573900505
2025-09-08,Eggs,AI forecast + inventory policy,157.0,0.0,0.0,157.0,57.0,57.0,0.0,0,100.0,150.0,16.0,1.0,150.0,1,0.010958904109589041,0.0,0.0,0.6578947368421053,0.6688536409516943
2025-09-08,Fries (Potatoes),AI forecast + inventory policy,370.0,0.0,0.0,370.0,146.0,146.0,0.0,0,224.0,320.0,67.2,1.0,320.0,1,0.04602739726027397,0.0,0.0,0.6578947368421053,0.7039221341023792
2025-09-08,Gluten-free Buns,AI forecast + inventory policy,12.0,0.0,0.0,12.0,0.0,0.0,0.0,0,12.0,48.0,6.6000000000000005,1.0,48.0,1,0.00452054794520548,0.0,0.0,0.6578947368421053,0.6624152847873108
2025-09-08,Lettuce,AI forecast + inventory policy,205.0,0.0,0.0,205.0,83.0,83.0,0.0,0,122.0,156.0,73.2,1.0,156.0,1,0.05013698630136986,0.0,0.0,0.6578947368421053,0.7080317231434752
2025-09-08,Milk,AI forecast + inventory policy,210.0,0.0,0.0,210.0,57.0,57.0,0.0,0,153.0,204.0,114.75,1.0,204.0,1,0.0785958904109589,0.0,0.0,0.6578947368421053,0.7364906272530642
2025-09-08,Mushrooms,AI forecast + inventory policy,138.0,0.0,0.0,138.0,38.0,38.0,0.0,0,100.0,60.0,55.00000000000001,1.0,60.0,1,0.03767123287671233,0.0,0.0,0.6578947368421053,0.6955659697188177
2025-09-08,Onions,AI forecast + inventory policy,175.0,0.0,0.0,175.0,60.0,60.0,0.0,0,115.0,80.0,28.75,1.0,80.0,1,0.019691780821917807,0.0,0.0,0.6578947368421053,0.6775865176640231
2025-09-08,Salmon Fillet,AI forecast + inventory policy,69.0,0.0,0.0,69.0,30.0,30.0,0.0,0,39.0,114.0,124.80000000000001,1.0,114.0,1,0.08547945205479453,0.0,0.0,0.6578947368421053,0.7433741888968999
2025-09-08,Seasonal Berries,AI forecast + inventory policy,12.0,0.0,0.0,12.0,8.0,8.0,0.0,0,4.0,30.0,5.6,1.0,30.0,1,0.0038356164383561643,0.0,0.0,0.6578947368421053,0.6617303532804615
2025-09-08,Soft Drinks,AI forecast + inventory policy,472.0,0.0,0.0,472.0,135.0,135.0,0.0,0,337.0,168.0,134.8,1.0,168.0,1,0.09232876712328768,0.0,0.0,0.6578947368421053,0.750223503965393
2025-09-08,Tomatoes,AI forecast + inventory policy,225.0,0.0,0.0,225.0,77.0,77.0,0.0,0,148.0,156.0,66.60000000000001,1.0,156.0,1,0.045616438356164385,0.0,0.0,0.6578947368421053,0.7035111751982697
2025-09-08,Truffle Oil,AI forecast + inventory policy,34.0,0.0,0.0,34.0,0.0,0.0,0.0,0,34.0,0.0,289.0,3.235294117647059,0.0,1,0.19794520547945207,0.0,0.0,0.0,0.19794520547945207
2025-09-08,Vegan Cheese,AI forecast + inventory policy,20.0,0.0,0.0,20.0,0.0,0.0,0.0,0,20.0,24.0,13.0,1.8,24.0,1,0.008904109589041097,0.0,0.0,0.6578947368421053,0.6667988464311464
2025-09-09,Bacon,AI forecast + inventory policy,101.0,0.0,0.0,101.0,47.0,47.0,0.0,0,54.0,120.0,59.400000000000006,2.0,0.0,0,0.04068493150684932,0.0,0.0,0.0,0.04068493150684932
2025-09-09,Burger Buns,AI forecast + inventory policy,64.0,0.0,0.0,64.0,122.0,64.0,58.0,1,0.0,384.0,0.0,0.0,0.0,0,0.0,0.0,20.88,0.0,20.88
2025-09-09,Butter,AI forecast + inventory policy,68.0,0.0,0.0,68.0,38.0,38.0,0.0,0,30.0,84.0,28.5,2.0,0.0,0,0.01952054794520548,0.0,0.0,0.0,0.01952054794520548
2025-09-09,Cheese Slices,AI forecast + inventory policy,108.0,0.0,0.0,108.0,78.0,78.0,0.0,0,30.0,200.0,6.6,2.0,0.0,0,0.00452054794520548,0.0,0.0,0.0,0.00452054794520548
2025-09-09,Chicken Breast,AI forecast + inventory policy,131.0,0.0,0.0,131.0,101.0,101.0,0.0,0,30.0,210.0,54.0,2.0,0.0,0,0.036986301369863014,0.0,0.0,0.0,0.036986301369863014
2025-09-09,Coffee Beans,AI forecast + inventory policy,63.0,0.0,0.0,63.0,42.0,42.0,0.0,0,21.0,90.0,44.1,2.0,0.0,0,0.030205479452054797,0.0,0.0,0.0,0.030205479452054797
2025-09-09,Cooking Oil,AI forecast + inventory policy,50.0,0.0,0.0,50.0,33.0,33.0,0.0,0,17.0,64.0,27.200000000000003,2.0,0.0,0,0.018630136986301372,0.0,0.0,0.0,0.018630136986301372
2025-09-09,Eggs,AI forecast + inventory policy,100.0,0.0,0.0,100.0,66.0,66.0,0.0,0,34.0,150.0,5.44,2.0,0.0,0,0.003726027397260274,0.0,0.0,0.0,0.003726027397260274
2025-09-09,Fries (Potatoes),AI forecast + inventory policy,224.0,0.0,0.0,224.0,209.0,209.0,0.0,0,15.0,320.0,4.5,2.0,0.0,0,0.0030821917808219177,0.0,0.0,0.0,0.0030821917808219177
2025-09-09,Gluten-free Buns,AI forecast + inventory policy,12.0,0.0,0.0,12.0,0.0,0.0,0.0,0,12.0,48.0,6.6000000000000005,2.0,0.0,0,0.00452054794520548,0.0,0.0,0.0,0.00452054794520548
2025-09-09,Lettuce,AI forecast + inventory policy,122.0,0.0,0.0,122.0,76.0,76.0,0.0,0,46.0,156.0,27.599999999999998,2.0,0.0,0,0.018904109589041096,0.0,0.0,0.0,0.018904109589041096
2025-09-09,Milk,AI forecast + inventory policy,153.0,0.0,0.0,153.0,91.0,91.0,0.0,0,62.0,204.0,46.5,2.0,0.0,0,0.031849315068493145,0.0,0.0,0.0,0.031849315068493145
2025-09-09,Mushrooms,AI forecast + inventory policy,100.0,0.0,0.0,100.0,24.0,24.0,0.0,0,76.0,60.0,41.800000000000004,2.0,0.0,0,0.02863013698630137,0.0,0.0,0.0,0.02863013698630137
2025-09-09,Onions,AI forecast + inventory policy,115.0,0.0,0.0,115.0,64.0,64.0,0.0,0,51.0,80.0,12.75,2.0,0.0,0,0.008732876712328768,0.0,0.0,0.0,0.008732876712328768
2025-09-09,Salmon Fillet,AI forecast + inventory policy,39.0,0.0,0.0,39.0,35.0,35.0,0.0,0,4.0,114.0,12.8,2.0,0.0,0,0.008767123287671234,0.0,0.0,0.0,0.008767123287671234
2025-09-09,Seasonal Berries,AI forecast + inventory policy,4.0,0.0,0.0,4.0,6.0,4.0,2.0,1,0.0,30.0,0.0,0.0,0.0,0,0.0,0.0,5.6,0.0,5.6
2025-09-09,Soft Drinks,AI forecast + inventory policy,337.0,0.0,0.0,337.0,148.0,148.0,0.0,0,189.0,168.0,75.60000000000001,2.0,0.0,0,0.05178082191780822,0.0,0.0,0.0,0.05178082191780822
2025-09-09,Tomatoes,AI forecast + inventory policy,148.0,0.0,0.0,148.0,69.0,69.0,0.0,0,79.0,156.0,35.550000000000004,2.0,0.0,0,0.02434931506849315,0.0,0.0,0.0,0.02434931506849315
2025-09-09,Truffle Oil,AI forecast + inventory policy,34.0,0.0,0.0,34.0,0.0,0.0,0.0,0,34.0,0.0,289.0,4.235294117647059,0.0,0,0.19794520547945207,0.0,0.0,0.0,0.19794520547945207
2025-09-09,Vegan Cheese,AI forecast + inventory policy,20.0,0.0,0.0,20.0,7.0,7.0,0.0,0,13.0,24.0,8.450000000000001,2.1538461538461537,0.0,0,0.005787671232876713,0.0,0.0,0.0,0.005787671232876713
2025-09-10,Bacon,AI forecast + inventory policy,54.0,120.0,0.0,174.0,56.0,56.0,0.0,0,118.0,160.0,129.8,0.0,160.0,1,0.0889041095890411,0.0,0.0,0.6578947368421053,0.7467988464311464
2025-09-10,Burger Buns,AI forecast + inventory policy,0.0,384.0,0.0,384.0,116.0,116.0,0.0,0,268.0,384.0,48.239999999999995,0.0,384.0,1,0.03304109589041096,0.0,0.0,0.6578947368421053,0.6909358327325162
2025-09-10,Butter,AI forecast + inventory policy,30.0,84.0,0.0,114.0,33.0,33.0,0.0,0,81.0,96.0,76.95,0.0,96.0,1,0.052705479452054796,0.0,0.0,0.6578947368421053,0.7106002162941601
2025-09-10,Cheese Slices,AI forecast + inventory policy,30.0,200.0,0.0,230.0,90.0,90.0,0.0,0,140.0,250.0,30.8,0.0,250.0,1,0.021095890410958905,0.0,0.0,0.6578947368421053,0.6789906272530642
2025-09-10,Chicken Breast,AI forecast + inventory policy,30.0,210.0,0.0,240.0,100.0,100.0,0.0,0,140.0,310.0,252.0,0.0,310.0,1,0.17260273972602738,0.0,0.0,0.6578947368421053,0.8304974765681327
2025-09-10,Coffee Beans,AI forecast + inventory policy,21.0,90.0,0.0,111.0,66.0,66.0,0.0,0,45.0,108.0,94.5,0.0,108.0,1,0.06472602739726027,0.0,0.0,0.6578947368421053,0.7226207642393656
2025-09-10,Cooking Oil,AI forecast + inventory policy,17.0,64.0,0.0,81.0,34.0,34.0,0.0,0,47.0,96.0,75.2,0.0,96.0,1,0.0515068493150685,0.0,0.0,0.6578947368421053,0.7094015861571739
2025-09-10,Eggs,AI forecast + inventory policy,34.0,150.0,0.0,184.0,58.0,58.0,0.0,0,126.0,180.0,20.16,0.0,180.0,1,0.013808219178082191,0.0,0.0,0.6578947368421053,0.6717029560201875
2025-09-10,Fries (Potatoes),AI forecast + inventory policy,15.0,320.0,0.0,335.0,156.0,156.0,0.0,0,179.0,480.0,53.699999999999996,0.0,480.0,1,0.03678082191780822,0.0,0.0,0.6578947368421053,0.6946755587599135
2025-09-10,Gluten-free Buns,AI forecast + inventory policy,12.0,48.0,12.0,48.0,16.0,16.0,0.0,0,32.0,12.0,17.6,0.0,12.0,1,0.012054794520547946,7.200000000000001,0.0,0.6578947368421053,7.869949531362654
2025-09-10,Lettuce,AI forecast + inventory policy,46.0,156.0,0.0,202.0,76.0,76.0,0.0,0,126.0,228.0,75.6,0.0,228.0,1,0.051780821917808216,0.0,0.0,0.6578947368421053,0.7096755587599135
2025-09-10,Milk,AI forecast + inventory policy,62.0,204.0,0.0,266.0,120.0,120.0,0.0,0,146.0,192.0,109.5,0.0,192.0,1,0.075,0.0,0.0,0.6578947368421053,0.7328947368421053
2025-09-10,Mushrooms,AI forecast + inventory policy,76.0,60.0,0.0,136.0,44.0,44.0,0.0,0,92.0,110.0,50.6,1.0434782608695652,110.0,1,0.03465753424657535,0.0,0.0,0.6578947368421053,0.6925522710886807
2025-09-10,Onions,AI forecast + inventory policy,51.0,80.0,0.0,131.0,66.0,66.0,0.0,0,65.0,160.0,16.25,0.0,160.0,1,0.01113013698630137,0.0,0.0,0.6578947368421053,0.6690248738284067
2025-09-10,Salmon Fillet,AI forecast + inventory policy,4.0,114.0,4.0,114.0,0.0,0.0,0.0,0,114.0,108.0,364.8,0.0,108.0,1,0.24986301369863018,13.0,0.0,0.6578947368421053,13.907757750540735
2025-09-10,Seasonal Berries,AI forecast + inventory policy,0.0,30.0,0.0,30.0,0.0,0.0,0.0,0,30.0,12.0,42.0,0.0,12.0,1,0.028767123287671233,0.0,0.0,0.6578947368421053,0.6866618601297766
2025-09-10,Soft Drinks,AI forecast + inventory policy,189.0,168.0,0.0,357.0,151.0,151.0,0.0,0,206.0,480.0,82.4,0.5533980582524272,480.0,1,0.05643835616438357,0.0,0.0,0.6578947368421053,0.7143330930064888
2025-09-10,Tomatoes,AI forecast + inventory policy,79.0,156.0,0.0,235.0,75.0,75.0,0.0,0,160.0,228.0,72.0,0.075,228.0,1,0.049315068493150684,0.0,0.0,0.6578947368421053,0.707209805335256
2025-09-10,Truffle Oil,AI forecast + inventory policy,34.0,0.0,0.0,34.0,0.0,0.0,0.0,0,34.0,0.0,289.0,5.235294117647059,0.0,1,0.19794520547945207,0.0,0.0,0.0,0.19794520547945207
2025-09-10,Vegan Cheese,AI forecast + inventory policy,13.0,24.0,0.0,37.0,0.0,0.0,0.0,0,37.0,12.0,24.05,1.1081081081081081,12.0,1,0.01647260273972603,0.0,0.0,0.6578947368421053,0.6743673395818314
2025-09-11,Bacon,AI forecast + inventory policy,118.0,0.0,0.0,118.0,56.0,56.0,0.0,0,62.0,160.0,68.2,1.0,0.0,0,0.04671232876712329,0.0,0.0,0.0,0.04671232876712329
2025-09-11,Burger Buns,AI forecast + inventory policy,268.0,0.0,0.0,268.0,145.0,145.0,0.0,0,123.0,384.0,22.14,1.0,0.0,0,0.015164383561643836,0.0,0.0,0.0,0.015164383561643836
2025-09-11,Butter,AI forecast + inventory policy,81.0,0.0,0.0,81.0,39.0,39.0,0.0,0,42.0,96.0,39.9,1.0,0.0,0,0.027328767123287672,0.0,0.0,0.0,0.027328767123287672
2025-09-11,Cheese Slices,AI forecast + inventory policy,140.0,0.0,0.0,140.0,96.0,96.0,0.0,0,44.0,250.0,9.68,1.0,0.0,0,0.0066301369863013705,0.0,0.0,0.0,0.0066301369863013705
2025-09-11,Chicken Breast,AI forecast + inventory policy,140.0,0.0,0.0,140.0,108.0,108.0,0.0,0,32.0,310.0,57.6,1.0,0.0,0,0.03945205479452055,0.0,0.0,0.0,0.03945205479452055
2025-09-11,Coffee Beans,AI forecast + inventory policy,45.0,0.0,0.0,45.0,44.0,44.0,0.0,0,1.0,108.0,2.1,1.0,0.0,0,0.0014383561643835617,0.0,0.0,0.0,0.0014383561643835617
2025-09-11,Cooking Oil,AI forecast + inventory policy,47.0,0.0,0.0,47.0,49.0,47.0,2.0,1,0.0,96.0,0.0,0.0,0.0,0,0.0,0.0,6.4,0.0,6.4
2025-09-11,Eggs,AI forecast + inventory policy,126.0,0.0,0.0,126.0,84.0,84.0,0.0,0,42.0,180.0,6.72,1.0,0.0,0,0.004602739726027398,0.0,0.0,0.0,0.004602739726027398
2025-09-11,Fries (Potatoes),AI forecast + inventory policy,179.0,0.0,0.0,179.0,176.0,176.0,0.0,0,3.0,480.0,0.8999999999999999,1.0,0.0,0,0.0006164383561643835,0.0,0.0,0.0,0.0006164383561643835
2025-09-11,Gluten-free Buns,AI forecast + inventory policy,32.0,0.0,0.0,32.0,14.0,14.0,0.0,0,18.0,12.0,9.9,1.0,0.0,0,0.006780821917808219,0.0,0.0,0.0,0.006780821917808219
2025-09-11,Lettuce,AI forecast + inventory policy,126.0,0.0,0.0,126.0,96.0,96.0,0.0,0,30.0,228.0,18.0,1.0,0.0,0,0.012328767123287671,0.0,0.0,0.0,0.012328767123287671
2025-09-11,Milk,AI forecast + inventory policy,146.0,0.0,0.0,146.0,132.0,132.0,0.0,0,14.0,192.0,10.5,1.0,0.0,0,0.007191780821917807,0.0,0.0,0.0,0.007191780821917807
2025-09-11,Mushrooms,AI forecast + inventory policy,92.0,0.0,0.0,92.0,41.0,41.0,0.0,0,51.0,110.0,28.05,1.0,0.0,0,0.01921232876712329,0.0,0.0,0.0,0.01921232876712329
2025-09-11,Onions,AI forecast + inventory policy,65.0,0.0,0.0,65.0,70.0,65.0,5.0,1,0.0,160.0,0.0,0.0,0.0,0,0.0,0.0,2.5,0.0,2.5
2025-09-11,Salmon Fillet,AI forecast + inventory policy,114.0,0.0,0.0,114.0,35.0,35.0,0.0,0,79.0,108.0,252.8,1.0,0.0,0,0.17315068493150687,0.0,0.0,0.0,0.17315068493150687
2025-09-11,Seasonal Berries,AI forecast + inventory policy,30.0,0.0,0.0,30.0,21.0,21.0,0.0,0,9.0,12.0,12.6,1.0,0.0,0,0.00863013698630137,0.0,0.0,0.0,0.00863013698630137
2025-09-11,Soft Drinks,AI forecast + inventory policy,206.0,0.0,0.0,206.0,179.0,179.0,0.0,0,27.0,480.0,10.8,1.0,0.0,0,0.007397260273972603,0.0,0.0,0.0,0.007397260273972603
2025-09-11,Tomatoes,AI forecast + inventory policy,160.0,0.0,0.0,160.0,88.0,88.0,0.0,0,72.0,228.0,32.4,1.0,0.0,0,0.022191780821917806,0.0,0.0,0.0,0.022191780821917806
2025-09-11,Truffle Oil,AI forecast + inventory policy,34.0,0.0,0.0,34.0,0.0,0.0,0.0,0,34.0,0.0,289.0,6.235294117647059,0.0,0,0.19794520547945207,0.0,0.0,0.0,0.19794520547945207
2025-09-11,Vegan Cheese,AI forecast + inventory policy,37.0,0.0,0.0,37.0,9.0,9.0,0.0,0,28.0,12.0,18.200000000000003,1.4285714285714286,0.0,0,0.012465753424657534,0.0,0.0,0.0,0.012465753424657534
2025-09-12,Bacon,AI forecast + inventory policy,62.0,160.0,0.0,222.0,85.0,85.0,0.0,0,137.0,190.0,150.70000000000002,0.0,190.0,1,0.10321917808219179,0.0,0.0,0.625,0.7282191780821918
2025-09-12,Burger Buns,AI forecast + inventory policy,123.0,384.0,0.0,507.0,263.0,263.0,0.0,0,244.0,384.0,43.92,0.0,384.0,1,0.030082191780821915,0.0,0.0,0.625,0.6550821917808219
2025-09-12,Butter,AI forecast + inventory policy,42.0,96.0,0.0,138.0,56.0,56.0,0.0,0,82.0,120.0,77.89999999999999,0.0,120.0,1,0.053356164383561645,0.0,0.0,0.625,0.6783561643835616
2025-09-12,Cheese Slices,AI forecast + inventory policy,44.0,250.0,0.0,294.0,118.0,118.0,0.0,0,176.0,300.0,38.72,0.0,300.0,1,0.026520547945205482,0.0,0.0,0.625,0.6515205479452055
2025-09-12,Chicken Breast,AI forecast + inventory policy,32.0,310.0,0.0,342.0,139.0,139.0,0.0,0,203.0,390.0,365.40000000000003,0.0,390.0,1,0.2502739726027397,0.0,0.0,0.625,0.8752739726027396
2025-09-12,Coffee Beans,AI forecast + inventory policy,1.0,108.0,0.0,109.0,65.0,65.0,0.0,0,44.0,156.0,92.4,0.0,156.0,1,0.06328767123287671,0.0,0.0,0.625,0.6882876712328767
2025-09-12,Cooking Oil,AI forecast + inventory policy,0.0,96.0,0.0,96.0,32.0,32.0,0.0,0,64.0,104.0,102.4,0.0,104.0,1,0.07013698630136987,0.0,0.0,0.625,0.6951369863013699
2025-09-12,Eggs,AI forecast + inventory policy,42.0,180.0,0.0,222.0,105.0,105.0,0.0,0,117.0,180.0,18.72,0.0,180.0,1,0.012821917808219178,0.0,0.0,0.625,0.6378219178082192
2025-09-12,Fries (Potatoes),AI forecast + inventory policy,3.0,480.0,0.0,483.0,229.0,229.0,0.0,0,254.0,540.0,76.2,0.0,540.0,1,0.052191780821917805,0.0,0.0,0.625,0.6771917808219178
2025-09-12,Gluten-free Buns,AI forecast + inventory policy,18.0,12.0,0.0,30.0,0.0,0.0,0.0,0,30.0,24.0,16.5,1.2,24.0,1,0.011301369863013699,0.0,0.0,0.625,0.6363013698630137
2025-09-12,Lettuce,AI forecast + inventory policy,30.0,228.0,0.0,258.0,111.0,111.0,0.0,0,147.0,288.0,88.2,0.0,288.0,1,0.060410958904109587,0.0,0.0,0.625,0.6854109589041096
2025-09-12,Milk,AI forecast + inventory policy,14.0,192.0,0.0,206.0,97.0,97.0,0.0,0,109.0,288.0,81.75,0.0,288.0,1,0.0559931506849315,0.0,0.0,0.625,0.6809931506849315
2025-09-12,Mushrooms,AI forecast + inventory policy,51.0,110.0,0.0,161.0,57.0,57.0,0.0,0,104.0,130.0,57.2,0.0,130.0,1,0.03917808219178082,0.0,0.0,0.625,0.6641780821917809
2025-09-12,Onions,AI forecast + inventory policy,0.0,160.0,0.0,160.0,97.0,97.0,0.0,0,63.0,200.0,15.75,0.0,200.0,1,0.010787671232876713,0.0,0.0,0.625,0.6357876712328767
2025-09-12,Salmon Fillet,AI forecast + inventory policy,79.0,108.0,0.0,187.0,45.0,45.0,0.0,0,142.0,42.0,454.40000000000003,0.4788732394366197,42.0,1,0.3112328767123288,0.0,0.0,0.625,0.9362328767123288
2025-09-12,Seasonal Berries,AI forecast + inventory policy,9.0,12.0,0.0,21.0,9.0,9.0,0.0,0,12.0,24.0,16.799999999999997,0.0,24.0,1,0.011506849315068493,0.0,0.0,0.625,0.6365068493150685
2025-09-12,Soft Drinks,AI forecast + inventory policy,27.0,480.0,0.0,507.0,219.0,219.0,0.0,0,288.0,528.0,115.2,0.0,528.0,1,0.07890410958904111,0.0,0.0,0.625,0.7039041095890411
2025-09-12,Tomatoes,AI forecast + inventory policy,72.0,228.0,0.0,300.0,109.0,109.0,0.0,0,191.0,264.0,85.95,0.0,264.0,1,0.05886986301369863,0.0,0.0,0.625,0.6838698630136987
2025-09-12,Truffle Oil,AI forecast + inventory policy,34.0,0.0,0.0,34.0,0.0,0.0,0.0,0,34.0,4.0,289.0,7.235294117647059,4.0,1,0.19794520547945207,0.0,0.0,0.625,0.822945205479452
2025-09-12,Vegan Cheese,AI forecast + inventory policy,28.0,12.0,0.0,40.0,7.0,7.0,0.0,0,33.0,12.0,21.450000000000003,1.2727272727272727,12.0,1,0.01469178082191781,0.0,0.0,0.625,0.6396917808219178
2025-09-13,Bacon,AI forecast + inventory policy,137.0,0.0,0.0,137.0,80.0,80.0,0.0,0,57.0,190.0,62.7,1.0,0.0,0,0.042945205479452055,0.0,0.0,0.0,0.042945205479452055
2025-09-13,Burger Buns,AI forecast + inventory policy,244.0,0.0,0.0,244.0,173.0,173.0,0.0,0,71.0,384.0,12.78,1.0,0.0,0,0.008753424657534247,0.0,0.0,0.0,0.008753424657534247
2025-09-13,Butter,AI forecast + inventory policy,82.0,0.0,0.0,82.0,46.0,46.0,0.0,0,36.0,120.0,34.199999999999996,1.0,0.0,0,0.023424657534246576,0.0,0.0,0.0,0.023424657534246576
2025-09-13,Cheese Slices,AI forecast + inventory policy,176.0,0.0,0.0,176.0,188.0,176.0,12.0,1,0.0,300.0,0.0,0.0,0.0,0,0.0,0.0,5.28,0.0,5.28
2025-09-13,Chicken Breast,AI forecast + inventory policy,203.0,0.0,0.0,203.0,108.0,108.0,0.0,0,95.0,390.0,171.0,1.0,0.0,0,0.11712328767123287,0.0,0.0,0.0,0.11712328767123287
2025-09-13,Coffee Beans,AI forecast + inventory policy,44.0,0.0,0.0,44.0,52.0,44.0,8.0,1,0.0,156.0,0.0,0.0,0.0,0,0.0,0.0,33.6,0.0,33.6
2025-09-13,Cooking Oil,AI forecast + inventory policy,64.0,0.0,0.0,64.0,55.0,55.0,0.0,0,9.0,104.0,14.4,1.0,0.0,0,0.009863013698630138,0.0,0.0,0.0,0.009863013698630138
2025-09-13,Eggs,AI forecast + inventory policy,117.0,0.0,0.0,117.0,91.0,91.0,0.0,0,26.0,180.0,4.16,1.0,0.0,0,0.0028493150684931507,0.0,0.0,0.0,0.0028493150684931507
2025-09-13,Fries (Potatoes),AI forecast + inventory policy,254.0,0.0,0.0,254.0,221.0,221.0,0.0,0,33.0,540.0,9.9,1.0,0.0,0,0.0067808219178082186,0.0,0.0,0.0,0.0067808219178082186
2025-09-13,Gluten-free Buns,AI forecast + inventory policy,30.0,0.0,18.0,12.0,19.0,12.0,7.0,1,0.0,24.0,0.0,0.0,0.0,0,0.0,10.8,7.700000000000001,0.0,18.5
2025-09-13,Lettuce,AI forecast + inventory policy,147.0,0.0,0.0,147.0,122.0,122.0,0.0,0,25.0,288.0,15.0,1.0,0.0,0,0.010273972602739725,0.0,0.0,0.0,0.010273972602739725
2025-09-13,Milk,AI forecast + inventory policy,109.0,0.0,0.0,109.0,82.0,82.0,0.0,0,27.0,288.0,20.25,1.0,0.0,0,0.013869863013698629,0.0,0.0,0.0,0.013869863013698629
2025-09-13,Mushrooms,AI forecast + inventory policy,104.0,0.0,0.0,104.0,48.0,48.0,0.0,0,56.0,130.0,30.800000000000004,1.0,0.0,0,0.021095890410958905,0.0,0.0,0.0,0.021095890410958905
2025-09-13,Onions,AI forecast + inventory policy,63.0,0.0,0.0,63.0,97.0,63.0,34.0,1,0.0,200.0,0.0,0.0,0.0,0,0.0,0.0,17.0,0.0,17.0
2025-09-13,Salmon Fillet,AI forecast + inventory policy,142.0,0.0,34.0,108.0,47.0,47.0,0.0,0,61.0,42.0,195.20000000000002,1.0,0.0,0,0.13369863013698632,110.50000000000001,0.0,0.0,110.633698630137
2025-09-13,Seasonal Berries,AI forecast + inventory policy,12.0,0.0,0.0,12.0,16.0,12.0,4.0,1,0.0,24.0,0.0,0.0,0.0,0,0.0,0.0,11.2,0.0,11.2
2025-09-13,Soft Drinks,AI forecast + inventory policy,288.0,0.0,0.0,288.0,229.0,229.0,0.0,0,59.0,528.0,23.6,1.0,0.0,0,0.016164383561643837,0.0,0.0,0.0,0.016164383561643837
2025-09-13,Tomatoes,AI forecast + inventory policy,191.0,0.0,0.0,191.0,124.0,124.0,0.0,0,67.0,264.0,30.150000000000002,1.0,0.0,0,0.02065068493150685,0.0,0.0,0.0,0.02065068493150685
2025-09-13,Truffle Oil,AI forecast + inventory policy,34.0,0.0,0.0,34.0,8.0,8.0,0.0,0,26.0,4.0,221.0,7.6923076923076925,0.0,0,0.15136986301369865,0.0,0.0,0.0,0.15136986301369865
2025-09-13,Vegan Cheese,AI forecast + inventory policy,33.0,0.0,0.0,33.0,16.0,16.0,0.0,0,17.0,12.0,11.05,1.588235294117647,0.0,0,0.007568493150684932,0.0,0.0,0.0,0.007568493150684932
2025-09-14,Bacon,AI forecast + inventory policy,57.0,190.0,0.0,247.0,61.0,61.0,0.0,0,186.0,0.0,204.60000000000002,0.0,0.0,0,0.14013698630136986,0.0,0.0,0.0,0.14013698630136986
2025-09-14,Burger Buns,AI forecast + inventory policy,71.0,384.0,0.0,455.0,184.0,184.0,0.0,0,271.0,0.0,48.78,0.0,0.0,0,0.03341095890410959,0.0,0.0,0.0,0.03341095890410959
2025-09-14,Butter,AI forecast + inventory policy,36.0,120.0,0.0,156.0,72.0,72.0,0.0,0,84.0,0.0,79.8,0.0,0.0,0,0.054657534246575344,0.0,0.0,0.0,0.054657534246575344
2025-09-14,Cheese Slices,AI forecast + inventory policy,0.0,300.0,0.0,300.0,131.0,131.0,0.0,0,169.0,0.0,37.18,0.0,0.0,0,0.025465753424657536,0.0,0.0,0.0,0.025465753424657536
2025-09-14,Chicken Breast,AI forecast + inventory policy,95.0,390.0,0.0,485.0,200.0,200.0,0.0,0,285.0,0.0,513.0,0.0,0.0,0,0.3513698630136986,0.0,0.0,0.0,0.3513698630136986
2025-09-14,Coffee Beans,AI forecast + inventory policy,0.0,156.0,0.0,156.0,55.0,55.0,0.0,0,101.0,0.0,212.10000000000002,0.0,0.0,0,0.14527397260273972,0.0,0.0,0.0,0.14527397260273972
2025-09-14,Cooking Oil,AI forecast + inventory policy,9.0,104.0,0.0,113.0,39.0,39.0,0.0,0,74.0,0.0,118.4,0.0,0.0,0,0.08109589041095891,0.0,0.0,0.0,0.08109589041095891
2025-09-14,Eggs,AI forecast + inventory policy,26.0,180.0,0.0,206.0,71.0,71.0,0.0,0,135.0,0.0,21.6,0.0,0.0,0,0.014794520547945205,0.0,0.0,0.0,0.014794520547945205
2025-09-14,Fries (Potatoes),AI forecast + inventory policy,33.0,540.0,0.0,573.0,234.0,234.0,0.0,0,339.0,0.0,101.7,0.0,0.0,0,0.06965753424657534,0.0,0.0,0.0,0.06965753424657534
2025-09-14,Gluten-free Buns,AI forecast + inventory policy,0.0,24.0,0.0,24.0,17.0,17.0,0.0,0,7.0,0.0,3.8500000000000005,0.0,0.0,0,0.002636986301369863,0.0,0.0,0.0,0.002636986301369863
2025-09-14,Lettuce,AI forecast + inventory policy,25.0,288.0,0.0,313.0,132.0,132.0,0.0,0,181.0,0.0,108.6,0.0,0.0,0,0.07438356164383561,0.0,0.0,0.0,0.07438356164383561
2025-09-14,Milk,AI forecast + inventory policy,27.0,288.0,0.0,315.0,95.0,95.0,0.0,0,220.0,0.0,165.0,0.0,0.0,0,0.11301369863013698,0.0,0.0,0.0,0.11301369863013698
2025-09-14,Mushrooms,AI forecast + inventory policy,56.0,130.0,0.0,186.0,67.0,67.0,0.0,0,119.0,0.0,65.45,0.0,0.0,0,0.04482876712328767,0.0,0.0,0.0,0.04482876712328767
2025-09-14,Onions,AI forecast + inventory policy,0.0,200.0,0.0,200.0,77.0,77.0,0.0,0,123.0,0.0,30.75,0.0,0.0,0,0.02106164383561644,0.0,0.0,0.0,0.02106164383561644
2025-09-14,Salmon Fillet,AI forecast + inventory policy,61.0,42.0,0.0,103.0,54.0,54.0,0.0,0,49.0,0.0,156.8,0.2857142857142857,0.0,0,0.10739726027397262,0.0,0.0,0.0,0.10739726027397262
2025-09-14,Seasonal Berries,AI forecast + inventory policy,0.0,24.0,0.0,24.0,0.0,0.0,0.0,0,24.0,0.0,33.599999999999994,0.0,0.0,0,0.023013698630136987,0.0,0.0,0.0,0.023013698630136987
2025-09-14,Soft Drinks,AI forecast + inventory policy,59.0,528.0,0.0,587.0,232.0,232.0,0.0,0,355.0,0.0,142.0,0.0,0.0,0,0.09726027397260276,0.0,0.0,0.0,0.09726027397260276
2025-09-14,Tomatoes,AI forecast + inventory policy,67.0,264.0,0.0,331.0,129.0,129.0,0.0,0,202.0,0.0,90.9,0.0,0.0,0,0.06226027397260274,0.0,0.0,0.0,0.06226027397260274
2025-09-14,Truffle Oil,AI forecast + inventory policy,26.0,4.0,0.0,30.0,12.0,12.0,0.0,0,18.0,0.0,153.0,5.666666666666667,0.0,0,0.10479452054794522,0.0,0.0,0.0,0.10479452054794522
2025-09-14,Vegan Cheese,AI forecast + inventory policy,17.0,12.0,0.0,29.0,14.0,14.0,0.0,0,15.0,0.0,9.75,0.4,0.0,0,0.006678082191780822,0.0,0.0,0.0,0.006678082191780822
2025-09-15,Bacon,AI forecast + inventory policy,186.0,0.0,0.0,186.0,59.0,59.0,0.0,0,127.0,110.0,139.70000000000002,1.0,110.0,1,0.09568493150684931,0.0,0.0,0.625,0.7206849315068493
2025-09-15,Burger Buns,AI forecast + inventory policy,271.0,0.0,0.0,271.0,101.0,101.0,0.0,0,170.0,336.0,30.599999999999998,1.0,336.0,1,0.02095890410958904,0.0,0.0,0.625,0.645958904109589
2025-09-15,Butter,AI forecast + inventory policy,84.0,0.0,0.0,84.0,41.0,41.0,0.0,0,43.0,96.0,40.85,1.0,96.0,1,0.02797945205479452,0.0,0.0,0.625,0.6529794520547946
2025-09-15,Cheese Slices,AI forecast + inventory policy,169.0,0.0,0.0,169.0,77.0,77.0,0.0,0,92.0,200.0,20.24,1.0,200.0,1,0.013863013698630139,0.0,0.0,0.625,0.6388630136986302
2025-09-15,Chicken Breast,AI forecast + inventory policy,285.0,0.0,0.0,285.0,82.0,82.0,0.0,0,203.0,150.0,365.40000000000003,1.0,150.0,1,0.2502739726027397,0.0,0.0,0.625,0.8752739726027396
2025-09-15,Coffee Beans,AI forecast + inventory policy,101.0,0.0,0.0,101.0,38.0,38.0,0.0,0,63.0,96.0,132.3,1.0,96.0,1,0.09061643835616438,0.0,0.0,0.625,0.7156164383561644
2025-09-15,Cooking Oil,AI forecast + inventory policy,74.0,0.0,0.0,74.0,18.0,18.0,0.0,0,56.0,68.0,89.60000000000001,1.0,68.0,1,0.061369863013698636,0.0,0.0,0.625,0.6863698630136986
2025-09-15,Eggs,AI forecast + inventory policy,135.0,0.0,0.0,135.0,56.0,56.0,0.0,0,79.0,150.0,12.64,1.0,150.0,1,0.008657534246575343,0.0,0.0,0.625,0.6336575342465753
2025-09-15,Fries (Potatoes),AI forecast + inventory policy,339.0,0.0,0.0,339.0,131.0,131.0,0.0,0,208.0,300.0,62.4,1.0,300.0,1,0.04273972602739726,0.0,0.0,0.625,0.6677397260273973
2025-09-15,Gluten-free Buns,AI forecast + inventory policy,7.0,0.0,0.0,7.0,10.0,7.0,3.0,1,0.0,48.0,0.0,0.0,48.0,1,0.0,0.0,3.3000000000000003,0.625,3.9250000000000003
2025-09-15,Lettuce,AI forecast + inventory policy,181.0,0.0,0.0,181.0,86.0,86.0,0.0,0,95.0,192.0,57.0,1.0,192.0,1,0.03904109589041096,0.0,0.0,0.625,0.6640410958904109
2025-09-15,Milk,AI forecast + inventory policy,220.0,0.0,0.0,220.0,74.0,74.0,0.0,0,146.0,144.0,109.5,1.0,144.0,1,0.075,0.0,0.0,0.625,0.7
2025-09-15,Mushrooms,AI forecast + inventory policy,119.0,0.0,0.0,119.0,38.0,38.0,0.0,0,81.0,80.0,44.550000000000004,1.0,80.0,1,0.030513698630136987,0.0,0.0,0.625,0.655513698630137
2025-09-15,Onions,AI forecast + inventory policy,123.0,0.0,0.0,123.0,51.0,51.0,0.0,0,72.0,140.0,18.0,1.0,140.0,1,0.012328767123287671,0.0,0.0,0.625,0.6373287671232877
2025-09-15,Salmon Fillet,AI forecast + inventory policy,49.0,0.0,7.0,42.0,31.0,31.0,0.0,0,11.0,120.0,35.2,1.0,120.0,1,0.024109589041095895,22.750000000000004,0.0,0.625,23.3991095890411
2025-09-15,Seasonal Berries,AI forecast + inventory policy,24.0,0.0,0.0,24.0,0.0,0.0,0.0,0,24.0,24.0,33.599999999999994,1.0,24.0,1,0.023013698630136987,0.0,0.0,0.625,0.648013698630137
2025-09-15,Soft Drinks,AI forecast + inventory policy,355.0,0.0,0.0,355.0,115.0,115.0,0.0,0,240.0,312.0,96.0,1.0,312.0,1,0.06575342465753425,0.0,0.0,0.625,0.6907534246575342
2025-09-15,Tomatoes,AI forecast + inventory policy,202.0,0.0,0.0,202.0,84.0,84.0,0.0,0,118.0,168.0,53.1,1.0,168.0,1,0.03636986301369863,0.0,0.0,0.625,0.6613698630136986
2025-09-15,Truffle Oil,AI forecast + inventory policy,18.0,0.0,0.0,18.0,6.0,6.0,0.0,0,12.0,12.0,102.0,5.666666666666667,12.0,1,0.06986301369863014,0.0,0.0,0.625,0.6948630136986301
2025-09-15,Vegan Cheese,AI forecast + inventory policy,15.0,0.0,0.0,15.0,0.0,0.0,0.0,0,15.0,36.0,9.75,1.4,36.0,1,0.006678082191780822,0.0,0.0,0.625,0.6316780821917808
2025-09-16,Bacon,AI forecast + inventory policy,127.0,0.0,0.0,127.0,65.0,65.0,0.0,0,62.0,110.0,68.2,2.0,0.0,0,0.04671232876712329,0.0,0.0,0.0,0.04671232876712329
2025-09-16,Burger Buns,AI forecast + inventory policy,170.0,0.0,0.0,170.0,151.0,151.0,0.0,0,19.0,336.0,3.42,2.0,0.0,0,0.0023424657534246575,0.0,0.0,0.0,0.0023424657534246575
2025-09-16,Butter,AI forecast + inventory policy,43.0,0.0,0.0,43.0,37.0,37.0,0.0,0,6.0,96.0,5.699999999999999,2.0,0.0,0,0.0039041095890410956,0.0,0.0,0.0,0.0039041095890410956
2025-09-16,Cheese Slices,AI forecast + inventory policy,92.0,0.0,0.0,92.0,76.0,76.0,0.0,0,16.0,200.0,3.52,2.0,0.0,0,0.002410958904109589,0.0,0.0,0.0,0.002410958904109589
2025-09-16,Chicken Breast,AI forecast + inventory policy,203.0,0.0,0.0,203.0,85.0,85.0,0.0,0,118.0,150.0,212.4,2.0,0.0,0,0.1454794520547945,0.0,0.0,0.0,0.1454794520547945
2025-09-16,Coffee Beans,AI forecast + inventory policy,63.0,0.0,0.0,63.0,35.0,35.0,0.0,0,28.0,96.0,58.800000000000004,2.0,0.0,0,0.040273972602739724,0.0,0.0,0.0,0.040273972602739724
2025-09-16,Cooking Oil,AI forecast + inventory policy,56.0,0.0,0.0,56.0,27.0,27.0,0.0,0,29.0,68.0,46.400000000000006,2.0,0.0,0,0.031780821917808226,0.0,0.0,0.0,0.031780821917808226
2025-09-16,Eggs,AI forecast + inventory policy,79.0,0.0,0.0,79.0,79.0,79.0,0.0,0,0.0,150.0,0.0,0.0,0.0,0,0.0,0.0,0.0,0.0,0.0
2025-09-16,Fries (Potatoes),AI forecast + inventory policy,208.0,0.0,0.0,208.0,149.0,149.0,0.0,0,59.0,300.0,17.7,2.0,0.0,0,0.012123287671232877,0.0,0.0,0.0,0.012123287671232877
2025-09-16,Gluten-free Buns,AI forecast + inventory policy,0.0,0.0,0.0,0.0,0.0,0.0,0.0,0,0.0,48.0,0.0,0.0,0.0,0,0.0,0.0,0.0,0.0,0.0
2025-09-16,Lettuce,AI forecast + inventory policy,95.0,0.0,0.0,95.0,105.0,95.0,10.0,1,0.0,192.0,0.0,0.0,0.0,0,0.0,0.0,12.0,0.0,12.0
2025-09-16,Milk,AI forecast + inventory policy,146.0,0.0,0.0,146.0,84.0,84.0,0.0,0,62.0,144.0,46.5,2.0,0.0,0,0.031849315068493145,0.0,0.0,0.0,0.031849315068493145
2025-09-16,Mushrooms,AI forecast + inventory policy,81.0,0.0,0.0,81.0,43.0,43.0,0.0,0,38.0,80.0,20.900000000000002,2.0,0.0,0,0.014315068493150685,0.0,0.0,0.0,0.014315068493150685
2025-09-16,Onions,AI forecast + inventory policy,72.0,0.0,0.0,72.0,60.0,60.0,0.0,0,12.0,140.0,3.0,2.0,0.0,0,0.0020547945205479454,0.0,0.0,0.0,0.0020547945205479454
2025-09-16,Salmon Fillet,AI forecast + inventory policy,11.0,0.0,0.0,11.0,33.0,11.0,22.0,1,0.0,120.0,0.0,0.0,0.0,0,0.0,0.0,140.8,0.0,140.8
2025-09-16,Seasonal Berries,AI forecast + inventory policy,24.0,0.0,0.0,24.0,0.0,0.0,0.0,0,24.0,24.0,33.599999999999994,2.0,0.0,0,0.023013698630136987,0.0,0.0,0.0,0.023013698630136987
2025-09-16,Soft Drinks,AI forecast + inventory policy,240.0,0.0,0.0,240.0,123.0,123.0,0.0,0,117.0,312.0,46.800000000000004,2.0,0.0,0,0.03205479452054795,0.0,0.0,0.0,0.03205479452054795
2025-09-16,Tomatoes,AI forecast + inventory policy,118.0,0.0,0.0,118.0,82.0,82.0,0.0,0,36.0,168.0,16.2,2.0,0.0,0,0.011095890410958903,0.0,0.0,0.0,0.011095890410958903
2025-09-16,Truffle Oil,AI forecast + inventory policy,12.0,0.0,0.0,12.0,3.0,3.0,0.0,0,9.0,12.0,76.5,5.888888888888889,0.0,0,0.05239726027397261,0.0,0.0,0.0,0.05239726027397261
2025-09-16,Vegan Cheese,AI forecast + inventory policy,15.0,0.0,0.0,15.0,11.0,11.0,0.0,0,4.0,36.0,2.6,2.0,0.0,0,0.0017808219178082193,0.0,0.0,0.0,0.0017808219178082193
2025-09-17,Bacon,AI forecast + inventory policy,62.0,110.0,0.0,172.0,64.0,64.0,0.0,0,108.0,160.0,118.80000000000001,0.0,160.0,1,0.08136986301369864,0.0,0.0,0.625,0.7063698630136986
2025-09-17,Burger Buns,AI forecast + inventory policy,19.0,336.0,19.0,336.0,140.0,140.0,0.0,0,196.0,384.0,35.28,0.0,384.0,1,0.024164383561643833,4.37,0.0,0.625,5.019164383561644
2025-09-17,Butter,AI forecast + inventory policy,6.0,96.0,0.0,102.0,47.0,47.0,0.0,0,55.0,108.0,52.25,0.0,108.0,1,0.03578767123287671,0.0,0.0,0.625,0.6607876712328767
2025-09-17,Cheese Slices,AI forecast + inventory policy,16.0,200.0,0.0,216.0,71.0,71.0,0.0,0,145.0,250.0,31.9,0.0,250.0,1,0.021849315068493153,0.0,0.0,0.625,0.6468493150684932
2025-09-17,Chicken Breast,AI forecast + inventory policy,118.0,150.0,0.0,268.0,97.0,97.0,0.0,0,171.0,260.0,307.8,0.3684210526315789,260.0,1,0.21082191780821918,0.0,0.0,0.625,0.8358219178082191
2025-09-17,Coffee Beans,AI forecast + inventory policy,28.0,96.0,0.0,124.0,36.0,36.0,0.0,0,88.0,96.0,184.8,0.0,96.0,1,0.12657534246575342,0.0,0.0,0.625,0.7515753424657534
2025-09-17,Cooking Oil,AI forecast + inventory policy,29.0,68.0,0.0,97.0,25.0,25.0,0.0,0,72.0,64.0,115.20000000000002,0.16666666666666666,64.0,1,0.07890410958904111,0.0,0.0,0.625,0.7039041095890411
2025-09-17,Eggs,AI forecast + inventory policy,0.0,150.0,0.0,150.0,70.0,70.0,0.0,0,80.0,180.0,12.8,0.0,180.0,1,0.008767123287671232,0.0,0.0,0.625,0.6337671232876713
2025-09-17,Fries (Potatoes),AI forecast + inventory policy,59.0,300.0,0.0,359.0,153.0,153.0,0.0,0,206.0,540.0,61.8,0.0,540.0,1,0.04232876712328767,0.0,0.0,0.625,0.6673287671232877
2025-09-17,Gluten-free Buns,AI forecast + inventory policy,0.0,48.0,0.0,48.0,25.0,25.0,0.0,0,23.0,12.0,12.65,0.0,12.0,1,0.008664383561643837,0.0,0.0,0.625,0.6336643835616438
2025-09-17,Lettuce,AI forecast + inventory policy,0.0,192.0,0.0,192.0,69.0,69.0,0.0,0,123.0,276.0,73.8,0.0,276.0,1,0.05054794520547945,0.0,0.0,0.625,0.6755479452054794
2025-09-17,Milk,AI forecast + inventory policy,62.0,144.0,0.0,206.0,89.0,89.0,0.0,0,117.0,204.0,87.75,0.0,204.0,1,0.06010273972602739,0.0,0.0,0.625,0.6851027397260274
2025-09-17,Mushrooms,AI forecast + inventory policy,38.0,80.0,0.0,118.0,46.0,46.0,0.0,0,72.0,120.0,39.6,0.0,120.0,1,0.027123287671232878,0.0,0.0,0.625,0.6521232876712328
2025-09-17,Onions,AI forecast + inventory policy,12.0,140.0,0.0,152.0,50.0,50.0,0.0,0,102.0,160.0,25.5,0.0,160.0,1,0.017465753424657535,0.0,0.0,0.625,0.6424657534246575
2025-09-17,Salmon Fillet,AI forecast + inventory policy,0.0,120.0,0.0,120.0,36.0,36.0,0.0,0,84.0,102.0,268.8,0.0,102.0,1,0.18410958904109592,0.0,0.0,0.625,0.809109589041096
2025-09-17,Seasonal Berries,AI forecast + inventory policy,24.0,24.0,24.0,24.0,7.0,7.0,0.0,0,17.0,24.0,23.799999999999997,0.0,24.0,1,0.0163013698630137,34.8,0.0,0.625,35.44130136986301
2025-09-17,Soft Drinks,AI forecast + inventory policy,117.0,312.0,0.0,429.0,104.0,104.0,0.0,0,325.0,432.0,130.0,0.12,432.0,1,0.08904109589041097,0.0,0.0,0.625,0.714041095890411
2025-09-17,Tomatoes,AI forecast + inventory policy,36.0,168.0,0.0,204.0,90.0,90.0,0.0,0,114.0,264.0,51.300000000000004,0.0,264.0,1,0.03513698630136986,0.0,0.0,0.625,0.6601369863013699
2025-09-17,Truffle Oil,AI forecast + inventory policy,9.0,12.0,0.0,21.0,0.0,0.0,0.0,0,21.0,10.0,178.5,2.9523809523809526,10.0,1,0.12226027397260275,0.0,0.0,0.625,0.7472602739726028
2025-09-17,Vegan Cheese,AI forecast + inventory policy,4.0,36.0,0.0,40.0,0.0,0.0,0.0,0,40.0,12.0,26.000000000000004,0.3,12.0,1,0.017808219178082195,0.0,0.0,0.625,0.6428082191780822
2025-09-18,Bacon,AI forecast + inventory policy,108.0,0.0,0.0,108.0,60.0,60.0,0.0,0,48.0,160.0,52.800000000000004,1.0,0.0,0,0.03616438356164384,0.0,0.0,0.0,0.03616438356164384
2025-09-18,Burger Buns,AI forecast + inventory policy,196.0,0.0,0.0,196.0,134.0,134.0,0.0,0,62.0,384.0,11.16,1.0,0.0,0,0.007643835616438356,0.0,0.0,0.0,0.007643835616438356
2025-09-18,Butter,AI forecast + inventory policy,55.0,0.0,0.0,55.0,37.0,37.0,0.0,0,18.0,108.0,17.099999999999998,1.0,0.0,0,0.011712328767123288,0.0,0.0,0.0,0.011712328767123288
2025-09-18,Cheese Slices,AI forecast + inventory policy,145.0,0.0,0.0,145.0,77.0,77.0,0.0,0,68.0,250.0,14.96,1.0,0.0,0,0.010246575342465754,0.0,0.0,0.0,0.010246575342465754
2025-09-18,Chicken Breast,AI forecast + inventory policy,171.0,0.0,21.0,150.0,101.0,101.0,0.0,0,49.0,260.0,88.2,1.0,0.0,0,0.060410958904109587,38.85,0.0,0.0,38.91041095890411
2025-09-18,Coffee Beans,AI forecast + inventory policy,88.0,0.0,0.0,88.0,45.0,45.0,0.0,0,43.0,96.0,90.3,1.0,0.0,0,0.06184931506849315,0.0,0.0,0.0,0.06184931506849315
2025-09-18,Cooking Oil,AI forecast + inventory policy,72.0,0.0,0.0,72.0,23.0,23.0,0.0,0,49.0,64.0,78.4,1.0,0.0,0,0.05369863013698631,0.0,0.0,0.0,0.05369863013698631
2025-09-18,Eggs,AI forecast + inventory policy,80.0,0.0,0.0,80.0,73.0,73.0,0.0,0,7.0,180.0,1.12,1.0,0.0,0,0.000767123287671233,0.0,0.0,0.0,0.000767123287671233
2025-09-18,Fries (Potatoes),AI forecast + inventory policy,206.0,0.0,0.0,206.0,139.0,139.0,0.0,0,67.0,540.0,20.099999999999998,1.0,0.0,0,0.013767123287671231,0.0,0.0,0.0,0.013767123287671231
2025-09-18,Gluten-free Buns,AI forecast + inventory policy,23.0,0.0,0.0,23.0,0.0,0.0,0.0,0,23.0,12.0,12.65,1.0,0.0,0,0.008664383561643837,0.0,0.0,0.0,0.008664383561643837
2025-09-18,Lettuce,AI forecast + inventory policy,123.0,0.0,0.0,123.0,83.0,83.0,0.0,0,40.0,276.0,24.0,1.0,0.0,0,0.01643835616438356,0.0,0.0,0.0,0.01643835616438356
2025-09-18,Milk,AI forecast + inventory policy,117.0,0.0,0.0,117.0,86.0,86.0,0.0,0,31.0,204.0,23.25,1.0,0.0,0,0.015924657534246572,0.0,0.0,0.0,0.015924657534246572
2025-09-18,Mushrooms,AI forecast + inventory policy,72.0,0.0,0.0,72.0,51.0,51.0,0.0,0,21.0,120.0,11.55,1.0,0.0,0,0.007910958904109588,0.0,0.0,0.0,0.007910958904109588
2025-09-18,Onions,AI forecast + inventory policy,102.0,0.0,0.0,102.0,80.0,80.0,0.0,0,22.0,160.0,5.5,1.0,0.0,0,0.003767123287671233,0.0,0.0,0.0,0.003767123287671233
2025-09-18,Salmon Fillet,AI forecast + inventory policy,84.0,0.0,0.0,84.0,28.0,28.0,0.0,0,56.0,102.0,179.20000000000002,1.0,0.0,0,0.12273972602739727,0.0,0.0,0.0,0.12273972602739727
2025-09-18,Seasonal Berries,AI forecast + inventory policy,17.0,0.0,0.0,17.0,2.0,2.0,0.0,0,15.0,24.0,21.0,1.0,0.0,0,0.014383561643835616,0.0,0.0,0.0,0.014383561643835616
2025-09-18,Soft Drinks,AI forecast + inventory policy,325.0,0.0,0.0,325.0,141.0,141.0,0.0,0,184.0,432.0,73.60000000000001,1.0,0.0,0,0.0504109589041096,0.0,0.0,0.0,0.0504109589041096
2025-09-18,Tomatoes,AI forecast + inventory policy,114.0,0.0,0.0,114.0,81.0,81.0,0.0,0,33.0,264.0,14.85,1.0,0.0,0,0.010171232876712328,0.0,0.0,0.0,0.010171232876712328
2025-09-18,Truffle Oil,AI forecast + inventory policy,21.0,0.0,0.0,21.0,0.0,0.0,0.0,0,21.0,10.0,178.5,3.9523809523809526,0.0,0,0.12226027397260275,0.0,0.0,0.0,0.12226027397260275
2025-09-18,Vegan Cheese,AI forecast + inventory policy,40.0,0.0,0.0,40.0,0.0,0.0,0.0,0,40.0,12.0,26.000000000000004,1.3,0.0,0,0.017808219178082195,0.0,0.0,0.0,0.017808219178082195
2025-09-19,Bacon,AI forecast + inventory policy,48.0,160.0,0.0,208.0,70.0,70.0,0.0,0,138.0,200.0,151.8,0.0,200.0,1,0.10397260273972603,0.0,0.0,0.6944444444444444,0.7984170471841705
2025-09-19,Burger Buns,AI forecast + inventory policy,62.0,384.0,0.0,446.0,220.0,220.0,0.0,0,226.0,384.0,40.68,0.0,384.0,1,0.027863013698630135,0.0,0.0,0.6944444444444444,0.7223074581430745
2025-09-19,Butter,AI forecast + inventory policy,18.0,108.0,0.0,126.0,47.0,47.0,0.0,0,79.0,132.0,75.05,0.0,132.0,1,0.0514041095890411,0.0,0.0,0.6944444444444444,0.7458485540334855
2025-09-19,Cheese Slices,AI forecast + inventory policy,68.0,250.0,0.0,318.0,130.0,130.0,0.0,0,188.0,300.0,41.36,0.0,300.0,1,0.028328767123287673,0.0,0.0,0.6944444444444444,0.7227732115677321
2025-09-19,Chicken Breast,AI forecast + inventory policy,49.0,260.0,0.0,309.0,134.0,134.0,0.0,0,175.0,400.0,315.0,0.0,400.0,1,0.21575342465753425,0.0,0.0,0.6944444444444444,0.9101978691019786
2025-09-19,Coffee Beans,AI forecast + inventory policy,43.0,96.0,0.0,139.0,45.0,45.0,0.0,0,94.0,120.0,197.4,0.0,120.0,1,0.1352054794520548,0.0,0.0,0.6944444444444444,0.8296499238964992
2025-09-19,Cooking Oil,AI forecast + inventory policy,49.0,64.0,0.0,113.0,38.0,38.0,0.0,0,75.0,88.0,120.0,0.29333333333333333,88.0,1,0.08219178082191782,0.0,0.0,0.6944444444444444,0.7766362252663622
2025-09-19,Eggs,AI forecast + inventory policy,7.0,180.0,0.0,187.0,101.0,101.0,0.0,0,86.0,240.0,13.76,0.0,240.0,1,0.009424657534246575,0.0,0.0,0.6944444444444444,0.703869101978691
2025-09-19,Fries (Potatoes),AI forecast + inventory policy,67.0,540.0,0.0,607.0,294.0,294.0,0.0,0,313.0,480.0,93.89999999999999,0.0,480.0,1,0.06431506849315068,0.0,0.0,0.6944444444444444,0.7587595129375951
2025-09-19,Gluten-free Buns,AI forecast + inventory policy,23.0,12.0,0.0,35.0,0.0,0.0,0.0,0,35.0,24.0,19.25,1.3142857142857143,24.0,1,0.013184931506849316,0.0,0.0,0.6944444444444444,0.7076293759512937
2025-09-19,Lettuce,AI forecast + inventory policy,40.0,276.0,0.0,316.0,115.0,115.0,0.0,0,201.0,264.0,120.6,0.0,264.0,1,0.08260273972602739,0.0,0.0,0.6944444444444444,0.7770471841704718
2025-09-19,Milk,AI forecast + inventory policy,31.0,204.0,0.0,235.0,91.0,91.0,0.0,0,144.0,252.0,108.0,0.0,252.0,1,0.07397260273972601,0.0,0.0,0.6944444444444444,0.7684170471841705
2025-09-19,Mushrooms,AI forecast + inventory policy,21.0,120.0,0.0,141.0,58.0,58.0,0.0,0,83.0,150.0,45.650000000000006,0.0,150.0,1,0.031267123287671235,0.0,0.0,0.6944444444444444,0.7257115677321156
2025-09-19,Onions,AI forecast + inventory policy,22.0,160.0,0.0,182.0,82.0,82.0,0.0,0,100.0,200.0,25.0,0.0,200.0,1,0.017123287671232876,0.0,0.0,0.6944444444444444,0.7115677321156773
2025-09-19,Salmon Fillet,AI forecast + inventory policy,56.0,102.0,0.0,158.0,54.0,54.0,0.0,0,104.0,66.0,332.8,0.038461538461538464,66.0,1,0.22794520547945207,0.0,0.0,0.6944444444444444,0.9223896499238965
2025-09-19,Seasonal Berries,AI forecast + inventory policy,15.0,24.0,0.0,39.0,13.0,13.0,0.0,0,26.0,0.0,36.39999999999999,0.15384615384615385,0.0,1,0.02493150684931507,0.0,0.0,0.0,0.02493150684931507
2025-09-19,Soft Drinks,AI forecast + inventory policy,184.0,432.0,0.0,616.0,258.0,258.0,0.0,0,358.0,432.0,143.20000000000002,0.0,432.0,1,0.09808219178082193,0.0,0.0,0.6944444444444444,0.7925266362252663
2025-09-19,Tomatoes,AI forecast + inventory policy,33.0,264.0,0.0,297.0,125.0,125.0,0.0,0,172.0,264.0,77.4,0.0,264.0,1,0.05301369863013698,0.0,0.0,0.6944444444444444,0.7474581430745814
2025-09-19,Truffle Oil,AI forecast + inventory policy,21.0,10.0,0.0,31.0,12.0,12.0,0.0,0,19.0,4.0,161.5,0.9473684210526315,4.0,1,0.11061643835616439,0.0,0.0,0.6944444444444444,0.8050608828006088
2025-09-19,Vegan Cheese,AI forecast + inventory policy,40.0,12.0,0.0,52.0,18.0,18.0,0.0,0,34.0,0.0,22.1,1.2941176470588236,0.0,1,0.015136986301369865,0.0,0.0,0.0,0.015136986301369865
2025-09-20,Bacon,AI forecast + inventory policy,138.0,0.0,0.0,138.0,110.0,110.0,0.0,0,28.0,200.0,30.800000000000004,1.0,0.0,0,0.021095890410958905,0.0,0.0,0.0,0.021095890410958905
2025-09-20,Burger Buns,AI forecast + inventory policy,226.0,0.0,0.0,226.0,250.0,226.0,24.0,1,0.0,384.0,0.0,0.0,0.0,0,0.0,0.0,8.64,0.0,8.64
2025-09-20,Butter,AI forecast + inventory policy,79.0,0.0,0.0,79.0,51.0,51.0,0.0,0,28.0,132.0,26.599999999999998,1.0,0.0,0,0.01821917808219178,0.0,0.0,0.0,0.01821917808219178
2025-09-20,Cheese Slices,AI forecast + inventory policy,188.0,0.0,0.0,188.0,128.0,128.0,0.0,0,60.0,300.0,13.2,1.0,0.0,0,0.00904109589041096,0.0,0.0,0.0,0.00904109589041096
2025-09-20,Chicken Breast,AI forecast + inventory policy,175.0,0.0,0.0,175.0,127.0,127.0,0.0,0,48.0,400.0,86.4,1.0,0.0,0,0.05917808219178082,0.0,0.0,0.0,0.05917808219178082
2025-09-20,Coffee Beans,AI forecast + inventory policy,94.0,0.0,0.0,94.0,42.0,42.0,0.0,0,52.0,120.0,109.2,1.0,0.0,0,0.0747945205479452,0.0,0.0,0.0,0.0747945205479452
2025-09-20,Cooking Oil,AI forecast + inventory policy,75.0,0.0,0.0,75.0,26.0,26.0,0.0,0,49.0,88.0,78.4,1.0,0.0,0,0.05369863013698631,0.0,0.0,0.0,0.05369863013698631
2025-09-20,Eggs,AI forecast + inventory policy,86.0,0.0,0.0,86.0,94.0,86.0,8.0,1,0.0,240.0,0.0,0.0,0.0,0,0.0,0.0,2.56,0.0,2.56
2025-09-20,Fries (Potatoes),AI forecast + inventory policy,313.0,0.0,0.0,313.0,204.0,204.0,0.0,0,109.0,480.0,32.699999999999996,1.0,0.0,0,0.0223972602739726,0.0,0.0,0.0,0.0223972602739726
2025-09-20,Gluten-free Buns,AI forecast + inventory policy,35.0,0.0,23.0,12.0,22.0,12.0,10.0,1,0.0,24.0,0.0,0.0,0.0,0,0.0,13.8,11.0,0.0,24.8
2025-09-20,Lettuce,AI forecast + inventory policy,201.0,0.0,0.0,201.0,127.0,127.0,0.0,0,74.0,264.0,44.4,1.0,0.0,0,0.030410958904109588,0.0,0.0,0.0,0.030410958904109588
2025-09-20,Milk,AI forecast + inventory policy,144.0,0.0,0.0,144.0,106.0,106.0,0.0,0,38.0,252.0,28.5,1.0,0.0,0,0.01952054794520548,0.0,0.0,0.0,0.01952054794520548
2025-09-20,Mushrooms,AI forecast + inventory policy,83.0,0.0,0.0,83.0,50.0,50.0,0.0,0,33.0,150.0,18.150000000000002,1.0,0.0,0,0.012431506849315068,0.0,0.0,0.0,0.012431506849315068
2025-09-20,Onions,AI forecast + inventory policy,100.0,0.0,0.0,100.0,80.0,80.0,0.0,0,20.0,200.0,5.0,1.0,0.0,0,0.003424657534246575,0.0,0.0,0.0,0.003424657534246575
2025-09-20,Salmon Fillet,AI forecast + inventory policy,104.0,0.0,2.0,102.0,66.0,66.0,0.0,0,36.0,66.0,115.2,1.0,0.0,0,0.07890410958904111,6.5,0.0,0.0,6.5789041095890415
2025-09-20,Seasonal Berries,AI forecast + inventory policy,26.0,0.0,2.0,24.0,15.0,15.0,0.0,0,9.0,0.0,12.6,1.0,0.0,0,0.00863013698630137,2.9,0.0,0.0,2.9086301369863015
2025-09-20,Soft Drinks,AI forecast + inventory policy,358.0,0.0,0.0,358.0,239.0,239.0,0.0,0,119.0,432.0,47.6,1.0,0.0,0,0.032602739726027403,0.0,0.0,0.0,0.032602739726027403
2025-09-20,Tomatoes,AI forecast + inventory policy,172.0,0.0,0.0,172.0,110.0,110.0,0.0,0,62.0,264.0,27.900000000000002,1.0,0.0,0,0.01910958904109589,0.0,0.0,0.0,0.01910958904109589
2025-09-20,Truffle Oil,AI forecast + inventory policy,19.0,0.0,0.0,19.0,5.0,5.0,0.0,0,14.0,4.0,119.0,1.5714285714285714,0.0,0,0.08150684931506849,0.0,0.0,0.0,0.08150684931506849
2025-09-20,Vegan Cheese,AI forecast + inventory policy,34.0,0.0,0.0,34.0,0.0,0.0,0.0,0,34.0,0.0,22.1,2.2941176470588234,0.0,0,0.015136986301369865,0.0,0.0,0.0,0.015136986301369865
2025-09-21,Bacon,AI forecast + inventory policy,28.0,200.0,0.0,228.0,87.0,87.0,0.0,0,141.0,0.0,155.10000000000002,0.0,0.0,0,0.10623287671232877,0.0,0.0,0.0,0.10623287671232877
2025-09-21,Burger Buns,AI forecast + inventory policy,0.0,384.0,0.0,384.0,210.0,210.0,0.0,0,174.0,0.0,31.32,0.0,0.0,0,0.021452054794520548,0.0,0.0,0.0,0.021452054794520548
2025-09-21,Butter,AI forecast + inventory policy,28.0,132.0,0.0,160.0,46.0,46.0,0.0,0,114.0,0.0,108.3,0.0,0.0,0,0.07417808219178082,0.0,0.0,0.0,0.07417808219178082
2025-09-21,Cheese Slices,AI forecast + inventory policy,60.0,300.0,0.0,360.0,119.0,119.0,0.0,0,241.0,0.0,53.02,0.0,0.0,0,0.036315068493150686,0.0,0.0,0.0,0.036315068493150686
2025-09-21,Chicken Breast,AI forecast + inventory policy,48.0,400.0,0.0,448.0,195.0,195.0,0.0,0,253.0,0.0,455.40000000000003,0.0,0.0,0,0.3119178082191781,0.0,0.0,0.0,0.3119178082191781
2025-09-21,Coffee Beans,AI forecast + inventory policy,52.0,120.0,0.0,172.0,57.0,57.0,0.0,0,115.0,0.0,241.5,0.0,0.0,0,0.1654109589041096,0.0,0.0,0.0,0.1654109589041096
2025-09-21,Cooking Oil,AI forecast + inventory policy,49.0,88.0,0.0,137.0,57.0,57.0,0.0,0,80.0,0.0,128.0,0.0,0.0,0,0.08767123287671234,0.0,0.0,0.0,0.08767123287671234
2025-09-21,Eggs,AI forecast + inventory policy,0.0,240.0,0.0,240.0,86.0,86.0,0.0,0,154.0,0.0,24.64,0.0,0.0,0,0.016876712328767123,0.0,0.0,0.0,0.016876712328767123
2025-09-21,Fries (Potatoes),AI forecast + inventory policy,109.0,480.0,0.0,589.0,223.0,223.0,0.0,0,366.0,0.0,109.8,0.0,0.0,0,0.07520547945205479,0.0,0.0,0.0,0.07520547945205479
2025-09-21,Gluten-free Buns,AI forecast + inventory policy,0.0,24.0,0.0,24.0,0.0,0.0,0.0,0,24.0,0.0,13.200000000000001,0.0,0.0,0,0.00904109589041096,0.0,0.0,0.0,0.00904109589041096
2025-09-21,Lettuce,AI forecast + inventory policy,74.0,264.0,0.0,338.0,94.0,94.0,0.0,0,244.0,0.0,146.4,0.0,0.0,0,0.10027397260273972,0.0,0.0,0.0,0.10027397260273972
2025-09-21,Milk,AI forecast + inventory policy,38.0,252.0,0.0,290.0,102.0,102.0,0.0,0,188.0,0.0,141.0,0.0,0.0,0,0.09657534246575342,0.0,0.0,0.0,0.09657534246575342
2025-09-21,Mushrooms,AI forecast + inventory policy,33.0,150.0,0.0,183.0,60.0,60.0,0.0,0,123.0,0.0,67.65,0.0,0.0,0,0.04633561643835617,0.0,0.0,0.0,0.04633561643835617
2025-09-21,Onions,AI forecast + inventory policy,20.0,200.0,0.0,220.0,79.0,79.0,0.0,0,141.0,0.0,35.25,0.0,0.0,0,0.024143835616438358,0.0,0.0,0.0,0.024143835616438358
2025-09-21,Salmon Fillet,AI forecast + inventory policy,36.0,66.0,0.0,102.0,61.0,61.0,0.0,0,41.0,0.0,131.20000000000002,0.0,0.0,0,0.08986301369863015,0.0,0.0,0.0,0.08986301369863015
2025-09-21,Seasonal Berries,AI forecast + inventory policy,9.0,0.0,0.0,9.0,0.0,0.0,0.0,0,9.0,0.0,12.6,2.0,0.0,0,0.00863013698630137,0.0,0.0,0.0,0.00863013698630137
2025-09-21,Soft Drinks,AI forecast + inventory policy,119.0,432.0,0.0,551.0,161.0,161.0,0.0,0,390.0,0.0,156.0,0.0,0.0,0,0.10684931506849317,0.0,0.0,0.0,0.10684931506849317
2025-09-21,Tomatoes,AI forecast + inventory policy,62.0,264.0,0.0,326.0,93.0,93.0,0.0,0,233.0,0.0,104.85000000000001,0.0,0.0,0,0.07181506849315068,0.0,0.0,0.0,0.07181506849315068
2025-09-21,Truffle Oil,AI forecast + inventory policy,14.0,4.0,0.0,18.0,10.0,10.0,0.0,0,8.0,0.0,68.0,1.0,0.0,0,0.04657534246575343,0.0,0.0,0.0,0.04657534246575343
2025-09-21,Vegan Cheese,AI forecast + inventory policy,34.0,0.0,0.0,34.0,10.0,10.0,0.0,0,24.0,0.0,15.600000000000001,3.0,0.0,0,0.010684931506849316,0.0,0.0,0.0,0.010684931506849316
2025-09-22,Bacon,AI forecast + inventory policy,141.0,0.0,0.0,141.0,51.0,51.0,0.0,0,90.0,120.0,99.00000000000001,1.0,120.0,1,0.06780821917808219,0.0,0.0,0.625,0.6928082191780822
2025-09-22,Burger Buns,AI forecast + inventory policy,174.0,0.0,0.0,174.0,146.0,146.0,0.0,0,28.0,432.0,5.04,1.0,432.0,1,0.003452054794520548,0.0,0.0,0.625,0.6284520547945206
2025-09-22,Butter,AI forecast + inventory policy,114.0,0.0,0.0,114.0,0.0,0.0,0.0,0,114.0,60.0,108.3,1.0,60.0,1,0.07417808219178082,0.0,0.0,0.625,0.6991780821917808
2025-09-22,Cheese Slices,AI forecast + inventory policy,241.0,0.0,0.0,241.0,100.0,100.0,0.0,0,141.0,150.0,31.02,1.0,150.0,1,0.021246575342465754,0.0,0.0,0.625,0.6462465753424658
2025-09-22,Chicken Breast,AI forecast + inventory policy,253.0,0.0,0.0,253.0,95.0,95.0,0.0,0,158.0,180.0,284.40000000000003,1.0,180.0,1,0.1947945205479452,0.0,0.0,0.625,0.8197945205479452
2025-09-22,Coffee Beans,AI forecast + inventory policy,115.0,0.0,0.0,115.0,34.0,34.0,0.0,0,81.0,78.0,170.1,1.0,78.0,1,0.1165068493150685,0.0,0.0,0.625,0.7415068493150685
2025-09-22,Cooking Oil,AI forecast + inventory policy,80.0,0.0,0.0,80.0,27.0,27.0,0.0,0,53.0,64.0,84.80000000000001,1.0,64.0,1,0.058082191780821926,0.0,0.0,0.625,0.683082191780822
2025-09-22,Eggs,AI forecast + inventory policy,154.0,0.0,0.0,154.0,45.0,45.0,0.0,0,109.0,120.0,17.44,1.0,120.0,1,0.011945205479452055,0.0,0.0,0.625,0.6369452054794521
2025-09-22,Fries (Potatoes),AI forecast + inventory policy,366.0,0.0,0.0,366.0,128.0,128.0,0.0,0,238.0,240.0,71.39999999999999,1.0,240.0,1,0.048904109589041095,0.0,0.0,0.625,0.6739041095890411
2025-09-22,Gluten-free Buns,AI forecast + inventory policy,24.0,0.0,0.0,24.0,9.0,9.0,0.0,0,15.0,24.0,8.25,1.0,24.0,1,0.0056506849315068495,0.0,0.0,0.625,0.6306506849315069
2025-09-22,Lettuce,AI forecast + inventory policy,244.0,0.0,0.0,244.0,72.0,72.0,0.0,0,172.0,96.0,103.2,1.0,96.0,1,0.0706849315068493,0.0,0.0,0.625,0.6956849315068493
2025-09-22,Milk,AI forecast + inventory policy,188.0,0.0,0.0,188.0,74.0,74.0,0.0,0,114.0,192.0,85.5,1.0,192.0,1,0.058561643835616434,0.0,0.0,0.625,0.6835616438356165
2025-09-22,Mushrooms,AI forecast + inventory policy,123.0,0.0,0.0,123.0,45.0,45.0,0.0,0,78.0,80.0,42.900000000000006,1.0,80.0,1,0.02938356164383562,0.0,0.0,0.625,0.6543835616438356
2025-09-22,Onions,AI forecast + inventory policy,141.0,0.0,0.0,141.0,53.0,53.0,0.0,0,88.0,120.0,22.0,1.0,120.0,1,0.015068493150684932,0.0,0.0,0.625,0.6400684931506849
2025-09-22,Salmon Fillet,AI forecast + inventory policy,41.0,0.0,0.0,41.0,44.0,41.0,3.0,1,0.0,132.0,0.0,0.0,132.0,1,0.0,0.0,19.200000000000003,0.625,19.825000000000003
2025-09-22,Seasonal Berries,AI forecast + inventory policy,9.0,0.0,9.0,0.0,6.0,0.0,6.0,1,0.0,36.0,0.0,0.0,36.0,1,0.0,13.049999999999999,16.799999999999997,0.625,30.474999999999994
2025-09-22,Soft Drinks,AI forecast + inventory policy,390.0,0.0,0.0,390.0,150.0,150.0,0.0,0,240.0,216.0,96.0,1.0,216.0,1,0.06575342465753425,0.0,0.0,0.625,0.6907534246575342
2025-09-22,Tomatoes,AI forecast + inventory policy,233.0,0.0,0.0,233.0,79.0,79.0,0.0,0,154.0,156.0,69.3,1.0,156.0,1,0.04746575342465753,0.0,0.0,0.625,0.6724657534246575
2025-09-22,Truffle Oil,AI forecast + inventory policy,8.0,0.0,0.0,8.0,0.0,0.0,0.0,0,8.0,24.0,68.0,2.0,24.0,1,0.04657534246575343,0.0,0.0,0.625,0.6715753424657535
2025-09-22,Vegan Cheese,AI forecast + inventory policy,24.0,0.0,0.0,24.0,6.0,6.0,0.0,0,18.0,24.0,11.700000000000001,3.6666666666666665,24.0,1,0.008013698630136987,0.0,0.0,0.625,0.633013698630137
2025-09-23,Bacon,AI forecast + inventory policy,90.0,0.0,0.0,90.0,58.0,58.0,0.0,0,32.0,120.0,35.2,2.0,0.0,0,0.02410958904109589,0.0,0.0,0.0,0.02410958904109589
2025-09-23,Burger Buns,AI forecast + inventory policy,28.0,0.0,0.0,28.0,117.0,28.0,89.0,1,0.0,432.0,0.0,0.0,0.0,0,0.0,0.0,32.04,0.0,32.04
2025-09-23,Butter,AI forecast + inventory policy,114.0,0.0,0.0,114.0,31.0,31.0,0.0,0,83.0,60.0,78.85,2.0,0.0,0,0.054006849315068495,0.0,0.0,0.0,0.054006849315068495
2025-09-23,Cheese Slices,AI forecast + inventory policy,141.0,0.0,0.0,141.0,109.0,109.0,0.0,0,32.0,150.0,7.04,2.0,0.0,0,0.004821917808219178,0.0,0.0,0.0,0.004821917808219178
2025-09-23,Chicken Breast,AI forecast + inventory policy,158.0,0.0,0.0,158.0,86.0,86.0,0.0,0,72.0,180.0,129.6,2.0,0.0,0,0.08876712328767122,0.0,0.0,0.0,0.08876712328767122
2025-09-23,Coffee Beans,AI forecast + inventory policy,81.0,0.0,0.0,81.0,29.0,29.0,0.0,0,52.0,78.0,109.2,2.0,0.0,0,0.0747945205479452,0.0,0.0,0.0,0.0747945205479452
2025-09-23,Cooking Oil,AI forecast + inventory policy,53.0,0.0,0.0,53.0,24.0,24.0,0.0,0,29.0,64.0,46.400000000000006,2.0,0.0,0,0.031780821917808226,0.0,0.0,0.0,0.031780821917808226
2025-09-23,Eggs,AI forecast + inventory policy,109.0,0.0,0.0,109.0,76.0,76.0,0.0,0,33.0,120.0,5.28,2.0,0.0,0,0.0036164383561643836,0.0,0.0,0.0,0.0036164383561643836
2025-09-23,Fries (Potatoes),AI forecast + inventory policy,238.0,0.0,0.0,238.0,120.0,120.0,0.0,0,118.0,240.0,35.4,2.0,0.0,0,0.024246575342465753,0.0,0.0,0.0,0.024246575342465753
2025-09-23,Gluten-free Buns,AI forecast + inventory policy,15.0,0.0,0.0,15.0,0.0,0.0,0.0,0,15.0,24.0,8.25,2.0,0.0,0,0.0056506849315068495,0.0,0.0,0.0,0.0056506849315068495
2025-09-23,Lettuce,AI forecast + inventory policy,172.0,0.0,0.0,172.0,85.0,85.0,0.0,0,87.0,96.0,52.199999999999996,2.0,0.0,0,0.03575342465753424,0.0,0.0,0.0,0.03575342465753424
2025-09-23,Milk,AI forecast + inventory policy,114.0,0.0,0.0,114.0,68.0,68.0,0.0,0,46.0,192.0,34.5,2.0,0.0,0,0.023630136986301366,0.0,0.0,0.0,0.023630136986301366
2025-09-23,Mushrooms,AI forecast + inventory policy,78.0,0.0,0.0,78.0,35.0,35.0,0.0,0,43.0,80.0,23.650000000000002,2.0,0.0,0,0.016198630136986303,0.0,0.0,0.0,0.016198630136986303
2025-09-23,Onions,AI forecast + inventory policy,88.0,0.0,0.0,88.0,60.0,60.0,0.0,0,28.0,120.0,7.0,2.0,0.0,0,0.004794520547945206,0.0,0.0,0.0,0.004794520547945206
2025-09-23,Salmon Fillet,AI forecast + inventory policy,0.0,0.0,0.0,0.0,28.0,0.0,28.0,1,0.0,132.0,0.0,0.0,0.0,0,0.0,0.0,179.20000000000002,0.0,179.20000000000002
2025-09-23,Seasonal Berries,AI forecast + inventory policy,0.0,0.0,0.0,0.0,0.0,0.0,0.0,0,0.0,36.0,0.0,0.0,0.0,0,0.0,0.0,0.0,0.0,0.0
2025-09-23,Soft Drinks,AI forecast + inventory policy,240.0,0.0,0.0,240.0,151.0,151.0,0.0,0,89.0,216.0,35.6,2.0,0.0,0,0.02438356164383562,0.0,0.0,0.0,0.02438356164383562
2025-09-23,Tomatoes,AI forecast + inventory policy,154.0,0.0,0.0,154.0,78.0,78.0,0.0,0,76.0,156.0,34.2,2.0,0.0,0,0.023424657534246576,0.0,0.0,0.0,0.023424657534246576
2025-09-23,Truffle Oil,AI forecast + inventory policy,8.0,0.0,0.0,8.0,0.0,0.0,0.0,0,8.0,24.0,68.0,3.0,0.0,0,0.04657534246575343,0.0,0.0,0.0,0.04657534246575343
2025-09-23,Vegan Cheese,AI forecast + inventory policy,18.0,0.0,0.0,18.0,12.0,12.0,0.0,0,6.0,24.0,3.9000000000000004,4.0,0.0,0,0.002671232876712329,0.0,0.0,0.0,0.002671232876712329
2025-09-24,Bacon,AI forecast + inventory policy,32.0,120.0,0.0,152.0,66.0,66.0,0.0,0,86.0,150.0,94.60000000000001,0.0,150.0,1,0.06479452054794521,0.0,0.0,0.6944444444444444,0.7592389649923896
2025-09-24,Burger Buns,AI forecast + inventory policy,0.0,432.0,0.0,432.0,168.0,168.0,0.0,0,264.0,288.0,47.519999999999996,0.0,288.0,1,0.03254794520547945,0.0,0.0,0.6944444444444444,0.7269923896499239
2025-09-24,Butter,AI forecast + inventory policy,83.0,60.0,0.0,143.0,49.0,49.0,0.0,0,94.0,72.0,89.3,1.0851063829787233,72.0,1,0.06116438356164384,0.0,0.0,0.6944444444444444,0.7556088280060883
2025-09-24,Cheese Slices,AI forecast + inventory policy,32.0,150.0,0.0,182.0,79.0,79.0,0.0,0,103.0,300.0,22.66,0.0,300.0,1,0.01552054794520548,0.0,0.0,0.6944444444444444,0.7099649923896499
2025-09-24,Chicken Breast,AI forecast + inventory policy,72.0,180.0,0.0,252.0,104.0,104.0,0.0,0,148.0,260.0,266.40000000000003,0.0,260.0,1,0.18246575342465754,0.0,0.0,0.6944444444444444,0.876910197869102
2025-09-24,Coffee Beans,AI forecast + inventory policy,52.0,78.0,0.0,130.0,49.0,49.0,0.0,0,81.0,78.0,170.10000000000002,0.1111111111111111,78.0,1,0.1165068493150685,0.0,0.0,0.6944444444444444,0.8109512937595129
2025-09-24,Cooking Oil,AI forecast + inventory policy,29.0,64.0,0.0,93.0,17.0,17.0,0.0,0,76.0,64.0,121.60000000000001,0.47368421052631576,64.0,1,0.08328767123287673,0.0,0.0,0.6944444444444444,0.7777321156773211
2025-09-24,Eggs,AI forecast + inventory policy,33.0,120.0,0.0,153.0,53.0,53.0,0.0,0,100.0,210.0,16.0,0.0,210.0,1,0.010958904109589041,0.0,0.0,0.6944444444444444,0.7054033485540334
2025-09-24,Fries (Potatoes),AI forecast + inventory policy,118.0,240.0,0.0,358.0,144.0,144.0,0.0,0,214.0,420.0,64.2,0.0,420.0,1,0.04397260273972602,0.0,0.0,0.6944444444444444,0.7384170471841704
2025-09-24,Gluten-free Buns,AI forecast + inventory policy,15.0,24.0,15.0,24.0,16.0,16.0,0.0,0,8.0,24.0,4.4,0.0,24.0,1,0.0030136986301369864,9.0,0.0,0.6944444444444444,9.69745814307458
2025-09-24,Lettuce,AI forecast + inventory policy,87.0,96.0,0.0,183.0,78.0,78.0,0.0,0,105.0,216.0,62.99999999999999,0.2571428571428571,216.0,1,0.043150684931506846,0.0,0.0,0.6944444444444444,0.7375951293759513
2025-09-24,Milk,AI forecast + inventory policy,46.0,192.0,0.0,238.0,95.0,95.0,0.0,0,143.0,216.0,107.25,0.0,216.0,1,0.07345890410958904,0.0,0.0,0.6944444444444444,0.7679033485540334
2025-09-24,Mushrooms,AI forecast + inventory policy,43.0,80.0,0.0,123.0,44.0,44.0,0.0,0,79.0,120.0,43.45,0.0,120.0,1,0.02976027397260274,0.0,0.0,0.6944444444444444,0.7242047184170471
2025-09-24,Onions,AI forecast + inventory policy,28.0,120.0,0.0,148.0,62.0,62.0,0.0,0,86.0,160.0,21.5,0.0,160.0,1,0.014726027397260274,0.0,0.0,0.6944444444444444,0.7091704718417047
2025-09-24,Salmon Fillet,AI forecast + inventory policy,0.0,132.0,0.0,132.0,46.0,46.0,0.0,0,86.0,78.0,275.2,0.0,78.0,1,0.18849315068493153,0.0,0.0,0.6944444444444444,0.882937595129376
2025-09-24,Seasonal Berries,AI forecast + inventory policy,0.0,36.0,0.0,36.0,0.0,0.0,0.0,0,36.0,0.0,50.4,0.0,0.0,1,0.03452054794520548,0.0,0.0,0.0,0.03452054794520548
2025-09-24,Soft Drinks,AI forecast + inventory policy,89.0,216.0,0.0,305.0,115.0,115.0,0.0,0,190.0,432.0,76.0,0.0,432.0,1,0.05205479452054795,0.0,0.0,0.6944444444444444,0.7464992389649924
2025-09-24,Tomatoes,AI forecast + inventory policy,76.0,156.0,0.0,232.0,96.0,96.0,0.0,0,136.0,216.0,61.2,0.0,216.0,1,0.04191780821917808,0.0,0.0,0.6944444444444444,0.7363622526636225
2025-09-24,Truffle Oil,AI forecast + inventory policy,8.0,24.0,0.0,32.0,0.0,0.0,0.0,0,32.0,0.0,272.0,1.0,0.0,1,0.1863013698630137,0.0,0.0,0.0,0.1863013698630137
2025-09-24,Vegan Cheese,AI forecast + inventory policy,6.0,24.0,0.0,30.0,9.0,9.0,0.0,0,21.0,12.0,13.65,0.0,12.0,1,0.00934931506849315,0.0,0.0,0.6944444444444444,0.7037937595129375
2025-09-25,Bacon,AI forecast + inventory policy,86.0,0.0,0.0,86.0,43.0,43.0,0.0,0,43.0,150.0,47.300000000000004,1.0,0.0,0,0.032397260273972606,0.0,0.0,0.0,0.032397260273972606
2025-09-25,Burger Buns,AI forecast + inventory policy,264.0,0.0,0.0,264.0,113.0,113.0,0.0,0,151.0,288.0,27.18,1.0,0.0,0,0.018616438356164382,0.0,0.0,0.0,0.018616438356164382
2025-09-25,Butter,AI forecast + inventory policy,94.0,0.0,0.0,94.0,38.0,38.0,0.0,0,56.0,72.0,53.199999999999996,1.0,0.0,0,0.03643835616438356,0.0,0.0,0.0,0.03643835616438356
2025-09-25,Cheese Slices,AI forecast + inventory policy,103.0,0.0,0.0,103.0,100.0,100.0,0.0,0,3.0,300.0,0.66,1.0,0.0,0,0.000452054794520548,0.0,0.0,0.0,0.000452054794520548
2025-09-25,Chicken Breast,AI forecast + inventory policy,148.0,0.0,0.0,148.0,90.0,90.0,0.0,0,58.0,260.0,104.4,1.0,0.0,0,0.0715068493150685,0.0,0.0,0.0,0.0715068493150685
2025-09-25,Coffee Beans,AI forecast + inventory policy,81.0,0.0,0.0,81.0,41.0,41.0,0.0,0,40.0,78.0,84.0,1.0,0.0,0,0.057534246575342465,0.0,0.0,0.0,0.057534246575342465
2025-09-25,Cooking Oil,AI forecast + inventory policy,76.0,0.0,0.0,76.0,18.0,18.0,0.0,0,58.0,64.0,92.80000000000001,1.0,0.0,0,0.06356164383561645,0.0,0.0,0.0,0.06356164383561645
2025-09-25,Eggs,AI forecast + inventory policy,100.0,0.0,0.0,100.0,62.0,62.0,0.0,0,38.0,210.0,6.08,1.0,0.0,0,0.004164383561643835,0.0,0.0,0.0,0.004164383561643835
2025-09-25,Fries (Potatoes),AI forecast + inventory policy,214.0,0.0,0.0,214.0,142.0,142.0,0.0,0,72.0,420.0,21.599999999999998,1.0,0.0,0,0.014794520547945205,0.0,0.0,0.0,0.014794520547945205
2025-09-25,Gluten-free Buns,AI forecast + inventory policy,8.0,0.0,0.0,8.0,15.0,8.0,7.0,1,0.0,24.0,0.0,0.0,0.0,0,0.0,0.0,7.700000000000001,0.0,7.700000000000001
2025-09-25,Lettuce,AI forecast + inventory policy,105.0,0.0,9.0,96.0,64.0,64.0,0.0,0,32.0,216.0,19.2,1.0,0.0,0,0.013150684931506848,5.85,0.0,0.0,5.863150684931506
2025-09-25,Milk,AI forecast + inventory policy,143.0,0.0,0.0,143.0,109.0,109.0,0.0,0,34.0,216.0,25.5,1.0,0.0,0,0.017465753424657532,0.0,0.0,0.0,0.017465753424657532
2025-09-25,Mushrooms,AI forecast + inventory policy,79.0,0.0,0.0,79.0,38.0,38.0,0.0,0,41.0,120.0,22.55,1.0,0.0,0,0.015445205479452054,0.0,0.0,0.0,0.015445205479452054
2025-09-25,Onions,AI forecast + inventory policy,86.0,0.0,0.0,86.0,73.0,73.0,0.0,0,13.0,160.0,3.25,1.0,0.0,0,0.002226027397260274,0.0,0.0,0.0,0.002226027397260274
2025-09-25,Salmon Fillet,AI forecast + inventory policy,86.0,0.0,0.0,86.0,40.0,40.0,0.0,0,46.0,78.0,147.20000000000002,1.0,0.0,0,0.1008219178082192,0.0,0.0,0.0,0.1008219178082192
2025-09-25,Seasonal Berries,AI forecast + inventory policy,36.0,0.0,0.0,36.0,6.0,6.0,0.0,0,30.0,0.0,42.0,1.0,0.0,0,0.028767123287671233,0.0,0.0,0.0,0.028767123287671233
2025-09-25,Soft Drinks,AI forecast + inventory policy,190.0,0.0,0.0,190.0,118.0,118.0,0.0,0,72.0,432.0,28.8,1.0,0.0,0,0.019726027397260277,0.0,0.0,0.0,0.019726027397260277
2025-09-25,Tomatoes,AI forecast + inventory policy,136.0,0.0,0.0,136.0,74.0,74.0,0.0,0,62.0,216.0,27.900000000000002,1.0,0.0,0,0.01910958904109589,0.0,0.0,0.0,0.01910958904109589
2025-09-25,Truffle Oil,AI forecast + inventory policy,32.0,0.0,0.0,32.0,5.0,5.0,0.0,0,27.0,0.0,229.5,1.3333333333333333,0.0,0,0.15719178082191781,0.0,0.0,0.0,0.15719178082191781
2025-09-25,Vegan Cheese,AI forecast + inventory policy,21.0,0.0,0.0,21.0,0.0,0.0,0.0,0,21.0,12.0,13.65,1.0,0.0,0,0.00934931506849315,0.0,0.0,0.0,0.00934931506849315
2025-09-26,Bacon,AI forecast + inventory policy,43.0,150.0,0.0,193.0,73.0,73.0,0.0,0,120.0,170.0,132.0,0.0,170.0,1,0.09041095890410959,0.0,0.0,0.6578947368421053,0.7483056957462149
2025-09-26,Burger Buns,AI forecast + inventory policy,151.0,288.0,0.0,439.0,176.0,176.0,0.0,0,263.0,336.0,47.339999999999996,0.0,336.0,1,0.03242465753424657,0.0,0.0,0.6578947368421053,0.6903193943763519
2025-09-26,Butter,AI forecast + inventory policy,56.0,72.0,0.0,128.0,48.0,48.0,0.0,0,80.0,132.0,75.99999999999999,0.2,132.0,1,0.052054794520547946,0.0,0.0,0.6578947368421053,0.7099495313626533
2025-09-26,Cheese Slices,AI forecast + inventory policy,3.0,300.0,0.0,303.0,126.0,126.0,0.0,0,177.0,250.0,38.94,0.0,250.0,1,0.02667123287671233,0.0,0.0,0.6578947368421053,0.6845659697188177
2025-09-26,Chicken Breast,AI forecast + inventory policy,58.0,260.0,0.0,318.0,132.0,132.0,0.0,0,186.0,330.0,334.8,0.0,330.0,1,0.22931506849315067,0.0,0.0,0.6578947368421053,0.887209805335256
2025-09-26,Coffee Beans,AI forecast + inventory policy,40.0,78.0,0.0,118.0,52.0,52.0,0.0,0,66.0,144.0,138.6,0.0,144.0,1,0.09493150684931508,0.0,0.0,0.6578947368421053,0.7528262436914204
2025-09-26,Cooking Oil,AI forecast + inventory policy,58.0,64.0,0.0,122.0,39.0,39.0,0.0,0,83.0,80.0,132.8,0.4578313253012048,80.0,1,0.09095890410958905,0.0,0.0,0.6578947368421053,0.7488536409516944
2025-09-26,Eggs,AI forecast + inventory policy,38.0,210.0,0.0,248.0,56.0,56.0,0.0,0,192.0,210.0,30.72,0.0,210.0,1,0.02104109589041096,0.0,0.0,0.6578947368421053,0.6789358327325162
2025-09-26,Fries (Potatoes),AI forecast + inventory policy,72.0,420.0,0.0,492.0,215.0,215.0,0.0,0,277.0,440.0,83.1,0.0,440.0,1,0.05691780821917808,0.0,0.0,0.6578947368421053,0.7148125450612834
2025-09-26,Gluten-free Buns,AI forecast + inventory policy,0.0,24.0,0.0,24.0,15.0,15.0,0.0,0,9.0,24.0,4.95,0.0,24.0,1,0.0033904109589041097,0.0,0.0,0.6578947368421053,0.6612851478010094
2025-09-26,Lettuce,AI forecast + inventory policy,32.0,216.0,0.0,248.0,117.0,117.0,0.0,0,131.0,276.0,78.6,0.0,276.0,1,0.05383561643835616,0.0,0.0,0.6578947368421053,0.7117303532804615
2025-09-26,Milk,AI forecast + inventory policy,34.0,216.0,0.0,250.0,126.0,126.0,0.0,0,124.0,264.0,93.0,0.0,264.0,1,0.06369863013698629,0.0,0.0,0.6578947368421053,0.7215933669790916
2025-09-26,Mushrooms,AI forecast + inventory policy,41.0,120.0,0.0,161.0,83.0,83.0,0.0,0,78.0,140.0,42.900000000000006,0.0,140.0,1,0.02938356164383562,0.0,0.0,0.6578947368421053,0.6872782984859409
2025-09-26,Onions,AI forecast + inventory policy,13.0,160.0,0.0,173.0,69.0,69.0,0.0,0,104.0,200.0,26.0,0.0,200.0,1,0.01780821917808219,0.0,0.0,0.6578947368421053,0.6757029560201875
2025-09-26,Salmon Fillet,AI forecast + inventory policy,46.0,78.0,0.0,124.0,57.0,57.0,0.0,0,67.0,90.0,214.4,0.0,90.0,1,0.14684931506849316,0.0,0.0,0.6578947368421053,0.8047440519105985
2025-09-26,Seasonal Berries,AI forecast + inventory policy,30.0,0.0,0.0,30.0,0.0,0.0,0.0,0,30.0,0.0,42.0,2.0,0.0,1,0.028767123287671233,0.0,0.0,0.0,0.028767123287671233
2025-09-26,Soft Drinks,AI forecast + inventory policy,72.0,432.0,0.0,504.0,183.0,183.0,0.0,0,321.0,384.0,128.4,0.0,384.0,1,0.08794520547945206,0.0,0.0,0.6578947368421053,0.7458399423215574
2025-09-26,Tomatoes,AI forecast + inventory policy,62.0,216.0,0.0,278.0,125.0,125.0,0.0,0,153.0,240.0,68.85000000000001,0.0,240.0,1,0.047157534246575344,0.0,0.0,0.6578947368421053,0.7050522710886806
2025-09-26,Truffle Oil,AI forecast + inventory policy,27.0,0.0,0.0,27.0,14.0,14.0,0.0,0,13.0,8.0,110.5,2.0,8.0,1,0.07568493150684932,0.0,0.0,0.6578947368421053,0.7335796683489546
2025-09-26,Vegan Cheese,AI forecast + inventory policy,21.0,12.0,0.0,33.0,15.0,15.0,0.0,0,18.0,24.0,11.700000000000001,0.6666666666666666,24.0,1,0.008013698630136987,0.0,0.0,0.6578947368421053,0.6659084354722423
2025-09-27,Bacon,AI forecast + inventory policy,120.0,0.0,0.0,120.0,82.0,82.0,0.0,0,38.0,170.0,41.800000000000004,1.0,0.0,0,0.02863013698630137,0.0,0.0,0.0,0.02863013698630137
2025-09-27,Burger Buns,AI forecast + inventory policy,263.0,0.0,0.0,263.0,196.0,196.0,0.0,0,67.0,336.0,12.059999999999999,1.0,0.0,0,0.00826027397260274,0.0,0.0,0.0,0.00826027397260274
2025-09-27,Butter,AI forecast + inventory policy,80.0,0.0,0.0,80.0,63.0,63.0,0.0,0,17.0,132.0,16.15,1.0,0.0,0,0.011061643835616438,0.0,0.0,0.0,0.011061643835616438
2025-09-27,Cheese Slices,AI forecast + inventory policy,177.0,0.0,0.0,177.0,111.0,111.0,0.0,0,66.0,250.0,14.52,1.0,0.0,0,0.009945205479452055,0.0,0.0,0.0,0.009945205479452055
2025-09-27,Chicken Breast,AI forecast + inventory policy,186.0,0.0,0.0,186.0,144.0,144.0,0.0,0,42.0,330.0,75.60000000000001,1.0,0.0,0,0.051780821917808216,0.0,0.0,0.0,0.051780821917808216
2025-09-27,Coffee Beans,AI forecast + inventory policy,66.0,0.0,0.0,66.0,49.0,49.0,0.0,0,17.0,144.0,35.7,1.0,0.0,0,0.024452054794520547,0.0,0.0,0.0,0.024452054794520547
2025-09-27,Cooking Oil,AI forecast + inventory policy,83.0,0.0,0.0,83.0,33.0,33.0,0.0,0,50.0,80.0,80.0,1.0,0.0,0,0.05479452054794521,0.0,0.0,0.0,0.05479452054794521
2025-09-27,Eggs,AI forecast + inventory policy,192.0,0.0,0.0,192.0,111.0,111.0,0.0,0,81.0,210.0,12.96,1.0,0.0,0,0.008876712328767123,0.0,0.0,0.0,0.008876712328767123
2025-09-27,Fries (Potatoes),AI forecast + inventory policy,277.0,0.0,0.0,277.0,209.0,209.0,0.0,0,68.0,440.0,20.4,1.0,0.0,0,0.013972602739726026,0.0,0.0,0.0,0.013972602739726026
2025-09-27,Gluten-free Buns,AI forecast + inventory policy,9.0,0.0,0.0,9.0,0.0,0.0,0.0,0,9.0,24.0,4.95,1.0,0.0,0,0.0033904109589041097,0.0,0.0,0.0,0.0033904109589041097
2025-09-27,Lettuce,AI forecast + inventory policy,131.0,0.0,0.0,131.0,114.0,114.0,0.0,0,17.0,276.0,10.2,1.0,0.0,0,0.006986301369863013,0.0,0.0,0.0,0.006986301369863013
2025-09-27,Milk,AI forecast + inventory policy,124.0,0.0,0.0,124.0,110.0,110.0,0.0,0,14.0,264.0,10.5,1.0,0.0,0,0.007191780821917807,0.0,0.0,0.0,0.007191780821917807
2025-09-27,Mushrooms,AI forecast + inventory policy,78.0,0.0,0.0,78.0,58.0,58.0,0.0,0,20.0,140.0,11.0,1.0,0.0,0,0.007534246575342466,0.0,0.0,0.0,0.007534246575342466
2025-09-27,Onions,AI forecast + inventory policy,104.0,0.0,0.0,104.0,86.0,86.0,0.0,0,18.0,200.0,4.5,1.0,0.0,0,0.0030821917808219177,0.0,0.0,0.0,0.0030821917808219177
2025-09-27,Salmon Fillet,AI forecast + inventory policy,67.0,0.0,0.0,67.0,63.0,63.0,0.0,0,4.0,90.0,12.8,1.0,0.0,0,0.008767123287671234,0.0,0.0,0.0,0.008767123287671234
2025-09-27,Seasonal Berries,AI forecast + inventory policy,30.0,0.0,30.0,0.0,0.0,0.0,0.0,0,0.0,0.0,0.0,0.0,0.0,0,0.0,43.5,0.0,0.0,43.5
2025-09-27,Soft Drinks,AI forecast + inventory policy,321.0,0.0,0.0,321.0,194.0,194.0,0.0,0,127.0,384.0,50.800000000000004,1.0,0.0,0,0.03479452054794521,0.0,0.0,0.0,0.03479452054794521
2025-09-27,Tomatoes,AI forecast + inventory policy,153.0,0.0,0.0,153.0,101.0,101.0,0.0,0,52.0,240.0,23.400000000000002,1.0,0.0,0,0.01602739726027397,0.0,0.0,0.0,0.01602739726027397
2025-09-27,Truffle Oil,AI forecast + inventory policy,13.0,0.0,0.0,13.0,14.0,13.0,1.0,1,0.0,8.0,0.0,0.0,0.0,0,0.0,0.0,17.0,0.0,17.0
2025-09-27,Vegan Cheese,AI forecast + inventory policy,18.0,0.0,0.0,18.0,0.0,0.0,0.0,0,18.0,24.0,11.700000000000001,1.6666666666666667,0.0,0,0.008013698630136987,0.0,0.0,0.0,0.008013698630136987
2025-09-28,Bacon,AI forecast + inventory policy,38.0,170.0,0.0,208.0,72.0,72.0,0.0,0,136.0,0.0,149.60000000000002,0.0,0.0,0,0.10246575342465754,0.0,0.0,0.0,0.10246575342465754
2025-09-28,Burger Buns,AI forecast + inventory policy,67.0,336.0,0.0,403.0,215.0,215.0,0.0,0,188.0,0.0,33.839999999999996,0.0,0.0,0,0.023178082191780823,0.0,0.0,0.0,0.023178082191780823
2025-09-28,Butter,AI forecast + inventory policy,17.0,132.0,0.0,149.0,55.0,55.0,0.0,0,94.0,0.0,89.3,0.0,0.0,0,0.06116438356164384,0.0,0.0,0.0,0.06116438356164384
2025-09-28,Cheese Slices,AI forecast + inventory policy,66.0,250.0,0.0,316.0,123.0,123.0,0.0,0,193.0,0.0,42.46,0.0,0.0,0,0.02908219178082192,0.0,0.0,0.0,0.02908219178082192
2025-09-28,Chicken Breast,AI forecast + inventory policy,42.0,330.0,0.0,372.0,132.0,132.0,0.0,0,240.0,0.0,432.0,0.0,0.0,0,0.2958904109589041,0.0,0.0,0.0,0.2958904109589041
2025-09-28,Coffee Beans,AI forecast + inventory policy,17.0,144.0,0.0,161.0,49.0,49.0,0.0,0,112.0,0.0,235.20000000000002,0.0,0.0,0,0.1610958904109589,0.0,0.0,0.0,0.1610958904109589
2025-09-28,Cooking Oil,AI forecast + inventory policy,50.0,80.0,0.0,130.0,47.0,47.0,0.0,0,83.0,0.0,132.8,0.07228915662650602,0.0,0,0.09095890410958905,0.0,0.0,0.0,0.09095890410958905
2025-09-28,Eggs,AI forecast + inventory policy,81.0,210.0,0.0,291.0,77.0,77.0,0.0,0,214.0,0.0,34.24,0.037383177570093455,0.0,0,0.02345205479452055,0.0,0.0,0.0,0.02345205479452055
2025-09-28,Fries (Potatoes),AI forecast + inventory policy,68.0,440.0,0.0,508.0,225.0,225.0,0.0,0,283.0,0.0,84.89999999999999,0.0,0.0,0,0.058150684931506845,0.0,0.0,0.0,0.058150684931506845
2025-09-28,Gluten-free Buns,AI forecast + inventory policy,9.0,24.0,0.0,33.0,0.0,0.0,0.0,0,33.0,0.0,18.150000000000002,0.5454545454545454,0.0,0,0.012431506849315068,0.0,0.0,0.0,0.012431506849315068
2025-09-28,Lettuce,AI forecast + inventory policy,17.0,276.0,0.0,293.0,145.0,145.0,0.0,0,148.0,0.0,88.8,0.0,0.0,0,0.060821917808219175,0.0,0.0,0.0,0.060821917808219175
2025-09-28,Milk,AI forecast + inventory policy,14.0,264.0,0.0,278.0,78.0,78.0,0.0,0,200.0,0.0,150.0,0.0,0.0,0,0.10273972602739725,0.0,0.0,0.0,0.10273972602739725
2025-09-28,Mushrooms,AI forecast + inventory policy,20.0,140.0,0.0,160.0,82.0,82.0,0.0,0,78.0,0.0,42.900000000000006,0.0,0.0,0,0.02938356164383562,0.0,0.0,0.0,0.02938356164383562
2025-09-28,Onions,AI forecast + inventory policy,18.0,200.0,0.0,218.0,75.0,75.0,0.0,0,143.0,0.0,35.75,0.0,0.0,0,0.024486301369863014,0.0,0.0,0.0,0.024486301369863014
2025-09-28,Salmon Fillet,AI forecast + inventory policy,4.0,90.0,0.0,94.0,55.0,55.0,0.0,0,39.0,0.0,124.80000000000001,0.0,0.0,0,0.08547945205479453,0.0,0.0,0.0,0.08547945205479453
2025-09-28,Seasonal Berries,AI forecast + inventory policy,0.0,0.0,0.0,0.0,9.0,0.0,9.0,1,0.0,0.0,0.0,0.0,0.0,0,0.0,0.0,25.2,0.0,25.2
2025-09-28,Soft Drinks,AI forecast + inventory policy,127.0,384.0,0.0,511.0,210.0,210.0,0.0,0,301.0,0.0,120.4,0.0,0.0,0,0.08246575342465755,0.0,0.0,0.0,0.08246575342465755
2025-09-28,Tomatoes,AI forecast + inventory policy,52.0,240.0,0.0,292.0,122.0,122.0,0.0,0,170.0,0.0,76.5,0.0,0.0,0,0.0523972602739726,0.0,0.0,0.0,0.0523972602739726
2025-09-28,Truffle Oil,AI forecast + inventory policy,0.0,8.0,0.0,8.0,7.0,7.0,0.0,0,1.0,0.0,8.5,0.0,0.0,0,0.0058219178082191785,0.0,0.0,0.0,0.0058219178082191785
2025-09-28,Vegan Cheese,AI forecast + inventory policy,18.0,24.0,0.0,42.0,10.0,10.0,0.0,0,32.0,0.0,20.8,0.5,0.0,0,0.014246575342465755,0.0,0.0,0.0,0.014246575342465755
2025-09-29,Bacon,AI forecast + inventory policy,136.0,0.0,0.0,136.0,52.0,52.0,0.0,0,84.0,110.0,92.4,1.0,110.0,1,0.06328767123287671,0.0,0.0,0.625,0.6882876712328767
2025-09-29,Burger Buns,AI forecast + inventory policy,188.0,0.0,0.0,188.0,120.0,120.0,0.0,0,68.0,384.0,12.24,1.0,384.0,1,0.008383561643835616,0.0,0.0,0.625,0.6333835616438356
2025-09-29,Butter,AI forecast + inventory policy,94.0,0.0,0.0,94.0,53.0,53.0,0.0,0,41.0,96.0,38.949999999999996,1.0,96.0,1,0.026678082191780823,0.0,0.0,0.625,0.6516780821917808
2025-09-29,Cheese Slices,AI forecast + inventory policy,193.0,0.0,0.0,193.0,78.0,78.0,0.0,0,115.0,150.0,25.3,1.0,150.0,1,0.017328767123287674,0.0,0.0,0.625,0.6423287671232877
2025-09-29,Chicken Breast,AI forecast + inventory policy,240.0,0.0,0.0,240.0,80.0,80.0,0.0,0,160.0,150.0,288.0,1.0,150.0,1,0.19726027397260273,0.0,0.0,0.625,0.8222602739726027
2025-09-29,Coffee Beans,AI forecast + inventory policy,112.0,0.0,0.0,112.0,46.0,46.0,0.0,0,66.0,90.0,138.6,1.0,90.0,1,0.09493150684931508,0.0,0.0,0.625,0.7199315068493151
2025-09-29,Cooking Oil,AI forecast + inventory policy,83.0,0.0,0.0,83.0,23.0,23.0,0.0,0,60.0,64.0,96.0,1.0,64.0,1,0.06575342465753425,0.0,0.0,0.625,0.6907534246575342
2025-09-29,Eggs,AI forecast + inventory policy,214.0,0.0,0.0,214.0,52.0,52.0,0.0,0,162.0,60.0,25.92,1.0,60.0,1,0.017753424657534246,0.0,0.0,0.625,0.6427534246575343
2025-09-29,Fries (Potatoes),AI forecast + inventory policy,283.0,0.0,0.0,283.0,133.0,133.0,0.0,0,150.0,280.0,45.0,1.0,280.0,1,0.030821917808219176,0.0,0.0,0.625,0.6558219178082192
2025-09-29,Gluten-free Buns,AI forecast + inventory policy,33.0,0.0,9.0,24.0,0.0,0.0,0.0,0,24.0,24.0,13.200000000000001,1.0,24.0,1,0.00904109589041096,5.4,0.0,0.625,6.034041095890411
2025-09-29,Lettuce,AI forecast + inventory policy,148.0,0.0,0.0,148.0,69.0,69.0,0.0,0,79.0,180.0,47.4,1.0,180.0,1,0.03246575342465753,0.0,0.0,0.625,0.6574657534246575
2025-09-29,Milk,AI forecast + inventory policy,200.0,0.0,0.0,200.0,79.0,79.0,0.0,0,121.0,180.0,90.75,1.0,180.0,1,0.06215753424657534,0.0,0.0,0.625,0.6871575342465753
2025-09-29,Mushrooms,AI forecast + inventory policy,78.0,0.0,0.0,78.0,34.0,34.0,0.0,0,44.0,110.0,24.200000000000003,1.0,110.0,1,0.016575342465753425,0.0,0.0,0.625,0.6415753424657534
2025-09-29,Onions,AI forecast + inventory policy,143.0,0.0,0.0,143.0,62.0,62.0,0.0,0,81.0,120.0,20.25,1.0,120.0,1,0.01386986301369863,0.0,0.0,0.625,0.6388698630136986
2025-09-29,Salmon Fillet,AI forecast + inventory policy,39.0,0.0,0.0,39.0,38.0,38.0,0.0,0,1.0,132.0,3.2,1.0,132.0,1,0.0021917808219178085,0.0,0.0,0.625,0.6271917808219178
2025-09-29,Seasonal Berries,AI forecast + inventory policy,0.0,0.0,0.0,0.0,4.0,0.0,4.0,1,0.0,30.0,0.0,0.0,30.0,1,0.0,0.0,11.2,0.625,11.825
2025-09-29,Soft Drinks,AI forecast + inventory policy,301.0,0.0,0.0,301.0,101.0,101.0,0.0,0,200.0,240.0,80.0,1.0,240.0,1,0.05479452054794521,0.0,0.0,0.625,0.6797945205479452
2025-09-29,Tomatoes,AI forecast + inventory policy,170.0,0.0,0.0,170.0,76.0,76.0,0.0,0,94.0,180.0,42.300000000000004,1.0,180.0,1,0.028972602739726027,0.0,0.0,0.625,0.653972602739726
2025-09-29,Truffle Oil,AI forecast + inventory policy,1.0,0.0,0.0,1.0,8.0,1.0,7.0,1,0.0,34.0,0.0,0.0,34.0,1,0.0,0.0,119.0,0.625,119.625
2025-09-29,Vegan Cheese,AI forecast + inventory policy,32.0,0.0,0.0,32.0,6.0,6.0,0.0,0,26.0,12.0,16.900000000000002,1.1538461538461537,12.0,1,0.011575342465753426,0.0,0.0,0.625,0.6365753424657534
2025-09-30,Bacon,AI forecast + inventory policy,84.0,0.0,0.0,84.0,44.0,44.0,0.0,0,40.0,110.0,44.0,2.0,0.0,0,0.030136986301369864,0.0,0.0,0.0,0.030136986301369864
2025-09-30,Burger Buns,AI forecast + inventory policy,68.0,0.0,0.0,68.0,117.0,68.0,49.0,1,0.0,384.0,0.0,0.0,0.0,0,0.0,0.0,17.64,0.0,17.64
2025-09-30,Butter,AI forecast + inventory policy,41.0,0.0,0.0,41.0,37.0,37.0,0.0,0,4.0,96.0,3.8,2.0,0.0,0,0.0026027397260273972,0.0,0.0,0.0,0.0026027397260273972
2025-09-30,Cheese Slices,AI forecast + inventory policy,115.0,0.0,0.0,115.0,81.0,81.0,0.0,0,34.0,150.0,7.48,2.0,0.0,0,0.005123287671232877,0.0,0.0,0.0,0.005123287671232877
2025-09-30,Chicken Breast,AI forecast + inventory policy,160.0,0.0,0.0,160.0,93.0,93.0,0.0,0,67.0,150.0,120.60000000000001,2.0,0.0,0,0.0826027397260274,0.0,0.0,0.0,0.0826027397260274
2025-09-30,Coffee Beans,AI forecast + inventory policy,66.0,0.0,0.0,66.0,46.0,46.0,0.0,0,20.0,90.0,42.0,2.0,0.0,0,0.028767123287671233,0.0,0.0,0.0,0.028767123287671233
2025-09-30,Cooking Oil,AI forecast + inventory policy,60.0,0.0,0.0,60.0,29.0,29.0,0.0,0,31.0,64.0,49.6,2.0,0.0,0,0.033972602739726035,0.0,0.0,0.0,0.033972602739726035
2025-09-30,Eggs,AI forecast + inventory policy,162.0,0.0,0.0,162.0,62.0,62.0,0.0,0,100.0,60.0,16.0,2.0,0.0,0,0.010958904109589041,0.0,0.0,0.0,0.010958904109589041
2025-09-30,Fries (Potatoes),AI forecast + inventory policy,150.0,0.0,0.0,150.0,128.0,128.0,0.0,0,22.0,280.0,6.6,2.0,0.0,0,0.004520547945205479,0.0,0.0,0.0,0.004520547945205479
2025-09-30,Gluten-free Buns,AI forecast + inventory policy,24.0,0.0,0.0,24.0,7.0,7.0,0.0,0,17.0,24.0,9.350000000000001,2.0,0.0,0,0.006404109589041096,0.0,0.0,0.0,0.006404109589041096
2025-09-30,Lettuce,AI forecast + inventory policy,79.0,0.0,0.0,79.0,75.0,75.0,0.0,0,4.0,180.0,2.4,2.0,0.0,0,0.001643835616438356,0.0,0.0,0.0,0.001643835616438356
2025-09-30,Milk,AI forecast + inventory policy,121.0,0.0,0.0,121.0,67.0,67.0,0.0,0,54.0,180.0,40.5,2.0,0.0,0,0.027739726027397257,0.0,0.0,0.0,0.027739726027397257
2025-09-30,Mushrooms,AI forecast + inventory policy,44.0,0.0,0.0,44.0,44.0,44.0,0.0,0,0.0,110.0,0.0,0.0,0.0,0,0.0,0.0,0.0,0.0,0.0
2025-09-30,Onions,AI forecast + inventory policy,81.0,0.0,0.0,81.0,51.0,51.0,0.0,0,30.0,120.0,7.5,2.0,0.0,0,0.005136986301369863,0.0,0.0,0.0,0.005136986301369863
2025-09-30,Salmon Fillet,AI forecast + inventory policy,1.0,0.0,0.0,1.0,42.0,1.0,41.0,1,0.0,132.0,0.0,0.0,0.0,0,0.0,0.0,262.40000000000003,0.0,262.40000000000003
2025-09-30,Seasonal Berries,AI forecast + inventory policy,0.0,0.0,0.0,0.0,8.0,0.0,8.0,1,0.0,30.0,0.0,0.0,0.0,0,0.0,0.0,22.4,0.0,22.4
2025-09-30,Soft Drinks,AI forecast + inventory policy,200.0,0.0,0.0,200.0,127.0,127.0,0.0,0,73.0,240.0,29.200000000000003,2.0,0.0,0,0.020000000000000004,0.0,0.0,0.0,0.020000000000000004
2025-09-30,Tomatoes,AI forecast + inventory policy,94.0,0.0,0.0,94.0,76.0,76.0,0.0,0,18.0,180.0,8.1,2.0,0.0,0,0.0055479452054794515,0.0,0.0,0.0,0.0055479452054794515
2025-09-30,Truffle Oil,AI forecast + inventory policy,0.0,0.0,0.0,0.0,9.0,0.0,9.0,1,0.0,34.0,0.0,0.0,0.0,0,0.0,0.0,153.0,0.0,153.0
2025-09-30,Vegan Cheese,AI forecast + inventory policy,26.0,0.0,0.0,26.0,0.0,0.0,0.0,0,26.0,12.0,16.900000000000002,2.1538461538461537,0.0,0,0.011575342465753426,0.0,0.0,0.0,0.011575342465753426
2025-10-01,Bacon,AI forecast + inventory policy,40.0,110.0,0.0,150.0,58.0,58.0,0.0,0,92.0,150.0,101.2,0.0,150.0,1,0.0693150684931507,0.0,0.0,0.6578947368421053,0.727209805335256
2025-10-01,Burger Buns,AI forecast + inventory policy,0.0,384.0,0.0,384.0,137.0,137.0,0.0,0,247.0,336.0,44.46,0.0,336.0,1,0.030452054794520546,0.0,0.0,0.6578947368421053,0.6883467916366258
2025-10-01,Butter,AI forecast + inventory policy,4.0,96.0,0.0,100.0,57.0,57.0,0.0,0,43.0,108.0,40.85,0.0,108.0,1,0.02797945205479452,0.0,0.0,0.6578947368421053,0.6858741888968999
2025-10-01,Cheese Slices,AI forecast + inventory policy,34.0,150.0,0.0,184.0,91.0,91.0,0.0,0,93.0,300.0,20.46,0.0,300.0,1,0.014013698630136988,0.0,0.0,0.6578947368421053,0.6719084354722423
2025-10-01,Chicken Breast,AI forecast + inventory policy,67.0,150.0,0.0,217.0,108.0,108.0,0.0,0,109.0,280.0,196.20000000000002,0.0,280.0,1,0.1343835616438356,0.0,0.0,0.6578947368421053,0.7922782984859409
2025-10-01,Coffee Beans,AI forecast + inventory policy,20.0,90.0,0.0,110.0,55.0,55.0,0.0,0,55.0,102.0,115.5,0.0,102.0,1,0.0791095890410959,0.0,0.0,0.6578947368421053,0.7370043258832012
2025-10-01,Cooking Oil,AI forecast + inventory policy,31.0,64.0,0.0,95.0,27.0,27.0,0.0,0,68.0,56.0,108.80000000000001,0.17647058823529413,56.0,1,0.07452054794520549,0.0,0.0,0.6578947368421053,0.7324152847873108
2025-10-01,Eggs,AI forecast + inventory policy,100.0,60.0,0.0,160.0,70.0,70.0,0.0,0,90.0,210.0,14.399999999999999,1.0,210.0,1,0.009863013698630137,0.0,0.0,0.6578947368421053,0.6677577505407355
2025-10-01,Fries (Potatoes),AI forecast + inventory policy,22.0,280.0,0.0,302.0,147.0,147.0,0.0,0,155.0,540.0,46.5,0.0,540.0,1,0.03184931506849315,0.0,0.0,0.6578947368421053,0.6897440519105985
2025-10-01,Gluten-free Buns,AI forecast + inventory policy,17.0,24.0,17.0,24.0,0.0,0.0,0.0,0,24.0,12.0,13.200000000000001,0.0,12.0,1,0.00904109589041096,10.200000000000001,0.0,0.6578947368421053,10.866935832732516
2025-10-01,Lettuce,AI forecast + inventory policy,4.0,180.0,0.0,184.0,88.0,88.0,0.0,0,96.0,216.0,57.599999999999994,0.0,216.0,1,0.03945205479452055,0.0,0.0,0.6578947368421053,0.6973467916366258
2025-10-01,Milk,AI forecast + inventory policy,54.0,180.0,0.0,234.0,85.0,85.0,0.0,0,149.0,240.0,111.75,0.0,240.0,1,0.07654109589041096,0.0,0.0,0.6578947368421053,0.7344358327325162
2025-10-01,Mushrooms,AI forecast + inventory policy,0.0,110.0,0.0,110.0,37.0,37.0,0.0,0,73.0,140.0,40.150000000000006,0.0,140.0,1,0.0275,0.0,0.0,0.6578947368421053,0.6853947368421053
2025-10-01,Onions,AI forecast + inventory policy,30.0,120.0,0.0,150.0,58.0,58.0,0.0,0,92.0,160.0,23.0,0.0,160.0,1,0.015753424657534248,0.0,0.0,0.6578947368421053,0.6736481614996396
2025-10-01,Salmon Fillet,AI forecast + inventory policy,0.0,132.0,0.0,132.0,34.0,34.0,0.0,0,98.0,90.0,313.6,0.0,90.0,1,0.21479452054794523,0.0,0.0,0.6578947368421053,0.8726892573900505
2025-10-01,Seasonal Berries,AI forecast + inventory policy,0.0,30.0,0.0,30.0,6.0,6.0,0.0,0,24.0,0.0,33.599999999999994,0.0,0.0,1,0.023013698630136987,0.0,0.0,0.0,0.023013698630136987
2025-10-01,Soft Drinks,AI forecast + inventory policy,73.0,240.0,0.0,313.0,152.0,152.0,0.0,0,161.0,408.0,64.4,0.0,408.0,1,0.044109589041095895,0.0,0.0,0.6578947368421053,0.7020043258832012
2025-10-01,Tomatoes,AI forecast + inventory policy,18.0,180.0,0.0,198.0,63.0,63.0,0.0,0,135.0,276.0,60.75,0.0,276.0,1,0.041609589041095886,0.0,0.0,0.6578947368421053,0.6995043258832012
2025-10-01,Truffle Oil,AI forecast + inventory policy,0.0,34.0,0.0,34.0,4.0,4.0,0.0,0,30.0,2.0,255.0,0.0,2.0,1,0.17465753424657535,0.0,0.0,0.6578947368421053,0.8325522710886807
2025-10-01,Vegan Cheese,AI forecast + inventory policy,26.0,12.0,0.0,38.0,9.0,9.0,0.0,0,29.0,12.0,18.85,1.7586206896551724,12.0,1,0.01291095890410959,0.0,0.0,0.6578947368421053,0.6708056957462148
2025-10-02,Bacon,AI forecast + inventory policy,92.0,0.0,0.0,92.0,50.0,50.0,0.0,0,42.0,150.0,46.2,1.0,0.0,0,0.031643835616438354,0.0,0.0,0.0,0.031643835616438354
2025-10-02,Burger Buns,AI forecast + inventory policy,247.0,0.0,0.0,247.0,153.0,153.0,0.0,0,94.0,336.0,16.919999999999998,1.0,0.0,0,0.011589041095890412,0.0,0.0,0.0,0.011589041095890412
2025-10-02,Butter,AI forecast + inventory policy,43.0,0.0,0.0,43.0,40.0,40.0,0.0,0,3.0,108.0,2.8499999999999996,1.0,0.0,0,0.0019520547945205478,0.0,0.0,0.0,0.0019520547945205478
2025-10-02,Cheese Slices,AI forecast + inventory policy,93.0,0.0,0.0,93.0,76.0,76.0,0.0,0,17.0,300.0,3.74,1.0,0.0,0,0.0025616438356164386,0.0,0.0,0.0,0.0025616438356164386
2025-10-02,Chicken Breast,AI forecast + inventory policy,109.0,0.0,0.0,109.0,94.0,94.0,0.0,0,15.0,280.0,27.0,1.0,0.0,0,0.018493150684931507,0.0,0.0,0.0,0.018493150684931507
2025-10-02,Coffee Beans,AI forecast + inventory policy,55.0,0.0,0.0,55.0,45.0,45.0,0.0,0,10.0,102.0,21.0,1.0,0.0,0,0.014383561643835616,0.0,0.0,0.0,0.014383561643835616
2025-10-02,Cooking Oil,AI forecast + inventory policy,68.0,0.0,0.0,68.0,28.0,28.0,0.0,0,40.0,56.0,64.0,1.0,0.0,0,0.04383561643835617,0.0,0.0,0.0,0.04383561643835617
2025-10-02,Eggs,AI forecast + inventory policy,90.0,0.0,0.0,90.0,72.0,72.0,0.0,0,18.0,210.0,2.88,1.0,0.0,0,0.0019726027397260273,0.0,0.0,0.0,0.0019726027397260273
2025-10-02,Fries (Potatoes),AI forecast + inventory policy,155.0,0.0,0.0,155.0,134.0,134.0,0.0,0,21.0,540.0,6.3,1.0,0.0,0,0.004315068493150684,0.0,0.0,0.0,0.004315068493150684
2025-10-02,Gluten-free Buns,AI forecast + inventory policy,24.0,0.0,0.0,24.0,10.0,10.0,0.0,0,14.0,12.0,7.700000000000001,1.0,0.0,0,0.005273972602739726,0.0,0.0,0.0,0.005273972602739726
2025-10-02,Lettuce,AI forecast + inventory policy,96.0,0.0,0.0,96.0,59.0,59.0,0.0,0,37.0,216.0,22.2,1.0,0.0,0,0.015205479452054794,0.0,0.0,0.0,0.015205479452054794
2025-10-02,Milk,AI forecast + inventory policy,149.0,0.0,0.0,149.0,121.0,121.0,0.0,0,28.0,240.0,21.0,1.0,0.0,0,0.014383561643835615,0.0,0.0,0.0,0.014383561643835615
2025-10-02,Mushrooms,AI forecast + inventory policy,73.0,0.0,0.0,73.0,34.0,34.0,0.0,0,39.0,140.0,21.450000000000003,1.0,0.0,0,0.01469178082191781,0.0,0.0,0.0,0.01469178082191781
2025-10-02,Onions,AI forecast + inventory policy,92.0,0.0,0.0,92.0,62.0,62.0,0.0,0,30.0,160.0,7.5,1.0,0.0,0,0.005136986301369863,0.0,0.0,0.0,0.005136986301369863
2025-10-02,Salmon Fillet,AI forecast + inventory policy,98.0,0.0,0.0,98.0,36.0,36.0,0.0,0,62.0,90.0,198.4,1.0,0.0,0,0.13589041095890414,0.0,0.0,0.0,0.13589041095890414
2025-10-02,Seasonal Berries,AI forecast + inventory policy,24.0,0.0,0.0,24.0,0.0,0.0,0.0,0,24.0,0.0,33.599999999999994,1.0,0.0,0,0.023013698630136987,0.0,0.0,0.0,0.023013698630136987
2025-10-02,Soft Drinks,AI forecast + inventory policy,161.0,0.0,0.0,161.0,101.0,101.0,0.0,0,60.0,408.0,24.0,1.0,0.0,0,0.016438356164383564,0.0,0.0,0.0,0.016438356164383564
2025-10-02,Tomatoes,AI forecast + inventory policy,135.0,0.0,0.0,135.0,107.0,107.0,0.0,0,28.0,276.0,12.6,1.0,0.0,0,0.00863013698630137,0.0,0.0,0.0,0.00863013698630137
2025-10-02,Truffle Oil,AI forecast + inventory policy,30.0,0.0,0.0,30.0,0.0,0.0,0.0,0,30.0,2.0,255.0,1.0,0.0,0,0.17465753424657535,0.0,0.0,0.0,0.17465753424657535
2025-10-02,Vegan Cheese,AI forecast + inventory policy,29.0,0.0,0.0,29.0,0.0,0.0,0.0,0,29.0,12.0,18.85,2.7586206896551726,0.0,0,0.01291095890410959,0.0,0.0,0.0,0.01291095890410959
2025-10-03,Bacon,AI forecast + inventory policy,42.0,150.0,0.0,192.0,84.0,84.0,0.0,0,108.0,180.0,118.80000000000001,0.0,180.0,1,0.08136986301369864,0.0,0.0,0.625,0.7063698630136986
2025-10-03,Burger Buns,AI forecast + inventory policy,94.0,336.0,0.0,430.0,194.0,194.0,0.0,0,236.0,384.0,42.48,0.0,384.0,1,0.029095890410958905,0.0,0.0,0.625,0.654095890410959
2025-10-03,Butter,AI forecast + inventory policy,3.0,108.0,0.0,111.0,49.0,49.0,0.0,0,62.0,144.0,58.9,0.0,144.0,1,0.04034246575342466,0.0,0.0,0.625,0.6653424657534247
2025-10-03,Cheese Slices,AI forecast + inventory policy,17.0,300.0,0.0,317.0,157.0,157.0,0.0,0,160.0,300.0,35.2,0.0,300.0,1,0.02410958904109589,0.0,0.0,0.625,0.6491095890410958
2025-10-03,Chicken Breast,AI forecast + inventory policy,15.0,280.0,0.0,295.0,151.0,151.0,0.0,0,144.0,330.0,259.2,0.0,330.0,1,0.17753424657534245,0.0,0.0,0.625,0.8025342465753424
2025-10-03,Coffee Beans,AI forecast + inventory policy,10.0,102.0,0.0,112.0,37.0,37.0,0.0,0,75.0,138.0,157.5,0.0,138.0,1,0.10787671232876712,0.0,0.0,0.625,0.7328767123287672
2025-10-03,Cooking Oil,AI forecast + inventory policy,40.0,56.0,0.0,96.0,42.0,42.0,0.0,0,54.0,96.0,86.4,0.0,96.0,1,0.05917808219178083,0.0,0.0,0.625,0.6841780821917808
2025-10-03,Eggs,AI forecast + inventory policy,18.0,210.0,0.0,228.0,112.0,112.0,0.0,0,116.0,210.0,18.56,0.0,210.0,1,0.012712328767123289,0.0,0.0,0.625,0.6377123287671232
2025-10-03,Fries (Potatoes),AI forecast + inventory policy,21.0,540.0,0.0,561.0,280.0,280.0,0.0,0,281.0,460.0,84.3,0.0,460.0,1,0.057739726027397256,0.0,0.0,0.625,0.6827397260273973
2025-10-03,Gluten-free Buns,AI forecast + inventory policy,14.0,12.0,0.0,26.0,18.0,18.0,0.0,0,8.0,12.0,4.4,0.0,12.0,1,0.0030136986301369864,0.0,0.0,0.625,0.628013698630137
2025-10-03,Lettuce,AI forecast + inventory policy,37.0,216.0,0.0,253.0,101.0,101.0,0.0,0,152.0,240.0,91.2,0.0,240.0,1,0.06246575342465753,0.0,0.0,0.625,0.6874657534246575
2025-10-03,Milk,AI forecast + inventory policy,28.0,240.0,0.0,268.0,132.0,132.0,0.0,0,136.0,312.0,102.0,0.0,312.0,1,0.06986301369863013,0.0,0.0,0.625,0.6948630136986301
2025-10-03,Mushrooms,AI forecast + inventory policy,39.0,140.0,0.0,179.0,56.0,56.0,0.0,0,123.0,110.0,67.65,0.0,110.0,1,0.04633561643835617,0.0,0.0,0.625,0.6713356164383562
2025-10-03,Onions,AI forecast + inventory policy,30.0,160.0,0.0,190.0,73.0,73.0,0.0,0,117.0,200.0,29.25,0.0,200.0,1,0.020034246575342467,0.0,0.0,0.625,0.6450342465753425
2025-10-03,Salmon Fillet,AI forecast + inventory policy,62.0,90.0,0.0,152.0,0.0,0.0,0.0,0,152.0,78.0,486.4,0.8157894736842105,78.0,1,0.3331506849315069,0.0,0.0,0.625,0.9581506849315069
2025-10-03,Seasonal Berries,AI forecast + inventory policy,24.0,0.0,0.0,24.0,0.0,0.0,0.0,0,24.0,6.0,33.599999999999994,2.0,6.0,1,0.023013698630136987,0.0,0.0,0.625,0.648013698630137
2025-10-03,Soft Drinks,AI forecast + inventory policy,60.0,408.0,0.0,468.0,222.0,222.0,0.0,0,246.0,432.0,98.4,0.0,432.0,1,0.06739726027397261,0.0,0.0,0.625,0.6923972602739726
2025-10-03,Tomatoes,AI forecast + inventory policy,28.0,276.0,0.0,304.0,158.0,158.0,0.0,0,146.0,240.0,65.7,0.0,240.0,1,0.045,0.0,0.0,0.625,0.67
2025-10-03,Truffle Oil,AI forecast + inventory policy,30.0,2.0,0.0,32.0,0.0,0.0,0.0,0,32.0,10.0,272.0,1.875,10.0,1,0.1863013698630137,0.0,0.0,0.625,0.8113013698630137
2025-10-03,Vegan Cheese,AI forecast + inventory policy,29.0,12.0,0.0,41.0,13.0,13.0,0.0,0,28.0,12.0,18.200000000000003,1.5714285714285714,12.0,1,0.012465753424657534,0.0,0.0,0.625,0.6374657534246575
2025-10-04,Bacon,AI forecast + inventory policy,108.0,0.0,0.0,108.0,77.0,77.0,0.0,0,31.0,180.0,34.1,1.0,0.0,0,0.023356164383561646,0.0,0.0,0.0,0.023356164383561646
2025-10-04,Burger Buns,AI forecast + inventory policy,236.0,0.0,0.0,236.0,181.0,181.0,0.0,0,55.0,384.0,9.9,1.0,0.0,0,0.006780821917808219,0.0,0.0,0.0,0.006780821917808219
2025-10-04,Butter,AI forecast + inventory policy,62.0,0.0,0.0,62.0,55.0,55.0,0.0,0,7.0,144.0,6.6499999999999995,1.0,0.0,0,0.004554794520547945,0.0,0.0,0.0,0.004554794520547945
2025-10-04,Cheese Slices,AI forecast + inventory policy,160.0,0.0,0.0,160.0,134.0,134.0,0.0,0,26.0,300.0,5.72,1.0,0.0,0,0.003917808219178083,0.0,0.0,0.0,0.003917808219178083
2025-10-04,Chicken Breast,AI forecast + inventory policy,144.0,0.0,0.0,144.0,133.0,133.0,0.0,0,11.0,330.0,19.8,1.0,0.0,0,0.013561643835616439,0.0,0.0,0.0,0.013561643835616439
2025-10-04,Coffee Beans,AI forecast + inventory policy,75.0,0.0,0.0,75.0,28.0,28.0,0.0,0,47.0,138.0,98.7,1.0,0.0,0,0.0676027397260274,0.0,0.0,0.0,0.0676027397260274
2025-10-04,Cooking Oil,AI forecast + inventory policy,54.0,0.0,0.0,54.0,31.0,31.0,0.0,0,23.0,96.0,36.800000000000004,1.0,0.0,0,0.0252054794520548,0.0,0.0,0.0,0.0252054794520548
2025-10-04,Eggs,AI forecast + inventory policy,116.0,0.0,0.0,116.0,79.0,79.0,0.0,0,37.0,210.0,5.92,1.0,0.0,0,0.0040547945205479455,0.0,0.0,0.0,0.0040547945205479455
2025-10-04,Fries (Potatoes),AI forecast + inventory policy,281.0,0.0,0.0,281.0,213.0,213.0,0.0,0,68.0,460.0,20.4,1.0,0.0,0,0.013972602739726026,0.0,0.0,0.0,0.013972602739726026
2025-10-04,Gluten-free Buns,AI forecast + inventory policy,8.0,0.0,0.0,8.0,23.0,8.0,15.0,1,0.0,12.0,0.0,0.0,0.0,0,0.0,0.0,16.5,0.0,16.5
2025-10-04,Lettuce,AI forecast + inventory policy,152.0,0.0,0.0,152.0,108.0,108.0,0.0,0,44.0,240.0,26.4,1.0,0.0,0,0.018082191780821915,0.0,0.0,0.0,0.018082191780821915
2025-10-04,Milk,AI forecast + inventory policy,136.0,0.0,0.0,136.0,105.0,105.0,0.0,0,31.0,312.0,23.25,1.0,0.0,0,0.015924657534246572,0.0,0.0,0.0,0.015924657534246572
2025-10-04,Mushrooms,AI forecast + inventory policy,123.0,0.0,0.0,123.0,71.0,71.0,0.0,0,52.0,110.0,28.6,1.0,0.0,0,0.01958904109589041,0.0,0.0,0.0,0.01958904109589041
2025-10-04,Onions,AI forecast + inventory policy,117.0,0.0,0.0,117.0,79.0,79.0,0.0,0,38.0,200.0,9.5,1.0,0.0,0,0.006506849315068493,0.0,0.0,0.0,0.006506849315068493
2025-10-04,Salmon Fillet,AI forecast + inventory policy,152.0,0.0,62.0,90.0,65.0,65.0,0.0,0,25.0,78.0,80.0,1.0,0.0,0,0.05479452054794521,201.5,0.0,0.0,201.55479452054794
2025-10-04,Seasonal Berries,AI forecast + inventory policy,24.0,0.0,24.0,0.0,20.0,0.0,20.0,1,0.0,6.0,0.0,0.0,0.0,0,0.0,34.8,56.0,0.0,90.8
2025-10-04,Soft Drinks,AI forecast + inventory policy,246.0,0.0,0.0,246.0,235.0,235.0,0.0,0,11.0,432.0,4.4,1.0,0.0,0,0.003013698630136987,0.0,0.0,0.0,0.003013698630136987
2025-10-04,Tomatoes,AI forecast + inventory policy,146.0,0.0,0.0,146.0,96.0,96.0,0.0,0,50.0,240.0,22.5,1.0,0.0,0,0.015410958904109588,0.0,0.0,0.0,0.015410958904109588
2025-10-04,Truffle Oil,AI forecast + inventory policy,32.0,0.0,0.0,32.0,17.0,17.0,0.0,0,15.0,10.0,127.5,2.7333333333333334,0.0,0,0.08732876712328767,0.0,0.0,0.0,0.08732876712328767
2025-10-04,Vegan Cheese,AI forecast + inventory policy,28.0,0.0,0.0,28.0,10.0,10.0,0.0,0,18.0,12.0,11.700000000000001,1.6666666666666667,0.0,0,0.008013698630136987,0.0,0.0,0.0,0.008013698630136987
2025-10-05,Bacon,AI forecast + inventory policy,31.0,180.0,0.0,211.0,72.0,72.0,0.0,0,139.0,0.0,152.9,0.0,0.0,0,0.10472602739726028,0.0,0.0,0.0,0.10472602739726028
2025-10-05,Burger Buns,AI forecast + inventory policy,55.0,384.0,0.0,439.0,190.0,190.0,0.0,0,249.0,0.0,44.82,0.0,0.0,0,0.030698630136986302,0.0,0.0,0.0,0.030698630136986302
2025-10-05,Butter,AI forecast + inventory policy,7.0,144.0,0.0,151.0,46.0,46.0,0.0,0,105.0,0.0,99.75,0.0,0.0,0,0.06832191780821918,0.0,0.0,0.0,0.06832191780821918
2025-10-05,Cheese Slices,AI forecast + inventory policy,26.0,300.0,0.0,326.0,135.0,135.0,0.0,0,191.0,0.0,42.02,0.0,0.0,0,0.02878082191780822,0.0,0.0,0.0,0.02878082191780822
2025-10-05,Chicken Breast,AI forecast + inventory policy,11.0,330.0,0.0,341.0,148.0,148.0,0.0,0,193.0,0.0,347.40000000000003,0.0,0.0,0,0.23794520547945205,0.0,0.0,0.0,0.23794520547945205
2025-10-05,Coffee Beans,AI forecast + inventory policy,47.0,138.0,0.0,185.0,44.0,44.0,0.0,0,141.0,0.0,296.1,0.0425531914893617,0.0,0,0.2028082191780822,0.0,0.0,0.0,0.2028082191780822
2025-10-05,Cooking Oil,AI forecast + inventory policy,23.0,96.0,0.0,119.0,36.0,36.0,0.0,0,83.0,0.0,132.8,0.0,0.0,0,0.09095890410958905,0.0,0.0,0.0,0.09095890410958905
2025-10-05,Eggs,AI forecast + inventory policy,37.0,210.0,0.0,247.0,89.0,89.0,0.0,0,158.0,0.0,25.28,0.0,0.0,0,0.017315068493150686,0.0,0.0,0.0,0.017315068493150686
2025-10-05,Fries (Potatoes),AI forecast + inventory policy,68.0,460.0,0.0,528.0,207.0,207.0,0.0,0,321.0,0.0,96.3,0.0,0.0,0,0.06595890410958903,0.0,0.0,0.0,0.06595890410958903
2025-10-05,Gluten-free Buns,AI forecast + inventory policy,0.0,12.0,0.0,12.0,20.0,12.0,8.0,1,0.0,0.0,0.0,0.0,0.0,0,0.0,0.0,8.8,0.0,8.8
2025-10-05,Lettuce,AI forecast + inventory policy,44.0,240.0,0.0,284.0,105.0,105.0,0.0,0,179.0,0.0,107.39999999999999,0.0,0.0,0,0.07356164383561643,0.0,0.0,0.0,0.07356164383561643
2025-10-05,Milk,AI forecast + inventory policy,31.0,312.0,0.0,343.0,138.0,138.0,0.0,0,205.0,0.0,153.75,0.0,0.0,0,0.10530821917808218,0.0,0.0,0.0,0.10530821917808218
2025-10-05,Mushrooms,AI forecast + inventory policy,52.0,110.0,0.0,162.0,59.0,59.0,0.0,0,103.0,0.0,56.650000000000006,0.0,0.0,0,0.0388013698630137,0.0,0.0,0.0,0.0388013698630137
2025-10-05,Onions,AI forecast + inventory policy,38.0,200.0,0.0,238.0,73.0,73.0,0.0,0,165.0,0.0,41.25,0.0,0.0,0,0.02825342465753425,0.0,0.0,0.0,0.02825342465753425
2025-10-05,Salmon Fillet,AI forecast + inventory policy,25.0,78.0,0.0,103.0,61.0,61.0,0.0,0,42.0,0.0,134.4,0.0,0.0,0,0.09205479452054796,0.0,0.0,0.0,0.09205479452054796
2025-10-05,Seasonal Berries,AI forecast + inventory policy,0.0,6.0,0.0,6.0,21.0,6.0,15.0,1,0.0,0.0,0.0,0.0,0.0,0,0.0,0.0,42.0,0.0,42.0
2025-10-05,Soft Drinks,AI forecast + inventory policy,11.0,432.0,0.0,443.0,196.0,196.0,0.0,0,247.0,0.0,98.80000000000001,0.0,0.0,0,0.06767123287671234,0.0,0.0,0.0,0.06767123287671234
2025-10-05,Tomatoes,AI forecast + inventory policy,50.0,240.0,0.0,290.0,107.0,107.0,0.0,0,183.0,0.0,82.35000000000001,0.0,0.0,0,0.056404109589041095,0.0,0.0,0.0,0.056404109589041095
2025-10-05,Truffle Oil,AI forecast + inventory policy,15.0,10.0,0.0,25.0,16.0,16.0,0.0,0,9.0,0.0,76.5,0.0,0.0,0,0.05239726027397261,0.0,0.0,0.0,0.05239726027397261
2025-10-05,Vegan Cheese,AI forecast + inventory policy,18.0,12.0,0.0,30.0,0.0,0.0,0.0,0,30.0,0.0,19.5,1.6,0.0,0,0.013356164383561644,0.0,0.0,0.0,0.013356164383561644
2025-10-06,Bacon,AI forecast + inventory policy,139.0,0.0,0.0,139.0,46.0,46.0,0.0,0,93.0,100.0,102.30000000000001,1.0,100.0,1,0.07006849315068493,0.0,0.0,0.625,0.695068493150685
2025-10-06,Burger Buns,AI forecast + inventory policy,249.0,0.0,0.0,249.0,112.0,112.0,0.0,0,137.0,288.0,24.66,1.0,288.0,1,0.01689041095890411,0.0,0.0,0.625,0.6418904109589041
2025-10-06,Butter,AI forecast + inventory policy,105.0,0.0,0.0,105.0,30.0,30.0,0.0,0,75.0,84.0,71.25,1.0,84.0,1,0.0488013698630137,0.0,0.0,0.625,0.6738013698630136
2025-10-06,Cheese Slices,AI forecast + inventory policy,191.0,0.0,0.0,191.0,86.0,86.0,0.0,0,105.0,150.0,23.1,1.0,150.0,1,0.01582191780821918,0.0,0.0,0.625,0.6408219178082192
2025-10-06,Chicken Breast,AI forecast + inventory policy,193.0,0.0,0.0,193.0,61.0,61.0,0.0,0,132.0,210.0,237.6,1.0,210.0,1,0.16273972602739725,0.0,0.0,0.625,0.7877397260273973
2025-10-06,Coffee Beans,AI forecast + inventory policy,141.0,0.0,0.0,141.0,37.0,37.0,0.0,0,104.0,48.0,218.4,1.0,48.0,1,0.1495890410958904,0.0,0.0,0.625,0.7745890410958904
2025-10-06,Cooking Oil,AI forecast + inventory policy,83.0,0.0,0.0,83.0,29.0,29.0,0.0,0,54.0,60.0,86.4,1.0,60.0,1,0.05917808219178083,0.0,0.0,0.625,0.6841780821917808
2025-10-06,Eggs,AI forecast + inventory policy,158.0,0.0,0.0,158.0,68.0,68.0,0.0,0,90.0,150.0,14.4,1.0,150.0,1,0.009863013698630137,0.0,0.0,0.625,0.6348630136986302
2025-10-06,Fries (Potatoes),AI forecast + inventory policy,321.0,0.0,0.0,321.0,135.0,135.0,0.0,0,186.0,240.0,55.8,1.0,240.0,1,0.03821917808219178,0.0,0.0,0.625,0.6632191780821918
2025-10-06,Gluten-free Buns,AI forecast + inventory policy,0.0,0.0,0.0,0.0,8.0,0.0,8.0,1,0.0,48.0,0.0,0.0,48.0,1,0.0,0.0,8.8,0.625,9.425
2025-10-06,Lettuce,AI forecast + inventory policy,179.0,0.0,0.0,179.0,59.0,59.0,0.0,0,120.0,156.0,72.0,1.0,156.0,1,0.049315068493150684,0.0,0.0,0.625,0.6743150684931507
2025-10-06,Milk,AI forecast + inventory policy,205.0,0.0,0.0,205.0,68.0,68.0,0.0,0,137.0,180.0,102.75,1.0,180.0,1,0.07037671232876712,0.0,0.0,0.625,0.6953767123287671
2025-10-06,Mushrooms,AI forecast + inventory policy,103.0,0.0,0.0,103.0,32.0,32.0,0.0,0,71.0,80.0,39.050000000000004,1.0,80.0,1,0.026746575342465755,0.0,0.0,0.625,0.6517465753424657
2025-10-06,Onions,AI forecast + inventory policy,165.0,0.0,0.0,165.0,78.0,78.0,0.0,0,87.0,120.0,21.75,1.0,120.0,1,0.014897260273972602,0.0,0.0,0.625,0.6398972602739726
2025-10-06,Salmon Fillet,AI forecast + inventory policy,42.0,0.0,0.0,42.0,31.0,31.0,0.0,0,11.0,126.0,35.2,1.0,126.0,1,0.024109589041095895,0.0,0.0,0.625,0.649109589041096
2025-10-06,Seasonal Berries,AI forecast + inventory policy,0.0,0.0,0.0,0.0,5.0,0.0,5.0,1,0.0,36.0,0.0,0.0,36.0,1,0.0,0.0,14.0,0.625,14.625
2025-10-06,Soft Drinks,AI forecast + inventory policy,247.0,0.0,0.0,247.0,118.0,118.0,0.0,0,129.0,264.0,51.6,1.0,264.0,1,0.03534246575342466,0.0,0.0,0.625,0.6603424657534247
2025-10-06,Tomatoes,AI forecast + inventory policy,183.0,0.0,0.0,183.0,65.0,65.0,0.0,0,118.0,132.0,53.1,1.0,132.0,1,0.03636986301369863,0.0,0.0,0.625,0.6613698630136986
2025-10-06,Truffle Oil,AI forecast + inventory policy,9.0,0.0,0.0,9.0,0.0,0.0,0.0,0,9.0,30.0,76.5,1.0,30.0,1,0.05239726027397261,0.0,0.0,0.625,0.6773972602739726
2025-10-06,Vegan Cheese,AI forecast + inventory policy,30.0,0.0,0.0,30.0,0.0,0.0,0.0,0,30.0,12.0,19.5,2.6,12.0,1,0.013356164383561644,0.0,0.0,0.625,0.6383561643835617
2025-10-07,Bacon,AI forecast + inventory policy,93.0,0.0,0.0,93.0,45.0,45.0,0.0,0,48.0,100.0,52.800000000000004,2.0,0.0,0,0.03616438356164384,0.0,0.0,0.0,0.03616438356164384
2025-10-07,Burger Buns,AI forecast + inventory policy,137.0,0.0,0.0,137.0,119.0,119.0,0.0,0,18.0,288.0,3.2399999999999998,2.0,0.0,0,0.0022191780821917808,0.0,0.0,0.0,0.0022191780821917808
2025-10-07,Butter,AI forecast + inventory policy,75.0,0.0,0.0,75.0,30.0,30.0,0.0,0,45.0,84.0,42.75,2.0,0.0,0,0.02928082191780822,0.0,0.0,0.0,0.02928082191780822
2025-10-07,Cheese Slices,AI forecast + inventory policy,105.0,0.0,0.0,105.0,81.0,81.0,0.0,0,24.0,150.0,5.28,2.0,0.0,0,0.003616438356164384,0.0,0.0,0.0,0.003616438356164384
2025-10-07,Chicken Breast,AI forecast + inventory policy,132.0,0.0,0.0,132.0,86.0,86.0,0.0,0,46.0,210.0,82.8,2.0,0.0,0,0.05671232876712329,0.0,0.0,0.0,0.05671232876712329
2025-10-07,Coffee Beans,AI forecast + inventory policy,104.0,0.0,0.0,104.0,36.0,36.0,0.0,0,68.0,48.0,142.8,2.0,0.0,0,0.09780821917808219,0.0,0.0,0.0,0.09780821917808219
2025-10-07,Cooking Oil,AI forecast + inventory policy,54.0,0.0,0.0,54.0,22.0,22.0,0.0,0,32.0,60.0,51.2,2.0,0.0,0,0.035068493150684936,0.0,0.0,0.0,0.035068493150684936
2025-10-07,Eggs,AI forecast + inventory policy,90.0,0.0,0.0,90.0,95.0,90.0,5.0,1,0.0,150.0,0.0,0.0,0.0,0,0.0,0.0,1.6,0.0,1.6
2025-10-07,Fries (Potatoes),AI forecast + inventory policy,186.0,0.0,0.0,186.0,114.0,114.0,0.0,0,72.0,240.0,21.599999999999998,2.0,0.0,0,0.014794520547945205,0.0,0.0,0.0,0.014794520547945205
2025-10-07,Gluten-free Buns,AI forecast + inventory policy,0.0,0.0,0.0,0.0,15.0,0.0,15.0,1,0.0,48.0,0.0,0.0,0.0,0,0.0,0.0,16.5,0.0,16.5
2025-10-07,Lettuce,AI forecast + inventory policy,120.0,0.0,0.0,120.0,71.0,71.0,0.0,0,49.0,156.0,29.4,2.0,0.0,0,0.020136986301369862,0.0,0.0,0.0,0.020136986301369862
2025-10-07,Milk,AI forecast + inventory policy,137.0,0.0,0.0,137.0,107.0,107.0,0.0,0,30.0,180.0,22.5,2.0,0.0,0,0.015410958904109588,0.0,0.0,0.0,0.015410958904109588
2025-10-07,Mushrooms,AI forecast + inventory policy,71.0,0.0,0.0,71.0,28.0,28.0,0.0,0,43.0,80.0,23.650000000000002,2.0,0.0,0,0.016198630136986303,0.0,0.0,0.0,0.016198630136986303
2025-10-07,Onions,AI forecast + inventory policy,87.0,0.0,0.0,87.0,58.0,58.0,0.0,0,29.0,120.0,7.25,2.0,0.0,0,0.004965753424657535,0.0,0.0,0.0,0.004965753424657535
2025-10-07,Salmon Fillet,AI forecast + inventory policy,11.0,0.0,0.0,11.0,37.0,11.0,26.0,1,0.0,126.0,0.0,0.0,0.0,0,0.0,0.0,166.4,0.0,166.4
2025-10-07,Seasonal Berries,AI forecast + inventory policy,0.0,0.0,0.0,0.0,0.0,0.0,0.0,0,0.0,36.0,0.0,0.0,0.0,0,0.0,0.0,0.0,0.0,0.0
2025-10-07,Soft Drinks,AI forecast + inventory policy,129.0,0.0,0.0,129.0,98.0,98.0,0.0,0,31.0,264.0,12.4,2.0,0.0,0,0.008493150684931509,0.0,0.0,0.0,0.008493150684931509
2025-10-07,Tomatoes,AI forecast + inventory policy,118.0,0.0,0.0,118.0,79.0,79.0,0.0,0,39.0,132.0,17.55,2.0,0.0,0,0.01202054794520548,0.0,0.0,0.0,0.01202054794520548
2025-10-07,Truffle Oil,AI forecast + inventory policy,9.0,0.0,0.0,9.0,6.0,6.0,0.0,0,3.0,30.0,25.5,2.0,0.0,0,0.017465753424657535,0.0,0.0,0.0,0.017465753424657535
2025-10-07,Vegan Cheese,AI forecast + inventory policy,30.0,0.0,0.0,30.0,9.0,9.0,0.0,0,21.0,12.0,13.650000000000002,2.857142857142857,0.0,0,0.00934931506849315,0.0,0.0,0.0,0.00934931506849315
2025-10-08,Bacon,AI forecast + inventory policy,48.0,100.0,0.0,148.0,57.0,57.0,0.0,0,91.0,130.0,100.10000000000001,0.0,130.0,1,0.06856164383561644,0.0,0.0,0.6944444444444444,0.7630060882800609
2025-10-08,Burger Buns,AI forecast + inventory policy,18.0,288.0,18.0,288.0,123.0,123.0,0.0,0,165.0,384.0,29.7,0.0,384.0,1,0.020342465753424657,4.14,0.0,0.6944444444444444,4.854786910197869
2025-10-08,Butter,AI forecast + inventory policy,45.0,84.0,0.0,129.0,36.0,36.0,0.0,0,93.0,84.0,88.35,0.2903225806451613,84.0,1,0.06051369863013699,0.0,0.0,0.6944444444444444,0.7549581430745814
2025-10-08,Cheese Slices,AI forecast + inventory policy,24.0,150.0,0.0,174.0,98.0,98.0,0.0,0,76.0,250.0,16.72,0.0,250.0,1,0.011452054794520548,0.0,0.0,0.6944444444444444,0.7058964992389649
2025-10-08,Chicken Breast,AI forecast + inventory policy,46.0,210.0,0.0,256.0,95.0,95.0,0.0,0,161.0,300.0,289.8,0.0,300.0,1,0.1984931506849315,0.0,0.0,0.6944444444444444,0.8929375951293759
2025-10-08,Coffee Beans,AI forecast + inventory policy,68.0,48.0,0.0,116.0,44.0,44.0,0.0,0,72.0,96.0,151.20000000000002,1.0,96.0,1,0.10356164383561645,0.0,0.0,0.6944444444444444,0.7980060882800608
2025-10-08,Cooking Oil,AI forecast + inventory policy,32.0,60.0,0.0,92.0,30.0,30.0,0.0,0,62.0,56.0,99.2,0.0967741935483871,56.0,1,0.06794520547945207,0.0,0.0,0.6944444444444444,0.7623896499238965
2025-10-08,Eggs,AI forecast + inventory policy,0.0,150.0,0.0,150.0,80.0,80.0,0.0,0,70.0,210.0,11.200000000000001,0.0,210.0,1,0.007671232876712329,0.0,0.0,0.6944444444444444,0.7021156773211568
2025-10-08,Fries (Potatoes),AI forecast + inventory policy,72.0,240.0,0.0,312.0,139.0,139.0,0.0,0,173.0,420.0,51.9,0.0,420.0,1,0.03554794520547945,0.0,0.0,0.6944444444444444,0.7299923896499239
2025-10-08,Gluten-free Buns,AI forecast + inventory policy,0.0,48.0,0.0,48.0,14.0,14.0,0.0,0,34.0,0.0,18.700000000000003,0.0,0.0,1,0.012808219178082192,0.0,0.0,0.0,0.012808219178082192
2025-10-08,Lettuce,AI forecast + inventory policy,49.0,156.0,0.0,205.0,69.0,69.0,0.0,0,136.0,216.0,81.6,0.0,216.0,1,0.0558904109589041,0.0,0.0,0.6944444444444444,0.7503348554033485
2025-10-08,Milk,AI forecast + inventory policy,30.0,180.0,0.0,210.0,73.0,73.0,0.0,0,137.0,204.0,102.75,0.0,204.0,1,0.07037671232876712,0.0,0.0,0.6944444444444444,0.7648211567732115
2025-10-08,Mushrooms,AI forecast + inventory policy,43.0,80.0,0.0,123.0,47.0,47.0,0.0,0,76.0,90.0,41.800000000000004,0.0,90.0,1,0.02863013698630137,0.0,0.0,0.6944444444444444,0.7230745814307458
2025-10-08,Onions,AI forecast + inventory policy,29.0,120.0,0.0,149.0,79.0,79.0,0.0,0,70.0,160.0,17.5,0.0,160.0,1,0.011986301369863013,0.0,0.0,0.6944444444444444,0.7064307458143074
2025-10-08,Salmon Fillet,AI forecast + inventory policy,0.0,126.0,0.0,126.0,36.0,36.0,0.0,0,90.0,96.0,288.0,0.0,96.0,1,0.19726027397260276,0.0,0.0,0.6944444444444444,0.8917047184170472
2025-10-08,Seasonal Berries,AI forecast + inventory policy,0.0,36.0,0.0,36.0,0.0,0.0,0.0,0,36.0,0.0,50.4,0.0,0.0,1,0.03452054794520548,0.0,0.0,0.0,0.03452054794520548
2025-10-08,Soft Drinks,AI forecast + inventory policy,31.0,264.0,0.0,295.0,99.0,99.0,0.0,0,196.0,408.0,78.4,0.0,408.0,1,0.05369863013698631,0.0,0.0,0.6944444444444444,0.7481430745814307
2025-10-08,Tomatoes,AI forecast + inventory policy,39.0,132.0,0.0,171.0,83.0,83.0,0.0,0,88.0,240.0,39.6,0.0,240.0,1,0.027123287671232878,0.0,0.0,0.6944444444444444,0.7215677321156773
2025-10-08,Truffle Oil,AI forecast + inventory policy,3.0,30.0,0.0,33.0,0.0,0.0,0.0,0,33.0,4.0,280.5,0.2727272727272727,4.0,1,0.19212328767123288,0.0,0.0,0.6944444444444444,0.8865677321156773
2025-10-08,Vegan Cheese,AI forecast + inventory policy,21.0,12.0,0.0,33.0,5.0,5.0,0.0,0,28.0,12.0,18.200000000000003,2.0,12.0,1,0.012465753424657534,0.0,0.0,0.6944444444444444,0.7069101978691019
2025-10-09,Bacon,AI forecast + inventory policy,91.0,0.0,0.0,91.0,57.0,57.0,0.0,0,34.0,130.0,37.400000000000006,1.0,0.0,0,0.025616438356164384,0.0,0.0,0.0,0.025616438356164384
2025-10-09,Burger Buns,AI forecast + inventory policy,165.0,0.0,0.0,165.0,117.0,117.0,0.0,0,48.0,384.0,8.64,1.0,0.0,0,0.005917808219178082,0.0,0.0,0.0,0.005917808219178082
2025-10-09,Butter,AI forecast + inventory policy,93.0,0.0,0.0,93.0,36.0,36.0,0.0,0,57.0,84.0,54.15,1.0,0.0,0,0.03708904109589041,0.0,0.0,0.0,0.03708904109589041
2025-10-09,Cheese Slices,AI forecast + inventory policy,76.0,0.0,0.0,76.0,104.0,76.0,28.0,1,0.0,250.0,0.0,0.0,0.0,0,0.0,0.0,12.32,0.0,12.32
2025-10-09,Chicken Breast,AI forecast + inventory policy,161.0,0.0,0.0,161.0,83.0,83.0,0.0,0,78.0,300.0,140.4,1.0,0.0,0,0.09616438356164383,0.0,0.0,0.0,0.09616438356164383
2025-10-09,Coffee Beans,AI forecast + inventory policy,72.0,0.0,0.0,72.0,54.0,54.0,0.0,0,18.0,96.0,37.800000000000004,1.0,0.0,0,0.02589041095890411,0.0,0.0,0.0,0.02589041095890411
2025-10-09,Cooking Oil,AI forecast + inventory policy,62.0,0.0,0.0,62.0,29.0,29.0,0.0,0,33.0,56.0,52.800000000000004,1.0,0.0,0,0.03616438356164384,0.0,0.0,0.0,0.03616438356164384
2025-10-09,Eggs,AI forecast + inventory policy,70.0,0.0,0.0,70.0,64.0,64.0,0.0,0,6.0,210.0,0.96,1.0,0.0,0,0.0006575342465753425,0.0,0.0,0.0,0.0006575342465753425
2025-10-09,Fries (Potatoes),AI forecast + inventory policy,173.0,0.0,0.0,173.0,146.0,146.0,0.0,0,27.0,420.0,8.1,1.0,0.0,0,0.0055479452054794515,0.0,0.0,0.0,0.0055479452054794515
2025-10-09,Gluten-free Buns,AI forecast + inventory policy,34.0,0.0,0.0,34.0,0.0,0.0,0.0,0,34.0,0.0,18.700000000000003,1.0,0.0,0,0.012808219178082192,0.0,0.0,0.0,0.012808219178082192
2025-10-09,Lettuce,AI forecast + inventory policy,136.0,0.0,0.0,136.0,73.0,73.0,0.0,0,63.0,216.0,37.8,1.0,0.0,0,0.025890410958904108,0.0,0.0,0.0,0.025890410958904108
2025-10-09,Milk,AI forecast + inventory policy,137.0,0.0,0.0,137.0,71.0,71.0,0.0,0,66.0,204.0,49.5,1.0,0.0,0,0.033904109589041095,0.0,0.0,0.0,0.033904109589041095
2025-10-09,Mushrooms,AI forecast + inventory policy,76.0,0.0,0.0,76.0,42.0,42.0,0.0,0,34.0,90.0,18.700000000000003,1.0,0.0,0,0.012808219178082192,0.0,0.0,0.0,0.012808219178082192
2025-10-09,Onions,AI forecast + inventory policy,70.0,0.0,0.0,70.0,55.0,55.0,0.0,0,15.0,160.0,3.75,1.0,0.0,0,0.0025684931506849314,0.0,0.0,0.0,0.0025684931506849314
2025-10-09,Salmon Fillet,AI forecast + inventory policy,90.0,0.0,0.0,90.0,35.0,35.0,0.0,0,55.0,96.0,176.0,1.0,0.0,0,0.12054794520547947,0.0,0.0,0.0,0.12054794520547947
2025-10-09,Seasonal Berries,AI forecast + inventory policy,36.0,0.0,0.0,36.0,0.0,0.0,0.0,0,36.0,0.0,50.4,1.0,0.0,0,0.03452054794520548,0.0,0.0,0.0,0.03452054794520548
2025-10-09,Soft Drinks,AI forecast + inventory policy,196.0,0.0,0.0,196.0,92.0,92.0,0.0,0,104.0,408.0,41.6,1.0,0.0,0,0.02849315068493151,0.0,0.0,0.0,0.02849315068493151
2025-10-09,Tomatoes,AI forecast + inventory policy,88.0,0.0,0.0,88.0,66.0,66.0,0.0,0,22.0,240.0,9.9,1.0,0.0,0,0.006780821917808219,0.0,0.0,0.0,0.006780821917808219
2025-10-09,Truffle Oil,AI forecast + inventory policy,33.0,0.0,0.0,33.0,7.0,7.0,0.0,0,26.0,4.0,221.0,1.0,0.0,0,0.15136986301369865,0.0,0.0,0.0,0.15136986301369865
2025-10-09,Vegan Cheese,AI forecast + inventory policy,28.0,0.0,0.0,28.0,7.0,7.0,0.0,0,21.0,12.0,13.650000000000002,2.2857142857142856,0.0,0,0.00934931506849315,0.0,0.0,0.0,0.00934931506849315
2025-10-10,Bacon,AI forecast + inventory policy,34.0,130.0,0.0,164.0,70.0,70.0,0.0,0,94.0,180.0,103.4,0.0,180.0,1,0.07082191780821918,0.0,0.0,0.6578947368421053,0.7287166546503245
2025-10-10,Burger Buns,AI forecast + inventory policy,48.0,384.0,0.0,432.0,165.0,165.0,0.0,0,267.0,384.0,48.059999999999995,0.0,384.0,1,0.03291780821917808,0.0,0.0,0.6578947368421053,0.6908125450612834
2025-10-10,Butter,AI forecast + inventory policy,57.0,84.0,0.0,141.0,43.0,43.0,0.0,0,98.0,108.0,93.1,0.2857142857142857,108.0,1,0.06376712328767123,0.0,0.0,0.6578947368421053,0.7216618601297765
2025-10-10,Cheese Slices,AI forecast + inventory policy,0.0,250.0,0.0,250.0,139.0,139.0,0.0,0,111.0,300.0,24.42,0.0,300.0,1,0.016726027397260274,0.0,0.0,0.6578947368421053,0.6746207642393656
2025-10-10,Chicken Breast,AI forecast + inventory policy,78.0,300.0,0.0,378.0,145.0,145.0,0.0,0,233.0,300.0,419.40000000000003,0.0,300.0,1,0.28726027397260273,0.0,0.0,0.6578947368421053,0.945155010814708
2025-10-10,Coffee Beans,AI forecast + inventory policy,18.0,96.0,0.0,114.0,55.0,55.0,0.0,0,59.0,144.0,123.9,0.0,144.0,1,0.08486301369863014,0.0,0.0,0.6578947368421053,0.7427577505407355
2025-10-10,Cooking Oil,AI forecast + inventory policy,33.0,56.0,0.0,89.0,39.0,39.0,0.0,0,50.0,104.0,80.0,0.0,104.0,1,0.05479452054794521,0.0,0.0,0.6578947368421053,0.7126892573900505
2025-10-10,Eggs,AI forecast + inventory policy,6.0,210.0,0.0,216.0,107.0,107.0,0.0,0,109.0,270.0,17.44,0.0,270.0,1,0.011945205479452055,0.0,0.0,0.6578947368421053,0.6698399423215574
2025-10-10,Fries (Potatoes),AI forecast + inventory policy,27.0,420.0,0.0,447.0,240.0,240.0,0.0,0,207.0,460.0,62.099999999999994,0.0,460.0,1,0.042534246575342466,0.0,0.0,0.6578947368421053,0.7004289834174477
2025-10-10,Gluten-free Buns,AI forecast + inventory policy,34.0,0.0,0.0,34.0,0.0,0.0,0.0,0,34.0,12.0,18.700000000000003,2.0,12.0,1,0.012808219178082192,0.0,0.0,0.6578947368421053,0.6707029560201875
2025-10-10,Lettuce,AI forecast + inventory policy,63.0,216.0,0.0,279.0,136.0,136.0,0.0,0,143.0,240.0,85.8,0.0,240.0,1,0.05876712328767123,0.0,0.0,0.6578947368421053,0.7166618601297765
2025-10-10,Milk,AI forecast + inventory policy,66.0,204.0,0.0,270.0,88.0,88.0,0.0,0,182.0,216.0,136.5,0.0,216.0,1,0.0934931506849315,0.0,0.0,0.6578947368421053,0.7513878875270368
2025-10-10,Mushrooms,AI forecast + inventory policy,34.0,90.0,0.0,124.0,58.0,58.0,0.0,0,66.0,140.0,36.300000000000004,0.0,140.0,1,0.024863013698630136,0.0,0.0,0.6578947368421053,0.6827577505407354
2025-10-10,Onions,AI forecast + inventory policy,15.0,160.0,0.0,175.0,86.0,86.0,0.0,0,89.0,200.0,22.25,0.0,200.0,1,0.01523972602739726,0.0,0.0,0.6578947368421053,0.6731344628695026
2025-10-10,Salmon Fillet,AI forecast + inventory policy,55.0,96.0,0.0,151.0,54.0,54.0,0.0,0,97.0,84.0,310.40000000000003,0.020618556701030927,84.0,1,0.21260273972602742,0.0,0.0,0.6578947368421053,0.8704974765681327
2025-10-10,Seasonal Berries,AI forecast + inventory policy,36.0,0.0,0.0,36.0,0.0,0.0,0.0,0,36.0,0.0,50.4,2.0,0.0,1,0.03452054794520548,0.0,0.0,0.0,0.03452054794520548
2025-10-10,Soft Drinks,AI forecast + inventory policy,104.0,408.0,0.0,512.0,207.0,207.0,0.0,0,305.0,384.0,122.0,0.0,384.0,1,0.08356164383561644,0.0,0.0,0.6578947368421053,0.7414563806777218
2025-10-10,Tomatoes,AI forecast + inventory policy,22.0,240.0,0.0,262.0,113.0,113.0,0.0,0,149.0,276.0,67.05,0.0,276.0,1,0.04592465753424657,0.0,0.0,0.6578947368421053,0.7038193943763519
2025-10-10,Truffle Oil,AI forecast + inventory policy,26.0,4.0,0.0,30.0,4.0,4.0,0.0,0,26.0,14.0,221.0,1.6923076923076923,14.0,1,0.15136986301369865,0.0,0.0,0.6578947368421053,0.8092645998558039
2025-10-10,Vegan Cheese,AI forecast + inventory policy,21.0,12.0,0.0,33.0,13.0,13.0,0.0,0,20.0,12.0,13.0,0.8,12.0,1,0.008904109589041097,0.0,0.0,0.6578947368421053,0.6667988464311464
2025-10-11,Bacon,AI forecast + inventory policy,94.0,0.0,0.0,94.0,70.0,70.0,0.0,0,24.0,180.0,26.400000000000002,1.0,0.0,0,0.01808219178082192,0.0,0.0,0.0,0.01808219178082192
2025-10-11,Burger Buns,AI forecast + inventory policy,267.0,0.0,0.0,267.0,188.0,188.0,0.0,0,79.0,384.0,14.219999999999999,1.0,0.0,0,0.00973972602739726,0.0,0.0,0.0,0.00973972602739726
2025-10-11,Butter,AI forecast + inventory policy,98.0,0.0,0.0,98.0,0.0,0.0,0.0,0,98.0,108.0,93.1,1.2857142857142858,0.0,0,0.06376712328767123,0.0,0.0,0.0,0.06376712328767123
2025-10-11,Cheese Slices,AI forecast + inventory policy,111.0,0.0,0.0,111.0,111.0,111.0,0.0,0,0.0,300.0,0.0,0.0,0.0,0,0.0,0.0,0.0,0.0,0.0
2025-10-11,Chicken Breast,AI forecast + inventory policy,233.0,0.0,0.0,233.0,151.0,151.0,0.0,0,82.0,300.0,147.6,1.0,0.0,0,0.1010958904109589,0.0,0.0,0.0,0.1010958904109589
2025-10-11,Coffee Beans,AI forecast + inventory policy,59.0,0.0,0.0,59.0,56.0,56.0,0.0,0,3.0,144.0,6.300000000000001,1.0,0.0,0,0.004315068493150685,0.0,0.0,0.0,0.004315068493150685
2025-10-11,Cooking Oil,AI forecast + inventory policy,50.0,0.0,0.0,50.0,36.0,36.0,0.0,0,14.0,104.0,22.400000000000002,1.0,0.0,0,0.015342465753424659,0.0,0.0,0.0,0.015342465753424659
2025-10-11,Eggs,AI forecast + inventory policy,109.0,0.0,0.0,109.0,84.0,84.0,0.0,0,25.0,270.0,4.0,1.0,0.0,0,0.0027397260273972603,0.0,0.0,0.0,0.0027397260273972603
2025-10-11,Fries (Potatoes),AI forecast + inventory policy,207.0,0.0,0.0,207.0,235.0,207.0,28.0,1,0.0,460.0,0.0,0.0,0.0,0,0.0,0.0,16.8,0.0,16.8
2025-10-11,Gluten-free Buns,AI forecast + inventory policy,34.0,0.0,34.0,0.0,0.0,0.0,0.0,0,0.0,12.0,0.0,0.0,0.0,0,0.0,20.400000000000002,0.0,0.0,20.400000000000002
2025-10-11,Lettuce,AI forecast + inventory policy,143.0,0.0,0.0,143.0,85.0,85.0,0.0,0,58.0,240.0,34.8,1.0,0.0,0,0.023835616438356164,0.0,0.0,0.0,0.023835616438356164
2025-10-11,Milk,AI forecast + inventory policy,182.0,0.0,0.0,182.0,92.0,92.0,0.0,0,90.0,216.0,67.5,1.0,0.0,0,0.046232876712328765,0.0,0.0,0.0,0.046232876712328765
2025-10-11,Mushrooms,AI forecast + inventory policy,66.0,0.0,0.0,66.0,49.0,49.0,0.0,0,17.0,140.0,9.350000000000001,1.0,0.0,0,0.006404109589041096,0.0,0.0,0.0,0.006404109589041096
2025-10-11,Onions,AI forecast + inventory policy,89.0,0.0,0.0,89.0,91.0,89.0,2.0,1,0.0,200.0,0.0,0.0,0.0,0,0.0,0.0,1.0,0.0,1.0
2025-10-11,Salmon Fillet,AI forecast + inventory policy,97.0,0.0,1.0,96.0,61.0,61.0,0.0,0,35.0,84.0,112.0,1.0,0.0,0,0.07671232876712329,3.25,0.0,0.0,3.3267123287671234
2025-10-11,Seasonal Berries,AI forecast + inventory policy,36.0,0.0,36.0,0.0,0.0,0.0,0.0,0,0.0,0.0,0.0,0.0,0.0,0,0.0,52.199999999999996,0.0,0.0,52.199999999999996
2025-10-11,Soft Drinks,AI forecast + inventory policy,305.0,0.0,0.0,305.0,189.0,189.0,0.0,0,116.0,384.0,46.400000000000006,1.0,0.0,0,0.031780821917808226,0.0,0.0,0.0,0.031780821917808226
2025-10-11,Tomatoes,AI forecast + inventory policy,149.0,0.0,0.0,149.0,91.0,91.0,0.0,0,58.0,276.0,26.1,1.0,0.0,0,0.017876712328767124,0.0,0.0,0.0,0.017876712328767124
2025-10-11,Truffle Oil,AI forecast + inventory policy,26.0,0.0,0.0,26.0,10.0,10.0,0.0,0,16.0,14.0,136.0,2.5,0.0,0,0.09315068493150686,0.0,0.0,0.0,0.09315068493150686
2025-10-11,Vegan Cheese,AI forecast + inventory policy,20.0,0.0,0.0,20.0,12.0,12.0,0.0,0,8.0,12.0,5.2,1.0,0.0,0,0.0035616438356164386,0.0,0.0,0.0,0.0035616438356164386
2025-10-12,Bacon,AI forecast + inventory policy,24.0,180.0,0.0,204.0,79.0,79.0,0.0,0,125.0,0.0,137.5,0.0,0.0,0,0.09417808219178082,0.0,0.0,0.0,0.09417808219178082
2025-10-12,Burger Buns,AI forecast + inventory policy,79.0,384.0,0.0,463.0,199.0,199.0,0.0,0,264.0,0.0,47.519999999999996,0.0,0.0,0,0.03254794520547945,0.0,0.0,0.0,0.03254794520547945
2025-10-12,Butter,AI forecast + inventory policy,98.0,108.0,0.0,206.0,41.0,41.0,0.0,0,165.0,0.0,156.75,0.6909090909090909,0.0,0,0.10736301369863013,0.0,0.0,0.0,0.10736301369863013
2025-10-12,Cheese Slices,AI forecast + inventory policy,0.0,300.0,0.0,300.0,120.0,120.0,0.0,0,180.0,0.0,39.6,0.0,0.0,0,0.027123287671232878,0.0,0.0,0.0,0.027123287671232878
2025-10-12,Chicken Breast,AI forecast + inventory policy,82.0,300.0,0.0,382.0,120.0,120.0,0.0,0,262.0,0.0,471.6,0.0,0.0,0,0.32301369863013696,0.0,0.0,0.0,0.32301369863013696
2025-10-12,Coffee Beans,AI forecast + inventory policy,3.0,144.0,0.0,147.0,44.0,44.0,0.0,0,103.0,0.0,216.3,0.0,0.0,0,0.14815068493150685,0.0,0.0,0.0,0.14815068493150685
2025-10-12,Cooking Oil,AI forecast + inventory policy,14.0,104.0,0.0,118.0,31.0,31.0,0.0,0,87.0,0.0,139.20000000000002,0.0,0.0,0,0.09534246575342467,0.0,0.0,0.0,0.09534246575342467
2025-10-12,Eggs,AI forecast + inventory policy,25.0,270.0,0.0,295.0,90.0,90.0,0.0,0,205.0,0.0,32.8,0.0,0.0,0,0.022465753424657536,0.0,0.0,0.0,0.022465753424657536
2025-10-12,Fries (Potatoes),AI forecast + inventory policy,0.0,460.0,0.0,460.0,213.0,213.0,0.0,0,247.0,0.0,74.1,0.0,0.0,0,0.05075342465753424,0.0,0.0,0.0,0.05075342465753424
2025-10-12,Gluten-free Buns,AI forecast + inventory policy,0.0,12.0,0.0,12.0,19.0,12.0,7.0,1,0.0,0.0,0.0,0.0,0.0,0,0.0,0.0,7.700000000000001,0.0,7.700000000000001
2025-10-12,Lettuce,AI forecast + inventory policy,58.0,240.0,0.0,298.0,117.0,117.0,0.0,0,181.0,0.0,108.6,0.0,0.0,0,0.07438356164383561,0.0,0.0,0.0,0.07438356164383561
2025-10-12,Milk,AI forecast + inventory policy,90.0,216.0,0.0,306.0,94.0,94.0,0.0,0,212.0,0.0,159.0,0.0,0.0,0,0.10890410958904108,0.0,0.0,0.0,0.10890410958904108
2025-10-12,Mushrooms,AI forecast + inventory policy,17.0,140.0,0.0,157.0,53.0,53.0,0.0,0,104.0,0.0,57.2,0.0,0.0,0,0.03917808219178082,0.0,0.0,0.0,0.03917808219178082
2025-10-12,Onions,AI forecast + inventory policy,0.0,200.0,0.0,200.0,79.0,79.0,0.0,0,121.0,0.0,30.25,0.0,0.0,0,0.020719178082191782,0.0,0.0,0.0,0.020719178082191782
2025-10-12,Salmon Fillet,AI forecast + inventory policy,35.0,84.0,0.0,119.0,51.0,51.0,0.0,0,68.0,0.0,217.60000000000002,0.0,0.0,0,0.14904109589041098,0.0,0.0,0.0,0.14904109589041098
2025-10-12,Seasonal Berries,AI forecast + inventory policy,0.0,0.0,0.0,0.0,20.0,0.0,20.0,1,0.0,0.0,0.0,0.0,0.0,0,0.0,0.0,56.0,0.0,56.0
2025-10-12,Soft Drinks,AI forecast + inventory policy,116.0,384.0,0.0,500.0,228.0,228.0,0.0,0,272.0,0.0,108.80000000000001,0.0,0.0,0,0.07452054794520549,0.0,0.0,0.0,0.07452054794520549
2025-10-12,Tomatoes,AI forecast + inventory policy,58.0,276.0,0.0,334.0,126.0,126.0,0.0,0,208.0,0.0,93.60000000000001,0.0,0.0,0,0.06410958904109589,0.0,0.0,0.0,0.06410958904109589
2025-10-12,Truffle Oil,AI forecast + inventory policy,16.0,14.0,0.0,30.0,12.0,12.0,0.0,0,18.0,0.0,153.0,0.4444444444444444,0.0,0,0.10479452054794522,0.0,0.0,0.0,0.10479452054794522
2025-10-12,Vegan Cheese,AI forecast + inventory policy,8.0,12.0,0.0,20.0,3.0,3.0,0.0,0,17.0,0.0,11.05,0.5882352941176471,0.0,0,0.007568493150684932,0.0,0.0,0.0,0.007568493150684932
2025-10-13,Bacon,AI forecast + inventory policy,125.0,0.0,0.0,125.0,56.0,56.0,0.0,0,69.0,110.0,75.9,1.0,110.0,1,0.051986301369863014,0.0,0.0,0.625,0.676986301369863
2025-10-13,Burger Buns,AI forecast + inventory policy,264.0,0.0,0.0,264.0,116.0,116.0,0.0,0,148.0,288.0,26.64,1.0,288.0,1,0.01824657534246575,0.0,0.0,0.625,0.6432465753424658
2025-10-13,Butter,AI forecast + inventory policy,165.0,0.0,0.0,165.0,35.0,35.0,0.0,0,130.0,12.0,123.5,1.3384615384615384,12.0,1,0.08458904109589041,0.0,0.0,0.625,0.7095890410958904
2025-10-13,Cheese Slices,AI forecast + inventory policy,180.0,0.0,0.0,180.0,84.0,84.0,0.0,0,96.0,150.0,21.12,1.0,150.0,1,0.014465753424657536,0.0,0.0,0.625,0.6394657534246575
2025-10-13,Chicken Breast,AI forecast + inventory policy,262.0,0.0,0.0,262.0,72.0,72.0,0.0,0,190.0,160.0,342.0,1.0,160.0,1,0.23424657534246573,0.0,0.0,0.625,0.8592465753424657
2025-10-13,Coffee Beans,AI forecast + inventory policy,103.0,0.0,0.0,103.0,40.0,40.0,0.0,0,63.0,96.0,132.3,1.0,96.0,1,0.09061643835616438,0.0,0.0,0.625,0.7156164383561644
2025-10-13,Cooking Oil,AI forecast + inventory policy,87.0,0.0,0.0,87.0,27.0,27.0,0.0,0,60.0,52.0,96.0,1.0,52.0,1,0.06575342465753425,0.0,0.0,0.625,0.6907534246575342
2025-10-13,Eggs,AI forecast + inventory policy,205.0,0.0,0.0,205.0,82.0,82.0,0.0,0,123.0,90.0,19.68,1.0,90.0,1,0.01347945205479452,0.0,0.0,0.625,0.6384794520547945
2025-10-13,Fries (Potatoes),AI forecast + inventory policy,247.0,0.0,0.0,247.0,131.0,131.0,0.0,0,116.0,300.0,34.8,1.0,300.0,1,0.023835616438356164,0.0,0.0,0.625,0.6488356164383562
2025-10-13,Gluten-free Buns,AI forecast + inventory policy,0.0,0.0,0.0,0.0,0.0,0.0,0.0,0,0.0,48.0,0.0,0.0,48.0,1,0.0,0.0,0.0,0.625,0.625
2025-10-13,Lettuce,AI forecast + inventory policy,181.0,0.0,0.0,181.0,72.0,72.0,0.0,0,109.0,156.0,65.39999999999999,1.0,156.0,1,0.0447945205479452,0.0,0.0,0.625,0.6697945205479452
2025-10-13,Milk,AI forecast + inventory policy,212.0,0.0,0.0,212.0,73.0,73.0,0.0,0,139.0,144.0,104.25,1.0,144.0,1,0.07140410958904109,0.0,0.0,0.625,0.6964041095890411
2025-10-13,Mushrooms,AI forecast + inventory policy,104.0,0.0,0.0,104.0,35.0,35.0,0.0,0,69.0,60.0,37.95,1.0,60.0,1,0.025993150684931507,0.0,0.0,0.625,0.6509931506849315
2025-10-13,Onions,AI forecast + inventory policy,121.0,0.0,0.0,121.0,50.0,50.0,0.0,0,71.0,140.0,17.75,1.0,140.0,1,0.012157534246575343,0.0,0.0,0.625,0.6371575342465754
2025-10-13,Salmon Fillet,AI forecast + inventory policy,68.0,0.0,0.0,68.0,35.0,35.0,0.0,0,33.0,120.0,105.60000000000001,1.0,120.0,1,0.07232876712328767,0.0,0.0,0.625,0.6973287671232877
2025-10-13,Seasonal Berries,AI forecast + inventory policy,0.0,0.0,0.0,0.0,12.0,0.0,12.0,1,0.0,30.0,0.0,0.0,30.0,1,0.0,0.0,33.599999999999994,0.625,34.224999999999994
2025-10-13,Soft Drinks,AI forecast + inventory policy,272.0,0.0,0.0,272.0,94.0,94.0,0.0,0,178.0,216.0,71.2,1.0,216.0,1,0.04876712328767124,0.0,0.0,0.625,0.6737671232876712
2025-10-13,Tomatoes,AI forecast + inventory policy,208.0,0.0,0.0,208.0,92.0,92.0,0.0,0,116.0,144.0,52.2,1.0,144.0,1,0.03575342465753425,0.0,0.0,0.625,0.6607534246575343
2025-10-13,Truffle Oil,AI forecast + inventory policy,18.0,0.0,0.0,18.0,0.0,0.0,0.0,0,18.0,20.0,153.0,1.4444444444444444,20.0,1,0.10479452054794522,0.0,0.0,0.625,0.7297945205479452
2025-10-13,Vegan Cheese,AI forecast + inventory policy,17.0,0.0,0.0,17.0,0.0,0.0,0.0,0,17.0,24.0,11.05,1.588235294117647,24.0,1,0.007568493150684932,0.0,0.0,0.625,0.632568493150685
2025-10-14,Bacon,AI forecast + inventory policy,69.0,0.0,0.0,69.0,45.0,45.0,0.0,0,24.0,110.0,26.400000000000002,2.0,0.0,0,0.01808219178082192,0.0,0.0,0.0,0.01808219178082192
2025-10-14,Burger Buns,AI forecast + inventory policy,148.0,0.0,0.0,148.0,94.0,94.0,0.0,0,54.0,288.0,9.719999999999999,2.0,0.0,0,0.006657534246575342,0.0,0.0,0.0,0.006657534246575342
2025-10-14,Butter,AI forecast + inventory policy,130.0,0.0,0.0,130.0,29.0,29.0,0.0,0,101.0,12.0,95.94999999999999,2.0,0.0,0,0.06571917808219178,0.0,0.0,0.0,0.06571917808219178
2025-10-14,Cheese Slices,AI forecast + inventory policy,96.0,0.0,0.0,96.0,83.0,83.0,0.0,0,13.0,150.0,2.86,2.0,0.0,0,0.0019589041095890414,0.0,0.0,0.0,0.0019589041095890414
2025-10-14,Chicken Breast,AI forecast + inventory policy,190.0,0.0,0.0,190.0,107.0,107.0,0.0,0,83.0,160.0,149.4,2.0,0.0,0,0.10232876712328767,0.0,0.0,0.0,0.10232876712328767
2025-10-14,Coffee Beans,AI forecast + inventory policy,63.0,0.0,0.0,63.0,36.0,36.0,0.0,0,27.0,96.0,56.7,2.0,0.0,0,0.03883561643835617,0.0,0.0,0.0,0.03883561643835617
2025-10-14,Cooking Oil,AI forecast + inventory policy,60.0,0.0,0.0,60.0,27.0,27.0,0.0,0,33.0,52.0,52.800000000000004,2.0,0.0,0,0.03616438356164384,0.0,0.0,0.0,0.03616438356164384
2025-10-14,Eggs,AI forecast + inventory policy,123.0,0.0,0.0,123.0,64.0,64.0,0.0,0,59.0,90.0,9.44,2.0,0.0,0,0.006465753424657534,0.0,0.0,0.0,0.006465753424657534
2025-10-14,Fries (Potatoes),AI forecast + inventory policy,116.0,0.0,0.0,116.0,138.0,116.0,22.0,1,0.0,300.0,0.0,0.0,0.0,0,0.0,0.0,13.2,0.0,13.2
2025-10-14,Gluten-free Buns,AI forecast + inventory policy,0.0,0.0,0.0,0.0,22.0,0.0,22.0,1,0.0,48.0,0.0,0.0,0.0,0,0.0,0.0,24.200000000000003,0.0,24.200000000000003
2025-10-14,Lettuce,AI forecast + inventory policy,109.0,0.0,0.0,109.0,81.0,81.0,0.0,0,28.0,156.0,16.8,2.0,0.0,0,0.011506849315068492,0.0,0.0,0.0,0.011506849315068492
2025-10-14,Milk,AI forecast + inventory policy,139.0,0.0,0.0,139.0,75.0,75.0,0.0,0,64.0,144.0,48.0,2.0,0.0,0,0.03287671232876712,0.0,0.0,0.0,0.03287671232876712
2025-10-14,Mushrooms,AI forecast + inventory policy,69.0,0.0,0.0,69.0,28.0,28.0,0.0,0,41.0,60.0,22.55,2.0,0.0,0,0.015445205479452054,0.0,0.0,0.0,0.015445205479452054
2025-10-14,Onions,AI forecast + inventory policy,71.0,0.0,0.0,71.0,55.0,55.0,0.0,0,16.0,140.0,4.0,2.0,0.0,0,0.0027397260273972603,0.0,0.0,0.0,0.0027397260273972603
2025-10-14,Salmon Fillet,AI forecast + inventory policy,33.0,0.0,0.0,33.0,48.0,33.0,15.0,1,0.0,120.0,0.0,0.0,0.0,0,0.0,0.0,96.0,0.0,96.0
2025-10-14,Seasonal Berries,AI forecast + inventory policy,0.0,0.0,0.0,0.0,7.0,0.0,7.0,1,0.0,30.0,0.0,0.0,0.0,0,0.0,0.0,19.599999999999998,0.0,19.599999999999998
2025-10-14,Soft Drinks,AI forecast + inventory policy,178.0,0.0,0.0,178.0,124.0,124.0,0.0,0,54.0,216.0,21.6,2.0,0.0,0,0.014794520547945207,0.0,0.0,0.0,0.014794520547945207
2025-10-14,Tomatoes,AI forecast + inventory policy,116.0,0.0,0.0,116.0,66.0,66.0,0.0,0,50.0,144.0,22.5,2.0,0.0,0,0.015410958904109588,0.0,0.0,0.0,0.015410958904109588
2025-10-14,Truffle Oil,AI forecast + inventory policy,18.0,0.0,0.0,18.0,3.0,3.0,0.0,0,15.0,20.0,127.5,2.1333333333333333,0.0,0,0.08732876712328767,0.0,0.0,0.0,0.08732876712328767
2025-10-14,Vegan Cheese,AI forecast + inventory policy,17.0,0.0,0.0,17.0,0.0,0.0,0.0,0,17.0,24.0,11.05,2.588235294117647,0.0,0,0.007568493150684932,0.0,0.0,0.0,0.007568493150684932
2025-10-15,Bacon,AI forecast + inventory policy,24.0,110.0,0.0,134.0,56.0,56.0,0.0,0,78.0,150.0,85.80000000000001,0.0,150.0,1,0.05876712328767124,0.0,0.0,0.7352941176470589,0.7940612409347301
2025-10-15,Burger Buns,AI forecast + inventory policy,54.0,288.0,54.0,288.0,126.0,126.0,0.0,0,162.0,384.0,29.16,0.0,384.0,1,0.019972602739726026,12.419999999999998,0.0,0.7352941176470589,13.175266720386784
2025-10-15,Butter,AI forecast + inventory policy,101.0,12.0,0.0,113.0,40.0,40.0,0.0,0,73.0,108.0,69.35,2.506849315068493,108.0,1,0.0475,0.0,0.0,0.7352941176470589,0.7827941176470589
2025-10-15,Cheese Slices,AI forecast + inventory policy,13.0,150.0,0.0,163.0,94.0,94.0,0.0,0,69.0,300.0,15.18,0.0,300.0,1,0.010397260273972603,0.0,0.0,0.7352941176470589,0.7456913779210315
2025-10-15,Chicken Breast,AI forecast + inventory policy,83.0,160.0,0.0,243.0,133.0,133.0,0.0,0,110.0,380.0,198.0,0.0,380.0,1,0.13561643835616438,0.0,0.0,0.7352941176470589,0.8709105560032233
2025-10-15,Coffee Beans,AI forecast + inventory policy,27.0,96.0,0.0,123.0,46.0,46.0,0.0,0,77.0,90.0,161.70000000000002,0.0,90.0,1,0.11075342465753425,0.0,0.0,0.7352941176470589,0.8460475423045931
2025-10-15,Cooking Oil,AI forecast + inventory policy,33.0,52.0,0.0,85.0,27.0,27.0,0.0,0,58.0,56.0,92.80000000000001,0.3103448275862069,56.0,1,0.06356164383561645,0.0,0.0,0.7352941176470589,0.7988557614826753
2025-10-15,Eggs,AI forecast + inventory policy,59.0,90.0,0.0,149.0,54.0,54.0,0.0,0,95.0,210.0,15.200000000000001,0.15789473684210525,210.0,1,0.010410958904109589,0.0,0.0,0.7352941176470589,0.7457050765511685
2025-10-15,Fries (Potatoes),AI forecast + inventory policy,0.0,300.0,0.0,300.0,149.0,149.0,0.0,0,151.0,400.0,45.3,0.0,400.0,1,0.03102739726027397,0.0,0.0,0.7352941176470589,0.7663215149073328
2025-10-15,Gluten-free Buns,AI forecast + inventory policy,0.0,48.0,0.0,48.0,0.0,0.0,0.0,0,48.0,0.0,26.400000000000002,0.0,0.0,1,0.01808219178082192,0.0,0.0,0.0,0.01808219178082192
2025-10-15,Lettuce,AI forecast + inventory policy,28.0,156.0,0.0,184.0,83.0,83.0,0.0,0,101.0,204.0,60.599999999999994,0.0,204.0,1,0.04150684931506849,0.0,0.0,0.7352941176470589,0.7768009669621274
2025-10-15,Milk,AI forecast + inventory policy,64.0,144.0,0.0,208.0,73.0,73.0,0.0,0,135.0,192.0,101.25,0.0,192.0,1,0.06934931506849315,0.0,0.0,0.7352941176470589,0.804643432715552
2025-10-15,Mushrooms,AI forecast + inventory policy,41.0,60.0,0.0,101.0,37.0,37.0,0.0,0,64.0,110.0,35.2,0.1875,110.0,1,0.02410958904109589,0.0,0.0,0.7352941176470589,0.7594037066881547
2025-10-15,Onions,AI forecast + inventory policy,16.0,140.0,0.0,156.0,74.0,74.0,0.0,0,82.0,180.0,20.5,0.0,180.0,1,0.014041095890410958,0.0,0.0,0.7352941176470589,0.7493352135374698
2025-10-15,Salmon Fillet,AI forecast + inventory policy,0.0,120.0,0.0,120.0,42.0,42.0,0.0,0,78.0,102.0,249.60000000000002,0.0,102.0,1,0.17095890410958905,0.0,0.0,0.7352941176470589,0.9062530217566479
2025-10-15,Seasonal Berries,AI forecast + inventory policy,0.0,30.0,0.0,30.0,0.0,0.0,0.0,0,30.0,0.0,42.0,0.0,0.0,1,0.028767123287671233,0.0,0.0,0.0,0.028767123287671233
2025-10-15,Soft Drinks,AI forecast + inventory policy,54.0,216.0,0.0,270.0,80.0,80.0,0.0,0,190.0,360.0,76.0,0.0,360.0,1,0.05205479452054795,0.0,0.0,0.7352941176470589,0.7873489121676068
2025-10-15,Tomatoes,AI forecast + inventory policy,50.0,144.0,0.0,194.0,59.0,59.0,0.0,0,135.0,192.0,60.75,0.0,192.0,1,0.041609589041095886,0.0,0.0,0.7352941176470589,0.7769037066881548
2025-10-15,Truffle Oil,AI forecast + inventory policy,15.0,20.0,0.0,35.0,0.0,0.0,0.0,0,35.0,2.0,297.5,1.3428571428571427,2.0,1,0.20376712328767124,0.0,0.0,0.7352941176470589,0.9390612409347301
2025-10-15,Vegan Cheese,AI forecast + inventory policy,17.0,24.0,0.0,41.0,0.0,0.0,0.0,0,41.0,0.0,26.650000000000002,1.4878048780487805,0.0,1,0.018253424657534247,0.0,0.0,0.0,0.018253424657534247
2025-10-16,Bacon,AI forecast + inventory policy,78.0,0.0,0.0,78.0,59.0,59.0,0.0,0,19.0,150.0,20.900000000000002,1.0,0.0,0,0.014315068493150685,0.0,0.0,0.0,0.014315068493150685
2025-10-16,Burger Buns,AI forecast + inventory policy,162.0,0.0,0.0,162.0,135.0,135.0,0.0,0,27.0,384.0,4.859999999999999,1.0,0.0,0,0.003328767123287671,0.0,0.0,0.0,0.003328767123287671
2025-10-16,Butter,AI forecast + inventory policy,73.0,0.0,0.0,73.0,43.0,43.0,0.0,0,30.0,108.0,28.499999999999996,2.8,0.0,0,0.01952054794520548,0.0,0.0,0.0,0.01952054794520548
2025-10-16,Cheese Slices,AI forecast + inventory policy,69.0,0.0,0.0,69.0,91.0,69.0,22.0,1,0.0,300.0,0.0,0.0,0.0,0,0.0,0.0,9.68,0.0,9.68
2025-10-16,Chicken Breast,AI forecast + inventory policy,110.0,0.0,0.0,110.0,91.0,91.0,0.0,0,19.0,380.0,34.2,1.0,0.0,0,0.023424657534246576,0.0,0.0,0.0,0.023424657534246576
2025-10-16,Coffee Beans,AI forecast + inventory policy,77.0,0.0,0.0,77.0,45.0,45.0,0.0,0,32.0,90.0,67.2,1.0,0.0,0,0.046027397260273974,0.0,0.0,0.0,0.046027397260273974
2025-10-16,Cooking Oil,AI forecast + inventory policy,58.0,0.0,0.0,58.0,28.0,28.0,0.0,0,30.0,56.0,48.0,1.0,0.0,0,0.03287671232876713,0.0,0.0,0.0,0.03287671232876713
2025-10-16,Eggs,AI forecast + inventory policy,95.0,0.0,0.0,95.0,67.0,67.0,0.0,0,28.0,210.0,4.48,1.0,0.0,0,0.003068493150684932,0.0,0.0,0.0,0.003068493150684932
2025-10-16,Fries (Potatoes),AI forecast + inventory policy,151.0,0.0,0.0,151.0,166.0,151.0,15.0,1,0.0,400.0,0.0,0.0,0.0,0,0.0,0.0,9.0,0.0,9.0
2025-10-16,Gluten-free Buns,AI forecast + inventory policy,48.0,0.0,0.0,48.0,13.0,13.0,0.0,0,35.0,0.0,19.25,1.0,0.0,0,0.013184931506849316,0.0,0.0,0.0,0.013184931506849316
2025-10-16,Lettuce,AI forecast + inventory policy,101.0,0.0,0.0,101.0,64.0,64.0,0.0,0,37.0,204.0,22.2,1.0,0.0,0,0.015205479452054794,0.0,0.0,0.0,0.015205479452054794
2025-10-16,Milk,AI forecast + inventory policy,135.0,0.0,0.0,135.0,77.0,77.0,0.0,0,58.0,192.0,43.5,1.0,0.0,0,0.0297945205479452,0.0,0.0,0.0,0.0297945205479452
2025-10-16,Mushrooms,AI forecast + inventory policy,64.0,0.0,0.0,64.0,48.0,48.0,0.0,0,16.0,110.0,8.8,1.0,0.0,0,0.006027397260273973,0.0,0.0,0.0,0.006027397260273973
2025-10-16,Onions,AI forecast + inventory policy,82.0,0.0,0.0,82.0,56.0,56.0,0.0,0,26.0,180.0,6.5,1.0,0.0,0,0.004452054794520548,0.0,0.0,0.0,0.004452054794520548
2025-10-16,Salmon Fillet,AI forecast + inventory policy,78.0,0.0,0.0,78.0,0.0,0.0,0.0,0,78.0,102.0,249.60000000000002,1.0,0.0,0,0.17095890410958905,0.0,0.0,0.0,0.17095890410958905
2025-10-16,Seasonal Berries,AI forecast + inventory policy,30.0,0.0,0.0,30.0,0.0,0.0,0.0,0,30.0,0.0,42.0,1.0,0.0,0,0.028767123287671233,0.0,0.0,0.0,0.028767123287671233
2025-10-16,Soft Drinks,AI forecast + inventory policy,190.0,0.0,0.0,190.0,124.0,124.0,0.0,0,66.0,360.0,26.400000000000002,1.0,0.0,0,0.01808219178082192,0.0,0.0,0.0,0.01808219178082192
2025-10-16,Tomatoes,AI forecast + inventory policy,135.0,0.0,0.0,135.0,75.0,75.0,0.0,0,60.0,192.0,27.0,1.0,0.0,0,0.018493150684931507,0.0,0.0,0.0,0.018493150684931507
2025-10-16,Truffle Oil,AI forecast + inventory policy,35.0,0.0,0.0,35.0,2.0,2.0,0.0,0,33.0,2.0,280.5,2.1818181818181817,0.0,0,0.19212328767123288,0.0,0.0,0.0,0.19212328767123288
2025-10-16,Vegan Cheese,AI forecast + inventory policy,41.0,0.0,0.0,41.0,9.0,9.0,0.0,0,32.0,0.0,20.8,1.75,0.0,0,0.014246575342465755,0.0,0.0,0.0,0.014246575342465755
2025-10-17,Bacon,AI forecast + inventory policy,19.0,150.0,0.0,169.0,75.0,75.0,0.0,0,94.0,180.0,103.4,0.0,180.0,1,0.07082191780821918,0.0,0.0,0.6578947368421053,0.7287166546503245
2025-10-17,Burger Buns,AI forecast + inventory policy,27.0,384.0,0.0,411.0,192.0,192.0,0.0,0,219.0,384.0,39.42,0.0,384.0,1,0.027,0.0,0.0,0.6578947368421053,0.6848947368421053
2025-10-17,Butter,AI forecast + inventory policy,30.0,108.0,0.0,138.0,81.0,81.0,0.0,0,57.0,120.0,54.15,0.0,120.0,1,0.03708904109589041,0.0,0.0,0.6578947368421053,0.6949837779379957
2025-10-17,Cheese Slices,AI forecast + inventory policy,0.0,300.0,0.0,300.0,118.0,118.0,0.0,0,182.0,250.0,40.04,0.0,250.0,1,0.027424657534246576,0.0,0.0,0.6578947368421053,0.6853193943763519
2025-10-17,Chicken Breast,AI forecast + inventory policy,19.0,380.0,0.0,399.0,172.0,172.0,0.0,0,227.0,310.0,408.6,0.0,310.0,1,0.27986301369863015,0.0,0.0,0.6578947368421053,0.9377577505407355
2025-10-17,Coffee Beans,AI forecast + inventory policy,32.0,90.0,0.0,122.0,41.0,41.0,0.0,0,81.0,126.0,170.1,0.0,126.0,1,0.1165068493150685,0.0,0.0,0.6578947368421053,0.7744015861571738
2025-10-17,Cooking Oil,AI forecast + inventory policy,30.0,56.0,0.0,86.0,39.0,39.0,0.0,0,47.0,96.0,75.2,0.0,96.0,1,0.0515068493150685,0.0,0.0,0.6578947368421053,0.7094015861571739
2025-10-17,Eggs,AI forecast + inventory policy,28.0,210.0,0.0,238.0,71.0,71.0,0.0,0,167.0,210.0,26.72,0.0,210.0,1,0.0183013698630137,0.0,0.0,0.6578947368421053,0.676196106705119
2025-10-17,Fries (Potatoes),AI forecast + inventory policy,0.0,400.0,0.0,400.0,190.0,190.0,0.0,0,210.0,500.0,63.0,0.0,500.0,1,0.043150684931506846,0.0,0.0,0.6578947368421053,0.7010454217736122
2025-10-17,Gluten-free Buns,AI forecast + inventory policy,35.0,0.0,0.0,35.0,17.0,17.0,0.0,0,18.0,12.0,9.9,2.0,12.0,1,0.006780821917808219,0.0,0.0,0.6578947368421053,0.6646755587599136
2025-10-17,Lettuce,AI forecast + inventory policy,37.0,204.0,0.0,241.0,102.0,102.0,0.0,0,139.0,252.0,83.39999999999999,0.0,252.0,1,0.05712328767123287,0.0,0.0,0.6578947368421053,0.7150180245133382
2025-10-17,Milk,AI forecast + inventory policy,58.0,192.0,0.0,250.0,96.0,96.0,0.0,0,154.0,240.0,115.5,0.0,240.0,1,0.07910958904109588,0.0,0.0,0.6578947368421053,0.7370043258832012
2025-10-17,Mushrooms,AI forecast + inventory policy,16.0,110.0,0.0,126.0,56.0,56.0,0.0,0,70.0,130.0,38.5,0.0,130.0,1,0.026369863013698633,0.0,0.0,0.6578947368421053,0.6842645998558039
2025-10-17,Onions,AI forecast + inventory policy,26.0,180.0,0.0,206.0,107.0,107.0,0.0,0,99.0,200.0,24.75,0.0,200.0,1,0.016952054794520548,0.0,0.0,0.6578947368421053,0.6748467916366259
2025-10-17,Salmon Fillet,AI forecast + inventory policy,78.0,102.0,0.0,180.0,44.0,44.0,0.0,0,136.0,42.0,435.20000000000005,0.5,42.0,1,0.29808219178082196,0.0,0.0,0.6578947368421053,0.9559769286229273
2025-10-17,Seasonal Berries,AI forecast + inventory policy,30.0,0.0,0.0,30.0,13.0,13.0,0.0,0,17.0,0.0,23.799999999999997,2.0,0.0,1,0.0163013698630137,0.0,0.0,0.0,0.0163013698630137
2025-10-17,Soft Drinks,AI forecast + inventory policy,66.0,360.0,0.0,426.0,184.0,184.0,0.0,0,242.0,384.0,96.80000000000001,0.0,384.0,1,0.0663013698630137,0.0,0.0,0.6578947368421053,0.724196106705119
2025-10-17,Tomatoes,AI forecast + inventory policy,60.0,192.0,0.0,252.0,103.0,103.0,0.0,0,149.0,240.0,67.05,0.0,240.0,1,0.04592465753424657,0.0,0.0,0.6578947368421053,0.7038193943763519
2025-10-17,Truffle Oil,AI forecast + inventory policy,33.0,2.0,0.0,35.0,0.0,0.0,0.0,0,35.0,6.0,297.5,3.0,6.0,1,0.20376712328767124,0.0,0.0,0.6578947368421053,0.8616618601297765
2025-10-17,Vegan Cheese,AI forecast + inventory policy,32.0,0.0,0.0,32.0,20.0,20.0,0.0,0,12.0,12.0,7.800000000000001,2.0,12.0,1,0.005342465753424658,0.0,0.0,0.6578947368421053,0.66323720259553
2025-10-18,Bacon,AI forecast + inventory policy,94.0,0.0,0.0,94.0,67.0,67.0,0.0,0,27.0,180.0,29.700000000000003,1.0,0.0,0,0.02034246575342466,0.0,0.0,0.0,0.02034246575342466
2025-10-18,Burger Buns,AI forecast + inventory policy,219.0,0.0,0.0,219.0,160.0,160.0,0.0,0,59.0,384.0,10.62,1.0,0.0,0,0.007273972602739726,0.0,0.0,0.0,0.007273972602739726
2025-10-18,Butter,AI forecast + inventory policy,57.0,0.0,0.0,57.0,56.0,56.0,0.0,0,1.0,120.0,0.95,1.0,0.0,0,0.0006506849315068493,0.0,0.0,0.0,0.0006506849315068493
2025-10-18,Cheese Slices,AI forecast + inventory policy,182.0,0.0,0.0,182.0,98.0,98.0,0.0,0,84.0,250.0,18.48,1.0,0.0,0,0.012657534246575343,0.0,0.0,0.0,0.012657534246575343
2025-10-18,Chicken Breast,AI forecast + inventory policy,227.0,0.0,0.0,227.0,188.0,188.0,0.0,0,39.0,310.0,70.2,1.0,0.0,0,0.04808219178082192,0.0,0.0,0.0,0.04808219178082192
2025-10-18,Coffee Beans,AI forecast + inventory policy,81.0,0.0,0.0,81.0,63.0,63.0,0.0,0,18.0,126.0,37.800000000000004,1.0,0.0,0,0.02589041095890411,0.0,0.0,0.0,0.02589041095890411
2025-10-18,Cooking Oil,AI forecast + inventory policy,47.0,0.0,0.0,47.0,35.0,35.0,0.0,0,12.0,96.0,19.200000000000003,1.0,0.0,0,0.01315068493150685,0.0,0.0,0.0,0.01315068493150685
2025-10-18,Eggs,AI forecast + inventory policy,167.0,0.0,0.0,167.0,130.0,130.0,0.0,0,37.0,210.0,5.92,1.0,0.0,0,0.0040547945205479455,0.0,0.0,0.0,0.0040547945205479455
2025-10-18,Fries (Potatoes),AI forecast + inventory policy,210.0,0.0,0.0,210.0,218.0,210.0,8.0,1,0.0,500.0,0.0,0.0,0.0,0,0.0,0.0,4.8,0.0,4.8
2025-10-18,Gluten-free Buns,AI forecast + inventory policy,18.0,0.0,18.0,0.0,0.0,0.0,0.0,0,0.0,12.0,0.0,0.0,0.0,0,0.0,10.8,0.0,0.0,10.8
2025-10-18,Lettuce,AI forecast + inventory policy,139.0,0.0,0.0,139.0,75.0,75.0,0.0,0,64.0,252.0,38.4,1.0,0.0,0,0.026301369863013697,0.0,0.0,0.0,0.026301369863013697
2025-10-18,Milk,AI forecast + inventory policy,154.0,0.0,0.0,154.0,90.0,90.0,0.0,0,64.0,240.0,48.0,1.0,0.0,0,0.03287671232876712,0.0,0.0,0.0,0.03287671232876712
2025-10-18,Mushrooms,AI forecast + inventory policy,70.0,0.0,0.0,70.0,47.0,47.0,0.0,0,23.0,130.0,12.65,1.0,0.0,0,0.008664383561643837,0.0,0.0,0.0,0.008664383561643837
2025-10-18,Onions,AI forecast + inventory policy,99.0,0.0,0.0,99.0,101.0,99.0,2.0,1,0.0,200.0,0.0,0.0,0.0,0,0.0,0.0,1.0,0.0,1.0
2025-10-18,Salmon Fillet,AI forecast + inventory policy,136.0,0.0,34.0,102.0,0.0,0.0,0.0,0,102.0,42.0,326.40000000000003,1.0,0.0,0,0.22356164383561647,110.50000000000001,0.0,0.0,110.72356164383564
2025-10-18,Seasonal Berries,AI forecast + inventory policy,17.0,0.0,17.0,0.0,0.0,0.0,0.0,0,0.0,0.0,0.0,0.0,0.0,0,0.0,24.65,0.0,0.0,24.65
2025-10-18,Soft Drinks,AI forecast + inventory policy,242.0,0.0,0.0,242.0,174.0,174.0,0.0,0,68.0,384.0,27.200000000000003,1.0,0.0,0,0.018630136986301372,0.0,0.0,0.0,0.018630136986301372
2025-10-18,Tomatoes,AI forecast + inventory policy,149.0,0.0,0.0,149.0,92.0,92.0,0.0,0,57.0,240.0,25.650000000000002,1.0,0.0,0,0.01756849315068493,0.0,0.0,0.0,0.01756849315068493
2025-10-18,Truffle Oil,AI forecast + inventory policy,35.0,0.0,0.0,35.0,0.0,0.0,0.0,0,35.0,6.0,297.5,4.0,0.0,0,0.20376712328767124,0.0,0.0,0.0,0.20376712328767124
2025-10-18,Vegan Cheese,AI forecast + inventory policy,12.0,0.0,0.0,12.0,0.0,0.0,0.0,0,12.0,12.0,7.800000000000001,3.0,0.0,0,0.005342465753424658,0.0,0.0,0.0,0.005342465753424658
2025-10-19,Bacon,AI forecast + inventory policy,27.0,180.0,0.0,207.0,80.0,80.0,0.0,0,127.0,0.0,139.70000000000002,0.0,0.0,0,0.09568493150684931,0.0,0.0,0.0,0.09568493150684931
2025-10-19,Burger Buns,AI forecast + inventory policy,59.0,384.0,0.0,443.0,172.0,172.0,0.0,0,271.0,0.0,48.78,0.0,0.0,0,0.03341095890410959,0.0,0.0,0.0,0.03341095890410959
2025-10-19,Butter,AI forecast + inventory policy,1.0,120.0,0.0,121.0,39.0,39.0,0.0,0,82.0,0.0,77.89999999999999,0.0,0.0,0,0.053356164383561645,0.0,0.0,0.0,0.053356164383561645
2025-10-19,Cheese Slices,AI forecast + inventory policy,84.0,250.0,0.0,334.0,111.0,111.0,0.0,0,223.0,0.0,49.06,0.0,0.0,0,0.0336027397260274,0.0,0.0,0.0,0.0336027397260274
2025-10-19,Chicken Breast,AI forecast + inventory policy,39.0,310.0,0.0,349.0,155.0,155.0,0.0,0,194.0,0.0,349.2,0.0,0.0,0,0.23917808219178083,0.0,0.0,0.0,0.23917808219178083
2025-10-19,Coffee Beans,AI forecast + inventory policy,18.0,126.0,0.0,144.0,51.0,51.0,0.0,0,93.0,0.0,195.3,0.0,0.0,0,0.13376712328767124,0.0,0.0,0.0,0.13376712328767124
2025-10-19,Cooking Oil,AI forecast + inventory policy,12.0,96.0,0.0,108.0,40.0,40.0,0.0,0,68.0,0.0,108.80000000000001,0.0,0.0,0,0.07452054794520549,0.0,0.0,0.0,0.07452054794520549
2025-10-19,Eggs,AI forecast + inventory policy,37.0,210.0,0.0,247.0,76.0,76.0,0.0,0,171.0,0.0,27.36,0.0,0.0,0,0.01873972602739726,0.0,0.0,0.0,0.01873972602739726
2025-10-19,Fries (Potatoes),AI forecast + inventory policy,0.0,500.0,0.0,500.0,245.0,245.0,0.0,0,255.0,0.0,76.5,0.0,0.0,0,0.052397260273972596,0.0,0.0,0.0,0.052397260273972596
2025-10-19,Gluten-free Buns,AI forecast + inventory policy,0.0,12.0,0.0,12.0,0.0,0.0,0.0,0,12.0,0.0,6.6000000000000005,0.0,0.0,0,0.00452054794520548,0.0,0.0,0.0,0.00452054794520548
2025-10-19,Lettuce,AI forecast + inventory policy,64.0,252.0,0.0,316.0,93.0,93.0,0.0,0,223.0,0.0,133.79999999999998,0.0,0.0,0,0.09164383561643835,0.0,0.0,0.0,0.09164383561643835
2025-10-19,Milk,AI forecast + inventory policy,64.0,240.0,0.0,304.0,88.0,88.0,0.0,0,216.0,0.0,162.0,0.0,0.0,0,0.11095890410958903,0.0,0.0,0.0,0.11095890410958903
2025-10-19,Mushrooms,AI forecast + inventory policy,23.0,130.0,0.0,153.0,52.0,52.0,0.0,0,101.0,0.0,55.550000000000004,0.0,0.0,0,0.03804794520547945,0.0,0.0,0.0,0.03804794520547945
2025-10-19,Onions,AI forecast + inventory policy,0.0,200.0,0.0,200.0,73.0,73.0,0.0,0,127.0,0.0,31.75,0.0,0.0,0,0.021746575342465754,0.0,0.0,0.0,0.021746575342465754
2025-10-19,Salmon Fillet,AI forecast + inventory policy,102.0,42.0,0.0,144.0,58.0,58.0,0.0,0,86.0,0.0,275.20000000000005,1.0232558139534884,0.0,0,0.18849315068493153,0.0,0.0,0.0,0.18849315068493153
2025-10-19,Seasonal Berries,AI forecast + inventory policy,0.0,0.0,0.0,0.0,6.0,0.0,6.0,1,0.0,0.0,0.0,0.0,0.0,0,0.0,0.0,16.799999999999997,0.0,16.799999999999997
2025-10-19,Soft Drinks,AI forecast + inventory policy,68.0,384.0,0.0,452.0,188.0,188.0,0.0,0,264.0,0.0,105.60000000000001,0.0,0.0,0,0.07232876712328767,0.0,0.0,0.0,0.07232876712328767
2025-10-19,Tomatoes,AI forecast + inventory policy,57.0,240.0,0.0,297.0,107.0,107.0,0.0,0,190.0,0.0,85.5,0.0,0.0,0,0.058561643835616434,0.0,0.0,0.0,0.058561643835616434
2025-10-19,Truffle Oil,AI forecast + inventory policy,35.0,6.0,0.0,41.0,7.0,7.0,0.0,0,34.0,0.0,289.0,3.7058823529411766,0.0,0,0.19794520547945207,0.0,0.0,0.0,0.19794520547945207
2025-10-19,Vegan Cheese,AI forecast + inventory policy,12.0,12.0,0.0,24.0,13.0,13.0,0.0,0,11.0,0.0,7.15,0.0,0.0,0,0.004897260273972603,0.0,0.0,0.0,0.004897260273972603
2025-10-20,Bacon,AI forecast + inventory policy,127.0,0.0,0.0,127.0,44.0,44.0,0.0,0,83.0,110.0,91.30000000000001,1.0,110.0,1,0.06253424657534247,0.0,0.0,0.6578947368421053,0.7204289834174478
2025-10-20,Burger Buns,AI forecast + inventory policy,271.0,0.0,0.0,271.0,115.0,115.0,0.0,0,156.0,240.0,28.08,1.0,240.0,1,0.01923287671232877,0.0,0.0,0.6578947368421053,0.6771276135544341
2025-10-20,Butter,AI forecast + inventory policy,82.0,0.0,0.0,82.0,41.0,41.0,0.0,0,41.0,96.0,38.949999999999996,1.0,96.0,1,0.026678082191780823,0.0,0.0,0.6578947368421053,0.6845728190338861
2025-10-20,Cheese Slices,AI forecast + inventory policy,223.0,0.0,0.0,223.0,83.0,83.0,0.0,0,140.0,150.0,30.8,1.0,150.0,1,0.021095890410958905,0.0,0.0,0.6578947368421053,0.6789906272530642
2025-10-20,Chicken Breast,AI forecast + inventory policy,194.0,0.0,0.0,194.0,74.0,74.0,0.0,0,120.0,270.0,216.0,1.0,270.0,1,0.14794520547945206,0.0,0.0,0.6578947368421053,0.8058399423215574
2025-10-20,Coffee Beans,AI forecast + inventory policy,93.0,0.0,0.0,93.0,40.0,40.0,0.0,0,53.0,102.0,111.30000000000001,1.0,102.0,1,0.07623287671232877,0.0,0.0,0.6578947368421053,0.7341276135544341
2025-10-20,Cooking Oil,AI forecast + inventory policy,68.0,0.0,0.0,68.0,24.0,24.0,0.0,0,44.0,60.0,70.4,1.0,60.0,1,0.04821917808219179,0.0,0.0,0.6578947368421053,0.7061139149242971
2025-10-20,Eggs,AI forecast + inventory policy,171.0,0.0,0.0,171.0,55.0,55.0,0.0,0,116.0,120.0,18.56,1.0,120.0,1,0.012712328767123289,0.0,0.0,0.6578947368421053,0.6706070656092286
2025-10-20,Fries (Potatoes),AI forecast + inventory policy,255.0,0.0,0.0,255.0,139.0,139.0,0.0,0,116.0,300.0,34.8,1.0,300.0,1,0.023835616438356164,0.0,0.0,0.6578947368421053,0.6817303532804615
2025-10-20,Gluten-free Buns,AI forecast + inventory policy,12.0,0.0,0.0,12.0,8.0,8.0,0.0,0,4.0,36.0,2.2,1.0,36.0,1,0.0015068493150684932,0.0,0.0,0.6578947368421053,0.6594015861571738
2025-10-20,Lettuce,AI forecast + inventory policy,223.0,0.0,0.0,223.0,63.0,63.0,0.0,0,160.0,96.0,96.0,1.0,96.0,1,0.06575342465753424,0.0,0.0,0.6578947368421053,0.7236481614996395
2025-10-20,Milk,AI forecast + inventory policy,216.0,0.0,0.0,216.0,73.0,73.0,0.0,0,143.0,120.0,107.25,1.0,120.0,1,0.07345890410958904,0.0,0.0,0.6578947368421053,0.7313536409516943
2025-10-20,Mushrooms,AI forecast + inventory policy,101.0,0.0,0.0,101.0,34.0,34.0,0.0,0,67.0,70.0,36.85,1.0,70.0,1,0.025239726027397262,0.0,0.0,0.6578947368421053,0.6831344628695025
2025-10-20,Onions,AI forecast + inventory policy,127.0,0.0,0.0,127.0,51.0,51.0,0.0,0,76.0,140.0,19.0,1.0,140.0,1,0.013013698630136987,0.0,0.0,0.6578947368421053,0.6709084354722423
2025-10-20,Salmon Fillet,AI forecast + inventory policy,86.0,0.0,44.0,42.0,0.0,0.0,0.0,0,42.0,138.0,134.4,1.0,138.0,1,0.09205479452054796,143.0,0.0,0.6578947368421053,143.74994953136266
2025-10-20,Seasonal Berries,AI forecast + inventory policy,0.0,0.0,0.0,0.0,9.0,0.0,9.0,1,0.0,24.0,0.0,0.0,24.0,1,0.0,0.0,25.2,0.6578947368421053,25.857894736842105
2025-10-20,Soft Drinks,AI forecast + inventory policy,264.0,0.0,0.0,264.0,98.0,98.0,0.0,0,166.0,240.0,66.4,1.0,240.0,1,0.04547945205479453,0.0,0.0,0.6578947368421053,0.7033741888968998
2025-10-20,Tomatoes,AI forecast + inventory policy,190.0,0.0,0.0,190.0,70.0,70.0,0.0,0,120.0,132.0,54.0,1.0,132.0,1,0.036986301369863014,0.0,0.0,0.6578947368421053,0.6948810382119683
2025-10-20,Truffle Oil,AI forecast + inventory policy,34.0,0.0,0.0,34.0,10.0,10.0,0.0,0,24.0,0.0,204.0,3.8333333333333335,0.0,1,0.13972602739726028,0.0,0.0,0.0,0.13972602739726028
2025-10-20,Vegan Cheese,AI forecast + inventory policy,11.0,0.0,0.0,11.0,6.0,6.0,0.0,0,5.0,36.0,3.25,1.0,36.0,1,0.0022260273972602744,0.0,0.0,0.6578947368421053,0.6601207642393656
2025-10-21,Bacon,AI forecast + inventory policy,83.0,0.0,0.0,83.0,59.0,59.0,0.0,0,24.0,110.0,26.400000000000002,2.0,0.0,0,0.01808219178082192,0.0,0.0,0.0,0.01808219178082192
2025-10-21,Burger Buns,AI forecast + inventory policy,156.0,0.0,0.0,156.0,108.0,108.0,0.0,0,48.0,240.0,8.64,2.0,0.0,0,0.005917808219178082,0.0,0.0,0.0,0.005917808219178082
2025-10-21,Butter,AI forecast + inventory policy,41.0,0.0,0.0,41.0,34.0,34.0,0.0,0,7.0,96.0,6.6499999999999995,2.0,0.0,0,0.004554794520547945,0.0,0.0,0.0,0.004554794520547945
2025-10-21,Cheese Slices,AI forecast + inventory policy,140.0,0.0,0.0,140.0,67.0,67.0,0.0,0,73.0,150.0,16.06,2.0,0.0,0,0.011000000000000001,0.0,0.0,0.0,0.011000000000000001
2025-10-21,Chicken Breast,AI forecast + inventory policy,120.0,0.0,0.0,120.0,88.0,88.0,0.0,0,32.0,270.0,57.6,2.0,0.0,0,0.03945205479452055,0.0,0.0,0.0,0.03945205479452055
2025-10-21,Coffee Beans,AI forecast + inventory policy,53.0,0.0,0.0,53.0,43.0,43.0,0.0,0,10.0,102.0,21.0,2.0,0.0,0,0.014383561643835616,0.0,0.0,0.0,0.014383561643835616
2025-10-21,Cooking Oil,AI forecast + inventory policy,44.0,0.0,0.0,44.0,23.0,23.0,0.0,0,21.0,60.0,33.6,2.0,0.0,0,0.02301369863013699,0.0,0.0,0.0,0.02301369863013699
2025-10-21,Eggs,AI forecast + inventory policy,116.0,0.0,0.0,116.0,57.0,57.0,0.0,0,59.0,120.0,9.44,2.0,0.0,0,0.006465753424657534,0.0,0.0,0.0,0.006465753424657534
2025-10-21,Fries (Potatoes),AI forecast + inventory policy,116.0,0.0,0.0,116.0,124.0,116.0,8.0,1,0.0,300.0,0.0,0.0,0.0,0,0.0,0.0,4.8,0.0,4.8
2025-10-21,Gluten-free Buns,AI forecast + inventory policy,4.0,0.0,0.0,4.0,15.0,4.0,11.0,1,0.0,36.0,0.0,0.0,0.0,0,0.0,0.0,12.100000000000001,0.0,12.100000000000001
2025-10-21,Lettuce,AI forecast + inventory policy,160.0,0.0,0.0,160.0,50.0,50.0,0.0,0,110.0,96.0,66.0,2.0,0.0,0,0.04520547945205479,0.0,0.0,0.0,0.04520547945205479
2025-10-21,Milk,AI forecast + inventory policy,143.0,0.0,0.0,143.0,70.0,70.0,0.0,0,73.0,120.0,54.75,2.0,0.0,0,0.0375,0.0,0.0,0.0,0.0375
2025-10-21,Mushrooms,AI forecast + inventory policy,67.0,0.0,0.0,67.0,24.0,24.0,0.0,0,43.0,70.0,23.650000000000002,2.0,0.0,0,0.016198630136986303,0.0,0.0,0.0,0.016198630136986303
2025-10-21,Onions,AI forecast + inventory policy,76.0,0.0,0.0,76.0,54.0,54.0,0.0,0,22.0,140.0,5.5,2.0,0.0,0,0.003767123287671233,0.0,0.0,0.0,0.003767123287671233
2025-10-21,Salmon Fillet,AI forecast + inventory policy,42.0,0.0,0.0,42.0,20.0,20.0,0.0,0,22.0,138.0,70.4,2.0,0.0,0,0.04821917808219179,0.0,0.0,0.0,0.04821917808219179
2025-10-21,Seasonal Berries,AI forecast + inventory policy,0.0,0.0,0.0,0.0,2.0,0.0,2.0,1,0.0,24.0,0.0,0.0,0.0,0,0.0,0.0,5.6,0.0,5.6
2025-10-21,Soft Drinks,AI forecast + inventory policy,166.0,0.0,0.0,166.0,88.0,88.0,0.0,0,78.0,240.0,31.200000000000003,2.0,0.0,0,0.021369863013698632,0.0,0.0,0.0,0.021369863013698632
2025-10-21,Tomatoes,AI forecast + inventory policy,120.0,0.0,0.0,120.0,73.0,73.0,0.0,0,47.0,132.0,21.150000000000002,2.0,0.0,0,0.014486301369863014,0.0,0.0,0.0,0.014486301369863014
2025-10-21,Truffle Oil,AI forecast + inventory policy,24.0,0.0,0.0,24.0,6.0,6.0,0.0,0,18.0,0.0,153.0,4.444444444444445,0.0,0,0.10479452054794522,0.0,0.0,0.0,0.10479452054794522
2025-10-21,Vegan Cheese,AI forecast + inventory policy,5.0,0.0,0.0,5.0,0.0,0.0,0.0,0,5.0,36.0,3.25,2.0,0.0,0,0.0022260273972602744,0.0,0.0,0.0,0.0022260273972602744
2025-10-22,Bacon,AI forecast + inventory policy,24.0,110.0,0.0,134.0,70.0,70.0,0.0,0,64.0,160.0,70.4,0.0,160.0,1,0.04821917808219178,0.0,0.0,0.7352941176470589,0.7835132957292507
2025-10-22,Burger Buns,AI forecast + inventory policy,48.0,240.0,48.0,240.0,102.0,102.0,0.0,0,138.0,384.0,24.84,0.0,384.0,1,0.017013698630136985,11.040000000000001,0.0,0.7352941176470589,11.792307816277198
2025-10-22,Butter,AI forecast + inventory policy,7.0,96.0,0.0,103.0,43.0,43.0,0.0,0,60.0,96.0,57.0,0.0,96.0,1,0.03904109589041096,0.0,0.0,0.7352941176470589,0.7743352135374698
2025-10-22,Cheese Slices,AI forecast + inventory policy,73.0,150.0,0.0,223.0,81.0,81.0,0.0,0,142.0,200.0,31.24,0.0,200.0,1,0.021397260273972603,0.0,0.0,0.7352941176470589,0.7566913779210315
2025-10-22,Chicken Breast,AI forecast + inventory policy,32.0,270.0,0.0,302.0,117.0,117.0,0.0,0,185.0,270.0,333.0,0.0,270.0,1,0.22808219178082192,0.0,0.0,0.7352941176470589,0.9633763094278808
2025-10-22,Coffee Beans,AI forecast + inventory policy,10.0,102.0,0.0,112.0,49.0,49.0,0.0,0,63.0,102.0,132.3,0.0,102.0,1,0.09061643835616438,0.0,0.0,0.7352941176470589,0.8259105560032233
2025-10-22,Cooking Oil,AI forecast + inventory policy,21.0,60.0,0.0,81.0,23.0,23.0,0.0,0,58.0,64.0,92.80000000000001,0.0,64.0,1,0.06356164383561645,0.0,0.0,0.7352941176470589,0.7988557614826753
2025-10-22,Eggs,AI forecast + inventory policy,59.0,120.0,0.0,179.0,61.0,61.0,0.0,0,118.0,180.0,18.88,0.0,180.0,1,0.012931506849315069,0.0,0.0,0.7352941176470589,0.748225624496374
2025-10-22,Fries (Potatoes),AI forecast + inventory policy,0.0,300.0,0.0,300.0,141.0,141.0,0.0,0,159.0,440.0,47.699999999999996,0.0,440.0,1,0.03267123287671233,0.0,0.0,0.7352941176470589,0.7679653505237712
2025-10-22,Gluten-free Buns,AI forecast + inventory policy,0.0,36.0,0.0,36.0,6.0,6.0,0.0,0,30.0,0.0,16.5,0.0,0.0,1,0.011301369863013699,0.0,0.0,0.0,0.011301369863013699
2025-10-22,Lettuce,AI forecast + inventory policy,110.0,96.0,0.0,206.0,68.0,68.0,0.0,0,138.0,192.0,82.8,0.9130434782608695,192.0,1,0.05671232876712328,0.0,0.0,0.7352941176470589,0.7920064464141822
2025-10-22,Milk,AI forecast + inventory policy,73.0,120.0,0.0,193.0,77.0,77.0,0.0,0,116.0,180.0,87.0,0.0,180.0,1,0.0595890410958904,0.0,0.0,0.7352941176470589,0.7948831587429492
2025-10-22,Mushrooms,AI forecast + inventory policy,43.0,70.0,0.0,113.0,25.0,25.0,0.0,0,88.0,90.0,48.4,0.6136363636363636,90.0,1,0.03315068493150685,0.0,0.0,0.7352941176470589,0.7684448025785657
2025-10-22,Onions,AI forecast + inventory policy,22.0,140.0,0.0,162.0,51.0,51.0,0.0,0,111.0,140.0,27.75,0.0,140.0,1,0.019006849315068495,0.0,0.0,0.7352941176470589,0.7543009669621273
2025-10-22,Salmon Fillet,AI forecast + inventory policy,22.0,138.0,22.0,138.0,0.0,0.0,0.0,0,138.0,84.0,441.6,0.0,84.0,1,0.3024657534246576,71.5,0.0,0.7352941176470589,72.53775987107171
2025-10-22,Seasonal Berries,AI forecast + inventory policy,0.0,24.0,0.0,24.0,0.0,0.0,0.0,0,24.0,0.0,33.599999999999994,0.0,0.0,1,0.023013698630136987,0.0,0.0,0.0,0.023013698630136987
2025-10-22,Soft Drinks,AI forecast + inventory policy,78.0,240.0,0.0,318.0,110.0,110.0,0.0,0,208.0,312.0,83.2,0.0,312.0,1,0.05698630136986302,0.0,0.0,0.7352941176470589,0.7922804190169219
2025-10-22,Tomatoes,AI forecast + inventory policy,47.0,132.0,0.0,179.0,59.0,59.0,0.0,0,120.0,204.0,54.0,0.0,204.0,1,0.036986301369863014,0.0,0.0,0.7352941176470589,0.7722804190169219
2025-10-22,Truffle Oil,AI forecast + inventory policy,18.0,0.0,0.0,18.0,7.0,7.0,0.0,0,11.0,16.0,93.5,4.454545454545454,16.0,1,0.06404109589041096,0.0,0.0,0.7352941176470589,0.7993352135374698
2025-10-22,Vegan Cheese,AI forecast + inventory policy,5.0,36.0,0.0,41.0,4.0,4.0,0.0,0,37.0,0.0,24.05,0.08108108108108109,0.0,1,0.01647260273972603,0.0,0.0,0.0,0.01647260273972603
2025-10-23,Bacon,AI forecast + inventory policy,64.0,0.0,0.0,64.0,79.0,64.0,15.0,1,0.0,160.0,0.0,0.0,0.0,0,0.0,0.0,33.0,0.0,33.0
2025-10-23,Burger Buns,AI forecast + inventory policy,138.0,0.0,0.0,138.0,131.0,131.0,0.0,0,7.0,384.0,1.26,1.0,0.0,0,0.000863013698630137,0.0,0.0,0.0,0.000863013698630137
2025-10-23,Butter,AI forecast + inventory policy,60.0,0.0,0.0,60.0,35.0,35.0,0.0,0,25.0,96.0,23.75,1.0,0.0,0,0.016267123287671232,0.0,0.0,0.0,0.016267123287671232
2025-10-23,Cheese Slices,AI forecast + inventory policy,142.0,0.0,0.0,142.0,88.0,88.0,0.0,0,54.0,200.0,11.88,1.0,0.0,0,0.008136986301369864,0.0,0.0,0.0,0.008136986301369864
2025-10-23,Chicken Breast,AI forecast + inventory policy,185.0,0.0,0.0,185.0,130.0,130.0,0.0,0,55.0,270.0,99.0,1.0,0.0,0,0.06780821917808219,0.0,0.0,0.0,0.06780821917808219
2025-10-23,Coffee Beans,AI forecast + inventory policy,63.0,0.0,0.0,63.0,56.0,56.0,0.0,0,7.0,102.0,14.700000000000001,1.0,0.0,0,0.010068493150684931,0.0,0.0,0.0,0.010068493150684931
2025-10-23,Cooking Oil,AI forecast + inventory policy,58.0,0.0,0.0,58.0,35.0,35.0,0.0,0,23.0,64.0,36.800000000000004,1.0,0.0,0,0.0252054794520548,0.0,0.0,0.0,0.0252054794520548
2025-10-23,Eggs,AI forecast + inventory policy,118.0,0.0,0.0,118.0,68.0,68.0,0.0,0,50.0,180.0,8.0,1.0,0.0,0,0.005479452054794521,0.0,0.0,0.0,0.005479452054794521
2025-10-23,Fries (Potatoes),AI forecast + inventory policy,159.0,0.0,0.0,159.0,159.0,159.0,0.0,0,0.0,440.0,0.0,0.0,0.0,0,0.0,0.0,0.0,0.0,0.0
2025-10-23,Gluten-free Buns,AI forecast + inventory policy,30.0,0.0,0.0,30.0,0.0,0.0,0.0,0,30.0,0.0,16.5,1.0,0.0,0,0.011301369863013699,0.0,0.0,0.0,0.011301369863013699
2025-10-23,Lettuce,AI forecast + inventory policy,138.0,0.0,42.0,96.0,63.0,63.0,0.0,0,33.0,192.0,19.8,1.0,0.0,0,0.013561643835616437,27.3,0.0,0.0,27.313561643835616
2025-10-23,Milk,AI forecast + inventory policy,116.0,0.0,0.0,116.0,83.0,83.0,0.0,0,33.0,180.0,24.75,1.0,0.0,0,0.016952054794520548,0.0,0.0,0.0,0.016952054794520548
2025-10-23,Mushrooms,AI forecast + inventory policy,88.0,0.0,0.0,88.0,33.0,33.0,0.0,0,55.0,90.0,30.250000000000004,1.0,0.0,0,0.020719178082191782,0.0,0.0,0.0,0.020719178082191782
2025-10-23,Onions,AI forecast + inventory policy,111.0,0.0,0.0,111.0,60.0,60.0,0.0,0,51.0,140.0,12.75,1.0,0.0,0,0.008732876712328768,0.0,0.0,0.0,0.008732876712328768
2025-10-23,Salmon Fillet,AI forecast + inventory policy,138.0,0.0,0.0,138.0,49.0,49.0,0.0,0,89.0,84.0,284.8,1.0,0.0,0,0.19506849315068495,0.0,0.0,0.0,0.19506849315068495
2025-10-23,Seasonal Berries,AI forecast + inventory policy,24.0,0.0,0.0,24.0,0.0,0.0,0.0,0,24.0,0.0,33.599999999999994,1.0,0.0,0,0.023013698630136987,0.0,0.0,0.0,0.023013698630136987
2025-10-23,Soft Drinks,AI forecast + inventory policy,208.0,0.0,0.0,208.0,103.0,103.0,0.0,0,105.0,312.0,42.0,1.0,0.0,0,0.028767123287671236,0.0,0.0,0.0,0.028767123287671236
2025-10-23,Tomatoes,AI forecast + inventory policy,120.0,0.0,0.0,120.0,57.0,57.0,0.0,0,63.0,204.0,28.35,1.0,0.0,0,0.01941780821917808,0.0,0.0,0.0,0.01941780821917808
2025-10-23,Truffle Oil,AI forecast + inventory policy,11.0,0.0,0.0,11.0,0.0,0.0,0.0,0,11.0,16.0,93.5,5.454545454545454,0.0,0,0.06404109589041096,0.0,0.0,0.0,0.06404109589041096
2025-10-23,Vegan Cheese,AI forecast + inventory policy,37.0,0.0,0.0,37.0,16.0,16.0,0.0,0,21.0,0.0,13.65,1.0,0.0,0,0.00934931506849315,0.0,0.0,0.0,0.00934931506849315
2025-10-24,Bacon,AI forecast + inventory policy,0.0,160.0,0.0,160.0,71.0,71.0,0.0,0,89.0,190.0,97.9,0.0,190.0,1,0.06705479452054795,0.0,0.0,0.6578947368421053,0.7249495313626533
2025-10-24,Burger Buns,AI forecast + inventory policy,7.0,384.0,0.0,391.0,175.0,175.0,0.0,0,216.0,384.0,38.879999999999995,0.0,384.0,1,0.02663013698630137,0.0,0.0,0.6578947368421053,0.6845248738284067
2025-10-24,Butter,AI forecast + inventory policy,25.0,96.0,0.0,121.0,38.0,38.0,0.0,0,83.0,108.0,78.85,0.0,108.0,1,0.054006849315068495,0.0,0.0,0.6578947368421053,0.7119015861571738
2025-10-24,Cheese Slices,AI forecast + inventory policy,54.0,200.0,0.0,254.0,119.0,119.0,0.0,0,135.0,300.0,29.7,0.0,300.0,1,0.02034246575342466,0.0,0.0,0.6578947368421053,0.67823720259553
2025-10-24,Chicken Breast,AI forecast + inventory policy,55.0,270.0,0.0,325.0,122.0,122.0,0.0,0,203.0,330.0,365.40000000000003,0.0,330.0,1,0.2502739726027397,0.0,0.0,0.6578947368421053,0.908168709444845
2025-10-24,Coffee Beans,AI forecast + inventory policy,7.0,102.0,0.0,109.0,45.0,45.0,0.0,0,64.0,150.0,134.4,0.0,150.0,1,0.09205479452054795,0.0,0.0,0.6578947368421053,0.7499495313626533
2025-10-24,Cooking Oil,AI forecast + inventory policy,23.0,64.0,0.0,87.0,25.0,25.0,0.0,0,62.0,100.0,99.2,0.0,100.0,1,0.06794520547945207,0.0,0.0,0.6578947368421053,0.7258399423215574
2025-10-24,Eggs,AI forecast + inventory policy,50.0,180.0,0.0,230.0,66.0,66.0,0.0,0,164.0,210.0,26.240000000000002,0.0,210.0,1,0.017972602739726028,0.0,0.0,0.6578947368421053,0.6758673395818313
2025-10-24,Fries (Potatoes),AI forecast + inventory policy,0.0,440.0,0.0,440.0,186.0,186.0,0.0,0,254.0,540.0,76.2,0.0,540.0,1,0.052191780821917805,0.0,0.0,0.6578947368421053,0.7100865176640231
2025-10-24,Gluten-free Buns,AI forecast + inventory policy,30.0,0.0,0.0,30.0,14.0,14.0,0.0,0,16.0,12.0,8.8,2.0,12.0,1,0.006027397260273973,0.0,0.0,0.6578947368421053,0.6639221341023793
2025-10-24,Lettuce,AI forecast + inventory policy,33.0,192.0,0.0,225.0,117.0,117.0,0.0,0,108.0,276.0,64.8,0.0,276.0,1,0.04438356164383561,0.0,0.0,0.6578947368421053,0.7022782984859409
2025-10-24,Milk,AI forecast + inventory policy,33.0,180.0,0.0,213.0,103.0,103.0,0.0,0,110.0,264.0,82.5,0.0,264.0,1,0.05650684931506849,0.0,0.0,0.6578947368421053,0.7144015861571738
2025-10-24,Mushrooms,AI forecast + inventory policy,55.0,90.0,0.0,145.0,54.0,54.0,0.0,0,91.0,120.0,50.050000000000004,0.02197802197802198,120.0,1,0.03428082191780822,0.0,0.0,0.6578947368421053,0.6921755587599135
2025-10-24,Onions,AI forecast + inventory policy,51.0,140.0,0.0,191.0,76.0,76.0,0.0,0,115.0,200.0,28.75,0.0,200.0,1,0.019691780821917807,0.0,0.0,0.6578947368421053,0.6775865176640231
2025-10-24,Salmon Fillet,AI forecast + inventory policy,89.0,84.0,0.0,173.0,49.0,49.0,0.0,0,124.0,30.0,396.8,0.6451612903225806,30.0,1,0.2717808219178083,0.0,0.0,0.6578947368421053,0.9296755587599136
2025-10-24,Seasonal Berries,AI forecast + inventory policy,24.0,0.0,0.0,24.0,0.0,0.0,0.0,0,24.0,0.0,33.599999999999994,2.0,0.0,1,0.023013698630136987,0.0,0.0,0.0,0.023013698630136987
2025-10-24,Soft Drinks,AI forecast + inventory policy,105.0,312.0,0.0,417.0,149.0,149.0,0.0,0,268.0,360.0,107.2,0.0,360.0,1,0.07342465753424658,0.0,0.0,0.6578947368421053,0.7313193943763519
2025-10-24,Tomatoes,AI forecast + inventory policy,63.0,204.0,0.0,267.0,91.0,91.0,0.0,0,176.0,204.0,79.2,0.0,204.0,1,0.054246575342465755,0.0,0.0,0.6578947368421053,0.7121413121845711
2025-10-24,Truffle Oil,AI forecast + inventory policy,11.0,16.0,0.0,27.0,11.0,11.0,0.0,0,16.0,14.0,136.0,0.0,14.0,1,0.09315068493150686,0.0,0.0,0.6578947368421053,0.7510454217736122
2025-10-24,Vegan Cheese,AI forecast + inventory policy,21.0,0.0,0.0,21.0,17.0,17.0,0.0,0,4.0,36.0,2.6,2.0,36.0,1,0.0017808219178082193,0.0,0.0,0.6578947368421053,0.6596755587599136
2025-10-25,Bacon,AI forecast + inventory policy,89.0,0.0,0.0,89.0,69.0,69.0,0.0,0,20.0,190.0,22.0,1.0,0.0,0,0.015068493150684932,0.0,0.0,0.0,0.015068493150684932
2025-10-25,Burger Buns,AI forecast + inventory policy,216.0,0.0,0.0,216.0,155.0,155.0,0.0,0,61.0,384.0,10.98,1.0,0.0,0,0.007520547945205479,0.0,0.0,0.0,0.007520547945205479
2025-10-25,Butter,AI forecast + inventory policy,83.0,0.0,0.0,83.0,51.0,51.0,0.0,0,32.0,108.0,30.4,1.0,0.0,0,0.020821917808219178,0.0,0.0,0.0,0.020821917808219178
2025-10-25,Cheese Slices,AI forecast + inventory policy,135.0,0.0,0.0,135.0,112.0,112.0,0.0,0,23.0,300.0,5.06,1.0,0.0,0,0.0034657534246575346,0.0,0.0,0.0,0.0034657534246575346
2025-10-25,Chicken Breast,AI forecast + inventory policy,203.0,0.0,0.0,203.0,147.0,147.0,0.0,0,56.0,330.0,100.8,1.0,0.0,0,0.06904109589041096,0.0,0.0,0.0,0.06904109589041096
2025-10-25,Coffee Beans,AI forecast + inventory policy,64.0,0.0,0.0,64.0,38.0,38.0,0.0,0,26.0,150.0,54.6,1.0,0.0,0,0.0373972602739726,0.0,0.0,0.0,0.0373972602739726
2025-10-25,Cooking Oil,AI forecast + inventory policy,62.0,0.0,0.0,62.0,46.0,46.0,0.0,0,16.0,100.0,25.6,1.0,0.0,0,0.017534246575342468,0.0,0.0,0.0,0.017534246575342468
2025-10-25,Eggs,AI forecast + inventory policy,164.0,0.0,0.0,164.0,105.0,105.0,0.0,0,59.0,210.0,9.44,1.0,0.0,0,0.006465753424657534,0.0,0.0,0.0,0.006465753424657534
2025-10-25,Fries (Potatoes),AI forecast + inventory policy,254.0,0.0,0.0,254.0,189.0,189.0,0.0,0,65.0,540.0,19.5,1.0,0.0,0,0.013356164383561643,0.0,0.0,0.0,0.013356164383561643
2025-10-25,Gluten-free Buns,AI forecast + inventory policy,16.0,0.0,16.0,0.0,0.0,0.0,0.0,0,0.0,12.0,0.0,0.0,0.0,0,0.0,9.600000000000001,0.0,0.0,9.600000000000001
2025-10-25,Lettuce,AI forecast + inventory policy,108.0,0.0,0.0,108.0,94.0,94.0,0.0,0,14.0,276.0,8.4,1.0,0.0,0,0.005753424657534246,0.0,0.0,0.0,0.005753424657534246
2025-10-25,Milk,AI forecast + inventory policy,110.0,0.0,0.0,110.0,84.0,84.0,0.0,0,26.0,264.0,19.5,1.0,0.0,0,0.013356164383561643,0.0,0.0,0.0,0.013356164383561643
2025-10-25,Mushrooms,AI forecast + inventory policy,91.0,0.0,0.0,91.0,64.0,64.0,0.0,0,27.0,120.0,14.850000000000001,1.0,0.0,0,0.01017123287671233,0.0,0.0,0.0,0.01017123287671233
2025-10-25,Onions,AI forecast + inventory policy,115.0,0.0,0.0,115.0,70.0,70.0,0.0,0,45.0,200.0,11.25,1.0,0.0,0,0.007705479452054795,0.0,0.0,0.0,0.007705479452054795
2025-10-25,Salmon Fillet,AI forecast + inventory policy,124.0,0.0,40.0,84.0,52.0,52.0,0.0,0,32.0,30.0,102.4,1.0,0.0,0,0.07013698630136987,130.0,0.0,0.0,130.07013698630138
2025-10-25,Seasonal Berries,AI forecast + inventory policy,24.0,0.0,24.0,0.0,10.0,0.0,10.0,1,0.0,0.0,0.0,0.0,0.0,0,0.0,34.8,28.0,0.0,62.8
2025-10-25,Soft Drinks,AI forecast + inventory policy,268.0,0.0,0.0,268.0,124.0,124.0,0.0,0,144.0,360.0,57.6,1.0,0.0,0,0.039452054794520554,0.0,0.0,0.0,0.039452054794520554
2025-10-25,Tomatoes,AI forecast + inventory policy,176.0,0.0,0.0,176.0,102.0,102.0,0.0,0,74.0,204.0,33.300000000000004,1.0,0.0,0,0.022808219178082192,0.0,0.0,0.0,0.022808219178082192
2025-10-25,Truffle Oil,AI forecast + inventory policy,16.0,0.0,0.0,16.0,5.0,5.0,0.0,0,11.0,14.0,93.5,1.0,0.0,0,0.06404109589041096,0.0,0.0,0.0,0.06404109589041096
2025-10-25,Vegan Cheese,AI forecast + inventory policy,4.0,0.0,0.0,4.0,18.0,4.0,14.0,1,0.0,36.0,0.0,0.0,0.0,0,0.0,0.0,18.2,0.0,18.2
2025-10-26,Bacon,AI forecast + inventory policy,20.0,190.0,0.0,210.0,67.0,67.0,0.0,0,143.0,0.0,157.3,0.0,0.0,0,0.10773972602739726,0.0,0.0,0.0,0.10773972602739726
2025-10-26,Burger Buns,AI forecast + inventory policy,61.0,384.0,0.0,445.0,190.0,190.0,0.0,0,255.0,0.0,45.9,0.0,0.0,0,0.03143835616438356,0.0,0.0,0.0,0.03143835616438356
2025-10-26,Butter,AI forecast + inventory policy,32.0,108.0,0.0,140.0,44.0,44.0,0.0,0,96.0,0.0,91.19999999999999,0.0,0.0,0,0.06246575342465753,0.0,0.0,0.0,0.06246575342465753
2025-10-26,Cheese Slices,AI forecast + inventory policy,23.0,300.0,0.0,323.0,114.0,114.0,0.0,0,209.0,0.0,45.98,0.0,0.0,0,0.03149315068493151,0.0,0.0,0.0,0.03149315068493151
2025-10-26,Chicken Breast,AI forecast + inventory policy,56.0,330.0,0.0,386.0,130.0,130.0,0.0,0,256.0,0.0,460.8,0.0,0.0,0,0.3156164383561644,0.0,0.0,0.0,0.3156164383561644
2025-10-26,Coffee Beans,AI forecast + inventory policy,26.0,150.0,0.0,176.0,58.0,58.0,0.0,0,118.0,0.0,247.8,0.0,0.0,0,0.16972602739726028,0.0,0.0,0.0,0.16972602739726028
2025-10-26,Cooking Oil,AI forecast + inventory policy,16.0,100.0,0.0,116.0,29.0,29.0,0.0,0,87.0,0.0,139.20000000000002,0.0,0.0,0,0.09534246575342467,0.0,0.0,0.0,0.09534246575342467
2025-10-26,Eggs,AI forecast + inventory policy,59.0,210.0,0.0,269.0,77.0,77.0,0.0,0,192.0,0.0,30.72,0.0,0.0,0,0.02104109589041096,0.0,0.0,0.0,0.02104109589041096
2025-10-26,Fries (Potatoes),AI forecast + inventory policy,65.0,540.0,0.0,605.0,212.0,212.0,0.0,0,393.0,0.0,117.89999999999999,0.0,0.0,0,0.08075342465753424,0.0,0.0,0.0,0.08075342465753424
2025-10-26,Gluten-free Buns,AI forecast + inventory policy,0.0,12.0,0.0,12.0,19.0,12.0,7.0,1,0.0,0.0,0.0,0.0,0.0,0,0.0,0.0,7.700000000000001,0.0,7.700000000000001
2025-10-26,Lettuce,AI forecast + inventory policy,14.0,276.0,0.0,290.0,100.0,100.0,0.0,0,190.0,0.0,114.0,0.0,0.0,0,0.07808219178082192,0.0,0.0,0.0,0.07808219178082192
2025-10-26,Milk,AI forecast + inventory policy,26.0,264.0,0.0,290.0,77.0,77.0,0.0,0,213.0,0.0,159.75,0.0,0.0,0,0.10941780821917807,0.0,0.0,0.0,0.10941780821917807
2025-10-26,Mushrooms,AI forecast + inventory policy,27.0,120.0,0.0,147.0,71.0,71.0,0.0,0,76.0,0.0,41.800000000000004,0.0,0.0,0,0.02863013698630137,0.0,0.0,0.0,0.02863013698630137
2025-10-26,Onions,AI forecast + inventory policy,45.0,200.0,0.0,245.0,104.0,104.0,0.0,0,141.0,0.0,35.25,0.0,0.0,0,0.024143835616438358,0.0,0.0,0.0,0.024143835616438358
2025-10-26,Salmon Fillet,AI forecast + inventory policy,32.0,30.0,0.0,62.0,59.0,59.0,0.0,0,3.0,0.0,9.600000000000001,0.0,0.0,0,0.006575342465753425,0.0,0.0,0.0,0.006575342465753425
2025-10-26,Seasonal Berries,AI forecast + inventory policy,0.0,0.0,0.0,0.0,0.0,0.0,0.0,0,0.0,0.0,0.0,0.0,0.0,0,0.0,0.0,0.0,0.0,0.0
2025-10-26,Soft Drinks,AI forecast + inventory policy,144.0,360.0,0.0,504.0,166.0,166.0,0.0,0,338.0,0.0,135.20000000000002,0.0,0.0,0,0.09260273972602741,0.0,0.0,0.0,0.09260273972602741
2025-10-26,Tomatoes,AI forecast + inventory policy,74.0,204.0,0.0,278.0,120.0,120.0,0.0,0,158.0,0.0,71.10000000000001,0.0,0.0,0,0.0486986301369863,0.0,0.0,0.0,0.0486986301369863
2025-10-26,Truffle Oil,AI forecast + inventory policy,11.0,14.0,0.0,25.0,7.0,7.0,0.0,0,18.0,0.0,153.0,0.4444444444444444,0.0,0,0.10479452054794522,0.0,0.0,0.0,0.10479452054794522
2025-10-26,Vegan Cheese,AI forecast + inventory policy,0.0,36.0,0.0,36.0,21.0,21.0,0.0,0,15.0,0.0,9.75,0.0,0.0,0,0.006678082191780822,0.0,0.0,0.0,0.006678082191780822
2025-10-27,Bacon,AI forecast + inventory policy,143.0,0.0,0.0,143.0,39.0,39.0,0.0,0,104.0,80.0,114.4,1.0,80.0,1,0.07835616438356165,0.0,0.0,0.625,0.7033561643835616
2025-10-27,Burger Buns,AI forecast + inventory policy,255.0,0.0,0.0,255.0,107.0,107.0,0.0,0,148.0,240.0,26.64,1.0,240.0,1,0.01824657534246575,0.0,0.0,0.625,0.6432465753424658
2025-10-27,Butter,AI forecast + inventory policy,96.0,0.0,0.0,96.0,33.0,33.0,0.0,0,63.0,72.0,59.849999999999994,1.0,72.0,1,0.040993150684931506,0.0,0.0,0.625,0.6659931506849315
2025-10-27,Cheese Slices,AI forecast + inventory policy,209.0,0.0,0.0,209.0,75.0,75.0,0.0,0,134.0,150.0,29.48,1.0,150.0,1,0.02019178082191781,0.0,0.0,0.625,0.6451917808219179
2025-10-27,Chicken Breast,AI forecast + inventory policy,256.0,0.0,0.0,256.0,71.0,71.0,0.0,0,185.0,190.0,333.0,1.0,190.0,1,0.22808219178082192,0.0,0.0,0.625,0.8530821917808219
2025-10-27,Coffee Beans,AI forecast + inventory policy,118.0,0.0,0.0,118.0,47.0,47.0,0.0,0,71.0,84.0,149.1,1.0,84.0,1,0.10212328767123288,0.0,0.0,0.625,0.7271232876712329
2025-10-27,Cooking Oil,AI forecast + inventory policy,87.0,0.0,0.0,87.0,23.0,23.0,0.0,0,64.0,52.0,102.4,1.0,52.0,1,0.07013698630136987,0.0,0.0,0.625,0.6951369863013699
2025-10-27,Eggs,AI forecast + inventory policy,192.0,0.0,0.0,192.0,51.0,51.0,0.0,0,141.0,90.0,22.56,1.0,90.0,1,0.015452054794520548,0.0,0.0,0.625,0.6404520547945205
2025-10-27,Fries (Potatoes),AI forecast + inventory policy,393.0,0.0,0.0,393.0,140.0,140.0,0.0,0,253.0,240.0,75.89999999999999,1.0,240.0,1,0.05198630136986301,0.0,0.0,0.625,0.676986301369863
2025-10-27,Gluten-free Buns,AI forecast + inventory policy,0.0,0.0,0.0,0.0,10.0,0.0,10.0,1,0.0,36.0,0.0,0.0,36.0,1,0.0,0.0,11.0,0.625,11.625
2025-10-27,Lettuce,AI forecast + inventory policy,190.0,0.0,0.0,190.0,60.0,60.0,0.0,0,130.0,120.0,78.0,1.0,120.0,1,0.05342465753424657,0.0,0.0,0.625,0.6784246575342465
2025-10-27,Milk,AI forecast + inventory policy,213.0,0.0,0.0,213.0,77.0,77.0,0.0,0,136.0,132.0,102.0,1.0,132.0,1,0.06986301369863013,0.0,0.0,0.625,0.6948630136986301
2025-10-27,Mushrooms,AI forecast + inventory policy,76.0,0.0,0.0,76.0,0.0,0.0,0.0,0,76.0,80.0,41.800000000000004,1.0,80.0,1,0.02863013698630137,0.0,0.0,0.625,0.6536301369863013
2025-10-27,Onions,AI forecast + inventory policy,141.0,0.0,0.0,141.0,45.0,45.0,0.0,0,96.0,120.0,24.0,1.0,120.0,1,0.016438356164383564,0.0,0.0,0.625,0.6414383561643836
2025-10-27,Salmon Fillet,AI forecast + inventory policy,3.0,0.0,0.0,3.0,32.0,3.0,29.0,1,0.0,180.0,0.0,0.0,180.0,1,0.0,0.0,185.60000000000002,0.625,186.22500000000002
2025-10-27,Seasonal Berries,AI forecast + inventory policy,0.0,0.0,0.0,0.0,0.0,0.0,0.0,0,0.0,24.0,0.0,0.0,24.0,1,0.0,0.0,0.0,0.625,0.625
2025-10-27,Soft Drinks,AI forecast + inventory policy,338.0,0.0,0.0,338.0,76.0,76.0,0.0,0,262.0,96.0,104.80000000000001,1.0,96.0,1,0.07178082191780823,0.0,0.0,0.625,0.6967808219178082
2025-10-27,Tomatoes,AI forecast + inventory policy,158.0,0.0,0.0,158.0,49.0,49.0,0.0,0,109.0,156.0,49.050000000000004,1.0,156.0,1,0.0335958904109589,0.0,0.0,0.625,0.6585958904109589
2025-10-27,Truffle Oil,AI forecast + inventory policy,18.0,0.0,0.0,18.0,3.0,3.0,0.0,0,15.0,18.0,127.5,1.1333333333333333,18.0,1,0.08732876712328767,0.0,0.0,0.625,0.7123287671232876
2025-10-27,Vegan Cheese,AI forecast + inventory policy,15.0,0.0,0.0,15.0,6.0,6.0,0.0,0,9.0,36.0,5.8500000000000005,1.0,36.0,1,0.004006849315068494,0.0,0.0,0.625,0.6290068493150685
2025-10-28,Bacon,AI forecast + inventory policy,104.0,0.0,0.0,104.0,36.0,36.0,0.0,0,68.0,80.0,74.80000000000001,2.0,0.0,0,0.05123287671232877,0.0,0.0,0.0,0.05123287671232877
2025-10-28,Burger Buns,AI forecast + inventory policy,148.0,0.0,0.0,148.0,160.0,148.0,12.0,1,0.0,240.0,0.0,0.0,0.0,0,0.0,0.0,4.32,0.0,4.32
2025-10-28,Butter,AI forecast + inventory policy,63.0,0.0,0.0,63.0,39.0,39.0,0.0,0,24.0,72.0,22.799999999999997,2.0,0.0,0,0.015616438356164383,0.0,0.0,0.0,0.015616438356164383
2025-10-28,Cheese Slices,AI forecast + inventory policy,134.0,0.0,0.0,134.0,73.0,73.0,0.0,0,61.0,150.0,13.42,2.0,0.0,0,0.009191780821917808,0.0,0.0,0.0,0.009191780821917808
2025-10-28,Chicken Breast,AI forecast + inventory policy,185.0,0.0,0.0,185.0,124.0,124.0,0.0,0,61.0,190.0,109.8,2.0,0.0,0,0.07520547945205479,0.0,0.0,0.0,0.07520547945205479
2025-10-28,Coffee Beans,AI forecast + inventory policy,71.0,0.0,0.0,71.0,42.0,42.0,0.0,0,29.0,84.0,60.900000000000006,2.0,0.0,0,0.04171232876712329,0.0,0.0,0.0,0.04171232876712329
2025-10-28,Cooking Oil,AI forecast + inventory policy,64.0,0.0,0.0,64.0,33.0,33.0,0.0,0,31.0,52.0,49.6,2.0,0.0,0,0.033972602739726035,0.0,0.0,0.0,0.033972602739726035
2025-10-28,Eggs,AI forecast + inventory policy,141.0,0.0,0.0,141.0,48.0,48.0,0.0,0,93.0,90.0,14.88,2.0,0.0,0,0.010191780821917809,0.0,0.0,0.0,0.010191780821917809
2025-10-28,Fries (Potatoes),AI forecast + inventory policy,253.0,0.0,0.0,253.0,128.0,128.0,0.0,0,125.0,240.0,37.5,2.0,0.0,0,0.025684931506849314,0.0,0.0,0.0,0.025684931506849314
2025-10-28,Gluten-free Buns,AI forecast + inventory policy,0.0,0.0,0.0,0.0,0.0,0.0,0.0,0,0.0,36.0,0.0,0.0,0.0,0,0.0,0.0,0.0,0.0,0.0
2025-10-28,Lettuce,AI forecast + inventory policy,130.0,0.0,0.0,130.0,49.0,49.0,0.0,0,81.0,120.0,48.6,2.0,0.0,0,0.03328767123287671,0.0,0.0,0.0,0.03328767123287671
2025-10-28,Milk,AI forecast + inventory policy,136.0,0.0,0.0,136.0,85.0,85.0,0.0,0,51.0,132.0,38.25,2.0,0.0,0,0.026198630136986298,0.0,0.0,0.0,0.026198630136986298
2025-10-28,Mushrooms,AI forecast + inventory policy,76.0,0.0,0.0,76.0,36.0,36.0,0.0,0,40.0,80.0,22.0,2.0,0.0,0,0.015068493150684932,0.0,0.0,0.0,0.015068493150684932
2025-10-28,Onions,AI forecast + inventory policy,96.0,0.0,0.0,96.0,50.0,50.0,0.0,0,46.0,120.0,11.5,2.0,0.0,0,0.007876712328767124,0.0,0.0,0.0,0.007876712328767124
2025-10-28,Salmon Fillet,AI forecast + inventory policy,0.0,0.0,0.0,0.0,34.0,0.0,34.0,1,0.0,180.0,0.0,0.0,0.0,0,0.0,0.0,217.60000000000002,0.0,217.60000000000002
2025-10-28,Seasonal Berries,AI forecast + inventory policy,0.0,0.0,0.0,0.0,0.0,0.0,0.0,0,0.0,24.0,0.0,0.0,0.0,0,0.0,0.0,0.0,0.0,0.0
2025-10-28,Soft Drinks,AI forecast + inventory policy,262.0,0.0,0.0,262.0,73.0,73.0,0.0,0,189.0,96.0,75.60000000000001,2.0,0.0,0,0.05178082191780822,0.0,0.0,0.0,0.05178082191780822
2025-10-28,Tomatoes,AI forecast + inventory policy,109.0,0.0,0.0,109.0,47.0,47.0,0.0,0,62.0,156.0,27.900000000000002,2.0,0.0,0,0.01910958904109589,0.0,0.0,0.0,0.01910958904109589
2025-10-28,Truffle Oil,AI forecast + inventory policy,15.0,0.0,0.0,15.0,7.0,7.0,0.0,0,8.0,18.0,68.0,2.0,0.0,0,0.04657534246575343,0.0,0.0,0.0,0.04657534246575343
2025-10-28,Vegan Cheese,AI forecast + inventory policy,9.0,0.0,0.0,9.0,7.0,7.0,0.0,0,2.0,36.0,1.3,2.0,0.0,0,0.0008904109589041097,0.0,0.0,0.0,0.0008904109589041097
2025-10-29,Bacon,AI forecast + inventory policy,68.0,80.0,0.0,148.0,38.0,38.0,0.0,0,110.0,130.0,121.0,0.8181818181818182,130.0,1,0.08287671232876713,0.0,0.0,0.6944444444444444,0.7773211567732116
2025-10-29,Burger Buns,AI forecast + inventory policy,0.0,240.0,0.0,240.0,116.0,116.0,0.0,0,124.0,384.0,22.32,0.0,384.0,1,0.015287671232876712,0.0,0.0,0.6944444444444444,0.7097321156773211
2025-10-29,Butter,AI forecast + inventory policy,24.0,72.0,0.0,96.0,36.0,36.0,0.0,0,60.0,108.0,57.0,0.0,108.0,1,0.03904109589041096,0.0,0.0,0.6944444444444444,0.7334855403348554
2025-10-29,Cheese Slices,AI forecast + inventory policy,61.0,150.0,0.0,211.0,81.0,81.0,0.0,0,130.0,250.0,28.6,0.0,250.0,1,0.01958904109589041,0.0,0.0,0.6944444444444444,0.7140334855403349
2025-10-29,Chicken Breast,AI forecast + inventory policy,61.0,190.0,0.0,251.0,91.0,91.0,0.0,0,160.0,260.0,288.0,0.0,260.0,1,0.19726027397260273,0.0,0.0,0.6944444444444444,0.8917047184170471
2025-10-29,Coffee Beans,AI forecast + inventory policy,29.0,84.0,0.0,113.0,46.0,46.0,0.0,0,67.0,102.0,140.70000000000002,0.0,102.0,1,0.09636986301369863,0.0,0.0,0.6944444444444444,0.7908143074581431
2025-10-29,Cooking Oil,AI forecast + inventory policy,31.0,52.0,0.0,83.0,45.0,45.0,0.0,0,38.0,60.0,60.800000000000004,0.0,60.0,1,0.04164383561643836,0.0,0.0,0.6944444444444444,0.7360882800608828
2025-10-29,Eggs,AI forecast + inventory policy,93.0,90.0,0.0,183.0,52.0,52.0,0.0,0,131.0,120.0,20.96,0.9389312977099237,120.0,1,0.014356164383561644,0.0,0.0,0.6944444444444444,0.7088006088280061
2025-10-29,Fries (Potatoes),AI forecast + inventory policy,125.0,240.0,0.0,365.0,137.0,137.0,0.0,0,228.0,340.0,68.39999999999999,0.0,340.0,1,0.046849315068493144,0.0,0.0,0.6944444444444444,0.7412937595129375
2025-10-29,Gluten-free Buns,AI forecast + inventory policy,0.0,36.0,0.0,36.0,12.0,12.0,0.0,0,24.0,0.0,13.200000000000001,0.0,0.0,1,0.00904109589041096,0.0,0.0,0.0,0.00904109589041096
2025-10-29,Lettuce,AI forecast + inventory policy,81.0,120.0,0.0,201.0,58.0,58.0,0.0,0,143.0,144.0,85.8,0.4825174825174825,144.0,1,0.05876712328767123,0.0,0.0,0.6944444444444444,0.7532115677321156
2025-10-29,Milk,AI forecast + inventory policy,51.0,132.0,0.0,183.0,66.0,66.0,0.0,0,117.0,192.0,87.75,0.0,192.0,1,0.06010273972602739,0.0,0.0,0.6944444444444444,0.7545471841704718
2025-10-29,Mushrooms,AI forecast + inventory policy,40.0,80.0,0.0,120.0,45.0,45.0,0.0,0,75.0,80.0,41.25,0.0,80.0,1,0.02825342465753425,0.0,0.0,0.6944444444444444,0.7226978691019786
2025-10-29,Onions,AI forecast + inventory policy,46.0,120.0,0.0,166.0,61.0,61.0,0.0,0,105.0,140.0,26.25,0.0,140.0,1,0.01797945205479452,0.0,0.0,0.6944444444444444,0.712423896499239
2025-10-29,Salmon Fillet,AI forecast + inventory policy,0.0,180.0,0.0,180.0,34.0,34.0,0.0,0,146.0,42.0,467.20000000000005,0.0,42.0,1,0.32000000000000006,0.0,0.0,0.6944444444444444,1.0144444444444445
2025-10-29,Seasonal Berries,AI forecast + inventory policy,0.0,24.0,0.0,24.0,0.0,0.0,0.0,0,24.0,0.0,33.599999999999994,0.0,0.0,1,0.023013698630136987,0.0,0.0,0.0,0.023013698630136987
2025-10-29,Soft Drinks,AI forecast + inventory policy,189.0,96.0,0.0,285.0,112.0,112.0,0.0,0,173.0,216.0,69.2,1.3352601156069364,216.0,1,0.04739726027397261,0.0,0.0,0.6944444444444444,0.741841704718417
2025-10-29,Tomatoes,AI forecast + inventory policy,62.0,156.0,0.0,218.0,76.0,76.0,0.0,0,142.0,180.0,63.9,0.0,180.0,1,0.04376712328767123,0.0,0.0,0.6944444444444444,0.7382115677321156
2025-10-29,Truffle Oil,AI forecast + inventory policy,8.0,18.0,0.0,26.0,4.0,4.0,0.0,0,22.0,10.0,187.0,0.5454545454545454,10.0,1,0.12808219178082192,0.0,0.0,0.6944444444444444,0.8225266362252663
2025-10-29,Vegan Cheese,AI forecast + inventory policy,2.0,36.0,0.0,38.0,4.0,4.0,0.0,0,34.0,12.0,22.1,0.0,12.0,1,0.015136986301369865,0.0,0.0,0.6944444444444444,0.7095814307458143
2025-10-30,Bacon,AI forecast + inventory policy,110.0,0.0,0.0,110.0,52.0,52.0,0.0,0,58.0,130.0,63.800000000000004,1.0,0.0,0,0.0436986301369863,0.0,0.0,0.0,0.0436986301369863
2025-10-30,Burger Buns,AI forecast + inventory policy,124.0,0.0,0.0,124.0,120.0,120.0,0.0,0,4.0,384.0,0.72,1.0,0.0,0,0.0004931506849315068,0.0,0.0,0.0,0.0004931506849315068
2025-10-30,Butter,AI forecast + inventory policy,60.0,0.0,0.0,60.0,32.0,32.0,0.0,0,28.0,108.0,26.599999999999998,1.0,0.0,0,0.01821917808219178,0.0,0.0,0.0,0.01821917808219178
2025-10-30,Cheese Slices,AI forecast + inventory policy,130.0,0.0,0.0,130.0,95.0,95.0,0.0,0,35.0,250.0,7.7,1.0,0.0,0,0.005273972602739726,0.0,0.0,0.0,0.005273972602739726
2025-10-30,Chicken Breast,AI forecast + inventory policy,160.0,0.0,0.0,160.0,89.0,89.0,0.0,0,71.0,260.0,127.8,1.0,0.0,0,0.08753424657534246,0.0,0.0,0.0,0.08753424657534246
2025-10-30,Coffee Beans,AI forecast + inventory policy,67.0,0.0,0.0,67.0,46.0,46.0,0.0,0,21.0,102.0,44.1,1.0,0.0,0,0.030205479452054797,0.0,0.0,0.0,0.030205479452054797
2025-10-30,Cooking Oil,AI forecast + inventory policy,38.0,0.0,0.0,38.0,34.0,34.0,0.0,0,4.0,60.0,6.4,1.0,0.0,0,0.004383561643835617,0.0,0.0,0.0,0.004383561643835617
2025-10-30,Eggs,AI forecast + inventory policy,131.0,0.0,0.0,131.0,51.0,51.0,0.0,0,80.0,120.0,12.8,1.0,0.0,0,0.008767123287671232,0.0,0.0,0.0,0.008767123287671232
2025-10-30,Fries (Potatoes),AI forecast + inventory policy,228.0,0.0,0.0,228.0,138.0,138.0,0.0,0,90.0,340.0,27.0,1.0,0.0,0,0.018493150684931507,0.0,0.0,0.0,0.018493150684931507
2025-10-30,Gluten-free Buns,AI forecast + inventory policy,24.0,0.0,0.0,24.0,0.0,0.0,0.0,0,24.0,0.0,13.200000000000001,1.0,0.0,0,0.00904109589041096,0.0,0.0,0.0,0.00904109589041096
2025-10-30,Lettuce,AI forecast + inventory policy,143.0,0.0,23.0,120.0,58.0,58.0,0.0,0,62.0,144.0,37.199999999999996,1.0,0.0,0,0.02547945205479452,14.95,0.0,0.0,14.975479452054794
2025-10-30,Milk,AI forecast + inventory policy,117.0,0.0,0.0,117.0,83.0,83.0,0.0,0,34.0,192.0,25.5,1.0,0.0,0,0.017465753424657532,0.0,0.0,0.0,0.017465753424657532
2025-10-30,Mushrooms,AI forecast + inventory policy,75.0,0.0,0.0,75.0,48.0,48.0,0.0,0,27.0,80.0,14.850000000000001,1.0,0.0,0,0.01017123287671233,0.0,0.0,0.0,0.01017123287671233
2025-10-30,Onions,AI forecast + inventory policy,105.0,0.0,0.0,105.0,53.0,53.0,0.0,0,52.0,140.0,13.0,1.0,0.0,0,0.008904109589041096,0.0,0.0,0.0,0.008904109589041096
2025-10-30,Salmon Fillet,AI forecast + inventory policy,146.0,0.0,0.0,146.0,38.0,38.0,0.0,0,108.0,42.0,345.6,1.0,0.0,0,0.2367123287671233,0.0,0.0,0.0,0.2367123287671233
2025-10-30,Seasonal Berries,AI forecast + inventory policy,24.0,0.0,0.0,24.0,10.0,10.0,0.0,0,14.0,0.0,19.599999999999998,1.0,0.0,0,0.013424657534246575,0.0,0.0,0.0,0.013424657534246575
2025-10-30,Soft Drinks,AI forecast + inventory policy,173.0,0.0,0.0,173.0,87.0,87.0,0.0,0,86.0,216.0,34.4,1.0,0.0,0,0.02356164383561644,0.0,0.0,0.0,0.02356164383561644
2025-10-30,Tomatoes,AI forecast + inventory policy,142.0,0.0,0.0,142.0,61.0,61.0,0.0,0,81.0,180.0,36.45,1.0,0.0,0,0.024965753424657535,0.0,0.0,0.0,0.024965753424657535
2025-10-30,Truffle Oil,AI forecast + inventory policy,22.0,0.0,0.0,22.0,7.0,7.0,0.0,0,15.0,10.0,127.5,1.0,0.0,0,0.08732876712328767,0.0,0.0,0.0,0.08732876712328767
2025-10-30,Vegan Cheese,AI forecast + inventory policy,34.0,0.0,0.0,34.0,0.0,0.0,0.0,0,34.0,12.0,22.1,1.0,0.0,0,0.015136986301369865,0.0,0.0,0.0,0.015136986301369865
2025-10-31,Bacon,AI forecast + inventory policy,58.0,130.0,0.0,188.0,74.0,74.0,0.0,0,114.0,150.0,125.4,0.0,150.0,1,0.08589041095890411,0.0,0.0,0.625,0.7108904109589042
2025-10-31,Burger Buns,AI forecast + inventory policy,4.0,384.0,0.0,388.0,165.0,165.0,0.0,0,223.0,384.0,40.14,0.0,384.0,1,0.027493150684931505,0.0,0.0,0.625,0.6524931506849315
2025-10-31,Butter,AI forecast + inventory policy,28.0,108.0,0.0,136.0,51.0,51.0,0.0,0,85.0,108.0,80.75,0.0,108.0,1,0.055308219178082194,0.0,0.0,0.625,0.6803082191780822
2025-10-31,Cheese Slices,AI forecast + inventory policy,35.0,250.0,0.0,285.0,155.0,155.0,0.0,0,130.0,300.0,28.6,0.0,300.0,1,0.01958904109589041,0.0,0.0,0.625,0.6445890410958904
2025-10-31,Chicken Breast,AI forecast + inventory policy,71.0,260.0,0.0,331.0,132.0,132.0,0.0,0,199.0,300.0,358.2,0.0,300.0,1,0.24534246575342464,0.0,0.0,0.625,0.8703424657534247
2025-10-31,Coffee Beans,AI forecast + inventory policy,21.0,102.0,0.0,123.0,48.0,48.0,0.0,0,75.0,132.0,157.5,0.0,132.0,1,0.10787671232876712,0.0,0.0,0.625,0.7328767123287672
2025-10-31,Cooking Oil,AI forecast + inventory policy,4.0,60.0,0.0,64.0,32.0,32.0,0.0,0,32.0,104.0,51.2,0.0,104.0,1,0.035068493150684936,0.0,0.0,0.625,0.6600684931506849
2025-10-31,Eggs,AI forecast + inventory policy,80.0,120.0,0.0,200.0,82.0,82.0,0.0,0,118.0,180.0,18.88,0.0,180.0,1,0.012931506849315069,0.0,0.0,0.625,0.6379315068493151
2025-10-31,Fries (Potatoes),AI forecast + inventory policy,90.0,340.0,0.0,430.0,220.0,220.0,0.0,0,210.0,460.0,63.0,0.0,460.0,1,0.043150684931506846,0.0,0.0,0.625,0.6681506849315069
2025-10-31,Gluten-free Buns,AI forecast + inventory policy,24.0,0.0,0.0,24.0,0.0,0.0,0.0,0,24.0,12.0,13.200000000000001,2.0,12.0,1,0.00904109589041096,0.0,0.0,0.625,0.6340410958904109
2025-10-31,Lettuce,AI forecast + inventory policy,62.0,144.0,0.0,206.0,56.0,56.0,0.0,0,150.0,216.0,89.99999999999999,0.08,216.0,1,0.06164383561643835,0.0,0.0,0.625,0.6866438356164384
2025-10-31,Milk,AI forecast + inventory policy,34.0,192.0,0.0,226.0,92.0,92.0,0.0,0,134.0,216.0,100.5,0.0,216.0,1,0.06883561643835616,0.0,0.0,0.625,0.6938356164383561
2025-10-31,Mushrooms,AI forecast + inventory policy,27.0,80.0,0.0,107.0,58.0,58.0,0.0,0,49.0,150.0,26.950000000000003,0.0,150.0,1,0.01845890410958904,0.0,0.0,0.625,0.6434589041095891
2025-10-31,Onions,AI forecast + inventory policy,52.0,140.0,0.0,192.0,61.0,61.0,0.0,0,131.0,180.0,32.75,0.0,180.0,1,0.02243150684931507,0.0,0.0,0.625,0.647431506849315
2025-10-31,Salmon Fillet,AI forecast + inventory policy,108.0,42.0,0.0,150.0,62.0,62.0,0.0,0,88.0,60.0,281.6,1.0454545454545454,60.0,1,0.19287671232876716,0.0,0.0,0.625,0.8178767123287671
2025-10-31,Seasonal Berries,AI forecast + inventory policy,14.0,0.0,0.0,14.0,9.0,9.0,0.0,0,5.0,6.0,7.0,2.0,6.0,1,0.004794520547945206,0.0,0.0,0.625,0.6297945205479452
2025-10-31,Soft Drinks,AI forecast + inventory policy,86.0,216.0,0.0,302.0,92.0,92.0,0.0,0,210.0,336.0,84.0,0.0,336.0,1,0.05753424657534247,0.0,0.0,0.625,0.6825342465753425
2025-10-31,Tomatoes,AI forecast + inventory policy,81.0,180.0,0.0,261.0,88.0,88.0,0.0,0,173.0,228.0,77.85000000000001,0.0,228.0,1,0.053321917808219176,0.0,0.0,0.625,0.6783219178082192
2025-10-31,Truffle Oil,AI forecast + inventory policy,15.0,10.0,0.0,25.0,0.0,0.0,0.0,0,25.0,18.0,212.5,1.2,18.0,1,0.14554794520547945,0.0,0.0,0.625,0.7705479452054794
2025-10-31,Vegan Cheese,AI forecast + inventory policy,34.0,12.0,0.0,46.0,11.0,11.0,0.0,0,35.0,12.0,22.75,1.3142857142857143,12.0,1,0.01558219178082192,0.0,0.0,0.625,0.6405821917808219
2025-11-01,Bacon,AI forecast + inventory policy,114.0,0.0,0.0,114.0,70.0,70.0,0.0,0,44.0,150.0,48.400000000000006,1.0,0.0,0,0.03315068493150685,0.0,0.0,0.0,0.03315068493150685
2025-11-01,Burger Buns,AI forecast + inventory policy,223.0,0.0,0.0,223.0,161.0,161.0,0.0,0,62.0,384.0,11.16,1.0,0.0,0,0.007643835616438356,0.0,0.0,0.0,0.007643835616438356
2025-11-01,Butter,AI forecast + inventory policy,85.0,0.0,0.0,85.0,49.0,49.0,0.0,0,36.0,108.0,34.199999999999996,1.0,0.0,0,0.023424657534246576,0.0,0.0,0.0,0.023424657534246576
2025-11-01,Cheese Slices,AI forecast + inventory policy,130.0,0.0,0.0,130.0,112.0,112.0,0.0,0,18.0,300.0,3.96,1.0,0.0,0,0.002712328767123288,0.0,0.0,0.0,0.002712328767123288
2025-11-01,Chicken Breast,AI forecast + inventory policy,199.0,0.0,0.0,199.0,123.0,123.0,0.0,0,76.0,300.0,136.8,1.0,0.0,0,0.0936986301369863,0.0,0.0,0.0,0.0936986301369863
2025-11-01,Coffee Beans,AI forecast + inventory policy,75.0,0.0,0.0,75.0,55.0,55.0,0.0,0,20.0,132.0,42.0,1.0,0.0,0,0.028767123287671233,0.0,0.0,0.0,0.028767123287671233
2025-11-01,Cooking Oil,AI forecast + inventory policy,32.0,0.0,0.0,32.0,39.0,32.0,7.0,1,0.0,104.0,0.0,0.0,0.0,0,0.0,0.0,22.400000000000002,0.0,22.400000000000002
2025-11-01,Eggs,AI forecast + inventory policy,118.0,0.0,0.0,118.0,87.0,87.0,0.0,0,31.0,180.0,4.96,1.0,0.0,0,0.003397260273972603,0.0,0.0,0.0,0.003397260273972603
2025-11-01,Fries (Potatoes),AI forecast + inventory policy,210.0,0.0,0.0,210.0,214.0,210.0,4.0,1,0.0,460.0,0.0,0.0,0.0,0,0.0,0.0,2.4,0.0,2.4
2025-11-01,Gluten-free Buns,AI forecast + inventory policy,24.0,0.0,24.0,0.0,17.0,0.0,17.0,1,0.0,12.0,0.0,0.0,0.0,0,0.0,14.400000000000002,18.700000000000003,0.0,33.10000000000001
2025-11-01,Lettuce,AI forecast + inventory policy,150.0,0.0,0.0,150.0,104.0,104.0,0.0,0,46.0,216.0,27.599999999999998,1.0,0.0,0,0.018904109589041096,0.0,0.0,0.0,0.018904109589041096
2025-11-01,Milk,AI forecast + inventory policy,134.0,0.0,0.0,134.0,95.0,95.0,0.0,0,39.0,216.0,29.25,1.0,0.0,0,0.020034246575342463,0.0,0.0,0.0,0.020034246575342463
2025-11-01,Mushrooms,AI forecast + inventory policy,49.0,0.0,0.0,49.0,53.0,49.0,4.0,1,0.0,150.0,0.0,0.0,0.0,0,0.0,0.0,4.4,0.0,4.4
2025-11-01,Onions,AI forecast + inventory policy,131.0,0.0,0.0,131.0,82.0,82.0,0.0,0,49.0,180.0,12.25,1.0,0.0,0,0.00839041095890411,0.0,0.0,0.0,0.00839041095890411
2025-11-01,Salmon Fillet,AI forecast + inventory policy,88.0,0.0,46.0,42.0,53.0,42.0,11.0,1,0.0,60.0,0.0,0.0,0.0,0,0.0,149.50000000000003,70.4,0.0,219.90000000000003
2025-11-01,Seasonal Berries,AI forecast + inventory policy,5.0,0.0,5.0,0.0,13.0,0.0,13.0,1,0.0,6.0,0.0,0.0,0.0,0,0.0,7.25,36.4,0.0,43.65
2025-11-01,Soft Drinks,AI forecast + inventory policy,210.0,0.0,0.0,210.0,155.0,155.0,0.0,0,55.0,336.0,22.0,1.0,0.0,0,0.015068493150684934,0.0,0.0,0.0,0.015068493150684934
2025-11-01,Tomatoes,AI forecast + inventory policy,173.0,0.0,0.0,173.0,133.0,133.0,0.0,0,40.0,228.0,18.0,1.0,0.0,0,0.012328767123287671,0.0,0.0,0.0,0.012328767123287671
2025-11-01,Truffle Oil,AI forecast + inventory policy,25.0,0.0,0.0,25.0,7.0,7.0,0.0,0,18.0,18.0,153.0,1.8888888888888888,0.0,0,0.10479452054794522,0.0,0.0,0.0,0.10479452054794522
2025-11-01,Vegan Cheese,AI forecast + inventory policy,35.0,0.0,0.0,35.0,0.0,0.0,0.0,0,35.0,12.0,22.75,2.3142857142857145,0.0,0,0.01558219178082192,0.0,0.0,0.0,0.01558219178082192
2025-11-02,Bacon,AI forecast + inventory policy,44.0,150.0,0.0,194.0,84.0,84.0,0.0,0,110.0,0.0,121.00000000000001,0.0,0.0,0,0.08287671232876713,0.0,0.0,0.0,0.08287671232876713
2025-11-02,Burger Buns,AI forecast + inventory policy,62.0,384.0,0.0,446.0,258.0,258.0,0.0,0,188.0,0.0,33.839999999999996,0.0,0.0,0,0.023178082191780823,0.0,0.0,0.0,0.023178082191780823
2025-11-02,Butter,AI forecast + inventory policy,36.0,108.0,0.0,144.0,42.0,42.0,0.0,0,102.0,0.0,96.89999999999999,0.0,0.0,0,0.06636986301369863,0.0,0.0,0.0,0.06636986301369863
2025-11-02,Cheese Slices,AI forecast + inventory policy,18.0,300.0,0.0,318.0,112.0,112.0,0.0,0,206.0,0.0,45.32,0.0,0.0,0,0.03104109589041096,0.0,0.0,0.0,0.03104109589041096
2025-11-02,Chicken Breast,AI forecast + inventory policy,76.0,300.0,0.0,376.0,132.0,132.0,0.0,0,244.0,0.0,439.2,0.0,0.0,0,0.30082191780821915,0.0,0.0,0.0,0.30082191780821915
2025-11-02,Coffee Beans,AI forecast + inventory policy,20.0,132.0,0.0,152.0,45.0,45.0,0.0,0,107.0,0.0,224.70000000000002,0.0,0.0,0,0.1539041095890411,0.0,0.0,0.0,0.1539041095890411
2025-11-02,Cooking Oil,AI forecast + inventory policy,0.0,104.0,0.0,104.0,36.0,36.0,0.0,0,68.0,0.0,108.80000000000001,0.0,0.0,0,0.07452054794520549,0.0,0.0,0.0,0.07452054794520549
2025-11-02,Eggs,AI forecast + inventory policy,31.0,180.0,0.0,211.0,83.0,83.0,0.0,0,128.0,0.0,20.48,0.0,0.0,0,0.014027397260273973,0.0,0.0,0.0,0.014027397260273973
2025-11-02,Fries (Potatoes),AI forecast + inventory policy,0.0,460.0,0.0,460.0,190.0,190.0,0.0,0,270.0,0.0,81.0,0.0,0.0,0,0.055479452054794515,0.0,0.0,0.0,0.055479452054794515
2025-11-02,Gluten-free Buns,AI forecast + inventory policy,0.0,12.0,0.0,12.0,0.0,0.0,0.0,0,12.0,0.0,6.6000000000000005,0.0,0.0,0,0.00452054794520548,0.0,0.0,0.0,0.00452054794520548
2025-11-02,Lettuce,AI forecast + inventory policy,46.0,216.0,0.0,262.0,100.0,100.0,0.0,0,162.0,0.0,97.2,0.0,0.0,0,0.06657534246575342,0.0,0.0,0.0,0.06657534246575342
2025-11-02,Milk,AI forecast + inventory policy,39.0,216.0,0.0,255.0,99.0,99.0,0.0,0,156.0,0.0,117.0,0.0,0.0,0,0.08013698630136985,0.0,0.0,0.0,0.08013698630136985
2025-11-02,Mushrooms,AI forecast + inventory policy,0.0,150.0,0.0,150.0,44.0,44.0,0.0,0,106.0,0.0,58.300000000000004,0.0,0.0,0,0.03993150684931507,0.0,0.0,0.0,0.03993150684931507
2025-11-02,Onions,AI forecast + inventory policy,49.0,180.0,0.0,229.0,67.0,67.0,0.0,0,162.0,0.0,40.5,0.0,0.0,0,0.02773972602739726,0.0,0.0,0.0,0.02773972602739726
2025-11-02,Salmon Fillet,AI forecast + inventory policy,0.0,60.0,0.0,60.0,57.0,57.0,0.0,0,3.0,0.0,9.600000000000001,0.0,0.0,0,0.006575342465753425,0.0,0.0,0.0,0.006575342465753425
2025-11-02,Seasonal Berries,AI forecast + inventory policy,0.0,6.0,0.0,6.0,18.0,6.0,12.0,1,0.0,0.0,0.0,0.0,0.0,0,0.0,0.0,33.599999999999994,0.0,33.599999999999994
2025-11-02,Soft Drinks,AI forecast + inventory policy,55.0,336.0,0.0,391.0,143.0,143.0,0.0,0,248.0,0.0,99.2,0.0,0.0,0,0.06794520547945207,0.0,0.0,0.0,0.06794520547945207
2025-11-02,Tomatoes,AI forecast + inventory policy,40.0,228.0,0.0,268.0,108.0,108.0,0.0,0,160.0,0.0,72.0,0.0,0.0,0,0.049315068493150684,0.0,0.0,0.0,0.049315068493150684
2025-11-02,Truffle Oil,AI forecast + inventory policy,18.0,18.0,0.0,36.0,0.0,0.0,0.0,0,36.0,0.0,306.0,1.4444444444444444,0.0,0,0.20958904109589044,0.0,0.0,0.0,0.20958904109589044
2025-11-02,Vegan Cheese,AI forecast + inventory policy,35.0,12.0,0.0,47.0,8.0,8.0,0.0,0,39.0,0.0,25.35,2.1538461538461537,0.0,0,0.01736301369863014,0.0,0.0,0.0,0.01736301369863014
2025-11-03,Bacon,AI forecast + inventory policy,110.0,0.0,0.0,110.0,54.0,54.0,0.0,0,56.0,120.0,61.60000000000001,1.0,120.0,1,0.04219178082191781,0.0,0.0,0.6578947368421053,0.7000865176640231
2025-11-03,Burger Buns,AI forecast + inventory policy,188.0,0.0,0.0,188.0,104.0,104.0,0.0,0,84.0,288.0,15.12,1.0,288.0,1,0.010356164383561644,0.0,0.0,0.6578947368421053,0.668250901225667
2025-11-03,Butter,AI forecast + inventory policy,102.0,0.0,0.0,102.0,40.0,40.0,0.0,0,62.0,72.0,58.9,1.0,72.0,1,0.04034246575342466,0.0,0.0,0.6578947368421053,0.69823720259553
2025-11-03,Cheese Slices,AI forecast + inventory policy,206.0,0.0,0.0,206.0,75.0,75.0,0.0,0,131.0,150.0,28.82,1.0,150.0,1,0.01973972602739726,0.0,0.0,0.6578947368421053,0.6776344628695026
2025-11-03,Chicken Breast,AI forecast + inventory policy,244.0,0.0,0.0,244.0,87.0,87.0,0.0,0,157.0,170.0,282.6,1.0,170.0,1,0.19356164383561644,0.0,0.0,0.6578947368421053,0.8514563806777218
2025-11-03,Coffee Beans,AI forecast + inventory policy,107.0,0.0,0.0,107.0,37.0,37.0,0.0,0,70.0,102.0,147.0,1.0,102.0,1,0.10068493150684932,0.0,0.0,0.6578947368421053,0.7585796683489546
2025-11-03,Cooking Oil,AI forecast + inventory policy,68.0,0.0,0.0,68.0,21.0,21.0,0.0,0,47.0,60.0,75.2,1.0,60.0,1,0.0515068493150685,0.0,0.0,0.6578947368421053,0.7094015861571739
2025-11-03,Eggs,AI forecast + inventory policy,128.0,0.0,0.0,128.0,45.0,45.0,0.0,0,83.0,150.0,13.280000000000001,1.0,150.0,1,0.009095890410958905,0.0,0.0,0.6578947368421053,0.6669906272530642
2025-11-03,Fries (Potatoes),AI forecast + inventory policy,270.0,0.0,0.0,270.0,82.0,82.0,0.0,0,188.0,320.0,56.4,1.0,320.0,1,0.03863013698630137,0.0,0.0,0.6578947368421053,0.6965248738284067
2025-11-03,Gluten-free Buns,AI forecast + inventory policy,12.0,0.0,0.0,12.0,12.0,12.0,0.0,0,0.0,24.0,0.0,0.0,24.0,1,0.0,0.0,0.0,0.6578947368421053,0.6578947368421053
2025-11-03,Lettuce,AI forecast + inventory policy,162.0,0.0,0.0,162.0,55.0,55.0,0.0,0,107.0,120.0,64.2,1.0,120.0,1,0.04397260273972602,0.0,0.0,0.6578947368421053,0.7018673395818313
2025-11-03,Milk,AI forecast + inventory policy,156.0,0.0,0.0,156.0,76.0,76.0,0.0,0,80.0,168.0,60.0,1.0,168.0,1,0.0410958904109589,0.0,0.0,0.6578947368421053,0.6989906272530642
2025-11-03,Mushrooms,AI forecast + inventory policy,106.0,0.0,0.0,106.0,25.0,25.0,0.0,0,81.0,60.0,44.550000000000004,1.0,60.0,1,0.030513698630136987,0.0,0.0,0.6578947368421053,0.6884084354722423
2025-11-03,Onions,AI forecast + inventory policy,162.0,0.0,0.0,162.0,46.0,46.0,0.0,0,116.0,80.0,29.0,1.0,80.0,1,0.01986301369863014,0.0,0.0,0.6578947368421053,0.6777577505407355
2025-11-03,Salmon Fillet,AI forecast + inventory policy,3.0,0.0,0.0,3.0,29.0,3.0,26.0,1,0.0,174.0,0.0,0.0,174.0,1,0.0,0.0,166.4,0.6578947368421053,167.05789473684212
2025-11-03,Seasonal Berries,AI forecast + inventory policy,0.0,0.0,0.0,0.0,0.0,0.0,0.0,0,0.0,24.0,0.0,0.0,24.0,1,0.0,0.0,0.0,0.6578947368421053,0.6578947368421053
2025-11-03,Soft Drinks,AI forecast + inventory policy,248.0,0.0,0.0,248.0,83.0,83.0,0.0,0,165.0,168.0,66.0,1.0,168.0,1,0.0452054794520548,0.0,0.0,0.6578947368421053,0.7031002162941601
2025-11-03,Tomatoes,AI forecast + inventory policy,160.0,0.0,0.0,160.0,63.0,63.0,0.0,0,97.0,144.0,43.65,1.0,144.0,1,0.029897260273972603,0.0,0.0,0.6578947368421053,0.687791997116078
2025-11-03,Truffle Oil,AI forecast + inventory policy,36.0,0.0,0.0,36.0,0.0,0.0,0.0,0,36.0,0.0,306.0,2.4444444444444446,0.0,1,0.20958904109589044,0.0,0.0,0.0,0.20958904109589044
2025-11-03,Vegan Cheese,AI forecast + inventory policy,39.0,0.0,0.0,39.0,0.0,0.0,0.0,0,39.0,12.0,25.35,3.1538461538461537,12.0,1,0.01736301369863014,0.0,0.0,0.6578947368421053,0.6752577505407354
2025-11-04,Bacon,AI forecast + inventory policy,56.0,0.0,0.0,56.0,43.0,43.0,0.0,0,13.0,120.0,14.3,2.0,0.0,0,0.009794520547945206,0.0,0.0,0.0,0.009794520547945206
2025-11-04,Burger Buns,AI forecast + inventory policy,84.0,0.0,0.0,84.0,91.0,84.0,7.0,1,0.0,288.0,0.0,0.0,0.0,0,0.0,0.0,2.52,0.0,2.52
2025-11-04,Butter,AI forecast + inventory policy,62.0,0.0,0.0,62.0,21.0,21.0,0.0,0,41.0,72.0,38.949999999999996,2.0,0.0,0,0.026678082191780823,0.0,0.0,0.0,0.026678082191780823
2025-11-04,Cheese Slices,AI forecast + inventory policy,131.0,0.0,0.0,131.0,87.0,87.0,0.0,0,44.0,150.0,9.68,2.0,0.0,0,0.0066301369863013705,0.0,0.0,0.0,0.0066301369863013705
2025-11-04,Chicken Breast,AI forecast + inventory policy,157.0,0.0,0.0,157.0,83.0,83.0,0.0,0,74.0,170.0,133.20000000000002,2.0,0.0,0,0.09123287671232877,0.0,0.0,0.0,0.09123287671232877
2025-11-04,Coffee Beans,AI forecast + inventory policy,70.0,0.0,0.0,70.0,42.0,42.0,0.0,0,28.0,102.0,58.800000000000004,2.0,0.0,0,0.040273972602739724,0.0,0.0,0.0,0.040273972602739724
2025-11-04,Cooking Oil,AI forecast + inventory policy,47.0,0.0,0.0,47.0,42.0,42.0,0.0,0,5.0,60.0,8.0,2.0,0.0,0,0.0054794520547945215,0.0,0.0,0.0,0.0054794520547945215
2025-11-04,Eggs,AI forecast + inventory policy,83.0,0.0,0.0,83.0,45.0,45.0,0.0,0,38.0,150.0,6.08,2.0,0.0,0,0.004164383561643835,0.0,0.0,0.0,0.004164383561643835
2025-11-04,Fries (Potatoes),AI forecast + inventory policy,188.0,0.0,0.0,188.0,112.0,112.0,0.0,0,76.0,320.0,22.8,2.0,0.0,0,0.015616438356164383,0.0,0.0,0.0,0.015616438356164383
2025-11-04,Gluten-free Buns,AI forecast + inventory policy,0.0,0.0,0.0,0.0,6.0,0.0,6.0,1,0.0,24.0,0.0,0.0,0.0,0,0.0,0.0,6.6000000000000005,0.0,6.6000000000000005
2025-11-04,Lettuce,AI forecast + inventory policy,107.0,0.0,0.0,107.0,49.0,49.0,0.0,0,58.0,120.0,34.8,2.0,0.0,0,0.023835616438356164,0.0,0.0,0.0,0.023835616438356164
2025-11-04,Milk,AI forecast + inventory policy,80.0,0.0,0.0,80.0,72.0,72.0,0.0,0,8.0,168.0,6.0,2.0,0.0,0,0.00410958904109589,0.0,0.0,0.0,0.00410958904109589
2025-11-04,Mushrooms,AI forecast + inventory policy,81.0,0.0,0.0,81.0,22.0,22.0,0.0,0,59.0,60.0,32.45,2.0,0.0,0,0.022226027397260276,0.0,0.0,0.0,0.022226027397260276
2025-11-04,Onions,AI forecast + inventory policy,116.0,0.0,0.0,116.0,46.0,46.0,0.0,0,70.0,80.0,17.5,2.0,0.0,0,0.011986301369863013,0.0,0.0,0.0,0.011986301369863013
2025-11-04,Salmon Fillet,AI forecast + inventory policy,0.0,0.0,0.0,0.0,28.0,0.0,28.0,1,0.0,174.0,0.0,0.0,0.0,0,0.0,0.0,179.20000000000002,0.0,179.20000000000002
2025-11-04,Seasonal Berries,AI forecast + inventory policy,0.0,0.0,0.0,0.0,8.0,0.0,8.0,1,0.0,24.0,0.0,0.0,0.0,0,0.0,0.0,22.4,0.0,22.4
2025-11-04,Soft Drinks,AI forecast + inventory policy,165.0,0.0,0.0,165.0,67.0,67.0,0.0,0,98.0,168.0,39.2,2.0,0.0,0,0.026849315068493154,0.0,0.0,0.0,0.026849315068493154
2025-11-04,Tomatoes,AI forecast + inventory policy,97.0,0.0,0.0,97.0,53.0,53.0,0.0,0,44.0,144.0,19.8,2.0,0.0,0,0.013561643835616439,0.0,0.0,0.0,0.013561643835616439
2025-11-04,Truffle Oil,AI forecast + inventory policy,36.0,0.0,0.0,36.0,0.0,0.0,0.0,0,36.0,0.0,306.0,3.4444444444444446,0.0,0,0.20958904109589044,0.0,0.0,0.0,0.20958904109589044
2025-11-04,Vegan Cheese,AI forecast + inventory policy,39.0,0.0,0.0,39.0,8.0,8.0,0.0,0,31.0,12.0,20.150000000000002,3.6774193548387095,0.0,0,0.0138013698630137,0.0,0.0,0.0,0.0138013698630137
2025-11-05,Bacon,AI forecast + inventory policy,13.0,120.0,0.0,133.0,51.0,51.0,0.0,0,82.0,150.0,90.2,0.0,150.0,1,0.06178082191780822,0.0,0.0,0.7352941176470589,0.7970749395648671
2025-11-05,Burger Buns,AI forecast + inventory policy,0.0,288.0,0.0,288.0,110.0,110.0,0.0,0,178.0,336.0,32.04,0.0,336.0,1,0.021945205479452053,0.0,0.0,0.7352941176470589,0.7572393231265109
2025-11-05,Butter,AI forecast + inventory policy,41.0,72.0,0.0,113.0,43.0,43.0,0.0,0,70.0,84.0,66.5,0.0,84.0,1,0.04554794520547945,0.0,0.0,0.7352941176470589,0.7808420628525383
2025-11-05,Cheese Slices,AI forecast + inventory policy,44.0,150.0,0.0,194.0,92.0,92.0,0.0,0,102.0,250.0,22.44,0.0,250.0,1,0.015369863013698632,0.0,0.0,0.7352941176470589,0.7506639806607575
2025-11-05,Chicken Breast,AI forecast + inventory policy,74.0,170.0,0.0,244.0,82.0,82.0,0.0,0,162.0,260.0,291.6,0.0,260.0,1,0.19972602739726028,0.0,0.0,0.7352941176470589,0.9350201450443192
2025-11-05,Coffee Beans,AI forecast + inventory policy,28.0,102.0,0.0,130.0,42.0,42.0,0.0,0,88.0,84.0,184.8,0.0,84.0,1,0.12657534246575342,0.0,0.0,0.7352941176470589,0.8618694601128123
2025-11-05,Cooking Oil,AI forecast + inventory policy,5.0,60.0,0.0,65.0,25.0,25.0,0.0,0,40.0,88.0,64.0,0.0,88.0,1,0.04383561643835617,0.0,0.0,0.7352941176470589,0.7791297340854151
2025-11-05,Eggs,AI forecast + inventory policy,38.0,150.0,0.0,188.0,57.0,57.0,0.0,0,131.0,150.0,20.96,0.0,150.0,1,0.014356164383561644,0.0,0.0,0.7352941176470589,0.7496502820306206
2025-11-05,Fries (Potatoes),AI forecast + inventory policy,76.0,320.0,0.0,396.0,153.0,153.0,0.0,0,243.0,340.0,72.89999999999999,0.0,340.0,1,0.04993150684931506,0.0,0.0,0.7352941176470589,0.7852256244963739
2025-11-05,Gluten-free Buns,AI forecast + inventory policy,0.0,24.0,0.0,24.0,9.0,9.0,0.0,0,15.0,12.0,8.25,0.0,12.0,1,0.0056506849315068495,0.0,0.0,0.7352941176470589,0.7409448025785658
2025-11-05,Lettuce,AI forecast + inventory policy,58.0,120.0,0.0,178.0,75.0,75.0,0.0,0,103.0,216.0,61.8,0.0,216.0,1,0.04232876712328767,0.0,0.0,0.7352941176470589,0.7776228847703466
2025-11-05,Milk,AI forecast + inventory policy,8.0,168.0,0.0,176.0,67.0,67.0,0.0,0,109.0,180.0,81.75,0.0,180.0,1,0.0559931506849315,0.0,0.0,0.7352941176470589,0.7912872683319904
2025-11-05,Mushrooms,AI forecast + inventory policy,59.0,60.0,0.0,119.0,41.0,41.0,0.0,0,78.0,80.0,42.9,0.6923076923076923,80.0,1,0.02938356164383562,0.0,0.0,0.7352941176470589,0.7646776792908945
2025-11-05,Onions,AI forecast + inventory policy,70.0,80.0,0.0,150.0,57.0,57.0,0.0,0,93.0,160.0,23.25,0.41935483870967744,160.0,1,0.015924657534246576,0.0,0.0,0.7352941176470589,0.7512187751813054
2025-11-05,Salmon Fillet,AI forecast + inventory policy,0.0,174.0,0.0,174.0,0.0,0.0,0.0,0,174.0,42.0,556.8000000000001,0.0,42.0,1,0.3813698630136987,0.0,0.0,0.7352941176470589,1.1166639806607574
2025-11-05,Seasonal Berries,AI forecast + inventory policy,0.0,24.0,0.0,24.0,10.0,10.0,0.0,0,14.0,0.0,19.599999999999998,0.0,0.0,1,0.013424657534246575,0.0,0.0,0.0,0.013424657534246575
2025-11-05,Soft Drinks,AI forecast + inventory policy,98.0,168.0,0.0,266.0,111.0,111.0,0.0,0,155.0,264.0,62.0,0.0,264.0,1,0.04246575342465754,0.0,0.0,0.7352941176470589,0.7777598710717164
2025-11-05,Tomatoes,AI forecast + inventory policy,44.0,144.0,0.0,188.0,71.0,71.0,0.0,0,117.0,168.0,52.65,0.0,168.0,1,0.036061643835616435,0.0,0.0,0.7352941176470589,0.7713557614826753
2025-11-05,Truffle Oil,AI forecast + inventory policy,36.0,0.0,0.0,36.0,0.0,0.0,0.0,0,36.0,0.0,306.0,4.444444444444445,0.0,1,0.20958904109589044,0.0,0.0,0.0,0.20958904109589044
2025-11-05,Vegan Cheese,AI forecast + inventory policy,31.0,12.0,0.0,43.0,9.0,9.0,0.0,0,34.0,0.0,22.1,2.5294117647058822,0.0,1,0.015136986301369865,0.0,0.0,0.0,0.015136986301369865
2025-11-06,Bacon,AI forecast + inventory policy,82.0,0.0,0.0,82.0,68.0,68.0,0.0,0,14.0,150.0,15.400000000000002,1.0,0.0,0,0.010547945205479452,0.0,0.0,0.0,0.010547945205479452
2025-11-06,Burger Buns,AI forecast + inventory policy,178.0,0.0,0.0,178.0,115.0,115.0,0.0,0,63.0,336.0,11.34,1.0,0.0,0,0.007767123287671233,0.0,0.0,0.0,0.007767123287671233
2025-11-06,Butter,AI forecast + inventory policy,70.0,0.0,0.0,70.0,45.0,45.0,0.0,0,25.0,84.0,23.75,1.0,0.0,0,0.016267123287671232,0.0,0.0,0.0,0.016267123287671232
2025-11-06,Cheese Slices,AI forecast + inventory policy,102.0,0.0,0.0,102.0,82.0,82.0,0.0,0,20.0,250.0,4.4,1.0,0.0,0,0.0030136986301369864,0.0,0.0,0.0,0.0030136986301369864
2025-11-06,Chicken Breast,AI forecast + inventory policy,162.0,0.0,0.0,162.0,87.0,87.0,0.0,0,75.0,260.0,135.0,1.0,0.0,0,0.09246575342465753,0.0,0.0,0.0,0.09246575342465753
2025-11-06,Coffee Beans,AI forecast + inventory policy,88.0,0.0,0.0,88.0,62.0,62.0,0.0,0,26.0,84.0,54.6,1.0,0.0,0,0.0373972602739726,0.0,0.0,0.0,0.0373972602739726
2025-11-06,Cooking Oil,AI forecast + inventory policy,40.0,0.0,0.0,40.0,29.0,29.0,0.0,0,11.0,88.0,17.6,1.0,0.0,0,0.012054794520547947,0.0,0.0,0.0,0.012054794520547947
2025-11-06,Eggs,AI forecast + inventory policy,131.0,0.0,0.0,131.0,96.0,96.0,0.0,0,35.0,150.0,5.6000000000000005,1.0,0.0,0,0.0038356164383561643,0.0,0.0,0.0,0.0038356164383561643
2025-11-06,Fries (Potatoes),AI forecast + inventory policy,243.0,0.0,0.0,243.0,132.0,132.0,0.0,0,111.0,340.0,33.3,1.0,0.0,0,0.02280821917808219,0.0,0.0,0.0,0.02280821917808219
2025-11-06,Gluten-free Buns,AI forecast + inventory policy,15.0,0.0,0.0,15.0,0.0,0.0,0.0,0,15.0,12.0,8.25,1.0,0.0,0,0.0056506849315068495,0.0,0.0,0.0,0.0056506849315068495
2025-11-06,Lettuce,AI forecast + inventory policy,103.0,0.0,0.0,103.0,60.0,60.0,0.0,0,43.0,216.0,25.8,1.0,0.0,0,0.017671232876712326,0.0,0.0,0.0,0.017671232876712326
2025-11-06,Milk,AI forecast + inventory policy,109.0,0.0,0.0,109.0,82.0,82.0,0.0,0,27.0,180.0,20.25,1.0,0.0,0,0.013869863013698629,0.0,0.0,0.0,0.013869863013698629
2025-11-06,Mushrooms,AI forecast + inventory policy,78.0,0.0,0.0,78.0,46.0,46.0,0.0,0,32.0,80.0,17.6,1.0,0.0,0,0.012054794520547946,0.0,0.0,0.0,0.012054794520547946
2025-11-06,Onions,AI forecast + inventory policy,93.0,0.0,0.0,93.0,51.0,51.0,0.0,0,42.0,160.0,10.5,1.0,0.0,0,0.007191780821917808,0.0,0.0,0.0,0.007191780821917808
2025-11-06,Salmon Fillet,AI forecast + inventory policy,174.0,0.0,0.0,174.0,34.0,34.0,0.0,0,140.0,42.0,448.0,1.0,0.0,0,0.30684931506849317,0.0,0.0,0.0,0.30684931506849317
2025-11-06,Seasonal Berries,AI forecast + inventory policy,14.0,0.0,0.0,14.0,0.0,0.0,0.0,0,14.0,0.0,19.599999999999998,1.0,0.0,0,0.013424657534246575,0.0,0.0,0.0,0.013424657534246575
2025-11-06,Soft Drinks,AI forecast + inventory policy,155.0,0.0,0.0,155.0,100.0,100.0,0.0,0,55.0,264.0,22.0,1.0,0.0,0,0.015068493150684934,0.0,0.0,0.0,0.015068493150684934
2025-11-06,Tomatoes,AI forecast + inventory policy,117.0,0.0,0.0,117.0,62.0,62.0,0.0,0,55.0,168.0,24.75,1.0,0.0,0,0.016952054794520548,0.0,0.0,0.0,0.016952054794520548
2025-11-06,Truffle Oil,AI forecast + inventory policy,36.0,0.0,0.0,36.0,4.0,4.0,0.0,0,32.0,0.0,272.0,5.125,0.0,0,0.1863013698630137,0.0,0.0,0.0,0.1863013698630137
2025-11-06,Vegan Cheese,AI forecast + inventory policy,34.0,0.0,0.0,34.0,6.0,6.0,0.0,0,28.0,0.0,18.200000000000003,3.0,0.0,0,0.012465753424657534,0.0,0.0,0.0,0.012465753424657534
2025-11-07,Bacon,AI forecast + inventory policy,14.0,150.0,0.0,164.0,64.0,64.0,0.0,0,100.0,170.0,110.00000000000001,0.0,170.0,1,0.07534246575342465,0.0,0.0,0.625,0.7003424657534246
2025-11-07,Burger Buns,AI forecast + inventory policy,63.0,336.0,0.0,399.0,203.0,203.0,0.0,0,196.0,384.0,35.28,0.0,384.0,1,0.024164383561643833,0.0,0.0,0.625,0.6491643835616439
2025-11-07,Butter,AI forecast + inventory policy,25.0,84.0,0.0,109.0,62.0,62.0,0.0,0,47.0,132.0,44.65,0.0,132.0,1,0.03058219178082192,0.0,0.0,0.625,0.6555821917808219
2025-11-07,Cheese Slices,AI forecast + inventory policy,20.0,250.0,0.0,270.0,154.0,154.0,0.0,0,116.0,250.0,25.52,0.0,250.0,1,0.017479452054794523,0.0,0.0,0.625,0.6424794520547945
2025-11-07,Chicken Breast,AI forecast + inventory policy,75.0,260.0,0.0,335.0,127.0,127.0,0.0,0,208.0,280.0,374.40000000000003,0.0,280.0,1,0.25643835616438354,0.0,0.0,0.625,0.8814383561643835
2025-11-07,Coffee Beans,AI forecast + inventory policy,26.0,84.0,0.0,110.0,41.0,41.0,0.0,0,69.0,144.0,144.9,0.0,144.0,1,0.09924657534246575,0.0,0.0,0.625,0.7242465753424657
2025-11-07,Cooking Oil,AI forecast + inventory policy,11.0,88.0,0.0,99.0,37.0,37.0,0.0,0,62.0,88.0,99.2,0.0,88.0,1,0.06794520547945207,0.0,0.0,0.625,0.692945205479452
2025-11-07,Eggs,AI forecast + inventory policy,35.0,150.0,0.0,185.0,76.0,76.0,0.0,0,109.0,180.0,17.44,0.0,180.0,1,0.011945205479452055,0.0,0.0,0.625,0.6369452054794521
2025-11-07,Fries (Potatoes),AI forecast + inventory policy,111.0,340.0,0.0,451.0,203.0,203.0,0.0,0,248.0,480.0,74.39999999999999,0.0,480.0,1,0.05095890410958904,0.0,0.0,0.625,0.675958904109589
2025-11-07,Gluten-free Buns,AI forecast + inventory policy,15.0,12.0,0.0,27.0,0.0,0.0,0.0,0,27.0,12.0,14.850000000000001,1.1111111111111112,12.0,1,0.01017123287671233,0.0,0.0,0.625,0.6351712328767123
2025-11-07,Lettuce,AI forecast + inventory policy,43.0,216.0,0.0,259.0,92.0,92.0,0.0,0,167.0,216.0,100.2,0.0,216.0,1,0.06863013698630137,0.0,0.0,0.625,0.6936301369863014
2025-11-07,Milk,AI forecast + inventory policy,27.0,180.0,0.0,207.0,97.0,97.0,0.0,0,110.0,240.0,82.5,0.0,240.0,1,0.05650684931506849,0.0,0.0,0.625,0.6815068493150684
2025-11-07,Mushrooms,AI forecast + inventory policy,32.0,80.0,0.0,112.0,54.0,54.0,0.0,0,58.0,140.0,31.900000000000002,0.0,140.0,1,0.02184931506849315,0.0,0.0,0.625,0.6468493150684932
2025-11-07,Onions,AI forecast + inventory policy,42.0,160.0,0.0,202.0,82.0,82.0,0.0,0,120.0,180.0,30.0,0.0,180.0,1,0.02054794520547945,0.0,0.0,0.625,0.6455479452054794
2025-11-07,Salmon Fillet,AI forecast + inventory policy,140.0,42.0,0.0,182.0,47.0,47.0,0.0,0,135.0,18.0,432.0,1.3777777777777778,18.0,1,0.29589041095890417,0.0,0.0,0.625,0.9208904109589042
2025-11-07,Seasonal Berries,AI forecast + inventory policy,14.0,0.0,0.0,14.0,12.0,12.0,0.0,0,2.0,12.0,2.8,2.0,12.0,1,0.0019178082191780822,0.0,0.0,0.625,0.6269178082191781
2025-11-07,Soft Drinks,AI forecast + inventory policy,55.0,264.0,0.0,319.0,195.0,195.0,0.0,0,124.0,312.0,49.6,0.0,312.0,1,0.033972602739726035,0.0,0.0,0.625,0.658972602739726
2025-11-07,Tomatoes,AI forecast + inventory policy,55.0,168.0,0.0,223.0,116.0,116.0,0.0,0,107.0,216.0,48.15,0.0,216.0,1,0.03297945205479452,0.0,0.0,0.625,0.6579794520547946
2025-11-07,Truffle Oil,AI forecast + inventory policy,32.0,0.0,0.0,32.0,12.0,12.0,0.0,0,20.0,4.0,170.0,5.2,4.0,1,0.11643835616438357,0.0,0.0,0.625,0.7414383561643836
2025-11-07,Vegan Cheese,AI forecast + inventory policy,28.0,0.0,0.0,28.0,0.0,0.0,0.0,0,28.0,24.0,18.200000000000003,4.0,24.0,1,0.012465753424657534,0.0,0.0,0.625,0.6374657534246575
2025-11-08,Bacon,AI forecast + inventory policy,100.0,0.0,0.0,100.0,83.0,83.0,0.0,0,17.0,170.0,18.700000000000003,1.0,0.0,0,0.012808219178082192,0.0,0.0,0.0,0.012808219178082192
2025-11-08,Burger Buns,AI forecast + inventory policy,196.0,0.0,0.0,196.0,178.0,178.0,0.0,0,18.0,384.0,3.2399999999999998,1.0,0.0,0,0.0022191780821917808,0.0,0.0,0.0,0.0022191780821917808
2025-11-08,Butter,AI forecast + inventory policy,47.0,0.0,0.0,47.0,43.0,43.0,0.0,0,4.0,132.0,3.8,1.0,0.0,0,0.0026027397260273972,0.0,0.0,0.0,0.0026027397260273972
2025-11-08,Cheese Slices,AI forecast + inventory policy,116.0,0.0,0.0,116.0,116.0,116.0,0.0,0,0.0,250.0,0.0,0.0,0.0,0,0.0,0.0,0.0,0.0,0.0
2025-11-08,Chicken Breast,AI forecast + inventory policy,208.0,0.0,0.0,208.0,138.0,138.0,0.0,0,70.0,280.0,126.0,1.0,0.0,0,0.08630136986301369,0.0,0.0,0.0,0.08630136986301369
2025-11-08,Coffee Beans,AI forecast + inventory policy,69.0,0.0,0.0,69.0,42.0,42.0,0.0,0,27.0,144.0,56.7,1.0,0.0,0,0.03883561643835617,0.0,0.0,0.0,0.03883561643835617
2025-11-08,Cooking Oil,AI forecast + inventory policy,62.0,0.0,0.0,62.0,29.0,29.0,0.0,0,33.0,88.0,52.800000000000004,1.0,0.0,0,0.03616438356164384,0.0,0.0,0.0,0.03616438356164384
2025-11-08,Eggs,AI forecast + inventory policy,109.0,0.0,0.0,109.0,101.0,101.0,0.0,0,8.0,180.0,1.28,1.0,0.0,0,0.0008767123287671233,0.0,0.0,0.0,0.0008767123287671233
2025-11-08,Fries (Potatoes),AI forecast + inventory policy,248.0,0.0,0.0,248.0,190.0,190.0,0.0,0,58.0,480.0,17.4,1.0,0.0,0,0.011917808219178082,0.0,0.0,0.0,0.011917808219178082
2025-11-08,Gluten-free Buns,AI forecast + inventory policy,27.0,0.0,15.0,12.0,10.0,10.0,0.0,0,2.0,12.0,1.1,1.0,0.0,0,0.0007534246575342466,9.0,0.0,0.0,9.000753424657534
2025-11-08,Lettuce,AI forecast + inventory policy,167.0,0.0,0.0,167.0,127.0,127.0,0.0,0,40.0,216.0,24.0,1.0,0.0,0,0.01643835616438356,0.0,0.0,0.0,0.01643835616438356
2025-11-08,Milk,AI forecast + inventory policy,110.0,0.0,0.0,110.0,97.0,97.0,0.0,0,13.0,240.0,9.75,1.0,0.0,0,0.006678082191780821,0.0,0.0,0.0,0.006678082191780821
2025-11-08,Mushrooms,AI forecast + inventory policy,58.0,0.0,0.0,58.0,49.0,49.0,0.0,0,9.0,140.0,4.95,1.0,0.0,0,0.0033904109589041097,0.0,0.0,0.0,0.0033904109589041097
2025-11-08,Onions,AI forecast + inventory policy,120.0,0.0,0.0,120.0,95.0,95.0,0.0,0,25.0,180.0,6.25,1.0,0.0,0,0.004280821917808219,0.0,0.0,0.0,0.004280821917808219
2025-11-08,Salmon Fillet,AI forecast + inventory policy,135.0,0.0,93.0,42.0,62.0,42.0,20.0,1,0.0,18.0,0.0,0.0,0.0,0,0.0,302.25,128.0,0.0,430.25
2025-11-08,Seasonal Berries,AI forecast + inventory policy,2.0,0.0,2.0,0.0,8.0,0.0,8.0,1,0.0,12.0,0.0,0.0,0.0,0,0.0,2.9,22.4,0.0,25.299999999999997
2025-11-08,Soft Drinks,AI forecast + inventory policy,124.0,0.0,0.0,124.0,158.0,124.0,34.0,1,0.0,312.0,0.0,0.0,0.0,0,0.0,0.0,27.200000000000003,0.0,27.200000000000003
2025-11-08,Tomatoes,AI forecast + inventory policy,107.0,0.0,0.0,107.0,100.0,100.0,0.0,0,7.0,216.0,3.15,1.0,0.0,0,0.0021575342465753426,0.0,0.0,0.0,0.0021575342465753426
2025-11-08,Truffle Oil,AI forecast + inventory policy,20.0,0.0,0.0,20.0,8.0,8.0,0.0,0,12.0,4.0,102.0,6.0,0.0,0,0.06986301369863014,0.0,0.0,0.0,0.06986301369863014
2025-11-08,Vegan Cheese,AI forecast + inventory policy,28.0,0.0,0.0,28.0,0.0,0.0,0.0,0,28.0,24.0,18.200000000000003,5.0,0.0,0,0.012465753424657534,0.0,0.0,0.0,0.012465753424657534
2025-11-09,Bacon,AI forecast + inventory policy,17.0,170.0,0.0,187.0,85.0,85.0,0.0,0,102.0,0.0,112.2,0.0,0.0,0,0.07684931506849316,0.0,0.0,0.0,0.07684931506849316
2025-11-09,Burger Buns,AI forecast + inventory policy,18.0,384.0,0.0,402.0,166.0,166.0,0.0,0,236.0,0.0,42.48,0.0,0.0,0,0.029095890410958905,0.0,0.0,0.0,0.029095890410958905
2025-11-09,Butter,AI forecast + inventory policy,4.0,132.0,0.0,136.0,43.0,43.0,0.0,0,93.0,0.0,88.35,0.0,0.0,0,0.06051369863013699,0.0,0.0,0.0,0.06051369863013699
2025-11-09,Cheese Slices,AI forecast + inventory policy,0.0,250.0,0.0,250.0,110.0,110.0,0.0,0,140.0,0.0,30.8,0.0,0.0,0,0.021095890410958905,0.0,0.0,0.0,0.021095890410958905
2025-11-09,Chicken Breast,AI forecast + inventory policy,70.0,280.0,0.0,350.0,129.0,129.0,0.0,0,221.0,0.0,397.8,0.0,0.0,0,0.2724657534246575,0.0,0.0,0.0,0.2724657534246575
2025-11-09,Coffee Beans,AI forecast + inventory policy,27.0,144.0,0.0,171.0,46.0,46.0,0.0,0,125.0,0.0,262.5,0.0,0.0,0,0.1797945205479452,0.0,0.0,0.0,0.1797945205479452
2025-11-09,Cooking Oil,AI forecast + inventory policy,33.0,88.0,0.0,121.0,43.0,43.0,0.0,0,78.0,0.0,124.80000000000001,0.0,0.0,0,0.08547945205479453,0.0,0.0,0.0,0.08547945205479453
2025-11-09,Eggs,AI forecast + inventory policy,8.0,180.0,0.0,188.0,75.0,75.0,0.0,0,113.0,0.0,18.080000000000002,0.0,0.0,0,0.012383561643835616,0.0,0.0,0.0,0.012383561643835616
2025-11-09,Fries (Potatoes),AI forecast + inventory policy,58.0,480.0,0.0,538.0,219.0,219.0,0.0,0,319.0,0.0,95.7,0.0,0.0,0,0.06554794520547945,0.0,0.0,0.0,0.06554794520547945
2025-11-09,Gluten-free Buns,AI forecast + inventory policy,2.0,12.0,0.0,14.0,23.0,14.0,9.0,1,0.0,0.0,0.0,0.0,0.0,0,0.0,0.0,9.9,0.0,9.9
2025-11-09,Lettuce,AI forecast + inventory policy,40.0,216.0,0.0,256.0,69.0,69.0,0.0,0,187.0,0.0,112.2,0.0,0.0,0,0.07684931506849314,0.0,0.0,0.0,0.07684931506849314
2025-11-09,Milk,AI forecast + inventory policy,13.0,240.0,0.0,253.0,72.0,72.0,0.0,0,181.0,0.0,135.75,0.0,0.0,0,0.0929794520547945,0.0,0.0,0.0,0.0929794520547945
2025-11-09,Mushrooms,AI forecast + inventory policy,9.0,140.0,0.0,149.0,67.0,67.0,0.0,0,82.0,0.0,45.1,0.0,0.0,0,0.03089041095890411,0.0,0.0,0.0,0.03089041095890411
2025-11-09,Onions,AI forecast + inventory policy,25.0,180.0,0.0,205.0,70.0,70.0,0.0,0,135.0,0.0,33.75,0.0,0.0,0,0.023116438356164382,0.0,0.0,0.0,0.023116438356164382
2025-11-09,Salmon Fillet,AI forecast + inventory policy,0.0,18.0,0.0,18.0,46.0,18.0,28.0,1,0.0,0.0,0.0,0.0,0.0,0,0.0,0.0,179.20000000000002,0.0,179.20000000000002
2025-11-09,Seasonal Berries,AI forecast + inventory policy,0.0,12.0,0.0,12.0,6.0,6.0,0.0,0,6.0,0.0,8.399999999999999,0.0,0.0,0,0.005753424657534247,0.0,0.0,0.0,0.005753424657534247
2025-11-09,Soft Drinks,AI forecast + inventory policy,0.0,312.0,0.0,312.0,148.0,148.0,0.0,0,164.0,0.0,65.60000000000001,0.0,0.0,0,0.04493150684931507,0.0,0.0,0.0,0.04493150684931507
2025-11-09,Tomatoes,AI forecast + inventory policy,7.0,216.0,0.0,223.0,92.0,92.0,0.0,0,131.0,0.0,58.95,0.0,0.0,0,0.04037671232876712,0.0,0.0,0.0,0.04037671232876712
2025-11-09,Truffle Oil,AI forecast + inventory policy,12.0,4.0,0.0,16.0,10.0,10.0,0.0,0,6.0,0.0,51.0,2.3333333333333335,0.0,0,0.03493150684931507,0.0,0.0,0.0,0.03493150684931507
2025-11-09,Vegan Cheese,AI forecast + inventory policy,28.0,24.0,0.0,52.0,14.0,14.0,0.0,0,38.0,0.0,24.700000000000003,1.631578947368421,0.0,0,0.016917808219178085,0.0,0.0,0.0,0.016917808219178085
2025-11-10,Bacon,AI forecast + inventory policy,102.0,0.0,0.0,102.0,51.0,51.0,0.0,0,51.0,120.0,56.1,1.0,120.0,1,0.03842465753424658,0.0,0.0,0.6578947368421053,0.6963193943763519
2025-11-10,Burger Buns,AI forecast + inventory policy,236.0,0.0,0.0,236.0,102.0,102.0,0.0,0,134.0,336.0,24.119999999999997,1.0,336.0,1,0.01652054794520548,0.0,0.0,0.6578947368421053,0.6744152847873108
2025-11-10,Butter,AI forecast + inventory policy,93.0,0.0,0.0,93.0,31.0,31.0,0.0,0,62.0,84.0,58.9,1.0,84.0,1,0.04034246575342466,0.0,0.0,0.6578947368421053,0.69823720259553
2025-11-10,Cheese Slices,AI forecast + inventory policy,140.0,0.0,0.0,140.0,73.0,73.0,0.0,0,67.0,200.0,14.74,1.0,200.0,1,0.010095890410958906,0.0,0.0,0.6578947368421053,0.6679906272530642
2025-11-10,Chicken Breast,AI forecast + inventory policy,221.0,0.0,0.0,221.0,83.0,83.0,0.0,0,138.0,170.0,248.4,1.0,170.0,1,0.17013698630136986,0.0,0.0,0.6578947368421053,0.8280317231434752
2025-11-10,Coffee Beans,AI forecast + inventory policy,125.0,0.0,0.0,125.0,43.0,43.0,0.0,0,82.0,72.0,172.20000000000002,1.0,72.0,1,0.11794520547945206,0.0,0.0,0.6578947368421053,0.7758399423215574
2025-11-10,Cooking Oil,AI forecast + inventory policy,78.0,0.0,0.0,78.0,33.0,33.0,0.0,0,45.0,60.0,72.0,1.0,60.0,1,0.04931506849315069,0.0,0.0,0.6578947368421053,0.707209805335256
2025-11-10,Eggs,AI forecast + inventory policy,113.0,0.0,0.0,113.0,62.0,62.0,0.0,0,51.0,150.0,8.16,1.0,150.0,1,0.005589041095890411,0.0,0.0,0.6578947368421053,0.6634837779379957
2025-11-10,Fries (Potatoes),AI forecast + inventory policy,319.0,0.0,0.0,319.0,150.0,150.0,0.0,0,169.0,320.0,50.699999999999996,1.0,320.0,1,0.03472602739726027,0.0,0.0,0.6578947368421053,0.6926207642393656
2025-11-10,Gluten-free Buns,AI forecast + inventory policy,0.0,0.0,0.0,0.0,11.0,0.0,11.0,1,0.0,36.0,0.0,0.0,36.0,1,0.0,0.0,12.100000000000001,0.6578947368421053,12.757894736842108
2025-11-10,Lettuce,AI forecast + inventory policy,187.0,0.0,0.0,187.0,59.0,59.0,0.0,0,128.0,108.0,76.8,1.0,108.0,1,0.052602739726027394,0.0,0.0,0.6578947368421053,0.7104974765681327
2025-11-10,Milk,AI forecast + inventory policy,181.0,0.0,0.0,181.0,82.0,82.0,0.0,0,99.0,132.0,74.25,1.0,132.0,1,0.050856164383561636,0.0,0.0,0.6578947368421053,0.708750901225667
2025-11-10,Mushrooms,AI forecast + inventory policy,82.0,0.0,0.0,82.0,36.0,36.0,0.0,0,46.0,90.0,25.3,1.0,90.0,1,0.017328767123287674,0.0,0.0,0.6578947368421053,0.675223503965393
2025-11-10,Onions,AI forecast + inventory policy,135.0,0.0,0.0,135.0,53.0,53.0,0.0,0,82.0,100.0,20.5,1.0,100.0,1,0.014041095890410958,0.0,0.0,0.6578947368421053,0.6719358327325162
2025-11-10,Salmon Fillet,AI forecast + inventory policy,0.0,0.0,0.0,0.0,31.0,0.0,31.0,1,0.0,162.0,0.0,0.0,162.0,1,0.0,0.0,198.4,0.6578947368421053,199.05789473684212
2025-11-10,Seasonal Berries,AI forecast + inventory policy,6.0,0.0,0.0,6.0,6.0,6.0,0.0,0,0.0,24.0,0.0,0.0,24.0,1,0.0,0.0,0.0,0.6578947368421053,0.6578947368421053
2025-11-10,Soft Drinks,AI forecast + inventory policy,164.0,0.0,0.0,164.0,83.0,83.0,0.0,0,81.0,288.0,32.4,1.0,288.0,1,0.02219178082191781,0.0,0.0,0.6578947368421053,0.6800865176640232
2025-11-10,Tomatoes,AI forecast + inventory policy,131.0,0.0,0.0,131.0,51.0,51.0,0.0,0,80.0,180.0,36.0,1.0,180.0,1,0.024657534246575342,0.0,0.0,0.6578947368421053,0.6825522710886807
2025-11-10,Truffle Oil,AI forecast + inventory policy,6.0,0.0,0.0,6.0,8.0,6.0,2.0,1,0.0,28.0,0.0,0.0,28.0,1,0.0,0.0,34.0,0.6578947368421053,34.6578947368421
2025-11-10,Vegan Cheese,AI forecast + inventory policy,38.0,0.0,0.0,38.0,11.0,11.0,0.0,0,27.0,0.0,17.55,1.4444444444444444,0.0,1,0.012020547945205481,0.0,0.0,0.0,0.012020547945205481
2025-11-11,Bacon,AI forecast + inventory policy,51.0,0.0,0.0,51.0,48.0,48.0,0.0,0,3.0,120.0,3.3000000000000003,2.0,0.0,0,0.00226027397260274,0.0,0.0,0.0,0.00226027397260274
2025-11-11,Burger Buns,AI forecast + inventory policy,134.0,0.0,0.0,134.0,150.0,134.0,16.0,1,0.0,336.0,0.0,0.0,0.0,0,0.0,0.0,5.76,0.0,5.76
2025-11-11,Butter,AI forecast + inventory policy,62.0,0.0,0.0,62.0,39.0,39.0,0.0,0,23.0,84.0,21.849999999999998,2.0,0.0,0,0.014965753424657535,0.0,0.0,0.0,0.014965753424657535
2025-11-11,Cheese Slices,AI forecast + inventory policy,67.0,0.0,0.0,67.0,75.0,67.0,8.0,1,0.0,200.0,0.0,0.0,0.0,0,0.0,0.0,3.52,0.0,3.52
2025-11-11,Chicken Breast,AI forecast + inventory policy,138.0,0.0,0.0,138.0,81.0,81.0,0.0,0,57.0,170.0,102.60000000000001,2.0,0.0,0,0.07027397260273972,0.0,0.0,0.0,0.07027397260273972
2025-11-11,Coffee Beans,AI forecast + inventory policy,82.0,0.0,0.0,82.0,45.0,45.0,0.0,0,37.0,72.0,77.7,2.0,0.0,0,0.05321917808219178,0.0,0.0,0.0,0.05321917808219178
2025-11-11,Cooking Oil,AI forecast + inventory policy,45.0,0.0,0.0,45.0,34.0,34.0,0.0,0,11.0,60.0,17.6,2.0,0.0,0,0.012054794520547947,0.0,0.0,0.0,0.012054794520547947
2025-11-11,Eggs,AI forecast + inventory policy,51.0,0.0,0.0,51.0,40.0,40.0,0.0,0,11.0,150.0,1.76,2.0,0.0,0,0.0012054794520547946,0.0,0.0,0.0,0.0012054794520547946
2025-11-11,Fries (Potatoes),AI forecast + inventory policy,169.0,0.0,0.0,169.0,151.0,151.0,0.0,0,18.0,320.0,5.3999999999999995,2.0,0.0,0,0.0036986301369863013,0.0,0.0,0.0,0.0036986301369863013
2025-11-11,Gluten-free Buns,AI forecast + inventory policy,0.0,0.0,0.0,0.0,8.0,0.0,8.0,1,0.0,36.0,0.0,0.0,0.0,0,0.0,0.0,8.8,0.0,8.8
2025-11-11,Lettuce,AI forecast + inventory policy,128.0,0.0,0.0,128.0,50.0,50.0,0.0,0,78.0,108.0,46.8,2.0,0.0,0,0.03205479452054794,0.0,0.0,0.0,0.03205479452054794
2025-11-11,Milk,AI forecast + inventory policy,99.0,0.0,0.0,99.0,85.0,85.0,0.0,0,14.0,132.0,10.5,2.0,0.0,0,0.007191780821917807,0.0,0.0,0.0,0.007191780821917807
2025-11-11,Mushrooms,AI forecast + inventory policy,46.0,0.0,0.0,46.0,42.0,42.0,0.0,0,4.0,90.0,2.2,2.0,0.0,0,0.0015068493150684932,0.0,0.0,0.0,0.0015068493150684932
2025-11-11,Onions,AI forecast + inventory policy,82.0,0.0,0.0,82.0,60.0,60.0,0.0,0,22.0,100.0,5.5,2.0,0.0,0,0.003767123287671233,0.0,0.0,0.0,0.003767123287671233
2025-11-11,Salmon Fillet,AI forecast + inventory policy,0.0,0.0,0.0,0.0,34.0,0.0,34.0,1,0.0,162.0,0.0,0.0,0.0,0,0.0,0.0,217.60000000000002,0.0,217.60000000000002
2025-11-11,Seasonal Berries,AI forecast + inventory policy,0.0,0.0,0.0,0.0,0.0,0.0,0.0,0,0.0,24.0,0.0,0.0,0.0,0,0.0,0.0,0.0,0.0,0.0
2025-11-11,Soft Drinks,AI forecast + inventory policy,81.0,0.0,0.0,81.0,83.0,81.0,2.0,1,0.0,288.0,0.0,0.0,0.0,0,0.0,0.0,1.6,0.0,1.6
2025-11-11,Tomatoes,AI forecast + inventory policy,80.0,0.0,0.0,80.0,68.0,68.0,0.0,0,12.0,180.0,5.4,2.0,0.0,0,0.0036986301369863013,0.0,0.0,0.0,0.0036986301369863013
2025-11-11,Truffle Oil,AI forecast + inventory policy,0.0,0.0,0.0,0.0,0.0,0.0,0.0,0,0.0,28.0,0.0,0.0,0.0,0,0.0,0.0,0.0,0.0,0.0
2025-11-11,Vegan Cheese,AI forecast + inventory policy,27.0,0.0,0.0,27.0,5.0,5.0,0.0,0,22.0,0.0,14.3,2.0,0.0,0,0.009794520547945206,0.0,0.0,0.0,0.009794520547945206
2025-11-12,Bacon,AI forecast + inventory policy,3.0,120.0,0.0,123.0,55.0,55.0,0.0,0,68.0,160.0,74.80000000000001,0.0,160.0,1,0.05123287671232877,0.0,0.0,0.6578947368421053,0.7091276135544341
2025-11-12,Burger Buns,AI forecast + inventory policy,0.0,336.0,0.0,336.0,133.0,133.0,0.0,0,203.0,336.0,36.54,0.0,336.0,1,0.025027397260273972,0.0,0.0,0.6578947368421053,0.6829221341023792
2025-11-12,Butter,AI forecast + inventory policy,23.0,84.0,0.0,107.0,46.0,46.0,0.0,0,61.0,84.0,57.949999999999996,0.0,84.0,1,0.03969178082191781,0.0,0.0,0.6578947368421053,0.6975865176640231
2025-11-12,Cheese Slices,AI forecast + inventory policy,0.0,200.0,0.0,200.0,87.0,87.0,0.0,0,113.0,250.0,24.86,0.0,250.0,1,0.017027397260273972,0.0,0.0,0.6578947368421053,0.6749221341023793
2025-11-12,Chicken Breast,AI forecast + inventory policy,57.0,170.0,0.0,227.0,107.0,107.0,0.0,0,120.0,260.0,216.0,0.0,260.0,1,0.14794520547945206,0.0,0.0,0.6578947368421053,0.8058399423215574
2025-11-12,Coffee Beans,AI forecast + inventory policy,37.0,72.0,0.0,109.0,42.0,42.0,0.0,0,67.0,108.0,140.70000000000002,0.0,108.0,1,0.09636986301369863,0.0,0.0,0.6578947368421053,0.754264599855804
2025-11-12,Cooking Oil,AI forecast + inventory policy,11.0,60.0,0.0,71.0,34.0,34.0,0.0,0,37.0,84.0,59.2,0.0,84.0,1,0.040547945205479455,0.0,0.0,0.6578947368421053,0.6984426820475848
2025-11-12,Eggs,AI forecast + inventory policy,11.0,150.0,0.0,161.0,71.0,71.0,0.0,0,90.0,150.0,14.4,0.0,150.0,1,0.009863013698630137,0.0,0.0,0.6578947368421053,0.6677577505407355
2025-11-12,Fries (Potatoes),AI forecast + inventory policy,18.0,320.0,0.0,338.0,118.0,118.0,0.0,0,220.0,440.0,66.0,0.0,440.0,1,0.04520547945205479,0.0,0.0,0.6578947368421053,0.7031002162941601
2025-11-12,Gluten-free Buns,AI forecast + inventory policy,0.0,36.0,0.0,36.0,9.0,9.0,0.0,0,27.0,0.0,14.850000000000001,0.0,0.0,1,0.01017123287671233,0.0,0.0,0.0,0.01017123287671233
2025-11-12,Lettuce,AI forecast + inventory policy,78.0,108.0,0.0,186.0,60.0,60.0,0.0,0,126.0,156.0,75.6,0.42857142857142855,156.0,1,0.051780821917808216,0.0,0.0,0.6578947368421053,0.7096755587599135
2025-11-12,Milk,AI forecast + inventory policy,14.0,132.0,0.0,146.0,78.0,78.0,0.0,0,68.0,216.0,51.0,0.0,216.0,1,0.034931506849315064,0.0,0.0,0.6578947368421053,0.6928262436914203
2025-11-12,Mushrooms,AI forecast + inventory policy,4.0,90.0,0.0,94.0,32.0,32.0,0.0,0,62.0,120.0,34.1,0.0,120.0,1,0.023356164383561646,0.0,0.0,0.6578947368421053,0.681250901225667
2025-11-12,Onions,AI forecast + inventory policy,22.0,100.0,0.0,122.0,48.0,48.0,0.0,0,74.0,160.0,18.5,0.0,160.0,1,0.012671232876712329,0.0,0.0,0.6578947368421053,0.6705659697188177
2025-11-12,Salmon Fillet,AI forecast + inventory policy,0.0,162.0,0.0,162.0,32.0,32.0,0.0,0,130.0,60.0,416.0,0.0,60.0,1,0.2849315068493151,0.0,0.0,0.6578947368421053,0.9428262436914204
2025-11-12,Seasonal Berries,AI forecast + inventory policy,0.0,24.0,0.0,24.0,4.0,4.0,0.0,0,20.0,6.0,28.0,0.0,6.0,1,0.019178082191780823,0.0,0.0,0.6578947368421053,0.6770728190338862
2025-11-12,Soft Drinks,AI forecast + inventory policy,0.0,288.0,0.0,288.0,114.0,114.0,0.0,0,174.0,240.0,69.60000000000001,0.0,240.0,1,0.047671232876712336,0.0,0.0,0.6578947368421053,0.7055659697188177
2025-11-12,Tomatoes,AI forecast + inventory policy,12.0,180.0,0.0,192.0,88.0,88.0,0.0,0,104.0,180.0,46.800000000000004,0.0,180.0,1,0.03205479452054794,0.0,0.0,0.6578947368421053,0.6899495313626532
2025-11-12,Truffle Oil,AI forecast + inventory policy,0.0,28.0,0.0,28.0,9.0,9.0,0.0,0,19.0,8.0,161.5,0.0,8.0,1,0.11061643835616439,0.0,0.0,0.6578947368421053,0.7685111751982697
2025-11-12,Vegan Cheese,AI forecast + inventory policy,22.0,0.0,0.0,22.0,5.0,5.0,0.0,0,17.0,24.0,11.05,3.0,24.0,1,0.007568493150684932,0.0,0.0,0.6578947368421053,0.6654632299927903
2025-11-13,Bacon,AI forecast + inventory policy,68.0,0.0,0.0,68.0,64.0,64.0,0.0,0,4.0,160.0,4.4,1.0,0.0,0,0.0030136986301369864,0.0,0.0,0.0,0.0030136986301369864
2025-11-13,Burger Buns,AI forecast + inventory policy,203.0,0.0,0.0,203.0,162.0,162.0,0.0,0,41.0,336.0,7.38,1.0,0.0,0,0.005054794520547945,0.0,0.0,0.0,0.005054794520547945
2025-11-13,Butter,AI forecast + inventory policy,61.0,0.0,0.0,61.0,36.0,36.0,0.0,0,25.0,84.0,23.75,1.0,0.0,0,0.016267123287671232,0.0,0.0,0.0,0.016267123287671232
2025-11-13,Cheese Slices,AI forecast + inventory policy,113.0,0.0,0.0,113.0,85.0,85.0,0.0,0,28.0,250.0,6.16,1.0,0.0,0,0.004219178082191781,0.0,0.0,0.0,0.004219178082191781
2025-11-13,Chicken Breast,AI forecast + inventory policy,120.0,0.0,0.0,120.0,96.0,96.0,0.0,0,24.0,260.0,43.2,1.0,0.0,0,0.02958904109589041,0.0,0.0,0.0,0.02958904109589041
2025-11-13,Coffee Beans,AI forecast + inventory policy,67.0,0.0,0.0,67.0,51.0,51.0,0.0,0,16.0,108.0,33.6,1.0,0.0,0,0.023013698630136987,0.0,0.0,0.0,0.023013698630136987
2025-11-13,Cooking Oil,AI forecast + inventory policy,37.0,0.0,0.0,37.0,27.0,27.0,0.0,0,10.0,84.0,16.0,1.0,0.0,0,0.010958904109589043,0.0,0.0,0.0,0.010958904109589043
2025-11-13,Eggs,AI forecast + inventory policy,90.0,0.0,0.0,90.0,65.0,65.0,0.0,0,25.0,150.0,4.0,1.0,0.0,0,0.0027397260273972603,0.0,0.0,0.0,0.0027397260273972603
2025-11-13,Fries (Potatoes),AI forecast + inventory policy,220.0,0.0,0.0,220.0,202.0,202.0,0.0,0,18.0,440.0,5.3999999999999995,1.0,0.0,0,0.0036986301369863013,0.0,0.0,0.0,0.0036986301369863013
2025-11-13,Gluten-free Buns,AI forecast + inventory policy,27.0,0.0,0.0,27.0,16.0,16.0,0.0,0,11.0,0.0,6.050000000000001,1.0,0.0,0,0.004143835616438356,0.0,0.0,0.0,0.004143835616438356
2025-11-13,Lettuce,AI forecast + inventory policy,126.0,0.0,18.0,108.0,72.0,72.0,0.0,0,36.0,156.0,21.599999999999998,1.0,0.0,0,0.014794520547945205,11.7,0.0,0.0,11.714794520547944
2025-11-13,Milk,AI forecast + inventory policy,68.0,0.0,0.0,68.0,70.0,68.0,2.0,1,0.0,216.0,0.0,0.0,0.0,0,0.0,0.0,3.0,0.0,3.0
2025-11-13,Mushrooms,AI forecast + inventory policy,62.0,0.0,0.0,62.0,37.0,37.0,0.0,0,25.0,120.0,13.750000000000002,1.0,0.0,0,0.009417808219178082,0.0,0.0,0.0,0.009417808219178082
2025-11-13,Onions,AI forecast + inventory policy,74.0,0.0,0.0,74.0,67.0,67.0,0.0,0,7.0,160.0,1.75,1.0,0.0,0,0.0011986301369863014,0.0,0.0,0.0,0.0011986301369863014
2025-11-13,Salmon Fillet,AI forecast + inventory policy,130.0,0.0,0.0,130.0,27.0,27.0,0.0,0,103.0,60.0,329.6,1.0,0.0,0,0.22575342465753429,0.0,0.0,0.0,0.22575342465753429
2025-11-13,Seasonal Berries,AI forecast + inventory policy,20.0,0.0,0.0,20.0,8.0,8.0,0.0,0,12.0,6.0,16.799999999999997,1.0,0.0,0,0.011506849315068493,0.0,0.0,0.0,0.011506849315068493
2025-11-13,Soft Drinks,AI forecast + inventory policy,174.0,0.0,0.0,174.0,113.0,113.0,0.0,0,61.0,240.0,24.400000000000002,1.0,0.0,0,0.01671232876712329,0.0,0.0,0.0,0.01671232876712329
2025-11-13,Tomatoes,AI forecast + inventory policy,104.0,0.0,0.0,104.0,77.0,77.0,0.0,0,27.0,180.0,12.15,1.0,0.0,0,0.008321917808219177,0.0,0.0,0.0,0.008321917808219177
2025-11-13,Truffle Oil,AI forecast + inventory policy,19.0,0.0,0.0,19.0,0.0,0.0,0.0,0,19.0,8.0,161.5,1.0,0.0,0,0.11061643835616439,0.0,0.0,0.0,0.11061643835616439
2025-11-13,Vegan Cheese,AI forecast + inventory policy,17.0,0.0,0.0,17.0,12.0,12.0,0.0,0,5.0,24.0,3.25,4.0,0.0,0,0.0022260273972602744,0.0,0.0,0.0,0.0022260273972602744
2025-11-14,Bacon,AI forecast + inventory policy,4.0,160.0,0.0,164.0,75.0,75.0,0.0,0,89.0,180.0,97.9,0.0,180.0,1,0.06705479452054795,0.0,0.0,0.625,0.692054794520548
2025-11-14,Burger Buns,AI forecast + inventory policy,41.0,336.0,0.0,377.0,169.0,169.0,0.0,0,208.0,384.0,37.44,0.0,384.0,1,0.025643835616438355,0.0,0.0,0.625,0.6506438356164383
2025-11-14,Butter,AI forecast + inventory policy,25.0,84.0,0.0,109.0,35.0,35.0,0.0,0,74.0,120.0,70.3,0.0,120.0,1,0.04815068493150685,0.0,0.0,0.625,0.6731506849315069
2025-11-14,Cheese Slices,AI forecast + inventory policy,28.0,250.0,0.0,278.0,114.0,114.0,0.0,0,164.0,250.0,36.08,0.0,250.0,1,0.02471232876712329,0.0,0.0,0.625,0.6497123287671233
2025-11-14,Chicken Breast,AI forecast + inventory policy,24.0,260.0,0.0,284.0,138.0,138.0,0.0,0,146.0,320.0,262.8,0.0,320.0,1,0.18,0.0,0.0,0.625,0.8049999999999999
2025-11-14,Coffee Beans,AI forecast + inventory policy,16.0,108.0,0.0,124.0,54.0,54.0,0.0,0,70.0,132.0,147.0,0.0,132.0,1,0.10068493150684932,0.0,0.0,0.625,0.7256849315068493
2025-11-14,Cooking Oil,AI forecast + inventory policy,10.0,84.0,0.0,94.0,26.0,26.0,0.0,0,68.0,96.0,108.80000000000001,0.0,96.0,1,0.07452054794520549,0.0,0.0,0.625,0.6995205479452055
2025-11-14,Eggs,AI forecast + inventory policy,25.0,150.0,0.0,175.0,75.0,75.0,0.0,0,100.0,210.0,16.0,0.0,210.0,1,0.010958904109589041,0.0,0.0,0.625,0.635958904109589
2025-11-14,Fries (Potatoes),AI forecast + inventory policy,18.0,440.0,0.0,458.0,181.0,181.0,0.0,0,277.0,440.0,83.1,0.0,440.0,1,0.05691780821917808,0.0,0.0,0.625,0.6819178082191781
2025-11-14,Gluten-free Buns,AI forecast + inventory policy,11.0,0.0,0.0,11.0,14.0,11.0,3.0,1,0.0,36.0,0.0,0.0,36.0,1,0.0,0.0,3.3000000000000003,0.625,3.9250000000000003
2025-11-14,Lettuce,AI forecast + inventory policy,36.0,156.0,0.0,192.0,77.0,77.0,0.0,0,115.0,216.0,69.0,0.0,216.0,1,0.04726027397260273,0.0,0.0,0.625,0.6722602739726027
2025-11-14,Milk,AI forecast + inventory policy,0.0,216.0,0.0,216.0,100.0,100.0,0.0,0,116.0,228.0,87.0,0.0,228.0,1,0.0595890410958904,0.0,0.0,0.625,0.6845890410958904
2025-11-14,Mushrooms,AI forecast + inventory policy,25.0,120.0,0.0,145.0,63.0,63.0,0.0,0,82.0,100.0,45.1,0.0,100.0,1,0.03089041095890411,0.0,0.0,0.625,0.6558904109589041
2025-11-14,Onions,AI forecast + inventory policy,7.0,160.0,0.0,167.0,67.0,67.0,0.0,0,100.0,180.0,25.0,0.0,180.0,1,0.017123287671232876,0.0,0.0,0.625,0.6421232876712328
2025-11-14,Salmon Fillet,AI forecast + inventory policy,103.0,60.0,0.0,163.0,47.0,47.0,0.0,0,116.0,66.0,371.20000000000005,0.9655172413793104,66.0,1,0.2542465753424658,0.0,0.0,0.625,0.8792465753424659
2025-11-14,Seasonal Berries,AI forecast + inventory policy,12.0,6.0,0.0,18.0,10.0,10.0,0.0,0,8.0,6.0,11.2,0.5,6.0,1,0.007671232876712329,0.0,0.0,0.625,0.6326712328767123
2025-11-14,Soft Drinks,AI forecast + inventory policy,61.0,240.0,0.0,301.0,127.0,127.0,0.0,0,174.0,336.0,69.60000000000001,0.0,336.0,1,0.047671232876712336,0.0,0.0,0.625,0.6726712328767124
2025-11-14,Tomatoes,AI forecast + inventory policy,27.0,180.0,0.0,207.0,98.0,98.0,0.0,0,109.0,240.0,49.050000000000004,0.0,240.0,1,0.0335958904109589,0.0,0.0,0.625,0.6585958904109589
2025-11-14,Truffle Oil,AI forecast + inventory policy,19.0,8.0,0.0,27.0,15.0,15.0,0.0,0,12.0,14.0,102.0,0.6666666666666666,14.0,1,0.06986301369863014,0.0,0.0,0.625,0.6948630136986301
2025-11-14,Vegan Cheese,AI forecast + inventory policy,5.0,24.0,0.0,29.0,15.0,15.0,0.0,0,14.0,24.0,9.1,0.0,24.0,1,0.006232876712328767,0.0,0.0,0.625,0.6312328767123287
2025-11-15,Bacon,AI forecast + inventory policy,89.0,0.0,0.0,89.0,70.0,70.0,0.0,0,19.0,180.0,20.900000000000002,1.0,0.0,0,0.014315068493150685,0.0,0.0,0.0,0.014315068493150685
2025-11-15,Burger Buns,AI forecast + inventory policy,208.0,0.0,0.0,208.0,159.0,159.0,0.0,0,49.0,384.0,8.82,1.0,0.0,0,0.006041095890410958,0.0,0.0,0.0,0.006041095890410958
2025-11-15,Butter,AI forecast + inventory policy,74.0,0.0,0.0,74.0,47.0,47.0,0.0,0,27.0,120.0,25.65,1.0,0.0,0,0.01756849315068493,0.0,0.0,0.0,0.01756849315068493
2025-11-15,Cheese Slices,AI forecast + inventory policy,164.0,0.0,0.0,164.0,112.0,112.0,0.0,0,52.0,250.0,11.44,1.0,0.0,0,0.007835616438356166,0.0,0.0,0.0,0.007835616438356166
2025-11-15,Chicken Breast,AI forecast + inventory policy,146.0,0.0,0.0,146.0,123.0,123.0,0.0,0,23.0,320.0,41.4,1.0,0.0,0,0.028356164383561644,0.0,0.0,0.0,0.028356164383561644
2025-11-15,Coffee Beans,AI forecast + inventory policy,70.0,0.0,0.0,70.0,51.0,51.0,0.0,0,19.0,132.0,39.9,1.0,0.0,0,0.027328767123287672,0.0,0.0,0.0,0.027328767123287672
2025-11-15,Cooking Oil,AI forecast + inventory policy,68.0,0.0,0.0,68.0,34.0,34.0,0.0,0,34.0,96.0,54.400000000000006,1.0,0.0,0,0.037260273972602745,0.0,0.0,0.0,0.037260273972602745
2025-11-15,Eggs,AI forecast + inventory policy,100.0,0.0,0.0,100.0,85.0,85.0,0.0,0,15.0,210.0,2.4,1.0,0.0,0,0.0016438356164383563,0.0,0.0,0.0,0.0016438356164383563
2025-11-15,Fries (Potatoes),AI forecast + inventory policy,277.0,0.0,0.0,277.0,209.0,209.0,0.0,0,68.0,440.0,20.4,1.0,0.0,0,0.013972602739726026,0.0,0.0,0.0,0.013972602739726026
2025-11-15,Gluten-free Buns,AI forecast + inventory policy,0.0,0.0,0.0,0.0,13.0,0.0,13.0,1,0.0,36.0,0.0,0.0,0.0,0,0.0,0.0,14.3,0.0,14.3
2025-11-15,Lettuce,AI forecast + inventory policy,115.0,0.0,0.0,115.0,80.0,80.0,0.0,0,35.0,216.0,21.0,1.0,0.0,0,0.014383561643835615,0.0,0.0,0.0,0.014383561643835615
2025-11-15,Milk,AI forecast + inventory policy,116.0,0.0,0.0,116.0,96.0,96.0,0.0,0,20.0,228.0,15.0,1.0,0.0,0,0.010273972602739725,0.0,0.0,0.0,0.010273972602739725
2025-11-15,Mushrooms,AI forecast + inventory policy,82.0,0.0,0.0,82.0,46.0,46.0,0.0,0,36.0,100.0,19.8,1.0,0.0,0,0.013561643835616439,0.0,0.0,0.0,0.013561643835616439
2025-11-15,Onions,AI forecast + inventory policy,100.0,0.0,0.0,100.0,94.0,94.0,0.0,0,6.0,180.0,1.5,1.0,0.0,0,0.0010273972602739727,0.0,0.0,0.0,0.0010273972602739727
2025-11-15,Salmon Fillet,AI forecast + inventory policy,116.0,0.0,56.0,60.0,47.0,47.0,0.0,0,13.0,66.0,41.6,1.0,0.0,0,0.02849315068493151,182.00000000000003,0.0,0.0,182.02849315068497
2025-11-15,Seasonal Berries,AI forecast + inventory policy,8.0,0.0,2.0,6.0,9.0,6.0,3.0,1,0.0,6.0,0.0,0.0,0.0,0,0.0,2.9,8.399999999999999,0.0,11.299999999999999
2025-11-15,Soft Drinks,AI forecast + inventory policy,174.0,0.0,0.0,174.0,147.0,147.0,0.0,0,27.0,336.0,10.8,1.0,0.0,0,0.007397260273972603,0.0,0.0,0.0,0.007397260273972603
2025-11-15,Tomatoes,AI forecast + inventory policy,109.0,0.0,0.0,109.0,94.0,94.0,0.0,0,15.0,240.0,6.75,1.0,0.0,0,0.004623287671232877,0.0,0.0,0.0,0.004623287671232877
2025-11-15,Truffle Oil,AI forecast + inventory policy,12.0,0.0,0.0,12.0,0.0,0.0,0.0,0,12.0,14.0,102.0,1.6666666666666667,0.0,0,0.06986301369863014,0.0,0.0,0.0,0.06986301369863014
2025-11-15,Vegan Cheese,AI forecast + inventory policy,14.0,0.0,0.0,14.0,7.0,7.0,0.0,0,7.0,24.0,4.55,1.0,0.0,0,0.0031164383561643836,0.0,0.0,0.0,0.0031164383561643836
2025-11-16,Bacon,AI forecast + inventory policy,19.0,180.0,0.0,199.0,65.0,65.0,0.0,0,134.0,0.0,147.4,0.0,0.0,0,0.10095890410958905,0.0,0.0,0.0,0.10095890410958905
2025-11-16,Burger Buns,AI forecast + inventory policy,49.0,384.0,0.0,433.0,190.0,190.0,0.0,0,243.0,0.0,43.739999999999995,0.0,0.0,0,0.02995890410958904,0.0,0.0,0.0,0.02995890410958904
2025-11-16,Butter,AI forecast + inventory policy,27.0,120.0,0.0,147.0,0.0,0.0,0.0,0,147.0,0.0,139.65,0.3673469387755102,0.0,0,0.09565068493150684,0.0,0.0,0.0,0.09565068493150684
2025-11-16,Cheese Slices,AI forecast + inventory policy,52.0,250.0,0.0,302.0,124.0,124.0,0.0,0,178.0,0.0,39.160000000000004,0.0,0.0,0,0.02682191780821918,0.0,0.0,0.0,0.02682191780821918
2025-11-16,Chicken Breast,AI forecast + inventory policy,23.0,320.0,0.0,343.0,155.0,155.0,0.0,0,188.0,0.0,338.40000000000003,0.0,0.0,0,0.23178082191780822,0.0,0.0,0.0,0.23178082191780822
2025-11-16,Coffee Beans,AI forecast + inventory policy,19.0,132.0,0.0,151.0,62.0,62.0,0.0,0,89.0,0.0,186.9,0.0,0.0,0,0.12801369863013698,0.0,0.0,0.0,0.12801369863013698
2025-11-16,Cooking Oil,AI forecast + inventory policy,34.0,96.0,0.0,130.0,31.0,31.0,0.0,0,99.0,0.0,158.40000000000003,0.06060606060606061,0.0,0,0.10849315068493152,0.0,0.0,0.0,0.10849315068493152
2025-11-16,Eggs,AI forecast + inventory policy,15.0,210.0,0.0,225.0,82.0,82.0,0.0,0,143.0,0.0,22.88,0.0,0.0,0,0.015671232876712328,0.0,0.0,0.0,0.015671232876712328
2025-11-16,Fries (Potatoes),AI forecast + inventory policy,68.0,440.0,0.0,508.0,175.0,175.0,0.0,0,333.0,0.0,99.89999999999999,0.0,0.0,0,0.06842465753424658,0.0,0.0,0.0,0.06842465753424658
2025-11-16,Gluten-free Buns,AI forecast + inventory policy,0.0,36.0,0.0,36.0,16.0,16.0,0.0,0,20.0,0.0,11.0,0.0,0.0,0,0.007534246575342466,0.0,0.0,0.0,0.007534246575342466
2025-11-16,Lettuce,AI forecast + inventory policy,35.0,216.0,0.0,251.0,93.0,93.0,0.0,0,158.0,0.0,94.8,0.0,0.0,0,0.06493150684931506,0.0,0.0,0.0,0.06493150684931506
2025-11-16,Milk,AI forecast + inventory policy,20.0,228.0,0.0,248.0,92.0,92.0,0.0,0,156.0,0.0,117.0,0.0,0.0,0,0.08013698630136985,0.0,0.0,0.0,0.08013698630136985
2025-11-16,Mushrooms,AI forecast + inventory policy,36.0,100.0,0.0,136.0,56.0,56.0,0.0,0,80.0,0.0,44.0,0.0,0.0,0,0.030136986301369864,0.0,0.0,0.0,0.030136986301369864
2025-11-16,Onions,AI forecast + inventory policy,6.0,180.0,0.0,186.0,85.0,85.0,0.0,0,101.0,0.0,25.25,0.0,0.0,0,0.017294520547945207,0.0,0.0,0.0,0.017294520547945207
2025-11-16,Salmon Fillet,AI forecast + inventory policy,13.0,66.0,0.0,79.0,76.0,76.0,0.0,0,3.0,0.0,9.600000000000001,0.0,0.0,0,0.006575342465753425,0.0,0.0,0.0,0.006575342465753425
2025-11-16,Seasonal Berries,AI forecast + inventory policy,0.0,6.0,0.0,6.0,0.0,0.0,0.0,0,6.0,0.0,8.399999999999999,0.0,0.0,0,0.005753424657534247,0.0,0.0,0.0,0.005753424657534247
2025-11-16,Soft Drinks,AI forecast + inventory policy,27.0,336.0,0.0,363.0,139.0,139.0,0.0,0,224.0,0.0,89.60000000000001,0.0,0.0,0,0.061369863013698636,0.0,0.0,0.0,0.061369863013698636
2025-11-16,Tomatoes,AI forecast + inventory policy,15.0,240.0,0.0,255.0,76.0,76.0,0.0,0,179.0,0.0,80.55,0.0,0.0,0,0.05517123287671233,0.0,0.0,0.0,0.05517123287671233
2025-11-16,Truffle Oil,AI forecast + inventory policy,12.0,14.0,0.0,26.0,8.0,8.0,0.0,0,18.0,0.0,153.0,0.4444444444444444,0.0,0,0.10479452054794522,0.0,0.0,0.0,0.10479452054794522
2025-11-16,Vegan Cheese,AI forecast + inventory policy,7.0,24.0,0.0,31.0,8.0,8.0,0.0,0,23.0,0.0,14.950000000000001,0.0,0.0,0,0.010239726027397261,0.0,0.0,0.0,0.010239726027397261
2025-11-17,Bacon,AI forecast + inventory policy,134.0,0.0,0.0,134.0,51.0,51.0,0.0,0,83.0,100.0,91.30000000000001,1.0,100.0,1,0.06253424657534247,0.0,0.0,0.625,0.6875342465753425
2025-11-17,Burger Buns,AI forecast + inventory policy,243.0,0.0,0.0,243.0,99.0,99.0,0.0,0,144.0,240.0,25.919999999999998,1.0,240.0,1,0.017753424657534246,0.0,0.0,0.625,0.6427534246575343
2025-11-17,Butter,AI forecast + inventory policy,147.0,0.0,0.0,147.0,25.0,25.0,0.0,0,122.0,12.0,115.9,1.0327868852459017,12.0,1,0.07938356164383562,0.0,0.0,0.625,0.7043835616438356
2025-11-17,Cheese Slices,AI forecast + inventory policy,178.0,0.0,0.0,178.0,73.0,73.0,0.0,0,105.0,150.0,23.1,1.0,150.0,1,0.01582191780821918,0.0,0.0,0.625,0.6408219178082192
2025-11-17,Chicken Breast,AI forecast + inventory policy,188.0,0.0,0.0,188.0,76.0,76.0,0.0,0,112.0,190.0,201.6,1.0,190.0,1,0.13808219178082193,0.0,0.0,0.625,0.7630821917808219
2025-11-17,Coffee Beans,AI forecast + inventory policy,89.0,0.0,0.0,89.0,48.0,48.0,0.0,0,41.0,108.0,86.10000000000001,1.0,108.0,1,0.05897260273972603,0.0,0.0,0.625,0.683972602739726
2025-11-17,Cooking Oil,AI forecast + inventory policy,99.0,0.0,0.0,99.0,26.0,26.0,0.0,0,73.0,44.0,116.80000000000001,1.0,44.0,1,0.08000000000000002,0.0,0.0,0.625,0.7050000000000001
2025-11-17,Eggs,AI forecast + inventory policy,143.0,0.0,0.0,143.0,55.0,55.0,0.0,0,88.0,120.0,14.08,1.0,120.0,1,0.009643835616438357,0.0,0.0,0.625,0.6346438356164383
2025-11-17,Fries (Potatoes),AI forecast + inventory policy,333.0,0.0,0.0,333.0,120.0,120.0,0.0,0,213.0,260.0,63.9,1.0,260.0,1,0.04376712328767123,0.0,0.0,0.625,0.6687671232876712
2025-11-17,Gluten-free Buns,AI forecast + inventory policy,20.0,0.0,0.0,20.0,0.0,0.0,0.0,0,20.0,24.0,11.0,1.0,24.0,1,0.007534246575342466,0.0,0.0,0.625,0.6325342465753425
2025-11-17,Lettuce,AI forecast + inventory policy,158.0,0.0,0.0,158.0,59.0,59.0,0.0,0,99.0,120.0,59.4,1.0,120.0,1,0.04068493150684931,0.0,0.0,0.625,0.6656849315068493
2025-11-17,Milk,AI forecast + inventory policy,156.0,0.0,0.0,156.0,59.0,59.0,0.0,0,97.0,156.0,72.75,1.0,156.0,1,0.04982876712328767,0.0,0.0,0.625,0.6748287671232877
2025-11-17,Mushrooms,AI forecast + inventory policy,80.0,0.0,0.0,80.0,34.0,34.0,0.0,0,46.0,90.0,25.3,1.0,90.0,1,0.017328767123287674,0.0,0.0,0.625,0.6423287671232877
2025-11-17,Onions,AI forecast + inventory policy,101.0,0.0,0.0,101.0,65.0,65.0,0.0,0,36.0,140.0,9.0,1.0,140.0,1,0.0061643835616438354,0.0,0.0,0.625,0.6311643835616438
2025-11-17,Salmon Fillet,AI forecast + inventory policy,3.0,0.0,0.0,3.0,36.0,3.0,33.0,1,0.0,180.0,0.0,0.0,180.0,1,0.0,0.0,211.20000000000002,0.625,211.82500000000002
2025-11-17,Seasonal Berries,AI forecast + inventory policy,6.0,0.0,0.0,6.0,7.0,6.0,1.0,1,0.0,24.0,0.0,0.0,24.0,1,0.0,0.0,2.8,0.625,3.425
2025-11-17,Soft Drinks,AI forecast + inventory policy,224.0,0.0,0.0,224.0,81.0,81.0,0.0,0,143.0,192.0,57.2,1.0,192.0,1,0.03917808219178083,0.0,0.0,0.625,0.6641780821917809
2025-11-17,Tomatoes,AI forecast + inventory policy,179.0,0.0,0.0,179.0,94.0,94.0,0.0,0,85.0,132.0,38.25,1.0,132.0,1,0.0261986301369863,0.0,0.0,0.625,0.6511986301369863
2025-11-17,Truffle Oil,AI forecast + inventory policy,18.0,0.0,0.0,18.0,0.0,0.0,0.0,0,18.0,18.0,153.0,1.4444444444444444,18.0,1,0.10479452054794522,0.0,0.0,0.625,0.7297945205479452
2025-11-17,Vegan Cheese,AI forecast + inventory policy,23.0,0.0,0.0,23.0,0.0,0.0,0.0,0,23.0,24.0,14.950000000000001,1.0,24.0,1,0.010239726027397261,0.0,0.0,0.625,0.6352397260273973
2025-11-18,Bacon,AI forecast + inventory policy,83.0,0.0,0.0,83.0,45.0,45.0,0.0,0,38.0,100.0,41.800000000000004,2.0,0.0,0,0.02863013698630137,0.0,0.0,0.0,0.02863013698630137
2025-11-18,Burger Buns,AI forecast + inventory policy,144.0,0.0,0.0,144.0,104.0,104.0,0.0,0,40.0,240.0,7.199999999999999,2.0,0.0,0,0.004931506849315068,0.0,0.0,0.0,0.004931506849315068
2025-11-18,Butter,AI forecast + inventory policy,122.0,0.0,0.0,122.0,41.0,41.0,0.0,0,81.0,12.0,76.95,2.0,0.0,0,0.052705479452054796,0.0,0.0,0.0,0.052705479452054796
2025-11-18,Cheese Slices,AI forecast + inventory policy,105.0,0.0,0.0,105.0,60.0,60.0,0.0,0,45.0,150.0,9.9,2.0,0.0,0,0.006780821917808219,0.0,0.0,0.0,0.006780821917808219
2025-11-18,Chicken Breast,AI forecast + inventory policy,112.0,0.0,0.0,112.0,89.0,89.0,0.0,0,23.0,190.0,41.4,2.0,0.0,0,0.028356164383561644,0.0,0.0,0.0,0.028356164383561644
2025-11-18,Coffee Beans,AI forecast + inventory policy,41.0,0.0,0.0,41.0,42.0,41.0,1.0,1,0.0,108.0,0.0,0.0,0.0,0,0.0,0.0,4.2,0.0,4.2
2025-11-18,Cooking Oil,AI forecast + inventory policy,73.0,0.0,0.0,73.0,32.0,32.0,0.0,0,41.0,44.0,65.60000000000001,2.0,0.0,0,0.04493150684931507,0.0,0.0,0.0,0.04493150684931507
2025-11-18,Eggs,AI forecast + inventory policy,88.0,0.0,0.0,88.0,56.0,56.0,0.0,0,32.0,120.0,5.12,2.0,0.0,0,0.0035068493150684932,0.0,0.0,0.0,0.0035068493150684932
2025-11-18,Fries (Potatoes),AI forecast + inventory policy,213.0,0.0,0.0,213.0,111.0,111.0,0.0,0,102.0,260.0,30.599999999999998,2.0,0.0,0,0.02095890410958904,0.0,0.0,0.0,0.02095890410958904
2025-11-18,Gluten-free Buns,AI forecast + inventory policy,20.0,0.0,0.0,20.0,7.0,7.0,0.0,0,13.0,24.0,7.15,2.0,0.0,0,0.004897260273972603,0.0,0.0,0.0,0.004897260273972603
2025-11-18,Lettuce,AI forecast + inventory policy,99.0,0.0,0.0,99.0,56.0,56.0,0.0,0,43.0,120.0,25.8,2.0,0.0,0,0.017671232876712326,0.0,0.0,0.0,0.017671232876712326
2025-11-18,Milk,AI forecast + inventory policy,97.0,0.0,0.0,97.0,66.0,66.0,0.0,0,31.0,156.0,23.25,2.0,0.0,0,0.015924657534246572,0.0,0.0,0.0,0.015924657534246572
2025-11-18,Mushrooms,AI forecast + inventory policy,46.0,0.0,0.0,46.0,23.0,23.0,0.0,0,23.0,90.0,12.65,2.0,0.0,0,0.008664383561643837,0.0,0.0,0.0,0.008664383561643837
2025-11-18,Onions,AI forecast + inventory policy,36.0,0.0,0.0,36.0,59.0,36.0,23.0,1,0.0,140.0,0.0,0.0,0.0,0,0.0,0.0,11.5,0.0,11.5
2025-11-18,Salmon Fillet,AI forecast + inventory policy,0.0,0.0,0.0,0.0,37.0,0.0,37.0,1,0.0,180.0,0.0,0.0,0.0,0,0.0,0.0,236.8,0.0,236.8
2025-11-18,Seasonal Berries,AI forecast + inventory policy,0.0,0.0,0.0,0.0,0.0,0.0,0.0,0,0.0,24.0,0.0,0.0,0.0,0,0.0,0.0,0.0,0.0,0.0
2025-11-18,Soft Drinks,AI forecast + inventory policy,143.0,0.0,0.0,143.0,81.0,81.0,0.0,0,62.0,192.0,24.8,2.0,0.0,0,0.016986301369863017,0.0,0.0,0.0,0.016986301369863017
2025-11-18,Tomatoes,AI forecast + inventory policy,85.0,0.0,0.0,85.0,67.0,67.0,0.0,0,18.0,132.0,8.1,2.0,0.0,0,0.0055479452054794515,0.0,0.0,0.0,0.0055479452054794515
2025-11-18,Truffle Oil,AI forecast + inventory policy,18.0,0.0,0.0,18.0,0.0,0.0,0.0,0,18.0,18.0,153.0,2.4444444444444446,0.0,0,0.10479452054794522,0.0,0.0,0.0,0.10479452054794522
2025-11-18,Vegan Cheese,AI forecast + inventory policy,23.0,0.0,0.0,23.0,10.0,10.0,0.0,0,13.0,24.0,8.450000000000001,2.0,0.0,0,0.005787671232876713,0.0,0.0,0.0,0.005787671232876713
2025-11-19,Bacon,AI forecast + inventory policy,38.0,100.0,0.0,138.0,66.0,66.0,0.0,0,72.0,150.0,79.2,0.0,150.0,1,0.054246575342465755,0.0,0.0,0.6578947368421053,0.7121413121845711
2025-11-19,Burger Buns,AI forecast + inventory policy,40.0,240.0,40.0,240.0,133.0,133.0,0.0,0,107.0,384.0,19.259999999999998,0.0,384.0,1,0.013191780821917808,9.2,0.0,0.6578947368421053,9.871086517664022
2025-11-19,Butter,AI forecast + inventory policy,81.0,12.0,0.0,93.0,36.0,36.0,0.0,0,57.0,108.0,54.15,2.3684210526315788,108.0,1,0.03708904109589041,0.0,0.0,0.6578947368421053,0.6949837779379957
2025-11-19,Cheese Slices,AI forecast + inventory policy,45.0,150.0,0.0,195.0,86.0,86.0,0.0,0,109.0,250.0,23.98,0.0,250.0,1,0.016424657534246576,0.0,0.0,0.6578947368421053,0.6743193943763519
2025-11-19,Chicken Breast,AI forecast + inventory policy,23.0,190.0,0.0,213.0,101.0,101.0,0.0,0,112.0,260.0,201.6,0.0,260.0,1,0.13808219178082193,0.0,0.0,0.6578947368421053,0.7959769286229272
2025-11-19,Coffee Beans,AI forecast + inventory policy,0.0,108.0,0.0,108.0,47.0,47.0,0.0,0,61.0,108.0,128.1,0.0,108.0,1,0.08773972602739727,0.0,0.0,0.6578947368421053,0.7456344628695026
2025-11-19,Cooking Oil,AI forecast + inventory policy,41.0,44.0,0.0,85.0,33.0,33.0,0.0,0,52.0,76.0,83.2,0.46153846153846156,76.0,1,0.05698630136986302,0.0,0.0,0.6578947368421053,0.7148810382119684
2025-11-19,Eggs,AI forecast + inventory policy,32.0,120.0,0.0,152.0,54.0,54.0,0.0,0,98.0,150.0,15.68,0.0,150.0,1,0.010739726027397261,0.0,0.0,0.6578947368421053,0.6686344628695026
2025-11-19,Fries (Potatoes),AI forecast + inventory policy,102.0,260.0,0.0,362.0,117.0,117.0,0.0,0,245.0,420.0,73.5,0.0,420.0,1,0.05034246575342465,0.0,0.0,0.6578947368421053,0.7082372025955299
2025-11-19,Gluten-free Buns,AI forecast + inventory policy,13.0,24.0,13.0,24.0,13.0,13.0,0.0,0,11.0,24.0,6.050000000000001,0.0,24.0,1,0.004143835616438356,7.800000000000001,0.0,0.6578947368421053,8.462038572458544
2025-11-19,Lettuce,AI forecast + inventory policy,43.0,120.0,0.0,163.0,62.0,62.0,0.0,0,101.0,156.0,60.599999999999994,0.0,156.0,1,0.04150684931506849,0.0,0.0,0.6578947368421053,0.6994015861571738
2025-11-19,Milk,AI forecast + inventory policy,31.0,156.0,0.0,187.0,76.0,76.0,0.0,0,111.0,180.0,83.25,0.0,180.0,1,0.057020547945205474,0.0,0.0,0.6578947368421053,0.7149152847873108
2025-11-19,Mushrooms,AI forecast + inventory policy,23.0,90.0,0.0,113.0,49.0,49.0,0.0,0,64.0,110.0,35.2,0.0,110.0,1,0.02410958904109589,0.0,0.0,0.6578947368421053,0.6820043258832011
2025-11-19,Onions,AI forecast + inventory policy,0.0,140.0,0.0,140.0,61.0,61.0,0.0,0,79.0,140.0,19.75,0.0,140.0,1,0.013527397260273973,0.0,0.0,0.6578947368421053,0.6714221341023793
2025-11-19,Salmon Fillet,AI forecast + inventory policy,0.0,180.0,0.0,180.0,31.0,31.0,0.0,0,149.0,18.0,476.8,0.0,18.0,1,0.3265753424657535,0.0,0.0,0.6578947368421053,0.9844700793078588
2025-11-19,Seasonal Berries,AI forecast + inventory policy,0.0,24.0,0.0,24.0,0.0,0.0,0.0,0,24.0,6.0,33.599999999999994,0.0,6.0,1,0.023013698630136987,0.0,0.0,0.6578947368421053,0.6809084354722423
2025-11-19,Soft Drinks,AI forecast + inventory policy,62.0,192.0,0.0,254.0,83.0,83.0,0.0,0,171.0,240.0,68.4,0.0,240.0,1,0.04684931506849316,0.0,0.0,0.6578947368421053,0.7047440519105985
2025-11-19,Tomatoes,AI forecast + inventory policy,18.0,132.0,0.0,150.0,71.0,71.0,0.0,0,79.0,204.0,35.550000000000004,0.0,204.0,1,0.02434931506849315,0.0,0.0,0.6578947368421053,0.6822440519105984
2025-11-19,Truffle Oil,AI forecast + inventory policy,18.0,18.0,0.0,36.0,5.0,5.0,0.0,0,31.0,0.0,263.5,1.2580645161290323,0.0,1,0.18047945205479454,0.0,0.0,0.0,0.18047945205479454
2025-11-19,Vegan Cheese,AI forecast + inventory policy,13.0,24.0,0.0,37.0,12.0,12.0,0.0,0,25.0,12.0,16.25,0.12,12.0,1,0.011130136986301371,0.0,0.0,0.6578947368421053,0.6690248738284067
2025-11-20,Bacon,AI forecast + inventory policy,72.0,0.0,0.0,72.0,47.0,47.0,0.0,0,25.0,150.0,27.500000000000004,1.0,0.0,0,0.018835616438356163,0.0,0.0,0.0,0.018835616438356163
2025-11-20,Burger Buns,AI forecast + inventory policy,107.0,0.0,0.0,107.0,133.0,107.0,26.0,1,0.0,384.0,0.0,0.0,0.0,0,0.0,0.0,9.36,0.0,9.36
2025-11-20,Butter,AI forecast + inventory policy,57.0,0.0,0.0,57.0,29.0,29.0,0.0,0,28.0,108.0,26.599999999999998,2.7142857142857144,0.0,0,0.01821917808219178,0.0,0.0,0.0,0.01821917808219178
2025-11-20,Cheese Slices,AI forecast + inventory policy,109.0,0.0,0.0,109.0,82.0,82.0,0.0,0,27.0,250.0,5.94,1.0,0.0,0,0.004068493150684932,0.0,0.0,0.0,0.004068493150684932
2025-11-20,Chicken Breast,AI forecast + inventory policy,112.0,0.0,0.0,112.0,102.0,102.0,0.0,0,10.0,260.0,18.0,1.0,0.0,0,0.012328767123287671,0.0,0.0,0.0,0.012328767123287671
2025-11-20,Coffee Beans,AI forecast + inventory policy,61.0,0.0,0.0,61.0,54.0,54.0,0.0,0,7.0,108.0,14.700000000000001,1.0,0.0,0,0.010068493150684931,0.0,0.0,0.0,0.010068493150684931
2025-11-20,Cooking Oil,AI forecast + inventory policy,52.0,0.0,0.0,52.0,39.0,39.0,0.0,0,13.0,76.0,20.8,1.0,0.0,0,0.014246575342465755,0.0,0.0,0.0,0.014246575342465755
2025-11-20,Eggs,AI forecast + inventory policy,98.0,0.0,0.0,98.0,68.0,68.0,0.0,0,30.0,150.0,4.8,1.0,0.0,0,0.0032876712328767125,0.0,0.0,0.0,0.0032876712328767125
2025-11-20,Fries (Potatoes),AI forecast + inventory policy,245.0,0.0,0.0,245.0,174.0,174.0,0.0,0,71.0,420.0,21.3,1.0,0.0,0,0.01458904109589041,0.0,0.0,0.0,0.01458904109589041
2025-11-20,Gluten-free Buns,AI forecast + inventory policy,11.0,0.0,0.0,11.0,12.0,11.0,1.0,1,0.0,24.0,0.0,0.0,0.0,0,0.0,0.0,1.1,0.0,1.1
2025-11-20,Lettuce,AI forecast + inventory policy,101.0,0.0,0.0,101.0,50.0,50.0,0.0,0,51.0,156.0,30.599999999999998,1.0,0.0,0,0.02095890410958904,0.0,0.0,0.0,0.02095890410958904
2025-11-20,Milk,AI forecast + inventory policy,111.0,0.0,0.0,111.0,67.0,67.0,0.0,0,44.0,180.0,33.0,1.0,0.0,0,0.022602739726027395,0.0,0.0,0.0,0.022602739726027395
2025-11-20,Mushrooms,AI forecast + inventory policy,64.0,0.0,0.0,64.0,34.0,34.0,0.0,0,30.0,110.0,16.5,1.0,0.0,0,0.011301369863013699,0.0,0.0,0.0,0.011301369863013699
2025-11-20,Onions,AI forecast + inventory policy,79.0,0.0,0.0,79.0,63.0,63.0,0.0,0,16.0,140.0,4.0,1.0,0.0,0,0.0027397260273972603,0.0,0.0,0.0,0.0027397260273972603
2025-11-20,Salmon Fillet,AI forecast + inventory policy,149.0,0.0,0.0,149.0,32.0,32.0,0.0,0,117.0,18.0,374.40000000000003,1.0,0.0,0,0.2564383561643836,0.0,0.0,0.0,0.2564383561643836
2025-11-20,Seasonal Berries,AI forecast + inventory policy,24.0,0.0,0.0,24.0,0.0,0.0,0.0,0,24.0,6.0,33.599999999999994,1.0,0.0,0,0.023013698630136987,0.0,0.0,0.0,0.023013698630136987
2025-11-20,Soft Drinks,AI forecast + inventory policy,171.0,0.0,0.0,171.0,72.0,72.0,0.0,0,99.0,240.0,39.6,1.0,0.0,0,0.02712328767123288,0.0,0.0,0.0,0.02712328767123288
2025-11-20,Tomatoes,AI forecast + inventory policy,79.0,0.0,0.0,79.0,75.0,75.0,0.0,0,4.0,204.0,1.8,1.0,0.0,0,0.001232876712328767,0.0,0.0,0.0,0.001232876712328767
2025-11-20,Truffle Oil,AI forecast + inventory policy,31.0,0.0,0.0,31.0,9.0,9.0,0.0,0,22.0,0.0,187.0,1.5454545454545454,0.0,0,0.12808219178082192,0.0,0.0,0.0,0.12808219178082192
2025-11-20,Vegan Cheese,AI forecast + inventory policy,25.0,0.0,0.0,25.0,0.0,0.0,0.0,0,25.0,12.0,16.25,1.12,0.0,0,0.011130136986301371,0.0,0.0,0.0,0.011130136986301371
2025-11-21,Bacon,AI forecast + inventory policy,25.0,150.0,0.0,175.0,85.0,85.0,0.0,0,90.0,170.0,99.00000000000001,0.0,170.0,1,0.06780821917808219,0.0,0.0,0.6578947368421053,0.7257029560201875
2025-11-21,Burger Buns,AI forecast + inventory policy,0.0,384.0,0.0,384.0,148.0,148.0,0.0,0,236.0,384.0,42.48,0.0,384.0,1,0.029095890410958905,0.0,0.0,0.6578947368421053,0.6869906272530643
2025-11-21,Butter,AI forecast + inventory policy,28.0,108.0,0.0,136.0,50.0,50.0,0.0,0,86.0,96.0,81.7,0.0,96.0,1,0.05595890410958904,0.0,0.0,0.6578947368421053,0.7138536409516943
2025-11-21,Cheese Slices,AI forecast + inventory policy,27.0,250.0,0.0,277.0,126.0,126.0,0.0,0,151.0,300.0,33.22,0.0,300.0,1,0.022753424657534247,0.0,0.0,0.6578947368421053,0.6806481614996396
2025-11-21,Chicken Breast,AI forecast + inventory policy,10.0,260.0,0.0,270.0,119.0,119.0,0.0,0,151.0,320.0,271.8,0.0,320.0,1,0.18616438356164383,0.0,0.0,0.6578947368421053,0.8440591204037491
2025-11-21,Coffee Beans,AI forecast + inventory policy,7.0,108.0,0.0,115.0,48.0,48.0,0.0,0,67.0,144.0,140.70000000000002,0.0,144.0,1,0.09636986301369863,0.0,0.0,0.6578947368421053,0.754264599855804
2025-11-21,Cooking Oil,AI forecast + inventory policy,13.0,76.0,0.0,89.0,26.0,26.0,0.0,0,63.0,96.0,100.80000000000001,0.0,96.0,1,0.06904109589041096,0.0,0.0,0.6578947368421053,0.7269358327325163
2025-11-21,Eggs,AI forecast + inventory policy,30.0,150.0,0.0,180.0,82.0,82.0,0.0,0,98.0,180.0,15.68,0.0,180.0,1,0.010739726027397261,0.0,0.0,0.6578947368421053,0.6686344628695026
2025-11-21,Fries (Potatoes),AI forecast + inventory policy,71.0,420.0,0.0,491.0,196.0,196.0,0.0,0,295.0,400.0,88.5,0.0,400.0,1,0.06061643835616438,0.0,0.0,0.6578947368421053,0.7185111751982697
2025-11-21,Gluten-free Buns,AI forecast + inventory policy,0.0,24.0,0.0,24.0,0.0,0.0,0.0,0,24.0,24.0,13.200000000000001,0.0,24.0,1,0.00904109589041096,0.0,0.0,0.6578947368421053,0.6669358327325162
2025-11-21,Lettuce,AI forecast + inventory policy,51.0,156.0,0.0,207.0,74.0,74.0,0.0,0,133.0,216.0,79.8,0.0,216.0,1,0.05465753424657534,0.0,0.0,0.6578947368421053,0.7125522710886807
2025-11-21,Milk,AI forecast + inventory policy,44.0,180.0,0.0,224.0,90.0,90.0,0.0,0,134.0,216.0,100.5,0.0,216.0,1,0.06883561643835616,0.0,0.0,0.6578947368421053,0.7267303532804614
2025-11-21,Mushrooms,AI forecast + inventory policy,30.0,110.0,0.0,140.0,43.0,43.0,0.0,0,97.0,140.0,53.35,0.0,140.0,1,0.03654109589041096,0.0,0.0,0.6578947368421053,0.6944358327325163
2025-11-21,Onions,AI forecast + inventory policy,16.0,140.0,0.0,156.0,78.0,78.0,0.0,0,78.0,200.0,19.5,0.0,200.0,1,0.013356164383561644,0.0,0.0,0.6578947368421053,0.671250901225667
2025-11-21,Salmon Fillet,AI forecast + inventory policy,117.0,18.0,0.0,135.0,61.0,61.0,0.0,0,74.0,90.0,236.8,1.5135135135135136,90.0,1,0.16219178082191782,0.0,0.0,0.6578947368421053,0.8200865176640231
2025-11-21,Seasonal Berries,AI forecast + inventory policy,24.0,6.0,0.0,30.0,0.0,0.0,0.0,0,30.0,0.0,41.99999999999999,1.6,0.0,1,0.028767123287671233,0.0,0.0,0.0,0.028767123287671233
2025-11-21,Soft Drinks,AI forecast + inventory policy,99.0,240.0,0.0,339.0,155.0,155.0,0.0,0,184.0,264.0,73.60000000000001,0.0,264.0,1,0.0504109589041096,0.0,0.0,0.6578947368421053,0.7083056957462149
2025-11-21,Tomatoes,AI forecast + inventory policy,4.0,204.0,0.0,208.0,83.0,83.0,0.0,0,125.0,240.0,56.25,0.0,240.0,1,0.038527397260273974,0.0,0.0,0.6578947368421053,0.6964221341023793
2025-11-21,Truffle Oil,AI forecast + inventory policy,22.0,0.0,0.0,22.0,0.0,0.0,0.0,0,22.0,18.0,187.0,2.5454545454545454,18.0,1,0.12808219178082192,0.0,0.0,0.6578947368421053,0.7859769286229272
2025-11-21,Vegan Cheese,AI forecast + inventory policy,25.0,12.0,0.0,37.0,7.0,7.0,0.0,0,30.0,24.0,19.5,1.2,24.0,1,0.013356164383561644,0.0,0.0,0.6578947368421053,0.671250901225667
2025-11-22,Bacon,AI forecast + inventory policy,90.0,0.0,0.0,90.0,79.0,79.0,0.0,0,11.0,170.0,12.100000000000001,1.0,0.0,0,0.008287671232876713,0.0,0.0,0.0,0.008287671232876713
2025-11-22,Burger Buns,AI forecast + inventory policy,236.0,0.0,0.0,236.0,174.0,174.0,0.0,0,62.0,384.0,11.16,1.0,0.0,0,0.007643835616438356,0.0,0.0,0.0,0.007643835616438356
2025-11-22,Butter,AI forecast + inventory policy,86.0,0.0,0.0,86.0,33.0,33.0,0.0,0,53.0,96.0,50.349999999999994,1.0,0.0,0,0.03448630136986301,0.0,0.0,0.0,0.03448630136986301
2025-11-22,Cheese Slices,AI forecast + inventory policy,151.0,0.0,0.0,151.0,133.0,133.0,0.0,0,18.0,300.0,3.96,1.0,0.0,0,0.002712328767123288,0.0,0.0,0.0,0.002712328767123288
2025-11-22,Chicken Breast,AI forecast + inventory policy,151.0,0.0,0.0,151.0,150.0,150.0,0.0,0,1.0,320.0,1.8,1.0,0.0,0,0.001232876712328767,0.0,0.0,0.0,0.001232876712328767
2025-11-22,Coffee Beans,AI forecast + inventory policy,67.0,0.0,0.0,67.0,52.0,52.0,0.0,0,15.0,144.0,31.5,1.0,0.0,0,0.021575342465753426,0.0,0.0,0.0,0.021575342465753426
2025-11-22,Cooking Oil,AI forecast + inventory policy,63.0,0.0,0.0,63.0,40.0,40.0,0.0,0,23.0,96.0,36.800000000000004,1.0,0.0,0,0.0252054794520548,0.0,0.0,0.0,0.0252054794520548
2025-11-22,Eggs,AI forecast + inventory policy,98.0,0.0,0.0,98.0,88.0,88.0,0.0,0,10.0,180.0,1.6,1.0,0.0,0,0.001095890410958904,0.0,0.0,0.0,0.001095890410958904
2025-11-22,Fries (Potatoes),AI forecast + inventory policy,295.0,0.0,0.0,295.0,187.0,187.0,0.0,0,108.0,400.0,32.4,1.0,0.0,0,0.022191780821917806,0.0,0.0,0.0,0.022191780821917806
2025-11-22,Gluten-free Buns,AI forecast + inventory policy,24.0,0.0,0.0,24.0,0.0,0.0,0.0,0,24.0,24.0,13.200000000000001,1.0,0.0,0,0.00904109589041096,0.0,0.0,0.0,0.00904109589041096
2025-11-22,Lettuce,AI forecast + inventory policy,133.0,0.0,0.0,133.0,83.0,83.0,0.0,0,50.0,216.0,30.0,1.0,0.0,0,0.02054794520547945,0.0,0.0,0.0,0.02054794520547945
2025-11-22,Milk,AI forecast + inventory policy,134.0,0.0,0.0,134.0,95.0,95.0,0.0,0,39.0,216.0,29.25,1.0,0.0,0,0.020034246575342463,0.0,0.0,0.0,0.020034246575342463
2025-11-22,Mushrooms,AI forecast + inventory policy,97.0,0.0,0.0,97.0,59.0,59.0,0.0,0,38.0,140.0,20.900000000000002,1.0,0.0,0,0.014315068493150685,0.0,0.0,0.0,0.014315068493150685
2025-11-22,Onions,AI forecast + inventory policy,78.0,0.0,0.0,78.0,76.0,76.0,0.0,0,2.0,200.0,0.5,1.0,0.0,0,0.00034246575342465754,0.0,0.0,0.0,0.00034246575342465754
2025-11-22,Salmon Fillet,AI forecast + inventory policy,74.0,0.0,56.0,18.0,50.0,18.0,32.0,1,0.0,90.0,0.0,0.0,0.0,0,0.0,182.00000000000003,204.8,0.0,386.80000000000007
2025-11-22,Seasonal Berries,AI forecast + inventory policy,30.0,0.0,24.0,6.0,14.0,6.0,8.0,1,0.0,0.0,0.0,0.0,0.0,0,0.0,34.8,22.4,0.0,57.199999999999996
2025-11-22,Soft Drinks,AI forecast + inventory policy,184.0,0.0,0.0,184.0,139.0,139.0,0.0,0,45.0,264.0,18.0,1.0,0.0,0,0.012328767123287673,0.0,0.0,0.0,0.012328767123287673
2025-11-22,Tomatoes,AI forecast + inventory policy,125.0,0.0,0.0,125.0,97.0,97.0,0.0,0,28.0,240.0,12.6,1.0,0.0,0,0.00863013698630137,0.0,0.0,0.0,0.00863013698630137
2025-11-22,Truffle Oil,AI forecast + inventory policy,22.0,0.0,0.0,22.0,12.0,12.0,0.0,0,10.0,18.0,85.0,3.0,0.0,0,0.058219178082191785,0.0,0.0,0.0,0.058219178082191785
2025-11-22,Vegan Cheese,AI forecast + inventory policy,30.0,0.0,0.0,30.0,0.0,0.0,0.0,0,30.0,24.0,19.5,2.2,0.0,0,0.013356164383561644,0.0,0.0,0.0,0.013356164383561644
2025-11-23,Bacon,AI forecast + inventory policy,11.0,170.0,0.0,181.0,72.0,72.0,0.0,0,109.0,0.0,119.9,0.0,0.0,0,0.08212328767123288,0.0,0.0,0.0,0.08212328767123288
2025-11-23,Burger Buns,AI forecast + inventory policy,62.0,384.0,0.0,446.0,192.0,192.0,0.0,0,254.0,0.0,45.72,0.0,0.0,0,0.03131506849315068,0.0,0.0,0.0,0.03131506849315068
2025-11-23,Butter,AI forecast + inventory policy,53.0,96.0,0.0,149.0,57.0,57.0,0.0,0,92.0,0.0,87.39999999999999,0.0,0.0,0,0.05986301369863014,0.0,0.0,0.0,0.05986301369863014
2025-11-23,Cheese Slices,AI forecast + inventory policy,18.0,300.0,0.0,318.0,167.0,167.0,0.0,0,151.0,0.0,33.22,0.0,0.0,0,0.022753424657534247,0.0,0.0,0.0,0.022753424657534247
2025-11-23,Chicken Breast,AI forecast + inventory policy,1.0,320.0,0.0,321.0,132.0,132.0,0.0,0,189.0,0.0,340.2,0.0,0.0,0,0.233013698630137,0.0,0.0,0.0,0.233013698630137
2025-11-23,Coffee Beans,AI forecast + inventory policy,15.0,144.0,0.0,159.0,55.0,55.0,0.0,0,104.0,0.0,218.4,0.0,0.0,0,0.1495890410958904,0.0,0.0,0.0,0.1495890410958904
2025-11-23,Cooking Oil,AI forecast + inventory policy,23.0,96.0,0.0,119.0,31.0,31.0,0.0,0,88.0,0.0,140.8,0.0,0.0,0,0.09643835616438358,0.0,0.0,0.0,0.09643835616438358
2025-11-23,Eggs,AI forecast + inventory policy,10.0,180.0,0.0,190.0,78.0,78.0,0.0,0,112.0,0.0,17.92,0.0,0.0,0,0.012273972602739727,0.0,0.0,0.0,0.012273972602739727
2025-11-23,Fries (Potatoes),AI forecast + inventory policy,108.0,400.0,0.0,508.0,194.0,194.0,0.0,0,314.0,0.0,94.2,0.0,0.0,0,0.06452054794520548,0.0,0.0,0.0,0.06452054794520548
2025-11-23,Gluten-free Buns,AI forecast + inventory policy,24.0,24.0,0.0,48.0,19.0,19.0,0.0,0,29.0,0.0,15.950000000000001,0.3448275862068966,0.0,0,0.010924657534246575,0.0,0.0,0.0,0.010924657534246575
2025-11-23,Lettuce,AI forecast + inventory policy,50.0,216.0,0.0,266.0,79.0,79.0,0.0,0,187.0,0.0,112.2,0.0,0.0,0,0.07684931506849314,0.0,0.0,0.0,0.07684931506849314
2025-11-23,Milk,AI forecast + inventory policy,39.0,216.0,0.0,255.0,79.0,79.0,0.0,0,176.0,0.0,132.0,0.0,0.0,0,0.09041095890410958,0.0,0.0,0.0,0.09041095890410958
2025-11-23,Mushrooms,AI forecast + inventory policy,38.0,140.0,0.0,178.0,61.0,61.0,0.0,0,117.0,0.0,64.35000000000001,0.0,0.0,0,0.044075342465753425,0.0,0.0,0.0,0.044075342465753425
2025-11-23,Onions,AI forecast + inventory policy,2.0,200.0,0.0,202.0,68.0,68.0,0.0,0,134.0,0.0,33.5,0.0,0.0,0,0.022945205479452054,0.0,0.0,0.0,0.022945205479452054
2025-11-23,Salmon Fillet,AI forecast + inventory policy,0.0,90.0,0.0,90.0,88.0,88.0,0.0,0,2.0,0.0,6.4,0.0,0.0,0,0.004383561643835617,0.0,0.0,0.0,0.004383561643835617
2025-11-23,Seasonal Berries,AI forecast + inventory policy,0.0,0.0,0.0,0.0,12.0,0.0,12.0,1,0.0,0.0,0.0,0.0,0.0,0,0.0,0.0,33.599999999999994,0.0,33.599999999999994
2025-11-23,Soft Drinks,AI forecast + inventory policy,45.0,264.0,0.0,309.0,133.0,133.0,0.0,0,176.0,0.0,70.4,0.0,0.0,0,0.04821917808219179,0.0,0.0,0.0,0.04821917808219179
2025-11-23,Tomatoes,AI forecast + inventory policy,28.0,240.0,0.0,268.0,88.0,88.0,0.0,0,180.0,0.0,81.0,0.0,0.0,0,0.05547945205479452,0.0,0.0,0.0,0.05547945205479452
2025-11-23,Truffle Oil,AI forecast + inventory policy,10.0,18.0,0.0,28.0,0.0,0.0,0.0,0,28.0,0.0,238.0,1.4285714285714286,0.0,0,0.16301369863013698,0.0,0.0,0.0,0.16301369863013698
2025-11-23,Vegan Cheese,AI forecast + inventory policy,30.0,24.0,0.0,54.0,18.0,18.0,0.0,0,36.0,0.0,23.400000000000002,0.6666666666666666,0.0,0,0.016027397260273975,0.0,0.0,0.0,0.016027397260273975
2025-11-24,Bacon,AI forecast + inventory policy,109.0,0.0,0.0,109.0,60.0,60.0,0.0,0,49.0,130.0,53.900000000000006,1.0,130.0,1,0.03691780821917808,0.0,0.0,0.625,0.6619178082191781
2025-11-24,Burger Buns,AI forecast + inventory policy,254.0,0.0,0.0,254.0,107.0,107.0,0.0,0,147.0,240.0,26.459999999999997,1.0,240.0,1,0.018123287671232877,0.0,0.0,0.625,0.6431232876712328
2025-11-24,Butter,AI forecast + inventory policy,92.0,0.0,0.0,92.0,37.0,37.0,0.0,0,55.0,72.0,52.25,1.0,72.0,1,0.03578767123287671,0.0,0.0,0.625,0.6607876712328767
2025-11-24,Cheese Slices,AI forecast + inventory policy,151.0,0.0,0.0,151.0,78.0,78.0,0.0,0,73.0,200.0,16.06,1.0,200.0,1,0.011000000000000001,0.0,0.0,0.625,0.636
2025-11-24,Chicken Breast,AI forecast + inventory policy,189.0,0.0,0.0,189.0,93.0,93.0,0.0,0,96.0,190.0,172.8,1.0,190.0,1,0.11835616438356164,0.0,0.0,0.625,0.7433561643835617
2025-11-24,Coffee Beans,AI forecast + inventory policy,104.0,0.0,0.0,104.0,46.0,46.0,0.0,0,58.0,102.0,121.80000000000001,1.0,102.0,1,0.08342465753424658,0.0,0.0,0.625,0.7084246575342465
2025-11-24,Cooking Oil,AI forecast + inventory policy,88.0,0.0,0.0,88.0,21.0,21.0,0.0,0,67.0,48.0,107.2,1.0,48.0,1,0.07342465753424658,0.0,0.0,0.625,0.6984246575342465
2025-11-24,Eggs,AI forecast + inventory policy,112.0,0.0,0.0,112.0,53.0,53.0,0.0,0,59.0,150.0,9.44,1.0,150.0,1,0.006465753424657534,0.0,0.0,0.625,0.6314657534246575
2025-11-24,Fries (Potatoes),AI forecast + inventory policy,314.0,0.0,0.0,314.0,107.0,107.0,0.0,0,207.0,260.0,62.099999999999994,1.0,260.0,1,0.042534246575342466,0.0,0.0,0.625,0.6675342465753424
2025-11-24,Gluten-free Buns,AI forecast + inventory policy,29.0,0.0,5.0,24.0,12.0,12.0,0.0,0,12.0,12.0,6.6000000000000005,1.0,12.0,1,0.00452054794520548,3.0,0.0,0.625,3.6295205479452055
2025-11-24,Lettuce,AI forecast + inventory policy,187.0,0.0,0.0,187.0,36.0,36.0,0.0,0,151.0,96.0,90.6,1.0,96.0,1,0.06205479452054794,0.0,0.0,0.625,0.687054794520548
2025-11-24,Milk,AI forecast + inventory policy,176.0,0.0,0.0,176.0,66.0,66.0,0.0,0,110.0,168.0,82.5,1.0,168.0,1,0.05650684931506849,0.0,0.0,0.625,0.6815068493150684
2025-11-24,Mushrooms,AI forecast + inventory policy,117.0,0.0,0.0,117.0,25.0,25.0,0.0,0,92.0,50.0,50.6,1.0,50.0,1,0.03465753424657535,0.0,0.0,0.625,0.6596575342465754
2025-11-24,Onions,AI forecast + inventory policy,134.0,0.0,0.0,134.0,41.0,41.0,0.0,0,93.0,120.0,23.25,1.0,120.0,1,0.015924657534246576,0.0,0.0,0.625,0.6409246575342465
2025-11-24,Salmon Fillet,AI forecast + inventory policy,2.0,0.0,0.0,2.0,32.0,2.0,30.0,1,0.0,168.0,0.0,0.0,168.0,1,0.0,0.0,192.0,0.625,192.625
2025-11-24,Seasonal Berries,AI forecast + inventory policy,0.0,0.0,0.0,0.0,0.0,0.0,0.0,0,0.0,24.0,0.0,0.0,24.0,1,0.0,0.0,0.0,0.625,0.625
2025-11-24,Soft Drinks,AI forecast + inventory policy,176.0,0.0,0.0,176.0,52.0,52.0,0.0,0,124.0,192.0,49.6,1.0,192.0,1,0.033972602739726035,0.0,0.0,0.625,0.658972602739726
2025-11-24,Tomatoes,AI forecast + inventory policy,180.0,0.0,0.0,180.0,47.0,47.0,0.0,0,133.0,120.0,59.85,1.0,120.0,1,0.040993150684931506,0.0,0.0,0.625,0.6659931506849315
2025-11-24,Truffle Oil,AI forecast + inventory policy,28.0,0.0,0.0,28.0,0.0,0.0,0.0,0,28.0,6.0,238.0,2.4285714285714284,6.0,1,0.16301369863013698,0.0,0.0,0.625,0.7880136986301369
2025-11-24,Vegan Cheese,AI forecast + inventory policy,36.0,0.0,0.0,36.0,5.0,5.0,0.0,0,31.0,12.0,20.150000000000002,1.4516129032258065,12.0,1,0.0138013698630137,0.0,0.0,0.625,0.6388013698630137
2025-11-25,Bacon,AI forecast + inventory policy,49.0,0.0,0.0,49.0,40.0,40.0,0.0,0,9.0,130.0,9.9,2.0,0.0,0,0.006780821917808219,0.0,0.0,0.0,0.006780821917808219
2025-11-25,Burger Buns,AI forecast + inventory policy,147.0,0.0,0.0,147.0,107.0,107.0,0.0,0,40.0,240.0,7.199999999999999,2.0,0.0,0,0.004931506849315068,0.0,0.0,0.0,0.004931506849315068
2025-11-25,Butter,AI forecast + inventory policy,55.0,0.0,0.0,55.0,26.0,26.0,0.0,0,29.0,72.0,27.549999999999997,2.0,0.0,0,0.01886986301369863,0.0,0.0,0.0,0.01886986301369863
2025-11-25,Cheese Slices,AI forecast + inventory policy,73.0,0.0,0.0,73.0,70.0,70.0,0.0,0,3.0,200.0,0.66,2.0,0.0,0,0.000452054794520548,0.0,0.0,0.0,0.000452054794520548
2025-11-25,Chicken Breast,AI forecast + inventory policy,96.0,0.0,0.0,96.0,101.0,96.0,5.0,1,0.0,190.0,0.0,0.0,0.0,0,0.0,0.0,18.0,0.0,18.0
2025-11-25,Coffee Beans,AI forecast + inventory policy,58.0,0.0,0.0,58.0,37.0,37.0,0.0,0,21.0,102.0,44.1,2.0,0.0,0,0.030205479452054797,0.0,0.0,0.0,0.030205479452054797
2025-11-25,Cooking Oil,AI forecast + inventory policy,67.0,0.0,0.0,67.0,30.0,30.0,0.0,0,37.0,48.0,59.2,2.0,0.0,0,0.040547945205479455,0.0,0.0,0.0,0.040547945205479455
2025-11-25,Eggs,AI forecast + inventory policy,59.0,0.0,0.0,59.0,51.0,51.0,0.0,0,8.0,150.0,1.28,2.0,0.0,0,0.0008767123287671233,0.0,0.0,0.0,0.0008767123287671233
2025-11-25,Fries (Potatoes),AI forecast + inventory policy,207.0,0.0,0.0,207.0,117.0,117.0,0.0,0,90.0,260.0,27.0,2.0,0.0,0,0.018493150684931507,0.0,0.0,0.0,0.018493150684931507
2025-11-25,Gluten-free Buns,AI forecast + inventory policy,12.0,0.0,0.0,12.0,13.0,12.0,1.0,1,0.0,12.0,0.0,0.0,0.0,0,0.0,0.0,1.1,0.0,1.1
2025-11-25,Lettuce,AI forecast + inventory policy,151.0,0.0,0.0,151.0,62.0,62.0,0.0,0,89.0,96.0,53.4,2.0,0.0,0,0.03657534246575342,0.0,0.0,0.0,0.03657534246575342
2025-11-25,Milk,AI forecast + inventory policy,110.0,0.0,0.0,110.0,63.0,63.0,0.0,0,47.0,168.0,35.25,2.0,0.0,0,0.024143835616438354,0.0,0.0,0.0,0.024143835616438354
2025-11-25,Mushrooms,AI forecast + inventory policy,92.0,0.0,0.0,92.0,27.0,27.0,0.0,0,65.0,50.0,35.75,2.0,0.0,0,0.024486301369863014,0.0,0.0,0.0,0.024486301369863014
2025-11-25,Onions,AI forecast + inventory policy,93.0,0.0,0.0,93.0,57.0,57.0,0.0,0,36.0,120.0,9.0,2.0,0.0,0,0.0061643835616438354,0.0,0.0,0.0,0.0061643835616438354
2025-11-25,Salmon Fillet,AI forecast + inventory policy,0.0,0.0,0.0,0.0,26.0,0.0,26.0,1,0.0,168.0,0.0,0.0,0.0,0,0.0,0.0,166.4,0.0,166.4
2025-11-25,Seasonal Berries,AI forecast + inventory policy,0.0,0.0,0.0,0.0,0.0,0.0,0.0,0,0.0,24.0,0.0,0.0,0.0,0,0.0,0.0,0.0,0.0,0.0
2025-11-25,Soft Drinks,AI forecast + inventory policy,124.0,0.0,0.0,124.0,55.0,55.0,0.0,0,69.0,192.0,27.6,2.0,0.0,0,0.0189041095890411,0.0,0.0,0.0,0.0189041095890411
2025-11-25,Tomatoes,AI forecast + inventory policy,133.0,0.0,0.0,133.0,55.0,55.0,0.0,0,78.0,120.0,35.1,2.0,0.0,0,0.02404109589041096,0.0,0.0,0.0,0.02404109589041096
2025-11-25,Truffle Oil,AI forecast + inventory policy,28.0,0.0,0.0,28.0,0.0,0.0,0.0,0,28.0,6.0,238.0,3.4285714285714284,0.0,0,0.16301369863013698,0.0,0.0,0.0,0.16301369863013698
2025-11-25,Vegan Cheese,AI forecast + inventory policy,31.0,0.0,0.0,31.0,9.0,9.0,0.0,0,22.0,12.0,14.3,2.0,0.0,0,0.009794520547945206,0.0,0.0,0.0,0.009794520547945206
2025-11-26,Bacon,AI forecast + inventory policy,9.0,130.0,0.0,139.0,43.0,43.0,0.0,0,96.0,160.0,105.60000000000001,0.0,160.0,1,0.07232876712328767,0.0,0.0,0.6944444444444444,0.7667732115677321
2025-11-26,Burger Buns,AI forecast + inventory policy,40.0,240.0,40.0,240.0,136.0,136.0,0.0,0,104.0,384.0,18.72,0.0,384.0,1,0.012821917808219178,9.2,0.0,0.6944444444444444,9.907266362252663
2025-11-26,Butter,AI forecast + inventory policy,29.0,72.0,0.0,101.0,40.0,40.0,0.0,0,61.0,96.0,57.949999999999996,0.0,96.0,1,0.03969178082191781,0.0,0.0,0.6944444444444444,0.7341362252663622
2025-11-26,Cheese Slices,AI forecast + inventory policy,3.0,200.0,0.0,203.0,77.0,77.0,0.0,0,126.0,250.0,27.72,0.0,250.0,1,0.018986301369863016,0.0,0.0,0.6944444444444444,0.7134307458143074
2025-11-26,Chicken Breast,AI forecast + inventory policy,0.0,190.0,0.0,190.0,102.0,102.0,0.0,0,88.0,290.0,158.4,0.0,290.0,1,0.10849315068493151,0.0,0.0,0.6944444444444444,0.8029375951293759
2025-11-26,Coffee Beans,AI forecast + inventory policy,21.0,102.0,0.0,123.0,60.0,60.0,0.0,0,63.0,102.0,132.3,0.0,102.0,1,0.09061643835616438,0.0,0.0,0.6944444444444444,0.7850608828006088
2025-11-26,Cooking Oil,AI forecast + inventory policy,37.0,48.0,0.0,85.0,33.0,33.0,0.0,0,52.0,60.0,83.20000000000002,0.23076923076923078,60.0,1,0.05698630136986302,0.0,0.0,0.6944444444444444,0.7514307458143075
2025-11-26,Eggs,AI forecast + inventory policy,8.0,150.0,0.0,158.0,62.0,62.0,0.0,0,96.0,150.0,15.36,0.0,150.0,1,0.01052054794520548,0.0,0.0,0.6944444444444444,0.7049649923896499
2025-11-26,Fries (Potatoes),AI forecast + inventory policy,90.0,260.0,0.0,350.0,142.0,142.0,0.0,0,208.0,360.0,62.4,0.0,360.0,1,0.04273972602739726,0.0,0.0,0.6944444444444444,0.7371841704718417
2025-11-26,Gluten-free Buns,AI forecast + inventory policy,0.0,12.0,0.0,12.0,12.0,12.0,0.0,0,0.0,36.0,0.0,0.0,36.0,1,0.0,0.0,0.0,0.6944444444444444,0.6944444444444444
2025-11-26,Lettuce,AI forecast + inventory policy,89.0,96.0,0.0,185.0,54.0,54.0,0.0,0,131.0,108.0,78.6,0.8015267175572519,108.0,1,0.05383561643835616,0.0,0.0,0.6944444444444444,0.7482800608828006
2025-11-26,Milk,AI forecast + inventory policy,47.0,168.0,0.0,215.0,120.0,120.0,0.0,0,95.0,168.0,71.25,0.0,168.0,1,0.04880136986301369,0.0,0.0,0.6944444444444444,0.7432458143074581
2025-11-26,Mushrooms,AI forecast + inventory policy,65.0,50.0,0.0,115.0,40.0,40.0,0.0,0,75.0,100.0,41.25000000000001,1.0,100.0,1,0.02825342465753425,0.0,0.0,0.6944444444444444,0.7226978691019786
2025-11-26,Onions,AI forecast + inventory policy,36.0,120.0,0.0,156.0,58.0,58.0,0.0,0,98.0,120.0,24.5,0.0,120.0,1,0.01678082191780822,0.0,0.0,0.6944444444444444,0.7112252663622527
2025-11-26,Salmon Fillet,AI forecast + inventory policy,0.0,168.0,0.0,168.0,34.0,34.0,0.0,0,134.0,36.0,428.8,0.0,36.0,1,0.2936986301369863,0.0,0.0,0.6944444444444444,0.9881430745814308
2025-11-26,Seasonal Berries,AI forecast + inventory policy,0.0,24.0,0.0,24.0,5.0,5.0,0.0,0,19.0,0.0,26.599999999999998,0.0,0.0,1,0.01821917808219178,0.0,0.0,0.0,0.01821917808219178
2025-11-26,Soft Drinks,AI forecast + inventory policy,69.0,192.0,0.0,261.0,54.0,54.0,0.0,0,207.0,192.0,82.80000000000001,0.21739130434782608,192.0,1,0.056712328767123295,0.0,0.0,0.6944444444444444,0.7511567732115677
2025-11-26,Tomatoes,AI forecast + inventory policy,78.0,120.0,0.0,198.0,53.0,53.0,0.0,0,145.0,168.0,65.25,0.5172413793103449,168.0,1,0.044691780821917805,0.0,0.0,0.6944444444444444,0.7391362252663622
2025-11-26,Truffle Oil,AI forecast + inventory policy,28.0,6.0,0.0,34.0,0.0,0.0,0.0,0,34.0,0.0,289.0,3.6470588235294117,0.0,1,0.19794520547945207,0.0,0.0,0.0,0.19794520547945207
2025-11-26,Vegan Cheese,AI forecast + inventory policy,22.0,12.0,0.0,34.0,13.0,13.0,0.0,0,21.0,12.0,13.650000000000002,1.2857142857142858,12.0,1,0.00934931506849315,0.0,0.0,0.6944444444444444,0.7037937595129375
2025-11-27,Bacon,AI forecast + inventory policy,96.0,0.0,0.0,96.0,51.0,51.0,0.0,0,45.0,160.0,49.50000000000001,1.0,0.0,0,0.033904109589041095,0.0,0.0,0.0,0.033904109589041095
2025-11-27,Burger Buns,AI forecast + inventory policy,104.0,0.0,0.0,104.0,104.0,104.0,0.0,0,0.0,384.0,0.0,0.0,0.0,0,0.0,0.0,0.0,0.0,0.0
2025-11-27,Butter,AI forecast + inventory policy,61.0,0.0,0.0,61.0,46.0,46.0,0.0,0,15.0,96.0,14.25,1.0,0.0,0,0.00976027397260274,0.0,0.0,0.0,0.00976027397260274
2025-11-27,Cheese Slices,AI forecast + inventory policy,126.0,0.0,0.0,126.0,73.0,73.0,0.0,0,53.0,250.0,11.66,1.0,0.0,0,0.007986301369863015,0.0,0.0,0.0,0.007986301369863015
2025-11-27,Chicken Breast,AI forecast + inventory policy,88.0,0.0,0.0,88.0,109.0,88.0,21.0,1,0.0,290.0,0.0,0.0,0.0,0,0.0,0.0,75.60000000000001,0.0,75.60000000000001
2025-11-27,Coffee Beans,AI forecast + inventory policy,63.0,0.0,0.0,63.0,68.0,63.0,5.0,1,0.0,102.0,0.0,0.0,0.0,0,0.0,0.0,21.0,0.0,21.0
2025-11-27,Cooking Oil,AI forecast + inventory policy,52.0,0.0,0.0,52.0,28.0,28.0,0.0,0,24.0,60.0,38.400000000000006,1.0,0.0,0,0.0263013698630137,0.0,0.0,0.0,0.0263013698630137
2025-11-27,Eggs,AI forecast + inventory policy,96.0,0.0,0.0,96.0,93.0,93.0,0.0,0,3.0,150.0,0.48,1.0,0.0,0,0.00032876712328767124,0.0,0.0,0.0,0.00032876712328767124
2025-11-27,Fries (Potatoes),AI forecast + inventory policy,208.0,0.0,0.0,208.0,118.0,118.0,0.0,0,90.0,360.0,27.0,1.0,0.0,0,0.018493150684931507,0.0,0.0,0.0,0.018493150684931507
2025-11-27,Gluten-free Buns,AI forecast + inventory policy,0.0,0.0,0.0,0.0,0.0,0.0,0.0,0,0.0,36.0,0.0,0.0,0.0,0,0.0,0.0,0.0,0.0,0.0
2025-11-27,Lettuce,AI forecast + inventory policy,131.0,0.0,35.0,96.0,42.0,42.0,0.0,0,54.0,108.0,32.4,1.0,0.0,0,0.022191780821917806,22.75,0.0,0.0,22.772191780821917
2025-11-27,Milk,AI forecast + inventory policy,95.0,0.0,0.0,95.0,70.0,70.0,0.0,0,25.0,168.0,18.75,1.0,0.0,0,0.012842465753424657,0.0,0.0,0.0,0.012842465753424657
2025-11-27,Mushrooms,AI forecast + inventory policy,75.0,0.0,0.0,75.0,32.0,32.0,0.0,0,43.0,100.0,23.650000000000002,1.0,0.0,0,0.016198630136986303,0.0,0.0,0.0,0.016198630136986303
2025-11-27,Onions,AI forecast + inventory policy,98.0,0.0,0.0,98.0,59.0,59.0,0.0,0,39.0,120.0,9.75,1.0,0.0,0,0.006678082191780822,0.0,0.0,0.0,0.006678082191780822
2025-11-27,Salmon Fillet,AI forecast + inventory policy,134.0,0.0,0.0,134.0,49.0,49.0,0.0,0,85.0,36.0,272.0,1.0,0.0,0,0.1863013698630137,0.0,0.0,0.0,0.1863013698630137
2025-11-27,Seasonal Berries,AI forecast + inventory policy,19.0,0.0,0.0,19.0,0.0,0.0,0.0,0,19.0,0.0,26.599999999999998,1.0,0.0,0,0.01821917808219178,0.0,0.0,0.0,0.01821917808219178
2025-11-27,Soft Drinks,AI forecast + inventory policy,207.0,0.0,0.0,207.0,49.0,49.0,0.0,0,158.0,192.0,63.2,1.0,0.0,0,0.04328767123287672,0.0,0.0,0.0,0.04328767123287672
2025-11-27,Tomatoes,AI forecast + inventory policy,145.0,0.0,0.0,145.0,53.0,53.0,0.0,0,92.0,168.0,41.4,1.0,0.0,0,0.028356164383561644,0.0,0.0,0.0,0.028356164383561644
2025-11-27,Truffle Oil,AI forecast + inventory policy,34.0,0.0,0.0,34.0,0.0,0.0,0.0,0,34.0,0.0,289.0,4.647058823529412,0.0,0,0.19794520547945207,0.0,0.0,0.0,0.19794520547945207
2025-11-27,Vegan Cheese,AI forecast + inventory policy,21.0,0.0,0.0,21.0,5.0,5.0,0.0,0,16.0,12.0,10.4,1.75,0.0,0,0.007123287671232877,0.0,0.0,0.0,0.007123287671232877
2025-11-28,Bacon,AI forecast + inventory policy,45.0,160.0,0.0,205.0,81.0,81.0,0.0,0,124.0,190.0,136.4,0.0,190.0,1,0.09342465753424659,0.0,0.0,0.625,0.7184246575342466
2025-11-28,Burger Buns,AI forecast + inventory policy,0.0,384.0,0.0,384.0,183.0,183.0,0.0,0,201.0,336.0,36.18,0.0,336.0,1,0.02478082191780822,0.0,0.0,0.625,0.6497808219178082
2025-11-28,Butter,AI forecast + inventory policy,15.0,96.0,0.0,111.0,37.0,37.0,0.0,0,74.0,120.0,70.3,0.0,120.0,1,0.04815068493150685,0.0,0.0,0.625,0.6731506849315069
2025-11-28,Cheese Slices,AI forecast + inventory policy,53.0,250.0,0.0,303.0,127.0,127.0,0.0,0,176.0,250.0,38.72,0.0,250.0,1,0.026520547945205482,0.0,0.0,0.625,0.6515205479452055
2025-11-28,Chicken Breast,AI forecast + inventory policy,0.0,290.0,0.0,290.0,146.0,146.0,0.0,0,144.0,300.0,259.2,0.0,300.0,1,0.17753424657534245,0.0,0.0,0.625,0.8025342465753424
2025-11-28,Coffee Beans,AI forecast + inventory policy,0.0,102.0,0.0,102.0,61.0,61.0,0.0,0,41.0,180.0,86.10000000000001,0.0,180.0,1,0.05897260273972603,0.0,0.0,0.625,0.683972602739726
2025-11-28,Cooking Oil,AI forecast + inventory policy,24.0,60.0,0.0,84.0,44.0,44.0,0.0,0,40.0,96.0,64.0,0.0,96.0,1,0.04383561643835617,0.0,0.0,0.625,0.6688356164383562
2025-11-28,Eggs,AI forecast + inventory policy,3.0,150.0,0.0,153.0,72.0,72.0,0.0,0,81.0,240.0,12.96,0.0,240.0,1,0.008876712328767123,0.0,0.0,0.625,0.6338767123287671
2025-11-28,Fries (Potatoes),AI forecast + inventory policy,90.0,360.0,0.0,450.0,187.0,187.0,0.0,0,263.0,420.0,78.89999999999999,0.0,420.0,1,0.05404109589041096,0.0,0.0,0.625,0.679041095890411
2025-11-28,Gluten-free Buns,AI forecast + inventory policy,0.0,36.0,0.0,36.0,0.0,0.0,0.0,0,36.0,12.0,19.8,0.0,12.0,1,0.013561643835616439,0.0,0.0,0.625,0.6385616438356164
2025-11-28,Lettuce,AI forecast + inventory policy,54.0,108.0,0.0,162.0,77.0,77.0,0.0,0,85.0,216.0,51.0,0.0,216.0,1,0.034931506849315064,0.0,0.0,0.625,0.659931506849315
2025-11-28,Milk,AI forecast + inventory policy,25.0,168.0,0.0,193.0,93.0,93.0,0.0,0,100.0,252.0,75.0,0.0,252.0,1,0.05136986301369863,0.0,0.0,0.625,0.6763698630136986
2025-11-28,Mushrooms,AI forecast + inventory policy,43.0,100.0,0.0,143.0,49.0,49.0,0.0,0,94.0,110.0,51.7,0.0,110.0,1,0.03541095890410959,0.0,0.0,0.625,0.6604109589041096
2025-11-28,Onions,AI forecast + inventory policy,39.0,120.0,0.0,159.0,80.0,80.0,0.0,0,79.0,200.0,19.75,0.0,200.0,1,0.013527397260273973,0.0,0.0,0.625,0.638527397260274
2025-11-28,Salmon Fillet,AI forecast + inventory policy,85.0,36.0,0.0,121.0,50.0,50.0,0.0,0,71.0,96.0,227.2,0.9859154929577465,96.0,1,0.1556164383561644,0.0,0.0,0.625,0.7806164383561645
2025-11-28,Seasonal Berries,AI forecast + inventory policy,19.0,0.0,0.0,19.0,8.0,8.0,0.0,0,11.0,6.0,15.399999999999999,2.0,6.0,1,0.010547945205479452,0.0,0.0,0.625,0.6355479452054794
2025-11-28,Soft Drinks,AI forecast + inventory policy,158.0,192.0,0.0,350.0,137.0,137.0,0.0,0,213.0,264.0,85.20000000000002,0.19718309859154928,264.0,1,0.05835616438356165,0.0,0.0,0.625,0.6833561643835616
2025-11-28,Tomatoes,AI forecast + inventory policy,92.0,168.0,0.0,260.0,80.0,80.0,0.0,0,180.0,192.0,81.00000000000001,0.13333333333333333,192.0,1,0.05547945205479452,0.0,0.0,0.625,0.6804794520547945
2025-11-28,Truffle Oil,AI forecast + inventory policy,34.0,0.0,0.0,34.0,0.0,0.0,0.0,0,34.0,8.0,289.0,5.647058823529412,8.0,1,0.19794520547945207,0.0,0.0,0.625,0.822945205479452
2025-11-28,Vegan Cheese,AI forecast + inventory policy,16.0,12.0,0.0,28.0,18.0,18.0,0.0,0,10.0,24.0,6.5,0.0,24.0,1,0.004452054794520549,0.0,0.0,0.625,0.6294520547945206
2025-11-29,Bacon,AI forecast + inventory policy,124.0,0.0,0.0,124.0,0.0,0.0,0.0,0,124.0,190.0,136.4,1.0,0.0,0,0.09342465753424659,0.0,0.0,0.0,0.09342465753424659
2025-11-29,Burger Buns,AI forecast + inventory policy,201.0,0.0,0.0,201.0,182.0,182.0,0.0,0,19.0,336.0,3.42,1.0,0.0,0,0.0023424657534246575,0.0,0.0,0.0,0.0023424657534246575
2025-11-29,Butter,AI forecast + inventory policy,74.0,0.0,0.0,74.0,48.0,48.0,0.0,0,26.0,120.0,24.7,1.0,0.0,0,0.01691780821917808,0.0,0.0,0.0,0.01691780821917808
2025-11-29,Cheese Slices,AI forecast + inventory policy,176.0,0.0,0.0,176.0,133.0,133.0,0.0,0,43.0,250.0,9.46,1.0,0.0,0,0.006479452054794521,0.0,0.0,0.0,0.006479452054794521
2025-11-29,Chicken Breast,AI forecast + inventory policy,144.0,0.0,0.0,144.0,126.0,126.0,0.0,0,18.0,300.0,32.4,1.0,0.0,0,0.022191780821917806,0.0,0.0,0.0,0.022191780821917806
2025-11-29,Coffee Beans,AI forecast + inventory policy,41.0,0.0,0.0,41.0,60.0,41.0,19.0,1,0.0,180.0,0.0,0.0,0.0,0,0.0,0.0,79.8,0.0,79.8
2025-11-29,Cooking Oil,AI forecast + inventory policy,40.0,0.0,0.0,40.0,32.0,32.0,0.0,0,8.0,96.0,12.8,1.0,0.0,0,0.008767123287671234,0.0,0.0,0.0,0.008767123287671234
2025-11-29,Eggs,AI forecast + inventory policy,81.0,0.0,0.0,81.0,88.0,81.0,7.0,1,0.0,240.0,0.0,0.0,0.0,0,0.0,0.0,2.24,0.0,2.24
2025-11-29,Fries (Potatoes),AI forecast + inventory policy,263.0,0.0,0.0,263.0,197.0,197.0,0.0,0,66.0,420.0,19.8,1.0,0.0,0,0.013561643835616437,0.0,0.0,0.0,0.013561643835616437
2025-11-29,Gluten-free Buns,AI forecast + inventory policy,36.0,0.0,0.0,36.0,19.0,19.0,0.0,0,17.0,12.0,9.350000000000001,1.0,0.0,0,0.006404109589041096,0.0,0.0,0.0,0.006404109589041096
2025-11-29,Lettuce,AI forecast + inventory policy,85.0,0.0,0.0,85.0,85.0,85.0,0.0,0,0.0,216.0,0.0,0.0,0.0,0,0.0,0.0,0.0,0.0,0.0
2025-11-29,Milk,AI forecast + inventory policy,100.0,0.0,0.0,100.0,103.0,100.0,3.0,1,0.0,252.0,0.0,0.0,0.0,0,0.0,0.0,4.5,0.0,4.5
2025-11-29,Mushrooms,AI forecast + inventory policy,94.0,0.0,0.0,94.0,61.0,61.0,0.0,0,33.0,110.0,18.150000000000002,1.0,0.0,0,0.012431506849315068,0.0,0.0,0.0,0.012431506849315068
2025-11-29,Onions,AI forecast + inventory policy,79.0,0.0,0.0,79.0,75.0,75.0,0.0,0,4.0,200.0,1.0,1.0,0.0,0,0.0006849315068493151,0.0,0.0,0.0,0.0006849315068493151
2025-11-29,Salmon Fillet,AI forecast + inventory policy,71.0,0.0,35.0,36.0,53.0,36.0,17.0,1,0.0,96.0,0.0,0.0,0.0,0,0.0,113.75,108.80000000000001,0.0,222.55
2025-11-29,Seasonal Berries,AI forecast + inventory policy,11.0,0.0,11.0,0.0,8.0,0.0,8.0,1,0.0,6.0,0.0,0.0,0.0,0,0.0,15.95,22.4,0.0,38.349999999999994
2025-11-29,Soft Drinks,AI forecast + inventory policy,213.0,0.0,0.0,213.0,115.0,115.0,0.0,0,98.0,264.0,39.2,1.0,0.0,0,0.026849315068493154,0.0,0.0,0.0,0.026849315068493154
2025-11-29,Tomatoes,AI forecast + inventory policy,180.0,0.0,0.0,180.0,95.0,95.0,0.0,0,85.0,192.0,38.25,1.0,0.0,0,0.0261986301369863,0.0,0.0,0.0,0.0261986301369863
2025-11-29,Truffle Oil,AI forecast + inventory policy,34.0,0.0,0.0,34.0,9.0,9.0,0.0,0,25.0,8.0,212.5,5.44,0.0,0,0.14554794520547945,0.0,0.0,0.0,0.14554794520547945
2025-11-29,Vegan Cheese,AI forecast + inventory policy,10.0,0.0,0.0,10.0,0.0,0.0,0.0,0,10.0,24.0,6.5,1.0,0.0,0,0.004452054794520549,0.0,0.0,0.0,0.004452054794520549
2025-11-30,Bacon,AI forecast + inventory policy,124.0,190.0,0.0,314.0,73.0,73.0,0.0,0,241.0,0.0,265.1,0.42323651452282157,0.0,0,0.18157534246575344,0.0,0.0,0.0,0.18157534246575344
2025-11-30,Burger Buns,AI forecast + inventory policy,19.0,336.0,0.0,355.0,186.0,186.0,0.0,0,169.0,0.0,30.419999999999998,0.0,0.0,0,0.020835616438356165,0.0,0.0,0.0,0.020835616438356165
2025-11-30,Butter,AI forecast + inventory policy,26.0,120.0,0.0,146.0,46.0,46.0,0.0,0,100.0,0.0,95.0,0.0,0.0,0,0.06506849315068493,0.0,0.0,0.0,0.06506849315068493
2025-11-30,Cheese Slices,AI forecast + inventory policy,43.0,250.0,0.0,293.0,119.0,119.0,0.0,0,174.0,0.0,38.28,0.0,0.0,0,0.026219178082191784,0.0,0.0,0.0,0.026219178082191784
2025-11-30,Chicken Breast,AI forecast + inventory policy,18.0,300.0,0.0,318.0,132.0,132.0,0.0,0,186.0,0.0,334.8,0.0,0.0,0,0.22931506849315067,0.0,0.0,0.0,0.22931506849315067
2025-11-30,Coffee Beans,AI forecast + inventory policy,0.0,180.0,0.0,180.0,54.0,54.0,0.0,0,126.0,0.0,264.6,0.0,0.0,0,0.18123287671232877,0.0,0.0,0.0,0.18123287671232877
2025-11-30,Cooking Oil,AI forecast + inventory policy,8.0,96.0,0.0,104.0,26.0,26.0,0.0,0,78.0,0.0,124.80000000000001,0.0,0.0,0,0.08547945205479453,0.0,0.0,0.0,0.08547945205479453
2025-11-30,Eggs,AI forecast + inventory policy,0.0,240.0,0.0,240.0,82.0,82.0,0.0,0,158.0,0.0,25.28,0.0,0.0,0,0.017315068493150686,0.0,0.0,0.0,0.017315068493150686
2025-11-30,Fries (Potatoes),AI forecast + inventory policy,66.0,420.0,0.0,486.0,198.0,198.0,0.0,0,288.0,0.0,86.39999999999999,0.0,0.0,0,0.05917808219178082,0.0,0.0,0.0,0.05917808219178082
2025-11-30,Gluten-free Buns,AI forecast + inventory policy,17.0,12.0,0.0,29.0,22.0,22.0,0.0,0,7.0,0.0,3.8500000000000005,0.0,0.0,0,0.002636986301369863,0.0,0.0,0.0,0.002636986301369863
2025-11-30,Lettuce,AI forecast + inventory policy,0.0,216.0,0.0,216.0,84.0,84.0,0.0,0,132.0,0.0,79.2,0.0,0.0,0,0.05424657534246575,0.0,0.0,0.0,0.05424657534246575
2025-11-30,Milk,AI forecast + inventory policy,0.0,252.0,0.0,252.0,70.0,70.0,0.0,0,182.0,0.0,136.5,0.0,0.0,0,0.0934931506849315,0.0,0.0,0.0,0.0934931506849315
2025-11-30,Mushrooms,AI forecast + inventory policy,33.0,110.0,0.0,143.0,43.0,43.0,0.0,0,100.0,0.0,55.00000000000001,0.0,0.0,0,0.03767123287671233,0.0,0.0,0.0,0.03767123287671233
2025-11-30,Onions,AI forecast + inventory policy,4.0,200.0,0.0,204.0,75.0,75.0,0.0,0,129.0,0.0,32.25,0.0,0.0,0,0.02208904109589041,0.0,0.0,0.0,0.02208904109589041
2025-11-30,Salmon Fillet,AI forecast + inventory policy,0.0,96.0,0.0,96.0,47.0,47.0,0.0,0,49.0,0.0,156.8,0.0,0.0,0,0.10739726027397262,0.0,0.0,0.0,0.10739726027397262
2025-11-30,Seasonal Berries,AI forecast + inventory policy,0.0,6.0,0.0,6.0,10.0,6.0,4.0,1,0.0,0.0,0.0,0.0,0.0,0,0.0,0.0,11.2,0.0,11.2
2025-11-30,Soft Drinks,AI forecast + inventory policy,98.0,264.0,0.0,362.0,131.0,131.0,0.0,0,231.0,0.0,92.4,0.0,0.0,0,0.06328767123287672,0.0,0.0,0.0,0.06328767123287672
2025-11-30,Tomatoes,AI forecast + inventory policy,85.0,192.0,0.0,277.0,93.0,93.0,0.0,0,184.0,0.0,82.8,0.0,0.0,0,0.05671232876712329,0.0,0.0,0.0,0.05671232876712329
2025-11-30,Truffle Oil,AI forecast + inventory policy,25.0,8.0,0.0,33.0,0.0,0.0,0.0,0,33.0,0.0,280.5,4.878787878787879,0.0,0,0.19212328767123288,0.0,0.0,0.0,0.19212328767123288
2025-11-30,Vegan Cheese,AI forecast + inventory policy,10.0,24.0,0.0,34.0,0.0,0.0,0.0,0,34.0,0.0,22.1,0.5882352941176471,0.0,0,0.015136986301369865,0.0,0.0,0.0,0.015136986301369865
2025-12-01,Bacon,AI forecast + inventory policy,241.0,0.0,0.0,241.0,77.0,77.0,0.0,0,164.0,10.0,180.4,1.0,10.0,1,0.12356164383561644,0.0,0.0,0.6578947368421053,0.7814563806777217
2025-12-01,Burger Buns,AI forecast + inventory policy,169.0,0.0,0.0,169.0,98.0,98.0,0.0,0,71.0,336.0,12.78,1.0,336.0,1,0.008753424657534247,0.0,0.0,0.6578947368421053,0.6666481614996396
2025-12-01,Butter,AI forecast + inventory policy,100.0,0.0,0.0,100.0,29.0,29.0,0.0,0,71.0,72.0,67.45,1.0,72.0,1,0.0461986301369863,0.0,0.0,0.6578947368421053,0.7040933669790916
2025-12-01,Cheese Slices,AI forecast + inventory policy,174.0,0.0,0.0,174.0,73.0,73.0,0.0,0,101.0,150.0,22.22,1.0,150.0,1,0.015219178082191783,0.0,0.0,0.6578947368421053,0.6731139149242971
2025-12-01,Chicken Breast,AI forecast + inventory policy,186.0,0.0,0.0,186.0,104.0,104.0,0.0,0,82.0,200.0,147.6,1.0,200.0,1,0.1010958904109589,0.0,0.0,0.6578947368421053,0.7589906272530642
2025-12-01,Coffee Beans,AI forecast + inventory policy,126.0,0.0,0.0,126.0,28.0,28.0,0.0,0,98.0,90.0,205.8,1.0,90.0,1,0.14095890410958906,0.0,0.0,0.6578947368421053,0.7988536409516944
2025-12-01,Cooking Oil,AI forecast + inventory policy,78.0,0.0,0.0,78.0,28.0,28.0,0.0,0,50.0,56.0,80.0,1.0,56.0,1,0.05479452054794521,0.0,0.0,0.6578947368421053,0.7126892573900505
2025-12-01,Eggs,AI forecast + inventory policy,158.0,0.0,0.0,158.0,39.0,39.0,0.0,0,119.0,120.0,19.04,1.0,120.0,1,0.01304109589041096,0.0,0.0,0.6578947368421053,0.6709358327325162
2025-12-01,Fries (Potatoes),AI forecast + inventory policy,288.0,0.0,0.0,288.0,127.0,127.0,0.0,0,161.0,260.0,48.3,1.0,260.0,1,0.03308219178082192,0.0,0.0,0.6578947368421053,0.6909769286229273
2025-12-01,Gluten-free Buns,AI forecast + inventory policy,7.0,0.0,0.0,7.0,7.0,7.0,0.0,0,0.0,36.0,0.0,0.0,36.0,1,0.0,0.0,0.0,0.6578947368421053,0.6578947368421053
2025-12-01,Lettuce,AI forecast + inventory policy,132.0,0.0,0.0,132.0,81.0,81.0,0.0,0,51.0,144.0,30.599999999999998,1.0,144.0,1,0.02095890410958904,0.0,0.0,0.6578947368421053,0.6788536409516943
2025-12-01,Milk,AI forecast + inventory policy,182.0,0.0,0.0,182.0,70.0,70.0,0.0,0,112.0,120.0,84.0,1.0,120.0,1,0.05753424657534246,0.0,0.0,0.6578947368421053,0.7154289834174478
2025-12-01,Mushrooms,AI forecast + inventory policy,100.0,0.0,0.0,100.0,33.0,33.0,0.0,0,67.0,70.0,36.85,1.0,70.0,1,0.025239726027397262,0.0,0.0,0.6578947368421053,0.6831344628695025
2025-12-01,Onions,AI forecast + inventory policy,129.0,0.0,0.0,129.0,40.0,40.0,0.0,0,89.0,120.0,22.25,1.0,120.0,1,0.01523972602739726,0.0,0.0,0.6578947368421053,0.6731344628695026
2025-12-01,Salmon Fillet,AI forecast + inventory policy,49.0,0.0,0.0,49.0,23.0,23.0,0.0,0,26.0,114.0,83.2,1.0,114.0,1,0.05698630136986302,0.0,0.0,0.6578947368421053,0.7148810382119684
2025-12-01,Seasonal Berries,AI forecast + inventory policy,0.0,0.0,0.0,0.0,0.0,0.0,0.0,0,0.0,24.0,0.0,0.0,24.0,1,0.0,0.0,0.0,0.6578947368421053,0.6578947368421053
2025-12-01,Soft Drinks,AI forecast + inventory policy,231.0,0.0,0.0,231.0,77.0,77.0,0.0,0,154.0,144.0,61.6,1.0,144.0,1,0.04219178082191782,0.0,0.0,0.6578947368421053,0.7000865176640231
2025-12-01,Tomatoes,AI forecast + inventory policy,184.0,0.0,0.0,184.0,54.0,54.0,0.0,0,130.0,96.0,58.5,1.0,96.0,1,0.04006849315068493,0.0,0.0,0.6578947368421053,0.6979632299927903
2025-12-01,Truffle Oil,AI forecast + inventory policy,33.0,0.0,0.0,33.0,0.0,0.0,0.0,0,33.0,0.0,280.5,5.878787878787879,0.0,1,0.19212328767123288,0.0,0.0,0.0,0.19212328767123288
2025-12-01,Vegan Cheese,AI forecast + inventory policy,34.0,0.0,0.0,34.0,6.0,6.0,0.0,0,28.0,12.0,18.200000000000003,1.2857142857142858,12.0,1,0.012465753424657534,0.0,0.0,0.6578947368421053,0.6703604902667628
2025-12-02,Bacon,AI forecast + inventory policy,164.0,0.0,0.0,164.0,59.0,59.0,0.0,0,105.0,10.0,115.50000000000001,2.0,0.0,0,0.0791095890410959,0.0,0.0,0.0,0.0791095890410959
2025-12-02,Burger Buns,AI forecast + inventory policy,71.0,0.0,0.0,71.0,99.0,71.0,28.0,1,0.0,336.0,0.0,0.0,0.0,0,0.0,0.0,10.08,0.0,10.08
2025-12-02,Butter,AI forecast + inventory policy,71.0,0.0,0.0,71.0,27.0,27.0,0.0,0,44.0,72.0,41.8,2.0,0.0,0,0.02863013698630137,0.0,0.0,0.0,0.02863013698630137
2025-12-02,Cheese Slices,AI forecast + inventory policy,101.0,0.0,0.0,101.0,69.0,69.0,0.0,0,32.0,150.0,7.04,2.0,0.0,0,0.004821917808219178,0.0,0.0,0.0,0.004821917808219178
2025-12-02,Chicken Breast,AI forecast + inventory policy,82.0,0.0,0.0,82.0,96.0,82.0,14.0,1,0.0,200.0,0.0,0.0,0.0,0,0.0,0.0,50.4,0.0,50.4
2025-12-02,Coffee Beans,AI forecast + inventory policy,98.0,0.0,0.0,98.0,73.0,73.0,0.0,0,25.0,90.0,52.5,2.0,0.0,0,0.03595890410958904,0.0,0.0,0.0,0.03595890410958904
2025-12-02,Cooking Oil,AI forecast + inventory policy,50.0,0.0,0.0,50.0,22.0,22.0,0.0,0,28.0,56.0,44.800000000000004,2.0,0.0,0,0.030684931506849318,0.0,0.0,0.0,0.030684931506849318
2025-12-02,Eggs,AI forecast + inventory policy,119.0,0.0,0.0,119.0,64.0,64.0,0.0,0,55.0,120.0,8.8,2.0,0.0,0,0.006027397260273973,0.0,0.0,0.0,0.006027397260273973
2025-12-02,Fries (Potatoes),AI forecast + inventory policy,161.0,0.0,0.0,161.0,111.0,111.0,0.0,0,50.0,260.0,15.0,2.0,0.0,0,0.010273972602739725,0.0,0.0,0.0,0.010273972602739725
2025-12-02,Gluten-free Buns,AI forecast + inventory policy,0.0,0.0,0.0,0.0,0.0,0.0,0.0,0,0.0,36.0,0.0,0.0,0.0,0,0.0,0.0,0.0,0.0,0.0
2025-12-02,Lettuce,AI forecast + inventory policy,51.0,0.0,0.0,51.0,46.0,46.0,0.0,0,5.0,144.0,3.0,2.0,0.0,0,0.002054794520547945,0.0,0.0,0.0,0.002054794520547945
2025-12-02,Milk,AI forecast + inventory policy,112.0,0.0,0.0,112.0,77.0,77.0,0.0,0,35.0,120.0,26.25,2.0,0.0,0,0.01797945205479452,0.0,0.0,0.0,0.01797945205479452
2025-12-02,Mushrooms,AI forecast + inventory policy,67.0,0.0,0.0,67.0,35.0,35.0,0.0,0,32.0,70.0,17.6,2.0,0.0,0,0.012054794520547946,0.0,0.0,0.0,0.012054794520547946
2025-12-02,Onions,AI forecast + inventory policy,89.0,0.0,0.0,89.0,54.0,54.0,0.0,0,35.0,120.0,8.75,2.0,0.0,0,0.0059931506849315065,0.0,0.0,0.0,0.0059931506849315065
2025-12-02,Salmon Fillet,AI forecast + inventory policy,26.0,0.0,0.0,26.0,0.0,0.0,0.0,0,26.0,114.0,83.2,2.0,0.0,0,0.05698630136986302,0.0,0.0,0.0,0.05698630136986302
2025-12-02,Seasonal Berries,AI forecast + inventory policy,0.0,0.0,0.0,0.0,0.0,0.0,0.0,0,0.0,24.0,0.0,0.0,0.0,0,0.0,0.0,0.0,0.0,0.0
2025-12-02,Soft Drinks,AI forecast + inventory policy,154.0,0.0,0.0,154.0,52.0,52.0,0.0,0,102.0,144.0,40.800000000000004,2.0,0.0,0,0.02794520547945206,0.0,0.0,0.0,0.02794520547945206
2025-12-02,Tomatoes,AI forecast + inventory policy,130.0,0.0,0.0,130.0,65.0,65.0,0.0,0,65.0,96.0,29.25,2.0,0.0,0,0.020034246575342467,0.0,0.0,0.0,0.020034246575342467
2025-12-02,Truffle Oil,AI forecast + inventory policy,33.0,0.0,0.0,33.0,0.0,0.0,0.0,0,33.0,0.0,280.5,6.878787878787879,0.0,0,0.19212328767123288,0.0,0.0,0.0,0.19212328767123288
2025-12-02,Vegan Cheese,AI forecast + inventory policy,28.0,0.0,0.0,28.0,6.0,6.0,0.0,0,22.0,12.0,14.3,2.0,0.0,0,0.009794520547945206,0.0,0.0,0.0,0.009794520547945206
2025-12-03,Bacon,AI forecast + inventory policy,105.0,10.0,0.0,115.0,50.0,50.0,0.0,0,65.0,210.0,71.5,2.5384615384615383,210.0,1,0.04897260273972603,0.0,0.0,0.6944444444444444,0.7434170471841705
2025-12-03,Burger Buns,AI forecast + inventory policy,0.0,336.0,0.0,336.0,113.0,113.0,0.0,0,223.0,288.0,40.14,0.0,288.0,1,0.027493150684931505,0.0,0.0,0.6944444444444444,0.7219375951293759
2025-12-03,Butter,AI forecast + inventory policy,44.0,72.0,0.0,116.0,33.0,33.0,0.0,0,83.0,96.0,78.85,0.39759036144578314,96.0,1,0.054006849315068495,0.0,0.0,0.6944444444444444,0.7484512937595129
2025-12-03,Cheese Slices,AI forecast + inventory policy,32.0,150.0,0.0,182.0,83.0,83.0,0.0,0,99.0,250.0,21.78,0.0,250.0,1,0.014917808219178083,0.0,0.0,0.6944444444444444,0.7093622526636225
2025-12-03,Chicken Breast,AI forecast + inventory policy,0.0,200.0,0.0,200.0,96.0,96.0,0.0,0,104.0,280.0,187.20000000000002,0.0,280.0,1,0.12821917808219177,0.0,0.0,0.6944444444444444,0.8226636225266362
2025-12-03,Coffee Beans,AI forecast + inventory policy,25.0,90.0,0.0,115.0,49.0,49.0,0.0,0,66.0,120.0,138.6,0.0,120.0,1,0.09493150684931508,0.0,0.0,0.6944444444444444,0.7893759512937595
2025-12-03,Cooking Oil,AI forecast + inventory policy,28.0,56.0,0.0,84.0,30.0,30.0,0.0,0,54.0,64.0,86.4,0.0,64.0,1,0.05917808219178083,0.0,0.0,0.6944444444444444,0.7536225266362252
2025-12-03,Eggs,AI forecast + inventory policy,55.0,120.0,0.0,175.0,79.0,79.0,0.0,0,96.0,150.0,15.36,0.0,150.0,1,0.01052054794520548,0.0,0.0,0.6944444444444444,0.7049649923896499
2025-12-03,Fries (Potatoes),AI forecast + inventory policy,50.0,260.0,0.0,310.0,123.0,123.0,0.0,0,187.0,380.0,56.1,0.0,380.0,1,0.03842465753424657,0.0,0.0,0.6944444444444444,0.732869101978691
2025-12-03,Gluten-free Buns,AI forecast + inventory policy,0.0,36.0,0.0,36.0,17.0,17.0,0.0,0,19.0,12.0,10.450000000000001,0.0,12.0,1,0.007157534246575343,0.0,0.0,0.6944444444444444,0.7016019786910198
2025-12-03,Lettuce,AI forecast + inventory policy,5.0,144.0,0.0,149.0,56.0,56.0,0.0,0,93.0,180.0,55.8,0.0,180.0,1,0.03821917808219178,0.0,0.0,0.6944444444444444,0.7326636225266362
2025-12-03,Milk,AI forecast + inventory policy,35.0,120.0,0.0,155.0,73.0,73.0,0.0,0,82.0,204.0,61.5,0.0,204.0,1,0.04212328767123287,0.0,0.0,0.6944444444444444,0.7365677321156773
2025-12-03,Mushrooms,AI forecast + inventory policy,32.0,70.0,0.0,102.0,40.0,40.0,0.0,0,62.0,120.0,34.1,0.0,120.0,1,0.023356164383561646,0.0,0.0,0.6944444444444444,0.7178006088280061
2025-12-03,Onions,AI forecast + inventory policy,35.0,120.0,0.0,155.0,52.0,52.0,0.0,0,103.0,120.0,25.75,0.0,120.0,1,0.017636986301369863,0.0,0.0,0.6944444444444444,0.7120814307458143
2025-12-03,Salmon Fillet,AI forecast + inventory policy,26.0,114.0,26.0,114.0,27.0,27.0,0.0,0,87.0,90.0,278.40000000000003,0.0,90.0,1,0.19068493150684934,84.5,0.0,0.6944444444444444,85.3851293759513
2025-12-03,Seasonal Berries,AI forecast + inventory policy,0.0,24.0,0.0,24.0,8.0,8.0,0.0,0,16.0,0.0,22.4,0.0,0.0,1,0.015342465753424657,0.0,0.0,0.0,0.015342465753424657
2025-12-03,Soft Drinks,AI forecast + inventory policy,102.0,144.0,0.0,246.0,49.0,49.0,0.0,0,197.0,240.0,78.80000000000001,0.8071065989847716,240.0,1,0.05397260273972603,0.0,0.0,0.6944444444444444,0.7484170471841705
2025-12-03,Tomatoes,AI forecast + inventory policy,65.0,96.0,0.0,161.0,53.0,53.0,0.0,0,108.0,204.0,48.6,0.3333333333333333,204.0,1,0.03328767123287671,0.0,0.0,0.6944444444444444,0.7277321156773211
2025-12-03,Truffle Oil,AI forecast + inventory policy,33.0,0.0,0.0,33.0,4.0,4.0,0.0,0,29.0,0.0,246.5,7.448275862068965,0.0,1,0.16883561643835618,0.0,0.0,0.0,0.16883561643835618
2025-12-03,Vegan Cheese,AI forecast + inventory policy,22.0,12.0,0.0,34.0,4.0,4.0,0.0,0,30.0,12.0,19.5,1.8,12.0,1,0.013356164383561644,0.0,0.0,0.6944444444444444,0.7078006088280061
2025-12-04,Bacon,AI forecast + inventory policy,65.0,0.0,0.0,65.0,48.0,48.0,0.0,0,17.0,210.0,18.700000000000003,2.235294117647059,0.0,0,0.012808219178082192,0.0,0.0,0.0,0.012808219178082192
2025-12-04,Burger Buns,AI forecast + inventory policy,223.0,0.0,0.0,223.0,105.0,105.0,0.0,0,118.0,288.0,21.24,1.0,0.0,0,0.014547945205479453,0.0,0.0,0.0,0.014547945205479453
2025-12-04,Butter,AI forecast + inventory policy,83.0,0.0,0.0,83.0,33.0,33.0,0.0,0,50.0,96.0,47.5,1.0,0.0,0,0.032534246575342464,0.0,0.0,0.0,0.032534246575342464
2025-12-04,Cheese Slices,AI forecast + inventory policy,99.0,0.0,0.0,99.0,83.0,83.0,0.0,0,16.0,250.0,3.52,1.0,0.0,0,0.002410958904109589,0.0,0.0,0.0,0.002410958904109589
2025-12-04,Chicken Breast,AI forecast + inventory policy,104.0,0.0,0.0,104.0,101.0,101.0,0.0,0,3.0,280.0,5.4,1.0,0.0,0,0.0036986301369863013,0.0,0.0,0.0,0.0036986301369863013
2025-12-04,Coffee Beans,AI forecast + inventory policy,66.0,0.0,0.0,66.0,52.0,52.0,0.0,0,14.0,120.0,29.400000000000002,1.0,0.0,0,0.020136986301369862,0.0,0.0,0.0,0.020136986301369862
2025-12-04,Cooking Oil,AI forecast + inventory policy,54.0,0.0,0.0,54.0,26.0,26.0,0.0,0,28.0,64.0,44.800000000000004,1.0,0.0,0,0.030684931506849318,0.0,0.0,0.0,0.030684931506849318
2025-12-04,Eggs,AI forecast + inventory policy,96.0,0.0,0.0,96.0,51.0,51.0,0.0,0,45.0,150.0,7.2,1.0,0.0,0,0.004931506849315068,0.0,0.0,0.0,0.004931506849315068
2025-12-04,Fries (Potatoes),AI forecast + inventory policy,187.0,0.0,0.0,187.0,137.0,137.0,0.0,0,50.0,380.0,15.0,1.0,0.0,0,0.010273972602739725,0.0,0.0,0.0,0.010273972602739725
2025-12-04,Gluten-free Buns,AI forecast + inventory policy,19.0,0.0,0.0,19.0,10.0,10.0,0.0,0,9.0,12.0,4.95,1.0,0.0,0,0.0033904109589041097,0.0,0.0,0.0,0.0033904109589041097
2025-12-04,Lettuce,AI forecast + inventory policy,93.0,0.0,0.0,93.0,62.0,62.0,0.0,0,31.0,180.0,18.599999999999998,1.0,0.0,0,0.01273972602739726,0.0,0.0,0.0,0.01273972602739726
2025-12-04,Milk,AI forecast + inventory policy,82.0,0.0,0.0,82.0,78.0,78.0,0.0,0,4.0,204.0,3.0,1.0,0.0,0,0.002054794520547945,0.0,0.0,0.0,0.002054794520547945
2025-12-04,Mushrooms,AI forecast + inventory policy,62.0,0.0,0.0,62.0,56.0,56.0,0.0,0,6.0,120.0,3.3000000000000003,1.0,0.0,0,0.00226027397260274,0.0,0.0,0.0,0.00226027397260274
2025-12-04,Onions,AI forecast + inventory policy,103.0,0.0,0.0,103.0,60.0,60.0,0.0,0,43.0,120.0,10.75,1.0,0.0,0,0.007363013698630137,0.0,0.0,0.0,0.007363013698630137
2025-12-04,Salmon Fillet,AI forecast + inventory policy,87.0,0.0,0.0,87.0,30.0,30.0,0.0,0,57.0,90.0,182.4,1.0,0.0,0,0.12493150684931509,0.0,0.0,0.0,0.12493150684931509
2025-12-04,Seasonal Berries,AI forecast + inventory policy,16.0,0.0,0.0,16.0,0.0,0.0,0.0,0,16.0,0.0,22.4,1.0,0.0,0,0.015342465753424657,0.0,0.0,0.0,0.015342465753424657
2025-12-04,Soft Drinks,AI forecast + inventory policy,197.0,0.0,0.0,197.0,109.0,109.0,0.0,0,88.0,240.0,35.2,1.0,0.0,0,0.024109589041095895,0.0,0.0,0.0,0.024109589041095895
2025-12-04,Tomatoes,AI forecast + inventory policy,108.0,0.0,0.0,108.0,80.0,80.0,0.0,0,28.0,204.0,12.6,1.0,0.0,0,0.00863013698630137,0.0,0.0,0.0,0.00863013698630137
2025-12-04,Truffle Oil,AI forecast + inventory policy,29.0,0.0,0.0,29.0,0.0,0.0,0.0,0,29.0,0.0,246.5,8.448275862068966,0.0,0,0.16883561643835618,0.0,0.0,0.0,0.16883561643835618
2025-12-04,Vegan Cheese,AI forecast + inventory policy,30.0,0.0,0.0,30.0,4.0,4.0,0.0,0,26.0,12.0,16.9,2.6153846153846154,0.0,0,0.011575342465753426,0.0,0.0,0.0,0.011575342465753426
2025-12-05,Bacon,AI forecast + inventory policy,17.0,210.0,0.0,227.0,72.0,72.0,0.0,0,155.0,170.0,170.5,0.0,170.0,1,0.11678082191780823,0.0,0.0,0.625,0.7417808219178083
2025-12-05,Burger Buns,AI forecast + inventory policy,118.0,288.0,0.0,406.0,164.0,164.0,0.0,0,242.0,336.0,43.559999999999995,0.0,336.0,1,0.029835616438356163,0.0,0.0,0.625,0.6548356164383562
2025-12-05,Butter,AI forecast + inventory policy,50.0,96.0,0.0,146.0,0.0,0.0,0.0,0,146.0,108.0,138.7,0.684931506849315,108.0,1,0.095,0.0,0.0,0.625,0.72
2025-12-05,Cheese Slices,AI forecast + inventory policy,16.0,250.0,0.0,266.0,118.0,118.0,0.0,0,148.0,300.0,32.56,0.0,300.0,1,0.0223013698630137,0.0,0.0,0.625,0.6473013698630137
2025-12-05,Chicken Breast,AI forecast + inventory policy,3.0,280.0,0.0,283.0,142.0,142.0,0.0,0,141.0,340.0,253.8,0.0,340.0,1,0.17383561643835616,0.0,0.0,0.625,0.7988356164383561
2025-12-05,Coffee Beans,AI forecast + inventory policy,14.0,120.0,0.0,134.0,65.0,65.0,0.0,0,69.0,150.0,144.9,0.0,150.0,1,0.09924657534246575,0.0,0.0,0.625,0.7242465753424657
2025-12-05,Cooking Oil,AI forecast + inventory policy,28.0,64.0,0.0,92.0,32.0,32.0,0.0,0,60.0,84.0,96.0,0.0,84.0,1,0.06575342465753425,0.0,0.0,0.625,0.6907534246575342
2025-12-05,Eggs,AI forecast + inventory policy,45.0,150.0,0.0,195.0,116.0,116.0,0.0,0,79.0,210.0,12.64,0.0,210.0,1,0.008657534246575343,0.0,0.0,0.625,0.6336575342465753
2025-12-05,Fries (Potatoes),AI forecast + inventory policy,50.0,380.0,0.0,430.0,193.0,193.0,0.0,0,237.0,440.0,71.1,0.0,440.0,1,0.0486986301369863,0.0,0.0,0.625,0.6736986301369863
2025-12-05,Gluten-free Buns,AI forecast + inventory policy,9.0,12.0,0.0,21.0,14.0,14.0,0.0,0,7.0,24.0,3.8500000000000005,0.0,24.0,1,0.002636986301369863,0.0,0.0,0.625,0.6276369863013699
2025-12-05,Lettuce,AI forecast + inventory policy,31.0,180.0,0.0,211.0,90.0,90.0,0.0,0,121.0,168.0,72.6,0.0,168.0,1,0.04972602739726027,0.0,0.0,0.625,0.6747260273972603
2025-12-05,Milk,AI forecast + inventory policy,4.0,204.0,0.0,208.0,91.0,91.0,0.0,0,117.0,240.0,87.75,0.0,240.0,1,0.06010273972602739,0.0,0.0,0.625,0.6851027397260274
2025-12-05,Mushrooms,AI forecast + inventory policy,6.0,120.0,0.0,126.0,53.0,53.0,0.0,0,73.0,120.0,40.150000000000006,0.0,120.0,1,0.0275,0.0,0.0,0.625,0.6525
2025-12-05,Onions,AI forecast + inventory policy,43.0,120.0,0.0,163.0,70.0,70.0,0.0,0,93.0,200.0,23.25,0.0,200.0,1,0.015924657534246576,0.0,0.0,0.625,0.6409246575342465
2025-12-05,Salmon Fillet,AI forecast + inventory policy,57.0,90.0,0.0,147.0,54.0,54.0,0.0,0,93.0,54.0,297.6,0.06451612903225806,54.0,1,0.20383561643835618,0.0,0.0,0.625,0.8288356164383561
2025-12-05,Seasonal Berries,AI forecast + inventory policy,16.0,0.0,0.0,16.0,17.0,16.0,1.0,1,0.0,6.0,0.0,0.0,6.0,1,0.0,0.0,2.8,0.625,3.425
2025-12-05,Soft Drinks,AI forecast + inventory policy,88.0,240.0,0.0,328.0,154.0,154.0,0.0,0,174.0,240.0,69.60000000000001,0.0,240.0,1,0.047671232876712336,0.0,0.0,0.625,0.6726712328767124
2025-12-05,Tomatoes,AI forecast + inventory policy,28.0,204.0,0.0,232.0,139.0,139.0,0.0,0,93.0,216.0,41.85,0.0,216.0,1,0.028664383561643834,0.0,0.0,0.625,0.6536643835616438
2025-12-05,Truffle Oil,AI forecast + inventory policy,29.0,0.0,0.0,29.0,0.0,0.0,0.0,0,29.0,4.0,246.5,9.448275862068966,4.0,1,0.16883561643835618,0.0,0.0,0.625,0.7938356164383562
2025-12-05,Vegan Cheese,AI forecast + inventory policy,26.0,12.0,0.0,38.0,17.0,17.0,0.0,0,21.0,12.0,13.650000000000002,0.8571428571428571,12.0,1,0.00934931506849315,0.0,0.0,0.625,0.6343493150684931
2025-12-06,Bacon,AI forecast + inventory policy,155.0,0.0,0.0,155.0,74.0,74.0,0.0,0,81.0,170.0,89.10000000000001,1.0,0.0,0,0.06102739726027397,0.0,0.0,0.0,0.06102739726027397
2025-12-06,Burger Buns,AI forecast + inventory policy,242.0,0.0,0.0,242.0,206.0,206.0,0.0,0,36.0,336.0,6.4799999999999995,1.0,0.0,0,0.0044383561643835615,0.0,0.0,0.0,0.0044383561643835615
2025-12-06,Butter,AI forecast + inventory policy,146.0,0.0,0.0,146.0,52.0,52.0,0.0,0,94.0,108.0,89.3,1.0,0.0,0,0.06116438356164384,0.0,0.0,0.0,0.06116438356164384
2025-12-06,Cheese Slices,AI forecast + inventory policy,148.0,0.0,0.0,148.0,109.0,109.0,0.0,0,39.0,300.0,8.58,1.0,0.0,0,0.005876712328767124,0.0,0.0,0.0,0.005876712328767124
2025-12-06,Chicken Breast,AI forecast + inventory policy,141.0,0.0,0.0,141.0,127.0,127.0,0.0,0,14.0,340.0,25.2,1.0,0.0,0,0.01726027397260274,0.0,0.0,0.0,0.01726027397260274
2025-12-06,Coffee Beans,AI forecast + inventory policy,69.0,0.0,0.0,69.0,52.0,52.0,0.0,0,17.0,150.0,35.7,1.0,0.0,0,0.024452054794520547,0.0,0.0,0.0,0.024452054794520547
2025-12-06,Cooking Oil,AI forecast + inventory policy,60.0,0.0,0.0,60.0,42.0,42.0,0.0,0,18.0,84.0,28.8,1.0,0.0,0,0.019726027397260277,0.0,0.0,0.0,0.019726027397260277
2025-12-06,Eggs,AI forecast + inventory policy,79.0,0.0,0.0,79.0,82.0,79.0,3.0,1,0.0,210.0,0.0,0.0,0.0,0,0.0,0.0,0.96,0.0,0.96
2025-12-06,Fries (Potatoes),AI forecast + inventory policy,237.0,0.0,0.0,237.0,199.0,199.0,0.0,0,38.0,440.0,11.4,1.0,0.0,0,0.007808219178082191,0.0,0.0,0.0,0.007808219178082191
2025-12-06,Gluten-free Buns,AI forecast + inventory policy,7.0,0.0,0.0,7.0,11.0,7.0,4.0,1,0.0,24.0,0.0,0.0,0.0,0,0.0,0.0,4.4,0.0,4.4
2025-12-06,Lettuce,AI forecast + inventory policy,121.0,0.0,0.0,121.0,86.0,86.0,0.0,0,35.0,168.0,21.0,1.0,0.0,0,0.014383561643835615,0.0,0.0,0.0,0.014383561643835615
2025-12-06,Milk,AI forecast + inventory policy,117.0,0.0,0.0,117.0,84.0,84.0,0.0,0,33.0,240.0,24.75,1.0,0.0,0,0.016952054794520548,0.0,0.0,0.0,0.016952054794520548
2025-12-06,Mushrooms,AI forecast + inventory policy,73.0,0.0,0.0,73.0,71.0,71.0,0.0,0,2.0,120.0,1.1,1.0,0.0,0,0.0007534246575342466,0.0,0.0,0.0,0.0007534246575342466
2025-12-06,Onions,AI forecast + inventory policy,93.0,0.0,0.0,93.0,70.0,70.0,0.0,0,23.0,200.0,5.75,1.0,0.0,0,0.003938356164383562,0.0,0.0,0.0,0.003938356164383562
2025-12-06,Salmon Fillet,AI forecast + inventory policy,93.0,0.0,3.0,90.0,60.0,60.0,0.0,0,30.0,54.0,96.0,1.0,0.0,0,0.06575342465753425,9.750000000000002,0.0,0.0,9.815753424657537
2025-12-06,Seasonal Berries,AI forecast + inventory policy,0.0,0.0,0.0,0.0,15.0,0.0,15.0,1,0.0,6.0,0.0,0.0,0.0,0,0.0,0.0,42.0,0.0,42.0
2025-12-06,Soft Drinks,AI forecast + inventory policy,174.0,0.0,0.0,174.0,94.0,94.0,0.0,0,80.0,240.0,32.0,1.0,0.0,0,0.021917808219178086,0.0,0.0,0.0,0.021917808219178086
2025-12-06,Tomatoes,AI forecast + inventory policy,93.0,0.0,0.0,93.0,90.0,90.0,0.0,0,3.0,216.0,1.35,1.0,0.0,0,0.0009246575342465753,0.0,0.0,0.0,0.0009246575342465753
2025-12-06,Truffle Oil,AI forecast + inventory policy,29.0,0.0,0.0,29.0,13.0,13.0,0.0,0,16.0,4.0,136.0,8.375,0.0,0,0.09315068493150686,0.0,0.0,0.0,0.09315068493150686
2025-12-06,Vegan Cheese,AI forecast + inventory policy,21.0,0.0,0.0,21.0,13.0,13.0,0.0,0,8.0,12.0,5.2,1.0,0.0,0,0.0035616438356164386,0.0,0.0,0.0,0.0035616438356164386
2025-12-07,Bacon,AI forecast + inventory policy,81.0,170.0,0.0,251.0,74.0,74.0,0.0,0,177.0,0.0,194.70000000000002,0.07909604519774012,0.0,0,0.13335616438356165,0.0,0.0,0.0,0.13335616438356165
2025-12-07,Burger Buns,AI forecast + inventory policy,36.0,336.0,0.0,372.0,198.0,198.0,0.0,0,174.0,0.0,31.32,0.0,0.0,0,0.021452054794520548,0.0,0.0,0.0,0.021452054794520548
2025-12-07,Butter,AI forecast + inventory policy,94.0,108.0,0.0,202.0,43.0,43.0,0.0,0,159.0,0.0,151.04999999999998,0.6415094339622641,0.0,0,0.10345890410958904,0.0,0.0,0.0,0.10345890410958904
2025-12-07,Cheese Slices,AI forecast + inventory policy,39.0,300.0,0.0,339.0,110.0,110.0,0.0,0,229.0,0.0,50.38,0.0,0.0,0,0.0345068493150685,0.0,0.0,0.0,0.0345068493150685
2025-12-07,Chicken Breast,AI forecast + inventory policy,14.0,340.0,0.0,354.0,123.0,123.0,0.0,0,231.0,0.0,415.8,0.0,0.0,0,0.2847945205479452,0.0,0.0,0.0,0.2847945205479452
2025-12-07,Coffee Beans,AI forecast + inventory policy,17.0,150.0,0.0,167.0,51.0,51.0,0.0,0,116.0,0.0,243.60000000000002,0.0,0.0,0,0.16684931506849315,0.0,0.0,0.0,0.16684931506849315
2025-12-07,Cooking Oil,AI forecast + inventory policy,18.0,84.0,0.0,102.0,44.0,44.0,0.0,0,58.0,0.0,92.80000000000001,0.0,0.0,0,0.06356164383561645,0.0,0.0,0.0,0.06356164383561645
2025-12-07,Eggs,AI forecast + inventory policy,0.0,210.0,0.0,210.0,87.0,87.0,0.0,0,123.0,0.0,19.68,0.0,0.0,0,0.01347945205479452,0.0,0.0,0.0,0.01347945205479452
2025-12-07,Fries (Potatoes),AI forecast + inventory policy,38.0,440.0,0.0,478.0,218.0,218.0,0.0,0,260.0,0.0,78.0,0.0,0.0,0,0.05342465753424657,0.0,0.0,0.0,0.05342465753424657
2025-12-07,Gluten-free Buns,AI forecast + inventory policy,0.0,24.0,0.0,24.0,14.0,14.0,0.0,0,10.0,0.0,5.5,0.0,0.0,0,0.003767123287671233,0.0,0.0,0.0,0.003767123287671233
2025-12-07,Lettuce,AI forecast + inventory policy,35.0,168.0,0.0,203.0,65.0,65.0,0.0,0,138.0,0.0,82.8,0.0,0.0,0,0.05671232876712328,0.0,0.0,0.0,0.05671232876712328
2025-12-07,Milk,AI forecast + inventory policy,33.0,240.0,0.0,273.0,89.0,89.0,0.0,0,184.0,0.0,138.0,0.0,0.0,0,0.09452054794520547,0.0,0.0,0.0,0.09452054794520547
2025-12-07,Mushrooms,AI forecast + inventory policy,2.0,120.0,0.0,122.0,41.0,41.0,0.0,0,81.0,0.0,44.550000000000004,0.0,0.0,0,0.030513698630136987,0.0,0.0,0.0,0.030513698630136987
2025-12-07,Onions,AI forecast + inventory policy,23.0,200.0,0.0,223.0,57.0,57.0,0.0,0,166.0,0.0,41.5,0.0,0.0,0,0.028424657534246577,0.0,0.0,0.0,0.028424657534246577
2025-12-07,Salmon Fillet,AI forecast + inventory policy,30.0,54.0,0.0,84.0,61.0,61.0,0.0,0,23.0,0.0,73.60000000000001,0.0,0.0,0,0.0504109589041096,0.0,0.0,0.0,0.0504109589041096
2025-12-07,Seasonal Berries,AI forecast + inventory policy,0.0,6.0,0.0,6.0,8.0,6.0,2.0,1,0.0,0.0,0.0,0.0,0.0,0,0.0,0.0,5.6,0.0,5.6
2025-12-07,Soft Drinks,AI forecast + inventory policy,80.0,240.0,0.0,320.0,86.0,86.0,0.0,0,234.0,0.0,93.60000000000001,0.0,0.0,0,0.0641095890410959,0.0,0.0,0.0,0.0641095890410959
2025-12-07,Tomatoes,AI forecast + inventory policy,3.0,216.0,0.0,219.0,90.0,90.0,0.0,0,129.0,0.0,58.050000000000004,0.0,0.0,0,0.03976027397260274,0.0,0.0,0.0,0.03976027397260274
2025-12-07,Truffle Oil,AI forecast + inventory policy,16.0,4.0,0.0,20.0,7.0,7.0,0.0,0,13.0,0.0,110.5,5.153846153846154,0.0,0,0.07568493150684932,0.0,0.0,0.0,0.07568493150684932
2025-12-07,Vegan Cheese,AI forecast + inventory policy,8.0,12.0,0.0,20.0,12.0,12.0,0.0,0,8.0,0.0,5.2,0.0,0.0,0,0.0035616438356164386,0.0,0.0,0.0,0.0035616438356164386
2025-12-08,Bacon,AI forecast + inventory policy,177.0,0.0,0.0,177.0,45.0,45.0,0.0,0,132.0,100.0,145.20000000000002,1.0,100.0,1,0.09945205479452054,0.0,0.0,0.625,0.7244520547945206
2025-12-08,Burger Buns,AI forecast + inventory policy,174.0,0.0,0.0,174.0,113.0,113.0,0.0,0,61.0,288.0,10.98,1.0,288.0,1,0.007520547945205479,0.0,0.0,0.625,0.6325205479452055
2025-12-08,Butter,AI forecast + inventory policy,159.0,0.0,0.0,159.0,35.0,35.0,0.0,0,124.0,12.0,117.8,1.2580645161290323,12.0,1,0.08068493150684931,0.0,0.0,0.625,0.7056849315068493
2025-12-08,Cheese Slices,AI forecast + inventory policy,229.0,0.0,0.0,229.0,69.0,69.0,0.0,0,160.0,100.0,35.2,1.0,100.0,1,0.02410958904109589,0.0,0.0,0.625,0.6491095890410958
2025-12-08,Chicken Breast,AI forecast + inventory policy,231.0,0.0,0.0,231.0,89.0,89.0,0.0,0,142.0,170.0,255.6,1.0,170.0,1,0.17506849315068493,0.0,0.0,0.625,0.800068493150685
2025-12-08,Coffee Beans,AI forecast + inventory policy,116.0,0.0,0.0,116.0,66.0,66.0,0.0,0,50.0,102.0,105.0,1.0,102.0,1,0.07191780821917808,0.0,0.0,0.625,0.696917808219178
2025-12-08,Cooking Oil,AI forecast + inventory policy,58.0,0.0,0.0,58.0,28.0,28.0,0.0,0,30.0,76.0,48.0,1.0,76.0,1,0.03287671232876713,0.0,0.0,0.625,0.6578767123287671
2025-12-08,Eggs,AI forecast + inventory policy,123.0,0.0,0.0,123.0,57.0,57.0,0.0,0,66.0,150.0,10.56,1.0,150.0,1,0.007232876712328767,0.0,0.0,0.625,0.6322328767123288
2025-12-08,Fries (Potatoes),AI forecast + inventory policy,260.0,0.0,0.0,260.0,103.0,103.0,0.0,0,157.0,280.0,47.1,1.0,280.0,1,0.03226027397260274,0.0,0.0,0.625,0.6572602739726028
2025-12-08,Gluten-free Buns,AI forecast + inventory policy,10.0,0.0,0.0,10.0,11.0,10.0,1.0,1,0.0,36.0,0.0,0.0,36.0,1,0.0,0.0,1.1,0.625,1.725
2025-12-08,Lettuce,AI forecast + inventory policy,138.0,0.0,0.0,138.0,64.0,64.0,0.0,0,74.0,108.0,44.4,1.0,108.0,1,0.030410958904109588,0.0,0.0,0.625,0.6554109589041096
2025-12-08,Milk,AI forecast + inventory policy,184.0,0.0,0.0,184.0,69.0,69.0,0.0,0,115.0,144.0,86.25,1.0,144.0,1,0.05907534246575342,0.0,0.0,0.625,0.6840753424657534
2025-12-08,Mushrooms,AI forecast + inventory policy,81.0,0.0,0.0,81.0,25.0,25.0,0.0,0,56.0,80.0,30.800000000000004,1.0,80.0,1,0.021095890410958905,0.0,0.0,0.625,0.6460958904109589
2025-12-08,Onions,AI forecast + inventory policy,166.0,0.0,0.0,166.0,42.0,42.0,0.0,0,124.0,80.0,31.0,1.0,80.0,1,0.021232876712328767,0.0,0.0,0.625,0.6462328767123288
2025-12-08,Salmon Fillet,AI forecast + inventory policy,23.0,0.0,0.0,23.0,27.0,23.0,4.0,1,0.0,138.0,0.0,0.0,138.0,1,0.0,0.0,25.6,0.625,26.225
2025-12-08,Seasonal Berries,AI forecast + inventory policy,0.0,0.0,0.0,0.0,5.0,0.0,5.0,1,0.0,30.0,0.0,0.0,30.0,1,0.0,0.0,14.0,0.625,14.625
2025-12-08,Soft Drinks,AI forecast + inventory policy,234.0,0.0,0.0,234.0,56.0,56.0,0.0,0,178.0,120.0,71.2,1.0,120.0,1,0.04876712328767124,0.0,0.0,0.625,0.6737671232876712
2025-12-08,Tomatoes,AI forecast + inventory policy,129.0,0.0,0.0,129.0,71.0,71.0,0.0,0,58.0,156.0,26.1,1.0,156.0,1,0.017876712328767124,0.0,0.0,0.625,0.6428767123287671
2025-12-08,Truffle Oil,AI forecast + inventory policy,13.0,0.0,0.0,13.0,0.0,0.0,0.0,0,13.0,16.0,110.5,6.153846153846154,16.0,1,0.07568493150684932,0.0,0.0,0.625,0.7006849315068493
2025-12-08,Vegan Cheese,AI forecast + inventory policy,8.0,0.0,0.0,8.0,0.0,0.0,0.0,0,8.0,36.0,5.2,1.0,36.0,1,0.0035616438356164386,0.0,0.0,0.625,0.6285616438356164
2025-12-09,Bacon,AI forecast + inventory policy,132.0,0.0,0.0,132.0,57.0,57.0,0.0,0,75.0,100.0,82.5,2.0,0.0,0,0.0565068493150685,0.0,0.0,0.0,0.0565068493150685
2025-12-09,Burger Buns,AI forecast + inventory policy,61.0,0.0,0.0,61.0,101.0,61.0,40.0,1,0.0,288.0,0.0,0.0,0.0,0,0.0,0.0,14.399999999999999,0.0,14.399999999999999
2025-12-09,Butter,AI forecast + inventory policy,124.0,0.0,0.0,124.0,29.0,29.0,0.0,0,95.0,12.0,90.25,2.0,0.0,0,0.06181506849315069,0.0,0.0,0.0,0.06181506849315069
2025-12-09,Cheese Slices,AI forecast + inventory policy,160.0,0.0,0.0,160.0,69.0,69.0,0.0,0,91.0,100.0,20.02,2.0,0.0,0,0.013712328767123288,0.0,0.0,0.0,0.013712328767123288
2025-12-09,Chicken Breast,AI forecast + inventory policy,142.0,0.0,0.0,142.0,86.0,86.0,0.0,0,56.0,170.0,100.8,2.0,0.0,0,0.06904109589041096,0.0,0.0,0.0,0.06904109589041096
2025-12-09,Coffee Beans,AI forecast + inventory policy,50.0,0.0,0.0,50.0,43.0,43.0,0.0,0,7.0,102.0,14.700000000000001,2.0,0.0,0,0.010068493150684931,0.0,0.0,0.0,0.010068493150684931
2025-12-09,Cooking Oil,AI forecast + inventory policy,30.0,0.0,0.0,30.0,23.0,23.0,0.0,0,7.0,76.0,11.200000000000001,2.0,0.0,0,0.0076712328767123295,0.0,0.0,0.0,0.0076712328767123295
2025-12-09,Eggs,AI forecast + inventory policy,66.0,0.0,0.0,66.0,55.0,55.0,0.0,0,11.0,150.0,1.76,2.0,0.0,0,0.0012054794520547946,0.0,0.0,0.0,0.0012054794520547946
2025-12-09,Fries (Potatoes),AI forecast + inventory policy,157.0,0.0,0.0,157.0,138.0,138.0,0.0,0,19.0,280.0,5.7,2.0,0.0,0,0.0039041095890410956,0.0,0.0,0.0,0.0039041095890410956
2025-12-09,Gluten-free Buns,AI forecast + inventory policy,0.0,0.0,0.0,0.0,0.0,0.0,0.0,0,0.0,36.0,0.0,0.0,0.0,0,0.0,0.0,0.0,0.0,0.0
2025-12-09,Lettuce,AI forecast + inventory policy,74.0,0.0,0.0,74.0,55.0,55.0,0.0,0,19.0,108.0,11.4,2.0,0.0,0,0.007808219178082191,0.0,0.0,0.0,0.007808219178082191
2025-12-09,Milk,AI forecast + inventory policy,115.0,0.0,0.0,115.0,63.0,63.0,0.0,0,52.0,144.0,39.0,2.0,0.0,0,0.026712328767123285,0.0,0.0,0.0,0.026712328767123285
2025-12-09,Mushrooms,AI forecast + inventory policy,56.0,0.0,0.0,56.0,29.0,29.0,0.0,0,27.0,80.0,14.850000000000001,2.0,0.0,0,0.01017123287671233,0.0,0.0,0.0,0.01017123287671233
2025-12-09,Onions,AI forecast + inventory policy,124.0,0.0,0.0,124.0,56.0,56.0,0.0,0,68.0,80.0,17.0,2.0,0.0,0,0.011643835616438357,0.0,0.0,0.0,0.011643835616438357
2025-12-09,Salmon Fillet,AI forecast + inventory policy,0.0,0.0,0.0,0.0,31.0,0.0,31.0,1,0.0,138.0,0.0,0.0,0.0,0,0.0,0.0,198.4,0.0,198.4
2025-12-09,Seasonal Berries,AI forecast + inventory policy,0.0,0.0,0.0,0.0,7.0,0.0,7.0,1,0.0,30.0,0.0,0.0,0.0,0,0.0,0.0,19.599999999999998,0.0,19.599999999999998
2025-12-09,Soft Drinks,AI forecast + inventory policy,178.0,0.0,0.0,178.0,68.0,68.0,0.0,0,110.0,120.0,44.0,2.0,0.0,0,0.030136986301369868,0.0,0.0,0.0,0.030136986301369868
2025-12-09,Tomatoes,AI forecast + inventory policy,58.0,0.0,0.0,58.0,46.0,46.0,0.0,0,12.0,156.0,5.4,2.0,0.0,0,0.0036986301369863013,0.0,0.0,0.0,0.0036986301369863013
2025-12-09,Truffle Oil,AI forecast + inventory policy,13.0,0.0,0.0,13.0,3.0,3.0,0.0,0,10.0,16.0,85.0,6.2,0.0,0,0.058219178082191785,0.0,0.0,0.0,0.058219178082191785
2025-12-09,Vegan Cheese,AI forecast + inventory policy,8.0,0.0,0.0,8.0,6.0,6.0,0.0,0,2.0,36.0,1.3,2.0,0.0,0,0.0008904109589041097,0.0,0.0,0.0,0.0008904109589041097
2025-12-10,Bacon,AI forecast + inventory policy,75.0,100.0,0.0,175.0,59.0,59.0,0.0,0,116.0,140.0,127.60000000000002,0.41379310344827586,140.0,1,0.0873972602739726,0.0,0.0,0.6578947368421053,0.7452919971160779
2025-12-10,Burger Buns,AI forecast + inventory policy,0.0,288.0,0.0,288.0,96.0,96.0,0.0,0,192.0,336.0,34.56,0.0,336.0,1,0.023671232876712328,0.0,0.0,0.6578947368421053,0.6815659697188177
2025-12-10,Butter,AI forecast + inventory policy,95.0,12.0,0.0,107.0,46.0,46.0,0.0,0,61.0,96.0,57.949999999999996,2.4098360655737703,96.0,1,0.03969178082191781,0.0,0.0,0.6578947368421053,0.6975865176640231
2025-12-10,Cheese Slices,AI forecast + inventory policy,91.0,100.0,0.0,191.0,96.0,96.0,0.0,0,95.0,200.0,20.9,0.0,200.0,1,0.014315068493150685,0.0,0.0,0.6578947368421053,0.672209805335256
2025-12-10,Chicken Breast,AI forecast + inventory policy,56.0,170.0,0.0,226.0,86.0,86.0,0.0,0,140.0,270.0,252.0,0.0,270.0,1,0.17260273972602738,0.0,0.0,0.6578947368421053,0.8304974765681327
2025-12-10,Coffee Beans,AI forecast + inventory policy,7.0,102.0,0.0,109.0,51.0,51.0,0.0,0,58.0,132.0,121.80000000000001,0.0,132.0,1,0.08342465753424658,0.0,0.0,0.6578947368421053,0.7413193943763519
2025-12-10,Cooking Oil,AI forecast + inventory policy,7.0,76.0,0.0,83.0,34.0,34.0,0.0,0,49.0,68.0,78.4,0.0,68.0,1,0.05369863013698631,0.0,0.0,0.6578947368421053,0.7115933669790916
2025-12-10,Eggs,AI forecast + inventory policy,11.0,150.0,0.0,161.0,59.0,59.0,0.0,0,102.0,150.0,16.32,0.0,150.0,1,0.011178082191780823,0.0,0.0,0.6578947368421053,0.6690728190338862
2025-12-10,Fries (Potatoes),AI forecast + inventory policy,19.0,280.0,0.0,299.0,139.0,139.0,0.0,0,160.0,400.0,48.0,0.0,400.0,1,0.03287671232876712,0.0,0.0,0.6578947368421053,0.6907714491708724
2025-12-10,Gluten-free Buns,AI forecast + inventory policy,0.0,36.0,0.0,36.0,0.0,0.0,0.0,0,36.0,12.0,19.8,0.0,12.0,1,0.013561643835616439,0.0,0.0,0.6578947368421053,0.6714563806777217
2025-12-10,Lettuce,AI forecast + inventory policy,19.0,108.0,0.0,127.0,52.0,52.0,0.0,0,75.0,216.0,45.0,0.0,216.0,1,0.030821917808219176,0.0,0.0,0.6578947368421053,0.6887166546503245
2025-12-10,Milk,AI forecast + inventory policy,52.0,144.0,0.0,196.0,85.0,85.0,0.0,0,111.0,168.0,83.25,0.0,168.0,1,0.057020547945205474,0.0,0.0,0.6578947368421053,0.7149152847873108
2025-12-10,Mushrooms,AI forecast + inventory policy,27.0,80.0,0.0,107.0,41.0,41.0,0.0,0,66.0,110.0,36.300000000000004,0.0,110.0,1,0.024863013698630136,0.0,0.0,0.6578947368421053,0.6827577505407354
2025-12-10,Onions,AI forecast + inventory policy,68.0,80.0,0.0,148.0,56.0,56.0,0.0,0,92.0,120.0,23.0,0.391304347826087,120.0,1,0.015753424657534248,0.0,0.0,0.6578947368421053,0.6736481614996396
2025-12-10,Salmon Fillet,AI forecast + inventory policy,0.0,138.0,0.0,138.0,37.0,37.0,0.0,0,101.0,66.0,323.20000000000005,0.0,66.0,1,0.22136986301369865,0.0,0.0,0.6578947368421053,0.879264599855804
2025-12-10,Seasonal Berries,AI forecast + inventory policy,0.0,30.0,0.0,30.0,12.0,12.0,0.0,0,18.0,0.0,25.2,0.0,0.0,1,0.01726027397260274,0.0,0.0,0.0,0.01726027397260274
2025-12-10,Soft Drinks,AI forecast + inventory policy,110.0,120.0,0.0,230.0,85.0,85.0,0.0,0,145.0,192.0,58.0,0.5172413793103449,192.0,1,0.03972602739726028,0.0,0.0,0.6578947368421053,0.6976207642393656
2025-12-10,Tomatoes,AI forecast + inventory policy,12.0,156.0,0.0,168.0,55.0,55.0,0.0,0,113.0,180.0,50.85,0.0,180.0,1,0.03482876712328767,0.0,0.0,0.6578947368421053,0.692723503965393
2025-12-10,Truffle Oil,AI forecast + inventory policy,10.0,16.0,0.0,26.0,0.0,0.0,0.0,0,26.0,2.0,221.0,2.769230769230769,2.0,1,0.15136986301369865,0.0,0.0,0.6578947368421053,0.8092645998558039
2025-12-10,Vegan Cheese,AI forecast + inventory policy,2.0,36.0,0.0,38.0,8.0,8.0,0.0,0,30.0,12.0,19.5,0.0,12.0,1,0.013356164383561644,0.0,0.0,0.6578947368421053,0.671250901225667
2025-12-11,Bacon,AI forecast + inventory policy,116.0,0.0,0.0,116.0,56.0,56.0,0.0,0,60.0,140.0,66.0,1.0,0.0,0,0.045205479452054796,0.0,0.0,0.0,0.045205479452054796
2025-12-11,Burger Buns,AI forecast + inventory policy,192.0,0.0,0.0,192.0,121.0,121.0,0.0,0,71.0,336.0,12.78,1.0,0.0,0,0.008753424657534247,0.0,0.0,0.0,0.008753424657534247
2025-12-11,Butter,AI forecast + inventory policy,61.0,0.0,0.0,61.0,36.0,36.0,0.0,0,25.0,96.0,23.75,2.56,0.0,0,0.016267123287671232,0.0,0.0,0.0,0.016267123287671232
2025-12-11,Cheese Slices,AI forecast + inventory policy,95.0,0.0,0.0,95.0,74.0,74.0,0.0,0,21.0,200.0,4.62,1.0,0.0,0,0.003164383561643836,0.0,0.0,0.0,0.003164383561643836
2025-12-11,Chicken Breast,AI forecast + inventory policy,140.0,0.0,0.0,140.0,90.0,90.0,0.0,0,50.0,270.0,90.0,1.0,0.0,0,0.06164383561643835,0.0,0.0,0.0,0.06164383561643835
2025-12-11,Coffee Beans,AI forecast + inventory policy,58.0,0.0,0.0,58.0,50.0,50.0,0.0,0,8.0,132.0,16.8,1.0,0.0,0,0.011506849315068493,0.0,0.0,0.0,0.011506849315068493
2025-12-11,Cooking Oil,AI forecast + inventory policy,49.0,0.0,0.0,49.0,37.0,37.0,0.0,0,12.0,68.0,19.200000000000003,1.0,0.0,0,0.01315068493150685,0.0,0.0,0.0,0.01315068493150685
2025-12-11,Eggs,AI forecast + inventory policy,102.0,0.0,0.0,102.0,57.0,57.0,0.0,0,45.0,150.0,7.2,1.0,0.0,0,0.004931506849315068,0.0,0.0,0.0,0.004931506849315068
2025-12-11,Fries (Potatoes),AI forecast + inventory policy,160.0,0.0,0.0,160.0,120.0,120.0,0.0,0,40.0,400.0,12.0,1.0,0.0,0,0.00821917808219178,0.0,0.0,0.0,0.00821917808219178
2025-12-11,Gluten-free Buns,AI forecast + inventory policy,36.0,0.0,0.0,36.0,9.0,9.0,0.0,0,27.0,12.0,14.850000000000001,1.0,0.0,0,0.01017123287671233,0.0,0.0,0.0,0.01017123287671233
2025-12-11,Lettuce,AI forecast + inventory policy,75.0,0.0,0.0,75.0,47.0,47.0,0.0,0,28.0,216.0,16.8,1.0,0.0,0,0.011506849315068492,0.0,0.0,0.0,0.011506849315068492
2025-12-11,Milk,AI forecast + inventory policy,111.0,0.0,0.0,111.0,75.0,75.0,0.0,0,36.0,168.0,27.0,1.0,0.0,0,0.018493150684931504,0.0,0.0,0.0,0.018493150684931504
2025-12-11,Mushrooms,AI forecast + inventory policy,66.0,0.0,0.0,66.0,39.0,39.0,0.0,0,27.0,110.0,14.850000000000001,1.0,0.0,0,0.01017123287671233,0.0,0.0,0.0,0.01017123287671233
2025-12-11,Onions,AI forecast + inventory policy,92.0,0.0,0.0,92.0,56.0,56.0,0.0,0,36.0,120.0,9.0,1.0,0.0,0,0.0061643835616438354,0.0,0.0,0.0,0.0061643835616438354
2025-12-11,Salmon Fillet,AI forecast + inventory policy,101.0,0.0,0.0,101.0,27.0,27.0,0.0,0,74.0,66.0,236.8,1.0,0.0,0,0.16219178082191782,0.0,0.0,0.0,0.16219178082191782
2025-12-11,Seasonal Berries,AI forecast + inventory policy,18.0,0.0,0.0,18.0,7.0,7.0,0.0,0,11.0,0.0,15.399999999999999,1.0,0.0,0,0.010547945205479452,0.0,0.0,0.0,0.010547945205479452
2025-12-11,Soft Drinks,AI forecast + inventory policy,145.0,0.0,0.0,145.0,82.0,82.0,0.0,0,63.0,192.0,25.200000000000003,1.0,0.0,0,0.01726027397260274,0.0,0.0,0.0,0.01726027397260274
2025-12-11,Tomatoes,AI forecast + inventory policy,113.0,0.0,0.0,113.0,71.0,71.0,0.0,0,42.0,180.0,18.900000000000002,1.0,0.0,0,0.012945205479452054,0.0,0.0,0.0,0.012945205479452054
2025-12-11,Truffle Oil,AI forecast + inventory policy,26.0,0.0,0.0,26.0,0.0,0.0,0.0,0,26.0,2.0,221.0,3.769230769230769,0.0,0,0.15136986301369865,0.0,0.0,0.0,0.15136986301369865
2025-12-11,Vegan Cheese,AI forecast + inventory policy,30.0,0.0,0.0,30.0,0.0,0.0,0.0,0,30.0,12.0,19.5,1.0,0.0,0,0.013356164383561644,0.0,0.0,0.0,0.013356164383561644
2025-12-12,Bacon,AI forecast + inventory policy,60.0,140.0,0.0,200.0,78.0,78.0,0.0,0,122.0,190.0,134.20000000000002,0.0,190.0,1,0.09191780821917808,0.0,0.0,0.6578947368421053,0.7498125450612834
2025-12-12,Burger Buns,AI forecast + inventory policy,71.0,336.0,0.0,407.0,191.0,191.0,0.0,0,216.0,336.0,38.879999999999995,0.0,336.0,1,0.02663013698630137,0.0,0.0,0.6578947368421053,0.6845248738284067
2025-12-12,Butter,AI forecast + inventory policy,25.0,96.0,0.0,121.0,35.0,35.0,0.0,0,86.0,120.0,81.7,0.0,120.0,1,0.05595890410958904,0.0,0.0,0.6578947368421053,0.7138536409516943
2025-12-12,Cheese Slices,AI forecast + inventory policy,21.0,200.0,0.0,221.0,109.0,109.0,0.0,0,112.0,300.0,24.64,0.0,300.0,1,0.016876712328767123,0.0,0.0,0.6578947368421053,0.6747714491708724
2025-12-12,Chicken Breast,AI forecast + inventory policy,50.0,270.0,0.0,320.0,134.0,134.0,0.0,0,186.0,290.0,334.8,0.0,290.0,1,0.22931506849315067,0.0,0.0,0.6578947368421053,0.887209805335256
2025-12-12,Coffee Beans,AI forecast + inventory policy,8.0,132.0,0.0,140.0,54.0,54.0,0.0,0,86.0,156.0,180.6,0.0,156.0,1,0.1236986301369863,0.0,0.0,0.6578947368421053,0.7815933669790917
2025-12-12,Cooking Oil,AI forecast + inventory policy,12.0,68.0,0.0,80.0,29.0,29.0,0.0,0,51.0,100.0,81.60000000000001,0.0,100.0,1,0.05589041095890412,0.0,0.0,0.6578947368421053,0.7137851478010094
2025-12-12,Eggs,AI forecast + inventory policy,45.0,150.0,0.0,195.0,78.0,78.0,0.0,0,117.0,180.0,18.72,0.0,180.0,1,0.012821917808219178,0.0,0.0,0.6578947368421053,0.6707166546503245
2025-12-12,Fries (Potatoes),AI forecast + inventory policy,40.0,400.0,0.0,440.0,184.0,184.0,0.0,0,256.0,400.0,76.8,0.0,400.0,1,0.052602739726027394,0.0,0.0,0.6578947368421053,0.7104974765681327
2025-12-12,Gluten-free Buns,AI forecast + inventory policy,27.0,12.0,0.0,39.0,25.0,25.0,0.0,0,14.0,0.0,7.700000000000001,0.2857142857142857,0.0,1,0.005273972602739726,0.0,0.0,0.0,0.005273972602739726
2025-12-12,Lettuce,AI forecast + inventory policy,28.0,216.0,0.0,244.0,123.0,123.0,0.0,0,121.0,192.0,72.6,0.0,192.0,1,0.04972602739726027,0.0,0.0,0.6578947368421053,0.7076207642393656
2025-12-12,Milk,AI forecast + inventory policy,36.0,168.0,0.0,204.0,93.0,93.0,0.0,0,111.0,240.0,83.25,0.0,240.0,1,0.057020547945205474,0.0,0.0,0.6578947368421053,0.7149152847873108
2025-12-12,Mushrooms,AI forecast + inventory policy,27.0,110.0,0.0,137.0,83.0,83.0,0.0,0,54.0,150.0,29.700000000000003,0.0,150.0,1,0.02034246575342466,0.0,0.0,0.6578947368421053,0.67823720259553
2025-12-12,Onions,AI forecast + inventory policy,36.0,120.0,0.0,156.0,81.0,81.0,0.0,0,75.0,180.0,18.75,0.0,180.0,1,0.012842465753424657,0.0,0.0,0.6578947368421053,0.6707372025955299
2025-12-12,Salmon Fillet,AI forecast + inventory policy,74.0,66.0,0.0,140.0,56.0,56.0,0.0,0,84.0,66.0,268.8,0.42857142857142855,66.0,1,0.18410958904109592,0.0,0.0,0.6578947368421053,0.8420043258832013
2025-12-12,Seasonal Berries,AI forecast + inventory policy,11.0,0.0,0.0,11.0,10.0,10.0,0.0,0,1.0,18.0,1.4,2.0,18.0,1,0.0009589041095890411,0.0,0.0,0.6578947368421053,0.6588536409516943
2025-12-12,Soft Drinks,AI forecast + inventory policy,63.0,192.0,0.0,255.0,141.0,141.0,0.0,0,114.0,216.0,45.6,0.0,216.0,1,0.031232876712328772,0.0,0.0,0.6578947368421053,0.6891276135544341
2025-12-12,Tomatoes,AI forecast + inventory policy,42.0,180.0,0.0,222.0,84.0,84.0,0.0,0,138.0,192.0,62.1,0.0,192.0,1,0.042534246575342466,0.0,0.0,0.6578947368421053,0.7004289834174477
2025-12-12,Truffle Oil,AI forecast + inventory policy,26.0,2.0,0.0,28.0,7.0,7.0,0.0,0,21.0,6.0,178.5,2.238095238095238,6.0,1,0.12226027397260275,0.0,0.0,0.6578947368421053,0.7801550108147081
2025-12-12,Vegan Cheese,AI forecast + inventory policy,30.0,12.0,0.0,42.0,9.0,9.0,0.0,0,33.0,12.0,21.450000000000003,1.2727272727272727,12.0,1,0.01469178082191781,0.0,0.0,0.6578947368421053,0.6725865176640231
2025-12-13,Bacon,AI forecast + inventory policy,122.0,0.0,0.0,122.0,62.0,62.0,0.0,0,60.0,190.0,66.0,1.0,0.0,0,0.045205479452054796,0.0,0.0,0.0,0.045205479452054796
2025-12-13,Burger Buns,AI forecast + inventory policy,216.0,0.0,0.0,216.0,165.0,165.0,0.0,0,51.0,336.0,9.18,1.0,0.0,0,0.006287671232876713,0.0,0.0,0.0,0.006287671232876713
2025-12-13,Butter,AI forecast + inventory policy,86.0,0.0,0.0,86.0,47.0,47.0,0.0,0,39.0,120.0,37.05,1.0,0.0,0,0.025376712328767124,0.0,0.0,0.0,0.025376712328767124
2025-12-13,Cheese Slices,AI forecast + inventory policy,112.0,0.0,0.0,112.0,93.0,93.0,0.0,0,19.0,300.0,4.18,1.0,0.0,0,0.002863013698630137,0.0,0.0,0.0,0.002863013698630137
2025-12-13,Chicken Breast,AI forecast + inventory policy,186.0,0.0,0.0,186.0,135.0,135.0,0.0,0,51.0,290.0,91.8,1.0,0.0,0,0.06287671232876713,0.0,0.0,0.0,0.06287671232876713
2025-12-13,Coffee Beans,AI forecast + inventory policy,86.0,0.0,0.0,86.0,63.0,63.0,0.0,0,23.0,156.0,48.300000000000004,1.0,0.0,0,0.03308219178082192,0.0,0.0,0.0,0.03308219178082192
2025-12-13,Cooking Oil,AI forecast + inventory policy,51.0,0.0,0.0,51.0,43.0,43.0,0.0,0,8.0,100.0,12.8,1.0,0.0,0,0.008767123287671234,0.0,0.0,0.0,0.008767123287671234
2025-12-13,Eggs,AI forecast + inventory policy,117.0,0.0,0.0,117.0,77.0,77.0,0.0,0,40.0,180.0,6.4,1.0,0.0,0,0.004383561643835616,0.0,0.0,0.0,0.004383561643835616
2025-12-13,Fries (Potatoes),AI forecast + inventory policy,256.0,0.0,0.0,256.0,193.0,193.0,0.0,0,63.0,400.0,18.9,1.0,0.0,0,0.012945205479452054,0.0,0.0,0.0,0.012945205479452054
2025-12-13,Gluten-free Buns,AI forecast + inventory policy,14.0,0.0,2.0,12.0,25.0,12.0,13.0,1,0.0,0.0,0.0,0.0,0.0,0,0.0,1.2000000000000002,14.3,0.0,15.5
2025-12-13,Lettuce,AI forecast + inventory policy,121.0,0.0,0.0,121.0,70.0,70.0,0.0,0,51.0,192.0,30.599999999999998,1.0,0.0,0,0.02095890410958904,0.0,0.0,0.0,0.02095890410958904
2025-12-13,Milk,AI forecast + inventory policy,111.0,0.0,0.0,111.0,83.0,83.0,0.0,0,28.0,240.0,21.0,1.0,0.0,0,0.014383561643835615,0.0,0.0,0.0,0.014383561643835615
2025-12-13,Mushrooms,AI forecast + inventory policy,54.0,0.0,0.0,54.0,57.0,54.0,3.0,1,0.0,150.0,0.0,0.0,0.0,0,0.0,0.0,3.3000000000000003,0.0,3.3000000000000003
2025-12-13,Onions,AI forecast + inventory policy,75.0,0.0,0.0,75.0,83.0,75.0,8.0,1,0.0,180.0,0.0,0.0,0.0,0,0.0,0.0,4.0,0.0,4.0
2025-12-13,Salmon Fillet,AI forecast + inventory policy,84.0,0.0,18.0,66.0,56.0,56.0,0.0,0,10.0,66.0,32.0,1.0,0.0,0,0.021917808219178086,58.5,0.0,0.0,58.52191780821918
2025-12-13,Seasonal Berries,AI forecast + inventory policy,1.0,0.0,1.0,0.0,0.0,0.0,0.0,0,0.0,18.0,0.0,0.0,0.0,0,0.0,1.45,0.0,0.0,1.45
2025-12-13,Soft Drinks,AI forecast + inventory policy,114.0,0.0,0.0,114.0,103.0,103.0,0.0,0,11.0,216.0,4.4,1.0,0.0,0,0.003013698630136987,0.0,0.0,0.0,0.003013698630136987
2025-12-13,Tomatoes,AI forecast + inventory policy,138.0,0.0,0.0,138.0,80.0,80.0,0.0,0,58.0,192.0,26.1,1.0,0.0,0,0.017876712328767124,0.0,0.0,0.0,0.017876712328767124
2025-12-13,Truffle Oil,AI forecast + inventory policy,21.0,0.0,0.0,21.0,15.0,15.0,0.0,0,6.0,6.0,51.0,2.3333333333333335,0.0,0,0.03493150684931507,0.0,0.0,0.0,0.03493150684931507
2025-12-13,Vegan Cheese,AI forecast + inventory policy,33.0,0.0,0.0,33.0,9.0,9.0,0.0,0,24.0,12.0,15.600000000000001,2.0,0.0,0,0.010684931506849316,0.0,0.0,0.0,0.010684931506849316
2025-12-14,Bacon,AI forecast + inventory policy,60.0,190.0,0.0,250.0,75.0,75.0,0.0,0,175.0,0.0,192.50000000000003,0.0,0.0,0,0.13184931506849315,0.0,0.0,0.0,0.13184931506849315
2025-12-14,Burger Buns,AI forecast + inventory policy,51.0,336.0,0.0,387.0,185.0,185.0,0.0,0,202.0,0.0,36.36,0.0,0.0,0,0.024904109589041094,0.0,0.0,0.0,0.024904109589041094
2025-12-14,Butter,AI forecast + inventory policy,39.0,120.0,0.0,159.0,40.0,40.0,0.0,0,119.0,0.0,113.05,0.0,0.0,0,0.07743150684931507,0.0,0.0,0.0,0.07743150684931507
2025-12-14,Cheese Slices,AI forecast + inventory policy,19.0,300.0,0.0,319.0,106.0,106.0,0.0,0,213.0,0.0,46.86,0.0,0.0,0,0.03209589041095891,0.0,0.0,0.0,0.03209589041095891
2025-12-14,Chicken Breast,AI forecast + inventory policy,51.0,290.0,0.0,341.0,129.0,129.0,0.0,0,212.0,0.0,381.6,0.0,0.0,0,0.26136986301369863,0.0,0.0,0.0,0.26136986301369863
2025-12-14,Coffee Beans,AI forecast + inventory policy,23.0,156.0,0.0,179.0,56.0,56.0,0.0,0,123.0,0.0,258.3,0.0,0.0,0,0.17691780821917807,0.0,0.0,0.0,0.17691780821917807
2025-12-14,Cooking Oil,AI forecast + inventory policy,8.0,100.0,0.0,108.0,31.0,31.0,0.0,0,77.0,0.0,123.2,0.0,0.0,0,0.08438356164383563,0.0,0.0,0.0,0.08438356164383563
2025-12-14,Eggs,AI forecast + inventory policy,40.0,180.0,0.0,220.0,80.0,80.0,0.0,0,140.0,0.0,22.400000000000002,0.0,0.0,0,0.015342465753424657,0.0,0.0,0.0,0.015342465753424657
2025-12-14,Fries (Potatoes),AI forecast + inventory policy,63.0,400.0,0.0,463.0,190.0,190.0,0.0,0,273.0,0.0,81.89999999999999,0.0,0.0,0,0.0560958904109589,0.0,0.0,0.0,0.0560958904109589
2025-12-14,Gluten-free Buns,AI forecast + inventory policy,0.0,0.0,0.0,0.0,22.0,0.0,22.0,1,0.0,0.0,0.0,0.0,0.0,0,0.0,0.0,24.200000000000003,0.0,24.200000000000003
2025-12-14,Lettuce,AI forecast + inventory policy,51.0,192.0,0.0,243.0,96.0,96.0,0.0,0,147.0,0.0,88.2,0.0,0.0,0,0.060410958904109587,0.0,0.0,0.0,0.060410958904109587
2025-12-14,Milk,AI forecast + inventory policy,28.0,240.0,0.0,268.0,126.0,126.0,0.0,0,142.0,0.0,106.5,0.0,0.0,0,0.07294520547945205,0.0,0.0,0.0,0.07294520547945205
2025-12-14,Mushrooms,AI forecast + inventory policy,0.0,150.0,0.0,150.0,73.0,73.0,0.0,0,77.0,0.0,42.35,0.0,0.0,0,0.029006849315068493,0.0,0.0,0.0,0.029006849315068493
2025-12-14,Onions,AI forecast + inventory policy,0.0,180.0,0.0,180.0,67.0,67.0,0.0,0,113.0,0.0,28.25,0.0,0.0,0,0.01934931506849315,0.0,0.0,0.0,0.01934931506849315
2025-12-14,Salmon Fillet,AI forecast + inventory policy,10.0,66.0,0.0,76.0,0.0,0.0,0.0,0,76.0,0.0,243.20000000000002,0.2631578947368421,0.0,0,0.16657534246575345,0.0,0.0,0.0,0.16657534246575345
2025-12-14,Seasonal Berries,AI forecast + inventory policy,0.0,18.0,0.0,18.0,7.0,7.0,0.0,0,11.0,0.0,15.399999999999999,0.0,0.0,0,0.010547945205479452,0.0,0.0,0.0,0.010547945205479452
2025-12-14,Soft Drinks,AI forecast + inventory policy,11.0,216.0,0.0,227.0,110.0,110.0,0.0,0,117.0,0.0,46.800000000000004,0.0,0.0,0,0.03205479452054795,0.0,0.0,0.0,0.03205479452054795
2025-12-14,Tomatoes,AI forecast + inventory policy,58.0,192.0,0.0,250.0,92.0,92.0,0.0,0,158.0,0.0,71.10000000000001,0.0,0.0,0,0.0486986301369863,0.0,0.0,0.0,0.0486986301369863
2025-12-14,Truffle Oil,AI forecast + inventory policy,6.0,6.0,0.0,12.0,5.0,5.0,0.0,0,7.0,0.0,59.5,0.2857142857142857,0.0,0,0.040753424657534246,0.0,0.0,0.0,0.040753424657534246
2025-12-14,Vegan Cheese,AI forecast + inventory policy,24.0,12.0,0.0,36.0,17.0,17.0,0.0,0,19.0,0.0,12.350000000000001,0.7368421052631579,0.0,0,0.008458904109589042,0.0,0.0,0.0,0.008458904109589042
2025-12-15,Bacon,AI forecast + inventory policy,175.0,0.0,0.0,175.0,46.0,46.0,0.0,0,129.0,100.0,141.9,1.0,100.0,1,0.09719178082191782,0.0,0.0,0.625,0.7221917808219178
2025-12-15,Burger Buns,AI forecast + inventory policy,202.0,0.0,0.0,202.0,91.0,91.0,0.0,0,111.0,288.0,19.98,1.0,288.0,1,0.013684931506849315,0.0,0.0,0.625,0.6386849315068494
2025-12-15,Butter,AI forecast + inventory policy,119.0,0.0,0.0,119.0,34.0,34.0,0.0,0,85.0,60.0,80.75,1.0,60.0,1,0.055308219178082194,0.0,0.0,0.625,0.6803082191780822
2025-12-15,Cheese Slices,AI forecast + inventory policy,213.0,0.0,0.0,213.0,75.0,75.0,0.0,0,138.0,100.0,30.36,1.0,100.0,1,0.020794520547945207,0.0,0.0,0.625,0.6457945205479452
2025-12-15,Chicken Breast,AI forecast + inventory policy,212.0,0.0,0.0,212.0,78.0,78.0,0.0,0,134.0,170.0,241.20000000000002,1.0,170.0,1,0.1652054794520548,0.0,0.0,0.625,0.7902054794520548
2025-12-15,Coffee Beans,AI forecast + inventory policy,123.0,0.0,0.0,123.0,47.0,47.0,0.0,0,76.0,102.0,159.6,1.0,102.0,1,0.10931506849315069,0.0,0.0,0.625,0.7343150684931506
2025-12-15,Cooking Oil,AI forecast + inventory policy,77.0,0.0,0.0,77.0,12.0,12.0,0.0,0,65.0,56.0,104.0,1.0,56.0,1,0.07123287671232878,0.0,0.0,0.625,0.6962328767123288
2025-12-15,Eggs,AI forecast + inventory policy,140.0,0.0,0.0,140.0,61.0,61.0,0.0,0,79.0,120.0,12.64,1.0,120.0,1,0.008657534246575343,0.0,0.0,0.625,0.6336575342465753
2025-12-15,Fries (Potatoes),AI forecast + inventory policy,273.0,0.0,0.0,273.0,131.0,131.0,0.0,0,142.0,240.0,42.6,1.0,240.0,1,0.02917808219178082,0.0,0.0,0.625,0.6541780821917809
2025-12-15,Gluten-free Buns,AI forecast + inventory policy,0.0,0.0,0.0,0.0,0.0,0.0,0.0,0,0.0,60.0,0.0,0.0,60.0,1,0.0,0.0,0.0,0.625,0.625
2025-12-15,Lettuce,AI forecast + inventory policy,147.0,0.0,0.0,147.0,46.0,46.0,0.0,0,101.0,96.0,60.599999999999994,1.0,96.0,1,0.04150684931506849,0.0,0.0,0.625,0.6665068493150685
2025-12-15,Milk,AI forecast + inventory policy,142.0,0.0,0.0,142.0,78.0,78.0,0.0,0,64.0,168.0,48.0,1.0,168.0,1,0.03287671232876712,0.0,0.0,0.625,0.6578767123287671
2025-12-15,Mushrooms,AI forecast + inventory policy,77.0,0.0,0.0,77.0,45.0,45.0,0.0,0,32.0,100.0,17.6,1.0,100.0,1,0.012054794520547946,0.0,0.0,0.625,0.6370547945205479
2025-12-15,Onions,AI forecast + inventory policy,113.0,0.0,0.0,113.0,62.0,62.0,0.0,0,51.0,120.0,12.75,1.0,120.0,1,0.008732876712328768,0.0,0.0,0.625,0.6337328767123288
2025-12-15,Salmon Fillet,AI forecast + inventory policy,76.0,0.0,10.0,66.0,28.0,28.0,0.0,0,38.0,84.0,121.60000000000001,1.0,84.0,1,0.08328767123287673,32.5,0.0,0.625,33.208287671232874
2025-12-15,Seasonal Berries,AI forecast + inventory policy,11.0,0.0,0.0,11.0,7.0,7.0,0.0,0,4.0,18.0,5.6,1.0,18.0,1,0.0038356164383561643,0.0,0.0,0.625,0.6288356164383562
2025-12-15,Soft Drinks,AI forecast + inventory policy,117.0,0.0,0.0,117.0,47.0,47.0,0.0,0,70.0,144.0,28.0,1.0,144.0,1,0.019178082191780823,0.0,0.0,0.625,0.6441780821917809
2025-12-15,Tomatoes,AI forecast + inventory policy,158.0,0.0,0.0,158.0,58.0,58.0,0.0,0,100.0,132.0,45.0,1.0,132.0,1,0.030821917808219176,0.0,0.0,0.625,0.6558219178082192
2025-12-15,Truffle Oil,AI forecast + inventory policy,7.0,0.0,0.0,7.0,9.0,7.0,2.0,1,0.0,24.0,0.0,0.0,24.0,1,0.0,0.0,34.0,0.625,34.625
2025-12-15,Vegan Cheese,AI forecast + inventory policy,19.0,0.0,0.0,19.0,7.0,7.0,0.0,0,12.0,24.0,7.800000000000001,1.0,24.0,1,0.005342465753424658,0.0,0.0,0.625,0.6303424657534247
2025-12-16,Bacon,AI forecast + inventory policy,129.0,0.0,0.0,129.0,56.0,56.0,0.0,0,73.0,100.0,80.30000000000001,2.0,0.0,0,0.055,0.0,0.0,0.0,0.055
2025-12-16,Burger Buns,AI forecast + inventory policy,111.0,0.0,0.0,111.0,99.0,99.0,0.0,0,12.0,288.0,2.16,2.0,0.0,0,0.0014794520547945205,0.0,0.0,0.0,0.0014794520547945205
2025-12-16,Butter,AI forecast + inventory policy,85.0,0.0,0.0,85.0,44.0,44.0,0.0,0,41.0,60.0,38.949999999999996,2.0,0.0,0,0.026678082191780823,0.0,0.0,0.0,0.026678082191780823
2025-12-16,Cheese Slices,AI forecast + inventory policy,138.0,0.0,0.0,138.0,70.0,70.0,0.0,0,68.0,100.0,14.96,2.0,0.0,0,0.010246575342465754,0.0,0.0,0.0,0.010246575342465754
2025-12-16,Chicken Breast,AI forecast + inventory policy,134.0,0.0,0.0,134.0,94.0,94.0,0.0,0,40.0,170.0,72.0,2.0,0.0,0,0.049315068493150684,0.0,0.0,0.0,0.049315068493150684
2025-12-16,Coffee Beans,AI forecast + inventory policy,76.0,0.0,0.0,76.0,62.0,62.0,0.0,0,14.0,102.0,29.400000000000002,2.0,0.0,0,0.020136986301369862,0.0,0.0,0.0,0.020136986301369862
2025-12-16,Cooking Oil,AI forecast + inventory policy,65.0,0.0,0.0,65.0,30.0,30.0,0.0,0,35.0,56.0,56.0,2.0,0.0,0,0.038356164383561646,0.0,0.0,0.0,0.038356164383561646
2025-12-16,Eggs,AI forecast + inventory policy,79.0,0.0,0.0,79.0,55.0,55.0,0.0,0,24.0,120.0,3.84,2.0,0.0,0,0.00263013698630137,0.0,0.0,0.0,0.00263013698630137
2025-12-16,Fries (Potatoes),AI forecast + inventory policy,142.0,0.0,0.0,142.0,122.0,122.0,0.0,0,20.0,240.0,6.0,2.0,0.0,0,0.00410958904109589,0.0,0.0,0.0,0.00410958904109589
2025-12-16,Gluten-free Buns,AI forecast + inventory policy,0.0,0.0,0.0,0.0,7.0,0.0,7.0,1,0.0,60.0,0.0,0.0,0.0,0,0.0,0.0,7.700000000000001,0.0,7.700000000000001
2025-12-16,Lettuce,AI forecast + inventory policy,101.0,0.0,0.0,101.0,50.0,50.0,0.0,0,51.0,96.0,30.599999999999998,2.0,0.0,0,0.02095890410958904,0.0,0.0,0.0,0.02095890410958904
2025-12-16,Milk,AI forecast + inventory policy,64.0,0.0,0.0,64.0,63.0,63.0,0.0,0,1.0,168.0,0.75,2.0,0.0,0,0.0005136986301369863,0.0,0.0,0.0,0.0005136986301369863
2025-12-16,Mushrooms,AI forecast + inventory policy,32.0,0.0,0.0,32.0,42.0,32.0,10.0,1,0.0,100.0,0.0,0.0,0.0,0,0.0,0.0,11.0,0.0,11.0
2025-12-16,Onions,AI forecast + inventory policy,51.0,0.0,0.0,51.0,56.0,51.0,5.0,1,0.0,120.0,0.0,0.0,0.0,0,0.0,0.0,2.5,0.0,2.5
2025-12-16,Salmon Fillet,AI forecast + inventory policy,38.0,0.0,0.0,38.0,33.0,33.0,0.0,0,5.0,84.0,16.0,2.0,0.0,0,0.010958904109589043,0.0,0.0,0.0,0.010958904109589043
2025-12-16,Seasonal Berries,AI forecast + inventory policy,4.0,0.0,0.0,4.0,5.0,4.0,1.0,1,0.0,18.0,0.0,0.0,0.0,0,0.0,0.0,2.8,0.0,2.8
2025-12-16,Soft Drinks,AI forecast + inventory policy,70.0,0.0,0.0,70.0,45.0,45.0,0.0,0,25.0,144.0,10.0,2.0,0.0,0,0.006849315068493151,0.0,0.0,0.0,0.006849315068493151
2025-12-16,Tomatoes,AI forecast + inventory policy,100.0,0.0,0.0,100.0,49.0,49.0,0.0,0,51.0,132.0,22.95,2.0,0.0,0,0.01571917808219178,0.0,0.0,0.0,0.01571917808219178
2025-12-16,Truffle Oil,AI forecast + inventory policy,0.0,0.0,0.0,0.0,0.0,0.0,0.0,0,0.0,24.0,0.0,0.0,0.0,0,0.0,0.0,0.0,0.0,0.0
2025-12-16,Vegan Cheese,AI forecast + inventory policy,12.0,0.0,0.0,12.0,0.0,0.0,0.0,0,12.0,24.0,7.800000000000001,2.0,0.0,0,0.005342465753424658,0.0,0.0,0.0,0.005342465753424658
2025-12-17,Bacon,AI forecast + inventory policy,73.0,100.0,0.0,173.0,48.0,48.0,0.0,0,125.0,150.0,137.50000000000003,0.6,150.0,1,0.09417808219178082,0.0,0.0,0.6578947368421053,0.7520728190338861
2025-12-17,Burger Buns,AI forecast + inventory policy,12.0,288.0,12.0,288.0,145.0,145.0,0.0,0,143.0,336.0,25.74,0.0,336.0,1,0.017630136986301368,2.7600000000000002,0.0,0.6578947368421053,3.435524873828407
2025-12-17,Butter,AI forecast + inventory policy,41.0,60.0,0.0,101.0,38.0,38.0,0.0,0,63.0,96.0,59.85,0.14285714285714285,96.0,1,0.040993150684931506,0.0,0.0,0.6578947368421053,0.6988878875270368
2025-12-17,Cheese Slices,AI forecast + inventory policy,68.0,100.0,0.0,168.0,89.0,89.0,0.0,0,79.0,250.0,17.38,0.0,250.0,1,0.011904109589041097,0.0,0.0,0.6578947368421053,0.6697988464311464
2025-12-17,Chicken Breast,AI forecast + inventory policy,40.0,170.0,0.0,210.0,91.0,91.0,0.0,0,119.0,270.0,214.20000000000002,0.0,270.0,1,0.14671232876712328,0.0,0.0,0.6578947368421053,0.8046070656092286
2025-12-17,Coffee Beans,AI forecast + inventory policy,14.0,102.0,0.0,116.0,60.0,60.0,0.0,0,56.0,138.0,117.60000000000001,0.0,138.0,1,0.08054794520547945,0.0,0.0,0.6578947368421053,0.7384426820475848
2025-12-17,Cooking Oil,AI forecast + inventory policy,35.0,56.0,0.0,91.0,18.0,18.0,0.0,0,73.0,64.0,116.80000000000001,0.6986301369863014,64.0,1,0.08000000000000002,0.0,0.0,0.6578947368421053,0.7378947368421054
2025-12-17,Eggs,AI forecast + inventory policy,24.0,120.0,0.0,144.0,60.0,60.0,0.0,0,84.0,180.0,13.44,0.0,180.0,1,0.009205479452054795,0.0,0.0,0.6578947368421053,0.66710021629416
2025-12-17,Fries (Potatoes),AI forecast + inventory policy,20.0,240.0,0.0,260.0,121.0,121.0,0.0,0,139.0,420.0,41.699999999999996,0.0,420.0,1,0.028561643835616435,0.0,0.0,0.6578947368421053,0.6864563806777217
2025-12-17,Gluten-free Buns,AI forecast + inventory policy,0.0,60.0,0.0,60.0,0.0,0.0,0.0,0,60.0,0.0,33.0,0.0,0.0,1,0.022602739726027398,0.0,0.0,0.0,0.022602739726027398
2025-12-17,Lettuce,AI forecast + inventory policy,51.0,96.0,0.0,147.0,58.0,58.0,0.0,0,89.0,132.0,53.4,0.0,132.0,1,0.03657534246575342,0.0,0.0,0.6578947368421053,0.6944700793078588
2025-12-17,Milk,AI forecast + inventory policy,1.0,168.0,0.0,169.0,65.0,65.0,0.0,0,104.0,204.0,78.0,0.0,204.0,1,0.05342465753424657,0.0,0.0,0.6578947368421053,0.7113193943763518
2025-12-17,Mushrooms,AI forecast + inventory policy,0.0,100.0,0.0,100.0,49.0,49.0,0.0,0,51.0,140.0,28.05,0.0,140.0,1,0.01921232876712329,0.0,0.0,0.6578947368421053,0.6771070656092286
2025-12-17,Onions,AI forecast + inventory policy,0.0,120.0,0.0,120.0,57.0,57.0,0.0,0,63.0,160.0,15.75,0.0,160.0,1,0.010787671232876713,0.0,0.0,0.6578947368421053,0.668682408074982
2025-12-17,Salmon Fillet,AI forecast + inventory policy,5.0,84.0,5.0,84.0,34.0,34.0,0.0,0,50.0,126.0,160.0,0.0,126.0,1,0.10958904109589042,16.25,0.0,0.6578947368421053,17.017483777937997
2025-12-17,Seasonal Berries,AI forecast + inventory policy,0.0,18.0,0.0,18.0,8.0,8.0,0.0,0,10.0,12.0,14.0,0.0,12.0,1,0.009589041095890411,0.0,0.0,0.6578947368421053,0.6674837779379957
2025-12-17,Soft Drinks,AI forecast + inventory policy,25.0,144.0,0.0,169.0,64.0,64.0,0.0,0,105.0,192.0,42.0,0.0,192.0,1,0.028767123287671236,0.0,0.0,0.6578947368421053,0.6866618601297766
2025-12-17,Tomatoes,AI forecast + inventory policy,51.0,132.0,0.0,183.0,74.0,74.0,0.0,0,109.0,144.0,49.050000000000004,0.0,144.0,1,0.0335958904109589,0.0,0.0,0.6578947368421053,0.6914906272530642
2025-12-17,Truffle Oil,AI forecast + inventory policy,0.0,24.0,0.0,24.0,9.0,9.0,0.0,0,15.0,8.0,127.5,0.0,8.0,1,0.08732876712328767,0.0,0.0,0.6578947368421053,0.7452235039653929
2025-12-17,Vegan Cheese,AI forecast + inventory policy,12.0,24.0,0.0,36.0,6.0,6.0,0.0,0,30.0,12.0,19.5,0.6,12.0,1,0.013356164383561644,0.0,0.0,0.6578947368421053,0.671250901225667
2025-12-18,Bacon,AI forecast + inventory policy,125.0,0.0,0.0,125.0,61.0,61.0,0.0,0,64.0,150.0,70.4,1.0,0.0,0,0.04821917808219178,0.0,0.0,0.0,0.04821917808219178
2025-12-18,Burger Buns,AI forecast + inventory policy,143.0,0.0,0.0,143.0,125.0,125.0,0.0,0,18.0,336.0,3.2399999999999998,1.0,0.0,0,0.0022191780821917808,0.0,0.0,0.0,0.0022191780821917808
2025-12-18,Butter,AI forecast + inventory policy,63.0,0.0,0.0,63.0,40.0,40.0,0.0,0,23.0,96.0,21.849999999999998,1.0,0.0,0,0.014965753424657535,0.0,0.0,0.0,0.014965753424657535
2025-12-18,Cheese Slices,AI forecast + inventory policy,79.0,0.0,0.0,79.0,94.0,79.0,15.0,1,0.0,250.0,0.0,0.0,0.0,0,0.0,0.0,6.6,0.0,6.6
2025-12-18,Chicken Breast,AI forecast + inventory policy,119.0,0.0,0.0,119.0,104.0,104.0,0.0,0,15.0,270.0,27.0,1.0,0.0,0,0.018493150684931507,0.0,0.0,0.0,0.018493150684931507
2025-12-18,Coffee Beans,AI forecast + inventory policy,56.0,0.0,0.0,56.0,59.0,56.0,3.0,1,0.0,138.0,0.0,0.0,0.0,0,0.0,0.0,12.600000000000001,0.0,12.600000000000001
2025-12-18,Cooking Oil,AI forecast + inventory policy,73.0,0.0,0.0,73.0,29.0,29.0,0.0,0,44.0,64.0,70.4,1.0,0.0,0,0.04821917808219179,0.0,0.0,0.0,0.04821917808219179
2025-12-18,Eggs,AI forecast + inventory policy,84.0,0.0,0.0,84.0,70.0,70.0,0.0,0,14.0,180.0,2.24,1.0,0.0,0,0.001534246575342466,0.0,0.0,0.0,0.001534246575342466
2025-12-18,Fries (Potatoes),AI forecast + inventory policy,139.0,0.0,0.0,139.0,136.0,136.0,0.0,0,3.0,420.0,0.8999999999999999,1.0,0.0,0,0.0006164383561643835,0.0,0.0,0.0,0.0006164383561643835
2025-12-18,Gluten-free Buns,AI forecast + inventory policy,60.0,0.0,0.0,60.0,8.0,8.0,0.0,0,52.0,0.0,28.6,1.0,0.0,0,0.01958904109589041,0.0,0.0,0.0,0.01958904109589041
2025-12-18,Lettuce,AI forecast + inventory policy,89.0,0.0,0.0,89.0,59.0,59.0,0.0,0,30.0,132.0,18.0,1.0,0.0,0,0.012328767123287671,0.0,0.0,0.0,0.012328767123287671
2025-12-18,Milk,AI forecast + inventory policy,104.0,0.0,0.0,104.0,72.0,72.0,0.0,0,32.0,204.0,24.0,1.0,0.0,0,0.01643835616438356,0.0,0.0,0.0,0.01643835616438356
2025-12-18,Mushrooms,AI forecast + inventory policy,51.0,0.0,0.0,51.0,35.0,35.0,0.0,0,16.0,140.0,8.8,1.0,0.0,0,0.006027397260273973,0.0,0.0,0.0,0.006027397260273973
2025-12-18,Onions,AI forecast + inventory policy,63.0,0.0,0.0,63.0,61.0,61.0,0.0,0,2.0,160.0,0.5,1.0,0.0,0,0.00034246575342465754,0.0,0.0,0.0,0.00034246575342465754
2025-12-18,Salmon Fillet,AI forecast + inventory policy,50.0,0.0,0.0,50.0,34.0,34.0,0.0,0,16.0,126.0,51.2,1.0,0.0,0,0.035068493150684936,0.0,0.0,0.0,0.035068493150684936
2025-12-18,Seasonal Berries,AI forecast + inventory policy,10.0,0.0,0.0,10.0,0.0,0.0,0.0,0,10.0,12.0,14.0,1.0,0.0,0,0.009589041095890411,0.0,0.0,0.0,0.009589041095890411
2025-12-18,Soft Drinks,AI forecast + inventory policy,105.0,0.0,0.0,105.0,79.0,79.0,0.0,0,26.0,192.0,10.4,1.0,0.0,0,0.007123287671232877,0.0,0.0,0.0,0.007123287671232877
2025-12-18,Tomatoes,AI forecast + inventory policy,109.0,0.0,0.0,109.0,72.0,72.0,0.0,0,37.0,144.0,16.650000000000002,1.0,0.0,0,0.011404109589041096,0.0,0.0,0.0,0.011404109589041096
2025-12-18,Truffle Oil,AI forecast + inventory policy,15.0,0.0,0.0,15.0,7.0,7.0,0.0,0,8.0,8.0,68.0,1.0,0.0,0,0.04657534246575343,0.0,0.0,0.0,0.04657534246575343
2025-12-18,Vegan Cheese,AI forecast + inventory policy,30.0,0.0,0.0,30.0,0.0,0.0,0.0,0,30.0,12.0,19.5,1.6,0.0,0,0.013356164383561644,0.0,0.0,0.0,0.013356164383561644
2025-12-19,Bacon,AI forecast + inventory policy,64.0,150.0,0.0,214.0,73.0,73.0,0.0,0,141.0,180.0,155.10000000000002,0.0,180.0,1,0.10623287671232877,0.0,0.0,0.6578947368421053,0.764127613554434
2025-12-19,Burger Buns,AI forecast + inventory policy,18.0,336.0,0.0,354.0,189.0,189.0,0.0,0,165.0,432.0,29.7,0.0,432.0,1,0.020342465753424657,0.0,0.0,0.6578947368421053,0.67823720259553
2025-12-19,Butter,AI forecast + inventory policy,23.0,96.0,0.0,119.0,48.0,48.0,0.0,0,71.0,120.0,67.45,0.0,120.0,1,0.0461986301369863,0.0,0.0,0.6578947368421053,0.7040933669790916
2025-12-19,Cheese Slices,AI forecast + inventory policy,0.0,250.0,0.0,250.0,128.0,128.0,0.0,0,122.0,250.0,26.84,0.0,250.0,1,0.018383561643835616,0.0,0.0,0.6578947368421053,0.6762782984859409
2025-12-19,Chicken Breast,AI forecast + inventory policy,15.0,270.0,0.0,285.0,131.0,131.0,0.0,0,154.0,300.0,277.2,0.0,300.0,1,0.18986301369863012,0.0,0.0,0.6578947368421053,0.8477577505407354
2025-12-19,Coffee Beans,AI forecast + inventory policy,0.0,138.0,0.0,138.0,55.0,55.0,0.0,0,83.0,156.0,174.3,0.0,156.0,1,0.11938356164383562,0.0,0.0,0.6578947368421053,0.777278298485941
2025-12-19,Cooking Oil,AI forecast + inventory policy,44.0,64.0,0.0,108.0,39.0,39.0,0.0,0,69.0,72.0,110.4,0.14492753623188406,72.0,1,0.0756164383561644,0.0,0.0,0.6578947368421053,0.7335111751982697
2025-12-19,Eggs,AI forecast + inventory policy,14.0,180.0,0.0,194.0,75.0,75.0,0.0,0,119.0,180.0,19.04,0.0,180.0,1,0.01304109589041096,0.0,0.0,0.6578947368421053,0.6709358327325162
2025-12-19,Fries (Potatoes),AI forecast + inventory policy,3.0,420.0,0.0,423.0,196.0,196.0,0.0,0,227.0,400.0,68.1,0.0,400.0,1,0.04664383561643835,0.0,0.0,0.6578947368421053,0.7045385724585437
2025-12-19,Gluten-free Buns,AI forecast + inventory policy,52.0,0.0,0.0,52.0,12.0,12.0,0.0,0,40.0,0.0,22.0,2.0,0.0,1,0.015068493150684932,0.0,0.0,0.0,0.015068493150684932
2025-12-19,Lettuce,AI forecast + inventory policy,30.0,132.0,0.0,162.0,86.0,86.0,0.0,0,76.0,180.0,45.6,0.0,180.0,1,0.031232876712328765,0.0,0.0,0.6578947368421053,0.6891276135544341
2025-12-19,Milk,AI forecast + inventory policy,32.0,204.0,0.0,236.0,115.0,115.0,0.0,0,121.0,204.0,90.75,0.0,204.0,1,0.06215753424657534,0.0,0.0,0.6578947368421053,0.7200522710886806
2025-12-19,Mushrooms,AI forecast + inventory policy,16.0,140.0,0.0,156.0,55.0,55.0,0.0,0,101.0,110.0,55.550000000000004,0.0,110.0,1,0.03804794520547945,0.0,0.0,0.6578947368421053,0.6959426820475848
2025-12-19,Onions,AI forecast + inventory policy,2.0,160.0,0.0,162.0,78.0,78.0,0.0,0,84.0,180.0,21.0,0.0,180.0,1,0.014383561643835616,0.0,0.0,0.6578947368421053,0.6722782984859409
2025-12-19,Salmon Fillet,AI forecast + inventory policy,16.0,126.0,0.0,142.0,0.0,0.0,0.0,0,142.0,66.0,454.40000000000003,0.22535211267605634,66.0,1,0.3112328767123288,0.0,0.0,0.6578947368421053,0.9691276135544341
2025-12-19,Seasonal Berries,AI forecast + inventory policy,10.0,12.0,0.0,22.0,4.0,4.0,0.0,0,18.0,6.0,25.199999999999996,0.6666666666666666,6.0,1,0.01726027397260274,0.0,0.0,0.6578947368421053,0.6751550108147081
2025-12-19,Soft Drinks,AI forecast + inventory policy,26.0,192.0,0.0,218.0,111.0,111.0,0.0,0,107.0,216.0,42.800000000000004,0.0,216.0,1,0.02931506849315069,0.0,0.0,0.6578947368421053,0.687209805335256
2025-12-19,Tomatoes,AI forecast + inventory policy,37.0,144.0,0.0,181.0,85.0,85.0,0.0,0,96.0,180.0,43.2,0.0,180.0,1,0.02958904109589041,0.0,0.0,0.6578947368421053,0.6874837779379958
2025-12-19,Truffle Oil,AI forecast + inventory policy,8.0,8.0,0.0,16.0,11.0,11.0,0.0,0,5.0,22.0,42.5,0.0,22.0,1,0.029109589041095892,0.0,0.0,0.6578947368421053,0.6870043258832012
2025-12-19,Vegan Cheese,AI forecast + inventory policy,30.0,12.0,0.0,42.0,12.0,12.0,0.0,0,30.0,12.0,19.5,1.2,12.0,1,0.013356164383561644,0.0,0.0,0.6578947368421053,0.671250901225667
2025-12-20,Bacon,AI forecast + inventory policy,141.0,0.0,0.0,141.0,81.0,81.0,0.0,0,60.0,180.0,66.0,1.0,0.0,0,0.045205479452054796,0.0,0.0,0.0,0.045205479452054796
2025-12-20,Burger Buns,AI forecast + inventory policy,165.0,0.0,0.0,165.0,167.0,165.0,2.0,1,0.0,432.0,0.0,0.0,0.0,0,0.0,0.0,0.72,0.0,0.72
2025-12-20,Butter,AI forecast + inventory policy,71.0,0.0,0.0,71.0,38.0,38.0,0.0,0,33.0,120.0,31.349999999999998,1.0,0.0,0,0.021472602739726027,0.0,0.0,0.0,0.021472602739726027
2025-12-20,Cheese Slices,AI forecast + inventory policy,122.0,0.0,0.0,122.0,131.0,122.0,9.0,1,0.0,250.0,0.0,0.0,0.0,0,0.0,0.0,3.96,0.0,3.96
2025-12-20,Chicken Breast,AI forecast + inventory policy,154.0,0.0,0.0,154.0,132.0,132.0,0.0,0,22.0,300.0,39.6,1.0,0.0,0,0.027123287671232878,0.0,0.0,0.0,0.027123287671232878
2025-12-20,Coffee Beans,AI forecast + inventory policy,83.0,0.0,0.0,83.0,61.0,61.0,0.0,0,22.0,156.0,46.2,1.0,0.0,0,0.031643835616438354,0.0,0.0,0.0,0.031643835616438354
2025-12-20,Cooking Oil,AI forecast + inventory policy,69.0,0.0,0.0,69.0,40.0,40.0,0.0,0,29.0,72.0,46.400000000000006,1.0,0.0,0,0.031780821917808226,0.0,0.0,0.0,0.031780821917808226
2025-12-20,Eggs,AI forecast + inventory policy,119.0,0.0,0.0,119.0,76.0,76.0,0.0,0,43.0,180.0,6.88,1.0,0.0,0,0.004712328767123288,0.0,0.0,0.0,0.004712328767123288
2025-12-20,Fries (Potatoes),AI forecast + inventory policy,227.0,0.0,0.0,227.0,191.0,191.0,0.0,0,36.0,400.0,10.799999999999999,1.0,0.0,0,0.0073972602739726025,0.0,0.0,0.0,0.0073972602739726025
2025-12-20,Gluten-free Buns,AI forecast + inventory policy,40.0,0.0,40.0,0.0,22.0,0.0,22.0,1,0.0,0.0,0.0,0.0,0.0,0,0.0,24.0,24.200000000000003,0.0,48.2
2025-12-20,Lettuce,AI forecast + inventory policy,76.0,0.0,0.0,76.0,60.0,60.0,0.0,0,16.0,180.0,9.6,1.0,0.0,0,0.006575342465753424,0.0,0.0,0.0,0.006575342465753424
2025-12-20,Milk,AI forecast + inventory policy,121.0,0.0,0.0,121.0,88.0,88.0,0.0,0,33.0,204.0,24.75,1.0,0.0,0,0.016952054794520548,0.0,0.0,0.0,0.016952054794520548
2025-12-20,Mushrooms,AI forecast + inventory policy,101.0,0.0,0.0,101.0,78.0,78.0,0.0,0,23.0,110.0,12.65,1.0,0.0,0,0.008664383561643837,0.0,0.0,0.0,0.008664383561643837
2025-12-20,Onions,AI forecast + inventory policy,84.0,0.0,0.0,84.0,89.0,84.0,5.0,1,0.0,180.0,0.0,0.0,0.0,0,0.0,0.0,2.5,0.0,2.5
2025-12-20,Salmon Fillet,AI forecast + inventory policy,142.0,0.0,16.0,126.0,51.0,51.0,0.0,0,75.0,66.0,240.0,1.0,0.0,0,0.16438356164383564,52.0,0.0,0.0,52.16438356164384
2025-12-20,Seasonal Berries,AI forecast + inventory policy,18.0,0.0,6.0,12.0,0.0,0.0,0.0,0,12.0,6.0,16.799999999999997,1.0,0.0,0,0.011506849315068493,8.7,0.0,0.0,8.711506849315068
2025-12-20,Soft Drinks,AI forecast + inventory policy,107.0,0.0,0.0,107.0,80.0,80.0,0.0,0,27.0,216.0,10.8,1.0,0.0,0,0.007397260273972603,0.0,0.0,0.0,0.007397260273972603
2025-12-20,Tomatoes,AI forecast + inventory policy,96.0,0.0,0.0,96.0,88.0,88.0,0.0,0,8.0,180.0,3.6,1.0,0.0,0,0.002465753424657534,0.0,0.0,0.0,0.002465753424657534
2025-12-20,Truffle Oil,AI forecast + inventory policy,5.0,0.0,0.0,5.0,0.0,0.0,0.0,0,5.0,22.0,42.5,1.0,0.0,0,0.029109589041095892,0.0,0.0,0.0,0.029109589041095892
2025-12-20,Vegan Cheese,AI forecast + inventory policy,30.0,0.0,0.0,30.0,0.0,0.0,0.0,0,30.0,12.0,19.5,2.2,0.0,0,0.013356164383561644,0.0,0.0,0.0,0.013356164383561644
2025-12-21,Bacon,AI forecast + inventory policy,60.0,180.0,0.0,240.0,75.0,75.0,0.0,0,165.0,0.0,181.50000000000003,0.0,0.0,0,0.12431506849315069,0.0,0.0,0.0,0.12431506849315069
2025-12-21,Burger Buns,AI forecast + inventory policy,0.0,432.0,0.0,432.0,254.0,254.0,0.0,0,178.0,0.0,32.04,0.0,0.0,0,0.021945205479452053,0.0,0.0,0.0,0.021945205479452053
2025-12-21,Butter,AI forecast + inventory policy,33.0,120.0,0.0,153.0,56.0,56.0,0.0,0,97.0,0.0,92.14999999999999,0.0,0.0,0,0.06311643835616439,0.0,0.0,0.0,0.06311643835616439
2025-12-21,Cheese Slices,AI forecast + inventory policy,0.0,250.0,0.0,250.0,136.0,136.0,0.0,0,114.0,0.0,25.080000000000002,0.0,0.0,0,0.017178082191780825,0.0,0.0,0.0,0.017178082191780825
2025-12-21,Chicken Breast,AI forecast + inventory policy,22.0,300.0,0.0,322.0,124.0,124.0,0.0,0,198.0,0.0,356.40000000000003,0.0,0.0,0,0.2441095890410959,0.0,0.0,0.0,0.2441095890410959
2025-12-21,Coffee Beans,AI forecast + inventory policy,22.0,156.0,0.0,178.0,52.0,52.0,0.0,0,126.0,0.0,264.6,0.0,0.0,0,0.18123287671232877,0.0,0.0,0.0,0.18123287671232877
2025-12-21,Cooking Oil,AI forecast + inventory policy,29.0,72.0,0.0,101.0,28.0,28.0,0.0,0,73.0,0.0,116.8,0.0273972602739726,0.0,0,0.08000000000000002,0.0,0.0,0.0,0.08000000000000002
2025-12-21,Eggs,AI forecast + inventory policy,43.0,180.0,0.0,223.0,61.0,61.0,0.0,0,162.0,0.0,25.92,0.0,0.0,0,0.017753424657534246,0.0,0.0,0.0,0.017753424657534246
2025-12-21,Fries (Potatoes),AI forecast + inventory policy,36.0,400.0,0.0,436.0,202.0,202.0,0.0,0,234.0,0.0,70.2,0.0,0.0,0,0.04808219178082192,0.0,0.0,0.0,0.04808219178082192
2025-12-21,Gluten-free Buns,AI forecast + inventory policy,0.0,0.0,0.0,0.0,14.0,0.0,14.0,1,0.0,0.0,0.0,0.0,0.0,0,0.0,0.0,15.400000000000002,0.0,15.400000000000002
2025-12-21,Lettuce,AI forecast + inventory policy,16.0,180.0,0.0,196.0,81.0,81.0,0.0,0,115.0,0.0,69.0,0.0,0.0,0,0.04726027397260273,0.0,0.0,0.0,0.04726027397260273
2025-12-21,Milk,AI forecast + inventory policy,33.0,204.0,0.0,237.0,99.0,99.0,0.0,0,138.0,0.0,103.5,0.0,0.0,0,0.0708904109589041,0.0,0.0,0.0,0.0708904109589041
2025-12-21,Mushrooms,AI forecast + inventory policy,23.0,110.0,0.0,133.0,52.0,52.0,0.0,0,81.0,0.0,44.550000000000004,0.0,0.0,0,0.030513698630136987,0.0,0.0,0.0,0.030513698630136987
2025-12-21,Onions,AI forecast + inventory policy,0.0,180.0,0.0,180.0,93.0,93.0,0.0,0,87.0,0.0,21.75,0.0,0.0,0,0.014897260273972602,0.0,0.0,0.0,0.014897260273972602
2025-12-21,Salmon Fillet,AI forecast + inventory policy,75.0,66.0,0.0,141.0,58.0,58.0,0.0,0,83.0,0.0,265.6,0.40963855421686746,0.0,0,0.1819178082191781,0.0,0.0,0.0,0.1819178082191781
2025-12-21,Seasonal Berries,AI forecast + inventory policy,12.0,6.0,0.0,18.0,8.0,8.0,0.0,0,10.0,0.0,13.999999999999998,0.8,0.0,0,0.009589041095890411,0.0,0.0,0.0,0.009589041095890411
2025-12-21,Soft Drinks,AI forecast + inventory policy,27.0,216.0,0.0,243.0,126.0,126.0,0.0,0,117.0,0.0,46.800000000000004,0.0,0.0,0,0.03205479452054795,0.0,0.0,0.0,0.03205479452054795
2025-12-21,Tomatoes,AI forecast + inventory policy,8.0,180.0,0.0,188.0,83.0,83.0,0.0,0,105.0,0.0,47.25,0.0,0.0,0,0.032363013698630136,0.0,0.0,0.0,0.032363013698630136
2025-12-21,Truffle Oil,AI forecast + inventory policy,5.0,22.0,0.0,27.0,8.0,8.0,0.0,0,19.0,0.0,161.5,0.0,0.0,0,0.11061643835616439,0.0,0.0,0.0,0.11061643835616439
2025-12-21,Vegan Cheese,AI forecast + inventory policy,30.0,12.0,0.0,42.0,0.0,0.0,0.0,0,42.0,0.0,27.300000000000004,2.2857142857142856,0.0,0,0.0186986301369863,0.0,0.0,0.0,0.0186986301369863
2025-12-22,Bacon,AI forecast + inventory policy,165.0,0.0,0.0,165.0,56.0,56.0,0.0,0,109.0,20.0,119.9,1.0,20.0,1,0.08212328767123288,0.0,0.0,0.6944444444444444,0.7765677321156773
2025-12-22,Burger Buns,AI forecast + inventory policy,178.0,0.0,0.0,178.0,103.0,103.0,0.0,0,75.0,144.0,13.5,1.0,144.0,1,0.009246575342465754,0.0,0.0,0.6944444444444444,0.7036910197869102
2025-12-22,Butter,AI forecast + inventory policy,97.0,0.0,0.0,97.0,36.0,36.0,0.0,0,61.0,24.0,57.949999999999996,1.0,24.0,1,0.03969178082191781,0.0,0.0,0.6944444444444444,0.7341362252663622
2025-12-22,Cheese Slices,AI forecast + inventory policy,114.0,0.0,0.0,114.0,74.0,74.0,0.0,0,40.0,150.0,8.8,1.0,150.0,1,0.006027397260273973,0.0,0.0,0.6944444444444444,0.7004718417047184
2025-12-22,Chicken Breast,AI forecast + inventory policy,198.0,0.0,0.0,198.0,90.0,90.0,0.0,0,108.0,40.0,194.4,1.0,40.0,1,0.13315068493150684,0.0,0.0,0.6944444444444444,0.8275951293759513
2025-12-22,Coffee Beans,AI forecast + inventory policy,126.0,0.0,0.0,126.0,45.0,45.0,0.0,0,81.0,30.0,170.1,1.0,30.0,1,0.1165068493150685,0.0,0.0,0.6944444444444444,0.8109512937595129
2025-12-22,Cooking Oil,AI forecast + inventory policy,73.0,0.0,0.0,73.0,37.0,37.0,0.0,0,36.0,20.0,57.6,1.0,20.0,1,0.039452054794520554,0.0,0.0,0.6944444444444444,0.7338964992389649
2025-12-22,Eggs,AI forecast + inventory policy,162.0,0.0,0.0,162.0,53.0,53.0,0.0,0,109.0,0.0,17.44,1.0,0.0,1,0.011945205479452055,0.0,0.0,0.0,0.011945205479452055
2025-12-22,Fries (Potatoes),AI forecast + inventory policy,234.0,0.0,0.0,234.0,125.0,125.0,0.0,0,109.0,100.0,32.699999999999996,1.0,100.0,1,0.0223972602739726,0.0,0.0,0.6944444444444444,0.716841704718417
2025-12-22,Gluten-free Buns,AI forecast + inventory policy,0.0,0.0,0.0,0.0,3.0,0.0,3.0,1,0.0,36.0,0.0,0.0,36.0,1,0.0,0.0,3.3000000000000003,0.6944444444444444,3.9944444444444445
2025-12-22,Lettuce,AI forecast + inventory policy,115.0,0.0,0.0,115.0,57.0,57.0,0.0,0,58.0,48.0,34.8,1.0,48.0,1,0.023835616438356164,0.0,0.0,0.6944444444444444,0.7182800608828006
2025-12-22,Milk,AI forecast + inventory policy,138.0,0.0,0.0,138.0,68.0,68.0,0.0,0,70.0,72.0,52.5,1.0,72.0,1,0.03595890410958904,0.0,0.0,0.6944444444444444,0.7304033485540334
2025-12-22,Mushrooms,AI forecast + inventory policy,81.0,0.0,0.0,81.0,31.0,31.0,0.0,0,50.0,30.0,27.500000000000004,1.0,30.0,1,0.018835616438356163,0.0,0.0,0.6944444444444444,0.7132800608828006
2025-12-22,Onions,AI forecast + inventory policy,87.0,0.0,0.0,87.0,59.0,59.0,0.0,0,28.0,60.0,7.0,1.0,60.0,1,0.004794520547945206,0.0,0.0,0.6944444444444444,0.6992389649923896
2025-12-22,Salmon Fillet,AI forecast + inventory policy,83.0,0.0,17.0,66.0,21.0,21.0,0.0,0,45.0,54.0,144.0,1.0,54.0,1,0.09863013698630138,55.25000000000001,0.0,0.6944444444444444,56.04307458143075
2025-12-22,Seasonal Berries,AI forecast + inventory policy,10.0,0.0,4.0,6.0,0.0,0.0,0.0,0,6.0,12.0,8.399999999999999,1.0,12.0,1,0.005753424657534247,5.8,0.0,0.6944444444444444,6.500197869101979
2025-12-22,Soft Drinks,AI forecast + inventory policy,117.0,0.0,0.0,117.0,75.0,75.0,0.0,0,42.0,48.0,16.8,1.0,48.0,1,0.011506849315068495,0.0,0.0,0.6944444444444444,0.7059512937595129
2025-12-22,Tomatoes,AI forecast + inventory policy,105.0,0.0,0.0,105.0,75.0,75.0,0.0,0,30.0,60.0,13.5,1.0,60.0,1,0.009246575342465754,0.0,0.0,0.6944444444444444,0.7036910197869102
2025-12-22,Truffle Oil,AI forecast + inventory policy,19.0,0.0,0.0,19.0,9.0,9.0,0.0,0,10.0,10.0,85.0,1.0,10.0,1,0.058219178082191785,0.0,0.0,0.6944444444444444,0.7526636225266362
2025-12-22,Vegan Cheese,AI forecast + inventory policy,42.0,0.0,0.0,42.0,0.0,0.0,0.0,0,42.0,0.0,27.300000000000004,3.2857142857142856,0.0,1,0.0186986301369863,0.0,0.0,0.0,0.0186986301369863
2025-12-23,Bacon,AI forecast + inventory policy,109.0,0.0,0.0,109.0,44.0,44.0,0.0,0,65.0,20.0,71.5,2.0,0.0,0,0.04897260273972603,0.0,0.0,0.0,0.04897260273972603
2025-12-23,Burger Buns,AI forecast + inventory policy,75.0,0.0,0.0,75.0,104.0,75.0,29.0,1,0.0,144.0,0.0,0.0,0.0,0,0.0,0.0,10.44,0.0,10.44
2025-12-23,Butter,AI forecast + inventory policy,61.0,0.0,0.0,61.0,41.0,41.0,0.0,0,20.0,24.0,19.0,2.0,0.0,0,0.013013698630136987,0.0,0.0,0.0,0.013013698630136987
2025-12-23,Cheese Slices,AI forecast + inventory policy,40.0,0.0,0.0,40.0,101.0,40.0,61.0,1,0.0,150.0,0.0,0.0,0.0,0,0.0,0.0,26.84,0.0,26.84
2025-12-23,Chicken Breast,AI forecast + inventory policy,108.0,0.0,0.0,108.0,84.0,84.0,0.0,0,24.0,40.0,43.2,2.0,0.0,0,0.02958904109589041,0.0,0.0,0.0,0.02958904109589041
2025-12-23,Coffee Beans,AI forecast + inventory policy,81.0,0.0,0.0,81.0,51.0,51.0,0.0,0,30.0,30.0,63.0,2.0,0.0,0,0.04315068493150685,0.0,0.0,0.0,0.04315068493150685
2025-12-23,Cooking Oil,AI forecast + inventory policy,36.0,0.0,0.0,36.0,28.0,28.0,0.0,0,8.0,20.0,12.8,2.0,0.0,0,0.008767123287671234,0.0,0.0,0.0,0.008767123287671234
2025-12-23,Eggs,AI forecast + inventory policy,109.0,0.0,0.0,109.0,52.0,52.0,0.0,0,57.0,0.0,9.120000000000001,2.0,0.0,0,0.0062465753424657535,0.0,0.0,0.0,0.0062465753424657535
2025-12-23,Fries (Potatoes),AI forecast + inventory policy,109.0,0.0,0.0,109.0,131.0,109.0,22.0,1,0.0,100.0,0.0,0.0,0.0,0,0.0,0.0,13.2,0.0,13.2
2025-12-23,Gluten-free Buns,AI forecast + inventory policy,0.0,0.0,0.0,0.0,18.0,0.0,18.0,1,0.0,36.0,0.0,0.0,0.0,0,0.0,0.0,19.8,0.0,19.8
2025-12-23,Lettuce,AI forecast + inventory policy,58.0,0.0,0.0,58.0,52.0,52.0,0.0,0,6.0,48.0,3.5999999999999996,2.0,0.0,0,0.002465753424657534,0.0,0.0,0.0,0.002465753424657534
2025-12-23,Milk,AI forecast + inventory policy,70.0,0.0,0.0,70.0,60.0,60.0,0.0,0,10.0,72.0,7.5,2.0,0.0,0,0.005136986301369863,0.0,0.0,0.0,0.005136986301369863
2025-12-23,Mushrooms,AI forecast + inventory policy,50.0,0.0,0.0,50.0,44.0,44.0,0.0,0,6.0,30.0,3.3000000000000003,2.0,0.0,0,0.00226027397260274,0.0,0.0,0.0,0.00226027397260274
2025-12-23,Onions,AI forecast + inventory policy,28.0,0.0,0.0,28.0,48.0,28.0,20.0,1,0.0,60.0,0.0,0.0,0.0,0,0.0,0.0,10.0,0.0,10.0
2025-12-23,Salmon Fillet,AI forecast + inventory policy,45.0,0.0,0.0,45.0,21.0,21.0,0.0,0,24.0,54.0,76.80000000000001,2.0,0.0,0,0.0526027397260274,0.0,0.0,0.0,0.0526027397260274
2025-12-23,Seasonal Berries,AI forecast + inventory policy,6.0,0.0,0.0,6.0,0.0,0.0,0.0,0,6.0,12.0,8.399999999999999,2.0,0.0,0,0.005753424657534247,0.0,0.0,0.0,0.005753424657534247
2025-12-23,Soft Drinks,AI forecast + inventory policy,42.0,0.0,0.0,42.0,45.0,42.0,3.0,1,0.0,48.0,0.0,0.0,0.0,0,0.0,0.0,2.4000000000000004,0.0,2.4000000000000004
2025-12-23,Tomatoes,AI forecast + inventory policy,30.0,0.0,0.0,30.0,43.0,30.0,13.0,1,0.0,60.0,0.0,0.0,0.0,0,0.0,0.0,11.700000000000001,0.0,11.700000000000001
2025-12-23,Truffle Oil,AI forecast + inventory policy,10.0,0.0,0.0,10.0,0.0,0.0,0.0,0,10.0,10.0,85.0,2.0,0.0,0,0.058219178082191785,0.0,0.0,0.0,0.058219178082191785
2025-12-23,Vegan Cheese,AI forecast + inventory policy,42.0,0.0,0.0,42.0,7.0,7.0,0.0,0,35.0,0.0,22.75,3.942857142857143,0.0,0,0.01558219178082192,0.0,0.0,0.0,0.01558219178082192
2025-12-24,Bacon,AI forecast + inventory policy,65.0,20.0,0.0,85.0,48.0,48.0,0.0,0,37.0,230.0,40.7,1.3783783783783783,230.0,1,0.027876712328767123,0.0,0.0,0.6944444444444444,0.7223211567732115
2025-12-24,Burger Buns,AI forecast + inventory policy,0.0,144.0,0.0,144.0,108.0,108.0,0.0,0,36.0,432.0,6.4799999999999995,0.0,432.0,1,0.0044383561643835615,0.0,0.0,0.6944444444444444,0.698882800608828
2025-12-24,Butter,AI forecast + inventory policy,20.0,24.0,0.0,44.0,30.0,30.0,0.0,0,14.0,156.0,13.299999999999999,0.0,156.0,1,0.00910958904109589,0.0,0.0,0.6944444444444444,0.7035540334855404
2025-12-24,Cheese Slices,AI forecast + inventory policy,0.0,150.0,0.0,150.0,102.0,102.0,0.0,0,48.0,250.0,10.56,0.0,250.0,1,0.007232876712328768,0.0,0.0,0.6944444444444444,0.7016773211567732
2025-12-24,Chicken Breast,AI forecast + inventory policy,24.0,40.0,0.0,64.0,86.0,64.0,22.0,1,0.0,380.0,0.0,0.0,380.0,1,0.0,0.0,79.2,0.6944444444444444,79.89444444444445
2025-12-24,Coffee Beans,AI forecast + inventory policy,30.0,30.0,0.0,60.0,77.0,60.0,17.0,1,0.0,174.0,0.0,0.0,174.0,1,0.0,0.0,71.4,0.6944444444444444,72.09444444444445
2025-12-24,Cooking Oil,AI forecast + inventory policy,8.0,20.0,0.0,28.0,25.0,25.0,0.0,0,3.0,120.0,4.800000000000001,0.0,120.0,1,0.0032876712328767125,0.0,0.0,0.6944444444444444,0.6977321156773212
2025-12-24,Eggs,AI forecast + inventory policy,57.0,0.0,0.0,57.0,63.0,57.0,6.0,1,0.0,210.0,0.0,0.0,210.0,1,0.0,0.0,1.92,0.6944444444444444,2.6144444444444446
2025-12-24,Fries (Potatoes),AI forecast + inventory policy,0.0,100.0,0.0,100.0,130.0,100.0,30.0,1,0.0,480.0,0.0,0.0,480.0,1,0.0,0.0,18.0,0.6944444444444444,18.694444444444443
2025-12-24,Gluten-free Buns,AI forecast + inventory policy,0.0,36.0,0.0,36.0,11.0,11.0,0.0,0,25.0,0.0,13.750000000000002,0.0,0.0,1,0.009417808219178082,0.0,0.0,0.0,0.009417808219178082
2025-12-24,Lettuce,AI forecast + inventory policy,6.0,48.0,0.0,54.0,54.0,54.0,0.0,0,0.0,240.0,0.0,0.0,240.0,1,0.0,0.0,0.0,0.6944444444444444,0.6944444444444444
2025-12-24,Milk,AI forecast + inventory policy,10.0,72.0,0.0,82.0,85.0,82.0,3.0,1,0.0,240.0,0.0,0.0,240.0,1,0.0,0.0,4.5,0.6944444444444444,5.194444444444445
2025-12-24,Mushrooms,AI forecast + inventory policy,6.0,30.0,0.0,36.0,48.0,36.0,12.0,1,0.0,170.0,0.0,0.0,170.0,1,0.0,0.0,13.200000000000001,0.6944444444444444,13.894444444444446
2025-12-24,Onions,AI forecast + inventory policy,0.0,60.0,0.0,60.0,60.0,60.0,0.0,0,0.0,200.0,0.0,0.0,200.0,1,0.0,0.0,0.0,0.6944444444444444,0.6944444444444444
2025-12-24,Salmon Fillet,AI forecast + inventory policy,24.0,54.0,24.0,54.0,36.0,36.0,0.0,0,18.0,156.0,57.6,0.0,156.0,1,0.039452054794520554,78.00000000000001,0.0,0.6944444444444444,78.73389649923898
2025-12-24,Seasonal Berries,AI forecast + inventory policy,6.0,12.0,6.0,12.0,6.0,6.0,0.0,0,6.0,6.0,8.399999999999999,0.0,6.0,1,0.005753424657534247,8.7,0.0,0.6944444444444444,9.400197869101978
2025-12-24,Soft Drinks,AI forecast + inventory policy,0.0,48.0,0.0,48.0,58.0,48.0,10.0,1,0.0,312.0,0.0,0.0,312.0,1,0.0,0.0,8.0,0.6944444444444444,8.694444444444445
2025-12-24,Tomatoes,AI forecast + inventory policy,0.0,60.0,0.0,60.0,58.0,58.0,0.0,0,2.0,240.0,0.9,0.0,240.0,1,0.0006164383561643835,0.0,0.0,0.6944444444444444,0.6950608828006088
2025-12-24,Truffle Oil,AI forecast + inventory policy,10.0,10.0,0.0,20.0,3.0,3.0,0.0,0,17.0,10.0,144.5,1.2352941176470589,10.0,1,0.09897260273972604,0.0,0.0,0.6944444444444444,0.7934170471841705
2025-12-24,Vegan Cheese,AI forecast + inventory policy,35.0,0.0,0.0,35.0,0.0,0.0,0.0,0,35.0,0.0,22.75,4.942857142857143,0.0,1,0.01558219178082192,0.0,0.0,0.0,0.01558219178082192
2025-12-25,Bacon,AI forecast + inventory policy,37.0,0.0,0.0,37.0,0.0,0.0,0.0,0,37.0,230.0,40.7,2.3783783783783785,0.0,0,0.027876712328767123,0.0,0.0,0.0,0.027876712328767123
2025-12-25,Burger Buns,AI forecast + inventory policy,36.0,0.0,0.0,36.0,0.0,0.0,0.0,0,36.0,432.0,6.4799999999999995,1.0,0.0,0,0.0044383561643835615,0.0,0.0,0.0,0.0044383561643835615
2025-12-25,Butter,AI forecast + inventory policy,14.0,0.0,0.0,14.0,0.0,0.0,0.0,0,14.0,156.0,13.299999999999999,1.0,0.0,0,0.00910958904109589,0.0,0.0,0.0,0.00910958904109589
2025-12-25,Cheese Slices,AI forecast + inventory policy,48.0,0.0,0.0,48.0,0.0,0.0,0.0,0,48.0,250.0,10.56,1.0,0.0,0,0.007232876712328768,0.0,0.0,0.0,0.007232876712328768
2025-12-25,Chicken Breast,AI forecast + inventory policy,0.0,0.0,0.0,0.0,0.0,0.0,0.0,0,0.0,380.0,0.0,0.0,0.0,0,0.0,0.0,0.0,0.0,0.0
2025-12-25,Coffee Beans,AI forecast + inventory policy,0.0,0.0,0.0,0.0,0.0,0.0,0.0,0,0.0,174.0,0.0,0.0,0.0,0,0.0,0.0,0.0,0.0,0.0
2025-12-25,Cooking Oil,AI forecast + inventory policy,3.0,0.0,0.0,3.0,0.0,0.0,0.0,0,3.0,120.0,4.800000000000001,1.0,0.0,0,0.0032876712328767125,0.0,0.0,0.0,0.0032876712328767125
2025-12-25,Eggs,AI forecast + inventory policy,0.0,0.0,0.0,0.0,0.0,0.0,0.0,0,0.0,210.0,0.0,0.0,0.0,0,0.0,0.0,0.0,0.0,0.0
2025-12-25,Fries (Potatoes),AI forecast + inventory policy,0.0,0.0,0.0,0.0,0.0,0.0,0.0,0,0.0,480.0,0.0,0.0,0.0,0,0.0,0.0,0.0,0.0,0.0
2025-12-25,Gluten-free Buns,AI forecast + inventory policy,25.0,0.0,0.0,25.0,0.0,0.0,0.0,0,25.0,0.0,13.750000000000002,1.0,0.0,0,0.009417808219178082,0.0,0.0,0.0,0.009417808219178082
2025-12-25,Lettuce,AI forecast + inventory policy,0.0,0.0,0.0,0.0,0.0,0.0,0.0,0,0.0,240.0,0.0,0.0,0.0,0,0.0,0.0,0.0,0.0,0.0
2025-12-25,Milk,AI forecast + inventory policy,0.0,0.0,0.0,0.0,0.0,0.0,0.0,0,0.0,240.0,0.0,0.0,0.0,0,0.0,0.0,0.0,0.0,0.0
2025-12-25,Mushrooms,AI forecast + inventory policy,0.0,0.0,0.0,0.0,0.0,0.0,0.0,0,0.0,170.0,0.0,0.0,0.0,0,0.0,0.0,0.0,0.0,0.0
2025-12-25,Onions,AI forecast + inventory policy,0.0,0.0,0.0,0.0,0.0,0.0,0.0,0,0.0,200.0,0.0,0.0,0.0,0,0.0,0.0,0.0,0.0,0.0
2025-12-25,Salmon Fillet,AI forecast + inventory policy,18.0,0.0,0.0,18.0,0.0,0.0,0.0,0,18.0,156.0,57.6,1.0,0.0,0,0.039452054794520554,0.0,0.0,0.0,0.039452054794520554
2025-12-25,Seasonal Berries,AI forecast + inventory policy,6.0,0.0,0.0,6.0,0.0,0.0,0.0,0,6.0,6.0,8.399999999999999,1.0,0.0,0,0.005753424657534247,0.0,0.0,0.0,0.005753424657534247
2025-12-25,Soft Drinks,AI forecast + inventory policy,0.0,0.0,0.0,0.0,0.0,0.0,0.0,0,0.0,312.0,0.0,0.0,0.0,0,0.0,0.0,0.0,0.0,0.0
2025-12-25,Tomatoes,AI forecast + inventory policy,2.0,0.0,0.0,2.0,0.0,0.0,0.0,0,2.0,240.0,0.9,1.0,0.0,0,0.0006164383561643835,0.0,0.0,0.0,0.0006164383561643835
2025-12-25,Truffle Oil,AI forecast + inventory policy,17.0,0.0,0.0,17.0,0.0,0.0,0.0,0,17.0,10.0,144.5,2.235294117647059,0.0,0,0.09897260273972604,0.0,0.0,0.0,0.09897260273972604
2025-12-25,Vegan Cheese,AI forecast + inventory policy,35.0,0.0,0.0,35.0,0.0,0.0,0.0,0,35.0,0.0,22.75,5.942857142857143,0.0,0,0.01558219178082192,0.0,0.0,0.0,0.01558219178082192
2025-12-26,Bacon,AI forecast + inventory policy,37.0,230.0,0.0,267.0,150.0,150.0,0.0,0,117.0,180.0,128.70000000000002,0.0,180.0,1,0.08815068493150685,0.0,0.0,0.625,0.7131506849315068
2025-12-26,Burger Buns,AI forecast + inventory policy,36.0,432.0,0.0,468.0,237.0,237.0,0.0,0,231.0,336.0,41.58,0.0,336.0,1,0.02847945205479452,0.0,0.0,0.625,0.6534794520547945
2025-12-26,Butter,AI forecast + inventory policy,14.0,156.0,0.0,170.0,70.0,70.0,0.0,0,100.0,120.0,95.0,0.0,120.0,1,0.06506849315068493,0.0,0.0,0.625,0.690068493150685
2025-12-26,Cheese Slices,AI forecast + inventory policy,48.0,250.0,0.0,298.0,180.0,180.0,0.0,0,118.0,300.0,25.96,0.0,300.0,1,0.01778082191780822,0.0,0.0,0.625,0.6427808219178082
2025-12-26,Chicken Breast,AI forecast + inventory policy,0.0,380.0,0.0,380.0,200.0,200.0,0.0,0,180.0,270.0,324.0,0.0,270.0,1,0.2219178082191781,0.0,0.0,0.625,0.8469178082191781
2025-12-26,Coffee Beans,AI forecast + inventory policy,0.0,174.0,0.0,174.0,72.0,72.0,0.0,0,102.0,156.0,214.20000000000002,0.0,156.0,1,0.14671232876712328,0.0,0.0,0.625,0.7717123287671233
2025-12-26,Cooking Oil,AI forecast + inventory policy,3.0,120.0,0.0,123.0,44.0,44.0,0.0,0,79.0,80.0,126.4,0.0,80.0,1,0.08657534246575344,0.0,0.0,0.625,0.7115753424657534
2025-12-26,Eggs,AI forecast + inventory policy,0.0,210.0,0.0,210.0,115.0,115.0,0.0,0,95.0,180.0,15.200000000000001,0.0,180.0,1,0.010410958904109589,0.0,0.0,0.625,0.6354109589041096
2025-12-26,Fries (Potatoes),AI forecast + inventory policy,0.0,480.0,0.0,480.0,257.0,257.0,0.0,0,223.0,420.0,66.89999999999999,0.0,420.0,1,0.045821917808219176,0.0,0.0,0.625,0.6708219178082192
2025-12-26,Gluten-free Buns,AI forecast + inventory policy,25.0,0.0,0.0,25.0,19.0,19.0,0.0,0,6.0,24.0,3.3000000000000003,2.0,24.0,1,0.00226027397260274,0.0,0.0,0.625,0.6272602739726028
2025-12-26,Lettuce,AI forecast + inventory policy,0.0,240.0,0.0,240.0,106.0,106.0,0.0,0,134.0,180.0,80.39999999999999,0.0,180.0,1,0.055068493150684926,0.0,0.0,0.625,0.680068493150685
2025-12-26,Milk,AI forecast + inventory policy,0.0,240.0,0.0,240.0,98.0,98.0,0.0,0,142.0,252.0,106.5,0.0,252.0,1,0.07294520547945205,0.0,0.0,0.625,0.697945205479452
2025-12-26,Mushrooms,AI forecast + inventory policy,0.0,170.0,0.0,170.0,69.0,69.0,0.0,0,101.0,130.0,55.550000000000004,0.0,130.0,1,0.03804794520547945,0.0,0.0,0.625,0.6630479452054795
2025-12-26,Onions,AI forecast + inventory policy,0.0,200.0,0.0,200.0,90.0,90.0,0.0,0,110.0,180.0,27.5,0.0,180.0,1,0.018835616438356163,0.0,0.0,0.625,0.6438356164383562
2025-12-26,Salmon Fillet,AI forecast + inventory policy,18.0,156.0,0.0,174.0,76.0,76.0,0.0,0,98.0,60.0,313.6,0.0,60.0,1,0.21479452054794523,0.0,0.0,0.625,0.8397945205479452
2025-12-26,Seasonal Berries,AI forecast + inventory policy,6.0,6.0,0.0,12.0,17.0,12.0,5.0,1,0.0,12.0,0.0,0.0,12.0,1,0.0,0.0,14.0,0.625,14.625
2025-12-26,Soft Drinks,AI forecast + inventory policy,0.0,312.0,0.0,312.0,194.0,194.0,0.0,0,118.0,216.0,47.2,0.0,216.0,1,0.03232876712328767,0.0,0.0,0.625,0.6573287671232877
2025-12-26,Tomatoes,AI forecast + inventory policy,2.0,240.0,0.0,242.0,137.0,137.0,0.0,0,105.0,204.0,47.25,0.0,204.0,1,0.032363013698630136,0.0,0.0,0.625,0.6573630136986301
2025-12-26,Truffle Oil,AI forecast + inventory policy,17.0,10.0,0.0,27.0,11.0,11.0,0.0,0,16.0,12.0,136.0,0.75,12.0,1,0.09315068493150686,0.0,0.0,0.625,0.7181506849315069
2025-12-26,Vegan Cheese,AI forecast + inventory policy,35.0,0.0,0.0,35.0,20.0,20.0,0.0,0,15.0,12.0,9.75,5.4,12.0,1,0.006678082191780822,0.0,0.0,0.625,0.6316780821917808
2025-12-27,Bacon,AI forecast + inventory policy,117.0,0.0,0.0,117.0,64.0,64.0,0.0,0,53.0,180.0,58.300000000000004,1.0,0.0,0,0.03993150684931507,0.0,0.0,0.0,0.03993150684931507
2025-12-27,Burger Buns,AI forecast + inventory policy,231.0,0.0,0.0,231.0,194.0,194.0,0.0,0,37.0,336.0,6.66,1.0,0.0,0,0.004561643835616438,0.0,0.0,0.0,0.004561643835616438
2025-12-27,Butter,AI forecast + inventory policy,100.0,0.0,0.0,100.0,53.0,53.0,0.0,0,47.0,120.0,44.65,1.0,0.0,0,0.03058219178082192,0.0,0.0,0.0,0.03058219178082192
2025-12-27,Cheese Slices,AI forecast + inventory policy,118.0,0.0,0.0,118.0,119.0,118.0,1.0,1,0.0,300.0,0.0,0.0,0.0,0,0.0,0.0,0.44,0.0,0.44
2025-12-27,Chicken Breast,AI forecast + inventory policy,180.0,0.0,0.0,180.0,138.0,138.0,0.0,0,42.0,270.0,75.60000000000001,1.0,0.0,0,0.051780821917808216,0.0,0.0,0.0,0.051780821917808216
2025-12-27,Coffee Beans,AI forecast + inventory policy,102.0,0.0,0.0,102.0,54.0,54.0,0.0,0,48.0,156.0,100.80000000000001,1.0,0.0,0,0.06904109589041096,0.0,0.0,0.0,0.06904109589041096
2025-12-27,Cooking Oil,AI forecast + inventory policy,79.0,0.0,0.0,79.0,42.0,42.0,0.0,0,37.0,80.0,59.2,1.0,0.0,0,0.040547945205479455,0.0,0.0,0.0,0.040547945205479455
2025-12-27,Eggs,AI forecast + inventory policy,95.0,0.0,0.0,95.0,94.0,94.0,0.0,0,1.0,180.0,0.16,1.0,0.0,0,0.00010958904109589041,0.0,0.0,0.0,0.00010958904109589041
2025-12-27,Fries (Potatoes),AI forecast + inventory policy,223.0,0.0,0.0,223.0,224.0,223.0,1.0,1,0.0,420.0,0.0,0.0,0.0,0,0.0,0.0,0.6,0.0,0.6
2025-12-27,Gluten-free Buns,AI forecast + inventory policy,6.0,0.0,6.0,0.0,13.0,0.0,13.0,1,0.0,24.0,0.0,0.0,0.0,0,0.0,3.6000000000000005,14.3,0.0,17.900000000000002
2025-12-27,Lettuce,AI forecast + inventory policy,134.0,0.0,0.0,134.0,88.0,88.0,0.0,0,46.0,180.0,27.599999999999998,1.0,0.0,0,0.018904109589041096,0.0,0.0,0.0,0.018904109589041096
2025-12-27,Milk,AI forecast + inventory policy,142.0,0.0,0.0,142.0,104.0,104.0,0.0,0,38.0,252.0,28.5,1.0,0.0,0,0.01952054794520548,0.0,0.0,0.0,0.01952054794520548
2025-12-27,Mushrooms,AI forecast + inventory policy,101.0,0.0,0.0,101.0,58.0,58.0,0.0,0,43.0,130.0,23.650000000000002,1.0,0.0,0,0.016198630136986303,0.0,0.0,0.0,0.016198630136986303
2025-12-27,Onions,AI forecast + inventory policy,110.0,0.0,0.0,110.0,100.0,100.0,0.0,0,10.0,180.0,2.5,1.0,0.0,0,0.0017123287671232876,0.0,0.0,0.0,0.0017123287671232876
2025-12-27,Salmon Fillet,AI forecast + inventory policy,98.0,0.0,0.0,98.0,0.0,0.0,0.0,0,98.0,60.0,313.6,1.0,0.0,0,0.21479452054794523,0.0,0.0,0.0,0.21479452054794523
2025-12-27,Seasonal Berries,AI forecast + inventory policy,0.0,0.0,0.0,0.0,0.0,0.0,0.0,0,0.0,12.0,0.0,0.0,0.0,0,0.0,0.0,0.0,0.0,0.0
2025-12-27,Soft Drinks,AI forecast + inventory policy,118.0,0.0,0.0,118.0,128.0,118.0,10.0,1,0.0,216.0,0.0,0.0,0.0,0,0.0,0.0,8.0,0.0,8.0
2025-12-27,Tomatoes,AI forecast + inventory policy,105.0,0.0,0.0,105.0,92.0,92.0,0.0,0,13.0,204.0,5.8500000000000005,1.0,0.0,0,0.004006849315068493,0.0,0.0,0.0,0.004006849315068493
2025-12-27,Truffle Oil,AI forecast + inventory policy,16.0,0.0,0.0,16.0,5.0,5.0,0.0,0,11.0,12.0,93.5,1.1818181818181819,0.0,0,0.06404109589041096,0.0,0.0,0.0,0.06404109589041096
2025-12-27,Vegan Cheese,AI forecast + inventory policy,15.0,0.0,0.0,15.0,0.0,0.0,0.0,0,15.0,12.0,9.75,6.4,0.0,0,0.006678082191780822,0.0,0.0,0.0,0.006678082191780822
2025-12-28,Bacon,AI forecast + inventory policy,53.0,180.0,0.0,233.0,110.0,110.0,0.0,0,123.0,0.0,135.3,0.0,0.0,0,0.09267123287671233,0.0,0.0,0.0,0.09267123287671233
2025-12-28,Burger Buns,AI forecast + inventory policy,37.0,336.0,0.0,373.0,169.0,169.0,0.0,0,204.0,0.0,36.72,0.0,0.0,0,0.02515068493150685,0.0,0.0,0.0,0.02515068493150685
2025-12-28,Butter,AI forecast + inventory policy,47.0,120.0,0.0,167.0,42.0,42.0,0.0,0,125.0,0.0,118.75,0.08,0.0,0,0.08133561643835617,0.0,0.0,0.0,0.08133561643835617
2025-12-28,Cheese Slices,AI forecast + inventory policy,0.0,300.0,0.0,300.0,125.0,125.0,0.0,0,175.0,0.0,38.5,0.0,0.0,0,0.026369863013698633,0.0,0.0,0.0,0.026369863013698633
2025-12-28,Chicken Breast,AI forecast + inventory policy,42.0,270.0,0.0,312.0,161.0,161.0,0.0,0,151.0,0.0,271.8,0.0,0.0,0,0.18616438356164383,0.0,0.0,0.0,0.18616438356164383
2025-12-28,Coffee Beans,AI forecast + inventory policy,48.0,156.0,0.0,204.0,50.0,50.0,0.0,0,154.0,0.0,323.40000000000003,0.0,0.0,0,0.2215068493150685,0.0,0.0,0.0,0.2215068493150685
2025-12-28,Cooking Oil,AI forecast + inventory policy,37.0,80.0,0.0,117.0,41.0,41.0,0.0,0,76.0,0.0,121.60000000000001,0.0,0.0,0,0.08328767123287673,0.0,0.0,0.0,0.08328767123287673
2025-12-28,Eggs,AI forecast + inventory policy,1.0,180.0,0.0,181.0,85.0,85.0,0.0,0,96.0,0.0,15.36,0.0,0.0,0,0.01052054794520548,0.0,0.0,0.0,0.01052054794520548
2025-12-28,Fries (Potatoes),AI forecast + inventory policy,0.0,420.0,0.0,420.0,206.0,206.0,0.0,0,214.0,0.0,64.2,0.0,0.0,0,0.04397260273972602,0.0,0.0,0.0,0.04397260273972602
2025-12-28,Gluten-free Buns,AI forecast + inventory policy,0.0,24.0,0.0,24.0,18.0,18.0,0.0,0,6.0,0.0,3.3000000000000003,0.0,0.0,0,0.00226027397260274,0.0,0.0,0.0,0.00226027397260274
2025-12-28,Lettuce,AI forecast + inventory policy,46.0,180.0,0.0,226.0,79.0,79.0,0.0,0,147.0,0.0,88.2,0.0,0.0,0,0.060410958904109587,0.0,0.0,0.0,0.060410958904109587
2025-12-28,Milk,AI forecast + inventory policy,38.0,252.0,0.0,290.0,105.0,105.0,0.0,0,185.0,0.0,138.75,0.0,0.0,0,0.09503424657534246,0.0,0.0,0.0,0.09503424657534246
2025-12-28,Mushrooms,AI forecast + inventory policy,43.0,130.0,0.0,173.0,55.0,55.0,0.0,0,118.0,0.0,64.9,0.0,0.0,0,0.04445205479452055,0.0,0.0,0.0,0.04445205479452055
2025-12-28,Onions,AI forecast + inventory policy,10.0,180.0,0.0,190.0,74.0,74.0,0.0,0,116.0,0.0,29.0,0.0,0.0,0,0.01986301369863014,0.0,0.0,0.0,0.01986301369863014
2025-12-28,Salmon Fillet,AI forecast + inventory policy,98.0,60.0,0.0,158.0,63.0,63.0,0.0,0,95.0,0.0,304.0,0.7368421052631579,0.0,0,0.2082191780821918,0.0,0.0,0.0,0.2082191780821918
2025-12-28,Seasonal Berries,AI forecast + inventory policy,0.0,12.0,0.0,12.0,0.0,0.0,0.0,0,12.0,0.0,16.799999999999997,0.0,0.0,0,0.011506849315068493,0.0,0.0,0.0,0.011506849315068493
2025-12-28,Soft Drinks,AI forecast + inventory policy,0.0,216.0,0.0,216.0,123.0,123.0,0.0,0,93.0,0.0,37.2,0.0,0.0,0,0.025479452054794523,0.0,0.0,0.0,0.025479452054794523
2025-12-28,Tomatoes,AI forecast + inventory policy,13.0,204.0,0.0,217.0,84.0,84.0,0.0,0,133.0,0.0,59.85,0.0,0.0,0,0.040993150684931506,0.0,0.0,0.0,0.040993150684931506
2025-12-28,Truffle Oil,AI forecast + inventory policy,11.0,12.0,0.0,23.0,0.0,0.0,0.0,0,23.0,0.0,195.5,1.0434782608695652,0.0,0,0.13390410958904111,0.0,0.0,0.0,0.13390410958904111
2025-12-28,Vegan Cheese,AI forecast + inventory policy,15.0,12.0,0.0,27.0,17.0,17.0,0.0,0,10.0,0.0,6.5,0.0,0.0,0,0.004452054794520549,0.0,0.0,0.0,0.004452054794520549
2025-12-29,Bacon,AI forecast + inventory policy,123.0,0.0,0.0,123.0,50.0,50.0,0.0,0,73.0,180.0,80.30000000000001,1.0,180.0,1,0.055,0.0,0.0,0.625,0.68
2025-12-29,Burger Buns,AI forecast + inventory policy,204.0,0.0,0.0,204.0,96.0,96.0,0.0,0,108.0,384.0,19.439999999999998,1.0,384.0,1,0.013315068493150685,0.0,0.0,0.625,0.6383150684931507
2025-12-29,Butter,AI forecast + inventory policy,125.0,0.0,0.0,125.0,32.0,32.0,0.0,0,93.0,72.0,88.35,1.0,72.0,1,0.06051369863013699,0.0,0.0,0.625,0.685513698630137
2025-12-29,Cheese Slices,AI forecast + inventory policy,175.0,0.0,0.0,175.0,68.0,68.0,0.0,0,107.0,250.0,23.54,1.0,250.0,1,0.01612328767123288,0.0,0.0,0.625,0.6411232876712328
2025-12-29,Chicken Breast,AI forecast + inventory policy,151.0,0.0,0.0,151.0,72.0,72.0,0.0,0,79.0,270.0,142.20000000000002,1.0,270.0,1,0.0973972602739726,0.0,0.0,0.625,0.7223972602739726
2025-12-29,Coffee Beans,AI forecast + inventory policy,154.0,0.0,0.0,154.0,47.0,47.0,0.0,0,107.0,84.0,224.70000000000002,1.0,84.0,1,0.1539041095890411,0.0,0.0,0.625,0.7789041095890411
2025-12-29,Cooking Oil,AI forecast + inventory policy,76.0,0.0,0.0,76.0,40.0,40.0,0.0,0,36.0,72.0,57.6,1.0,72.0,1,0.039452054794520554,0.0,0.0,0.625,0.6644520547945205
2025-12-29,Eggs,AI forecast + inventory policy,96.0,0.0,0.0,96.0,46.0,46.0,0.0,0,50.0,180.0,8.0,1.0,180.0,1,0.005479452054794521,0.0,0.0,0.625,0.6304794520547945
2025-12-29,Fries (Potatoes),AI forecast + inventory policy,214.0,0.0,0.0,214.0,120.0,120.0,0.0,0,94.0,400.0,28.2,1.0,400.0,1,0.019315068493150685,0.0,0.0,0.625,0.6443150684931507
2025-12-29,Gluten-free Buns,AI forecast + inventory policy,6.0,0.0,0.0,6.0,11.0,6.0,5.0,1,0.0,48.0,0.0,0.0,48.0,1,0.0,0.0,5.5,0.625,6.125
2025-12-29,Lettuce,AI forecast + inventory policy,147.0,0.0,0.0,147.0,46.0,46.0,0.0,0,101.0,120.0,60.599999999999994,1.0,120.0,1,0.04150684931506849,0.0,0.0,0.625,0.6665068493150685
2025-12-29,Milk,AI forecast + inventory policy,185.0,0.0,0.0,185.0,68.0,68.0,0.0,0,117.0,156.0,87.75,1.0,156.0,1,0.06010273972602739,0.0,0.0,0.625,0.6851027397260274
2025-12-29,Mushrooms,AI forecast + inventory policy,118.0,0.0,0.0,118.0,34.0,34.0,0.0,0,84.0,70.0,46.2,1.0,70.0,1,0.031643835616438354,0.0,0.0,0.625,0.6566438356164384
2025-12-29,Onions,AI forecast + inventory policy,116.0,0.0,0.0,116.0,62.0,62.0,0.0,0,54.0,140.0,13.5,1.0,140.0,1,0.009246575342465754,0.0,0.0,0.625,0.6342465753424658
2025-12-29,Salmon Fillet,AI forecast + inventory policy,95.0,0.0,35.0,60.0,25.0,25.0,0.0,0,35.0,120.0,112.0,1.0,120.0,1,0.07671232876712329,113.75,0.0,0.625,114.45171232876713
2025-12-29,Seasonal Berries,AI forecast + inventory policy,12.0,0.0,0.0,12.0,5.0,5.0,0.0,0,7.0,12.0,9.799999999999999,1.0,12.0,1,0.006712328767123288,0.0,0.0,0.625,0.6317123287671232
2025-12-29,Soft Drinks,AI forecast + inventory policy,93.0,0.0,0.0,93.0,54.0,54.0,0.0,0,39.0,240.0,15.600000000000001,1.0,240.0,1,0.010684931506849316,0.0,0.0,0.625,0.6356849315068493
2025-12-29,Tomatoes,AI forecast + inventory policy,133.0,0.0,0.0,133.0,54.0,54.0,0.0,0,79.0,168.0,35.550000000000004,1.0,168.0,1,0.02434931506849315,0.0,0.0,0.625,0.6493493150684931
2025-12-29,Truffle Oil,AI forecast + inventory policy,23.0,0.0,0.0,23.0,0.0,0.0,0.0,0,23.0,10.0,195.5,2.0434782608695654,10.0,1,0.13390410958904111,0.0,0.0,0.625,0.7589041095890411
2025-12-29,Vegan Cheese,AI forecast + inventory policy,10.0,0.0,0.0,10.0,7.0,7.0,0.0,0,3.0,36.0,1.9500000000000002,1.0,36.0,1,0.0013356164383561645,0.0,0.0,0.625,0.6263356164383561
2025-12-30,Bacon,AI forecast + inventory policy,73.0,0.0,0.0,73.0,38.0,38.0,0.0,0,35.0,180.0,38.5,2.0,0.0,0,0.026369863013698633,0.0,0.0,0.0,0.026369863013698633
2025-12-30,Burger Buns,AI forecast + inventory policy,108.0,0.0,0.0,108.0,145.0,108.0,37.0,1,0.0,384.0,0.0,0.0,0.0,0,0.0,0.0,13.32,0.0,13.32
2025-12-30,Butter,AI forecast + inventory policy,93.0,0.0,0.0,93.0,50.0,50.0,0.0,0,43.0,72.0,40.85,2.0,0.0,0,0.02797945205479452,0.0,0.0,0.0,0.02797945205479452
2025-12-30,Cheese Slices,AI forecast + inventory policy,107.0,0.0,0.0,107.0,101.0,101.0,0.0,0,6.0,250.0,1.32,2.0,0.0,0,0.000904109589041096,0.0,0.0,0.0,0.000904109589041096
2025-12-30,Chicken Breast,AI forecast + inventory policy,79.0,0.0,0.0,79.0,82.0,79.0,3.0,1,0.0,270.0,0.0,0.0,0.0,0,0.0,0.0,10.8,0.0,10.8
2025-12-30,Coffee Beans,AI forecast + inventory policy,107.0,0.0,0.0,107.0,51.0,51.0,0.0,0,56.0,84.0,117.60000000000001,2.0,0.0,0,0.08054794520547945,0.0,0.0,0.0,0.08054794520547945
2025-12-30,Cooking Oil,AI forecast + inventory policy,36.0,0.0,0.0,36.0,30.0,30.0,0.0,0,6.0,72.0,9.600000000000001,2.0,0.0,0,0.006575342465753425,0.0,0.0,0.0,0.006575342465753425
2025-12-30,Eggs,AI forecast + inventory policy,50.0,0.0,0.0,50.0,56.0,50.0,6.0,1,0.0,180.0,0.0,0.0,0.0,0,0.0,0.0,1.92,0.0,1.92
2025-12-30,Fries (Potatoes),AI forecast + inventory policy,94.0,0.0,0.0,94.0,124.0,94.0,30.0,1,0.0,400.0,0.0,0.0,0.0,0,0.0,0.0,18.0,0.0,18.0
2025-12-30,Gluten-free Buns,AI forecast + inventory policy,0.0,0.0,0.0,0.0,11.0,0.0,11.0,1,0.0,48.0,0.0,0.0,0.0,0,0.0,0.0,12.100000000000001,0.0,12.100000000000001
2025-12-30,Lettuce,AI forecast + inventory policy,101.0,0.0,0.0,101.0,46.0,46.0,0.0,0,55.0,120.0,33.0,2.0,0.0,0,0.022602739726027395,0.0,0.0,0.0,0.022602739726027395
2025-12-30,Milk,AI forecast + inventory policy,117.0,0.0,0.0,117.0,61.0,61.0,0.0,0,56.0,156.0,42.0,2.0,0.0,0,0.02876712328767123,0.0,0.0,0.0,0.02876712328767123
2025-12-30,Mushrooms,AI forecast + inventory policy,84.0,0.0,0.0,84.0,30.0,30.0,0.0,0,54.0,70.0,29.700000000000003,2.0,0.0,0,0.02034246575342466,0.0,0.0,0.0,0.02034246575342466
2025-12-30,Onions,AI forecast + inventory policy,54.0,0.0,0.0,54.0,49.0,49.0,0.0,0,5.0,140.0,1.25,2.0,0.0,0,0.0008561643835616438,0.0,0.0,0.0,0.0008561643835616438
2025-12-30,Salmon Fillet,AI forecast + inventory policy,35.0,0.0,0.0,35.0,32.0,32.0,0.0,0,3.0,120.0,9.600000000000001,2.0,0.0,0,0.006575342465753425,0.0,0.0,0.0,0.006575342465753425
2025-12-30,Seasonal Berries,AI forecast + inventory policy,7.0,0.0,0.0,7.0,7.0,7.0,0.0,0,0.0,12.0,0.0,0.0,0.0,0,0.0,0.0,0.0,0.0,0.0
2025-12-30,Soft Drinks,AI forecast + inventory policy,39.0,0.0,0.0,39.0,49.0,39.0,10.0,1,0.0,240.0,0.0,0.0,0.0,0,0.0,0.0,8.0,0.0,8.0
2025-12-30,Tomatoes,AI forecast + inventory policy,79.0,0.0,0.0,79.0,44.0,44.0,0.0,0,35.0,168.0,15.75,2.0,0.0,0,0.010787671232876711,0.0,0.0,0.0,0.010787671232876711
2025-12-30,Truffle Oil,AI forecast + inventory policy,23.0,0.0,0.0,23.0,9.0,9.0,0.0,0,14.0,10.0,119.0,2.2857142857142856,0.0,0,0.08150684931506849,0.0,0.0,0.0,0.08150684931506849
2025-12-30,Vegan Cheese,AI forecast + inventory policy,3.0,0.0,0.0,3.0,0.0,0.0,0.0,0,3.0,36.0,1.9500000000000002,2.0,0.0,0,0.0013356164383561645,0.0,0.0,0.0,0.0013356164383561645
2025-12-31,Bacon,AI forecast + inventory policy,35.0,180.0,0.0,215.0,66.0,66.0,0.0,0,149.0,120.0,163.9,0.0,120.0,1,0.11226027397260274,0.0,0.0,0.6578947368421053,0.770155010814708
2025-12-31,Burger Buns,AI forecast + inventory policy,0.0,384.0,0.0,384.0,125.0,125.0,0.0,0,259.0,432.0,46.62,0.0,432.0,1,0.03193150684931507,0.0,0.0,0.6578947368421053,0.6898262436914204
2025-12-31,Butter,AI forecast + inventory policy,43.0,72.0,0.0,115.0,34.0,34.0,0.0,0,81.0,108.0,76.94999999999999,0.3333333333333333,108.0,1,0.052705479452054796,0.0,0.0,0.6578947368421053,0.7106002162941601
2025-12-31,Cheese Slices,AI forecast + inventory policy,6.0,250.0,0.0,256.0,90.0,90.0,0.0,0,166.0,250.0,36.52,0.0,250.0,1,0.02501369863013699,0.0,0.0,0.6578947368421053,0.6829084354722423
2025-12-31,Chicken Breast,AI forecast + inventory policy,0.0,270.0,0.0,270.0,87.0,87.0,0.0,0,183.0,320.0,329.40000000000003,0.0,320.0,1,0.22561643835616438,0.0,0.0,0.6578947368421053,0.8835111751982697
2025-12-31,Coffee Beans,AI forecast + inventory policy,56.0,84.0,0.0,140.0,60.0,60.0,0.0,0,80.0,144.0,168.0,0.0,144.0,1,0.11506849315068493,0.0,0.0,0.6578947368421053,0.7729632299927902
2025-12-31,Cooking Oil,AI forecast + inventory policy,6.0,72.0,0.0,78.0,31.0,31.0,0.0,0,47.0,92.0,75.2,0.0,92.0,1,0.0515068493150685,0.0,0.0,0.6578947368421053,0.7094015861571739
2025-12-31,Eggs,AI forecast + inventory policy,0.0,180.0,0.0,180.0,58.0,58.0,0.0,0,122.0,180.0,19.52,0.0,180.0,1,0.01336986301369863,0.0,0.0,0.6578947368421053,0.6712645998558039
2025-12-31,Fries (Potatoes),AI forecast + inventory policy,0.0,400.0,0.0,400.0,143.0,143.0,0.0,0,257.0,520.0,77.1,0.0,520.0,1,0.05280821917808219,0.0,0.0,0.6578947368421053,0.7107029560201875
2025-12-31,Gluten-free Buns,AI forecast + inventory policy,0.0,48.0,0.0,48.0,12.0,12.0,0.0,0,36.0,12.0,19.8,0.0,12.0,1,0.013561643835616439,0.0,0.0,0.6578947368421053,0.6714563806777217
2025-12-31,Lettuce,AI forecast + inventory policy,55.0,120.0,0.0,175.0,53.0,53.0,0.0,0,122.0,192.0,73.2,0.04918032786885246,192.0,1,0.05013698630136986,0.0,0.0,0.6578947368421053,0.7080317231434752
2025-12-31,Milk,AI forecast + inventory policy,56.0,156.0,0.0,212.0,84.0,84.0,0.0,0,128.0,216.0,96.0,0.0,216.0,1,0.06575342465753424,0.0,0.0,0.6578947368421053,0.7236481614996395
2025-12-31,Mushrooms,AI forecast + inventory policy,54.0,70.0,0.0,124.0,42.0,42.0,0.0,0,82.0,120.0,45.1,0.43902439024390244,120.0,1,0.03089041095890411,0.0,0.0,0.6578947368421053,0.6887851478010094
2025-12-31,Onions,AI forecast + inventory policy,5.0,140.0,0.0,145.0,59.0,59.0,0.0,0,86.0,180.0,21.5,0.0,180.0,1,0.014726027397260274,0.0,0.0,0.6578947368421053,0.6726207642393656
2025-12-31,Salmon Fillet,AI forecast + inventory policy,3.0,120.0,3.0,120.0,0.0,0.0,0.0,0,120.0,108.0,384.0,0.0,108.0,1,0.263013698630137,9.750000000000002,0.0,0.6578947368421053,10.670908435472246
2025-12-31,Seasonal Berries,AI forecast + inventory policy,0.0,12.0,0.0,12.0,0.0,0.0,0.0,0,12.0,12.0,16.799999999999997,0.0,12.0,1,0.011506849315068493,0.0,0.0,0.6578947368421053,0.6694015861571738
2025-12-31,Soft Drinks,AI forecast + inventory policy,0.0,240.0,0.0,240.0,82.0,82.0,0.0,0,158.0,336.0,63.2,0.0,336.0,1,0.04328767123287672,0.0,0.0,0.6578947368421053,0.701182408074982
2025-12-31,Tomatoes,AI forecast + inventory policy,35.0,168.0,0.0,203.0,85.0,85.0,0.0,0,118.0,204.0,53.1,0.0,204.0,1,0.03636986301369863,0.0,0.0,0.6578947368421053,0.6942645998558039
2025-12-31,Truffle Oil,AI forecast + inventory policy,14.0,10.0,0.0,24.0,5.0,5.0,0.0,0,19.0,8.0,161.5,1.4210526315789473,8.0,1,0.11061643835616439,0.0,0.0,0.6578947368421053,0.7685111751982697
2025-12-31,Vegan Cheese,AI forecast + inventory policy,3.0,36.0,0.0,39.0,0.0,0.0,0.0,0,39.0,0.0,25.35,0.23076923076923078,0.0,1,0.01736301369863014,0.0,0.0,0.0,0.01736301369863014
