date,sku,strategy,opening_stock,received,expired_units,available_stock,demand,served,stockout_units,stockout_day,closing_stock,on_order,inventory_value,mean_age_days,recommended_order,is_review_day,holding_cost,waste_cost,stockout_cost,ordering_cost,total_cost
2025-07-01,Bacon,Manual par-level baseline,139.42857142857142,0.0,0.0,139.42857142857142,60.0,60.0,0.0,0,79.42857142857142,0.0,87.37142857142857,1.0,0.0,0,0.05984344422700586,0.0,0.0,0.0,0.05984344422700586
2025-07-01,Burger Buns,Manual par-level baseline,354.5,0.0,0.0,354.5,153.0,153.0,0.0,0,201.5,0.0,36.269999999999996,1.0,0.0,0,0.024842465753424657,0.0,0.0,0.0,0.024842465753424657
2025-07-01,Butter,Manual par-level baseline,101.07142857142857,0.0,0.0,101.07142857142857,57.0,57.0,0.0,0,44.07142857142857,0.0,41.86785714285714,1.0,0.0,0,0.028676614481409,0.0,0.0,0.0,0.028676614481409
2025-07-01,Cheese Slices,Manual par-level baseline,244.35714285714286,0.0,0.0,244.35714285714286,95.0,95.0,0.0,0,149.35714285714286,0.0,32.85857142857143,1.0,0.0,0,0.022505870841487283,0.0,0.0,0.0,0.022505870841487283
2025-07-01,Chicken Breast,Manual par-level baseline,290.64285714285717,0.0,0.0,290.64285714285717,109.0,109.0,0.0,0,181.64285714285717,0.0,326.9571428571429,1.0,0.0,0,0.22394324853228964,0.0,0.0,0.0,0.22394324853228964
2025-07-01,Coffee Beans,Manual par-level baseline,99.35714285714286,0.0,0.0,99.35714285714286,46.0,46.0,0.0,0,53.35714285714286,0.0,112.05000000000001,1.0,0.0,0,0.07674657534246576,0.0,0.0,0.0,0.07674657534246576
2025-07-01,Cooking Oil,Manual par-level baseline,79.42857142857143,0.0,0.0,79.42857142857143,23.0,23.0,0.0,0,56.42857142857143,0.0,90.28571428571429,1.0,0.0,0,0.061839530332681025,0.0,0.0,0.0,0.061839530332681025
2025-07-01,Eggs,Manual par-level baseline,185.07142857142858,0.0,0.0,185.07142857142858,58.0,58.0,0.0,0,127.07142857142858,0.0,20.331428571428575,1.0,0.0,0,0.01392563600782779,0.0,0.0,0.0,0.01392563600782779
2025-07-01,Fries (Potatoes),Manual par-level baseline,418.2142857142857,0.0,0.0,418.2142857142857,174.0,174.0,0.0,0,244.21428571428572,0.0,73.26428571428572,1.0,0.0,0,0.05018101761252446,0.0,0.0,0.0,0.05018101761252446
2025-07-01,Gluten-free Buns,Manual par-level baseline,21.071428571428573,0.0,0.0,21.071428571428573,13.0,13.0,0.0,0,8.071428571428573,0.0,4.439285714285716,1.0,0.0,0,0.003040606653620353,0.0,0.0,0.0,0.003040606653620353
2025-07-01,Lettuce,Manual par-level baseline,227.0,0.0,0.0,227.0,70.0,70.0,0.0,0,157.0,0.0,94.2,1.0,0.0,0,0.06452054794520548,0.0,0.0,0.0,0.06452054794520548
2025-07-01,Milk,Manual par-level baseline,220.64285714285714,0.0,0.0,220.64285714285714,76.0,76.0,0.0,0,144.64285714285714,0.0,108.48214285714286,1.0,0.0,0,0.0743028375733855,0.0,0.0,0.0,0.0743028375733855
2025-07-01,Mushrooms,Manual par-level baseline,110.64285714285714,0.0,0.0,110.64285714285714,34.0,34.0,0.0,0,76.64285714285714,0.0,42.15357142857143,1.0,0.0,0,0.028872309197651665,0.0,0.0,0.0,0.028872309197651665
2025-07-01,Onions,Manual par-level baseline,167.92857142857142,0.0,0.0,167.92857142857142,77.0,77.0,0.0,0,90.92857142857142,0.0,22.732142857142854,1.0,0.0,0,0.01556996086105675,0.0,0.0,0.0,0.01556996086105675
2025-07-01,Salmon Fillet,Manual par-level baseline,102.71428571428571,0.0,0.0,102.71428571428571,37.0,37.0,0.0,0,65.71428571428571,0.0,210.28571428571428,1.0,0.0,0,0.14403131115459883,0.0,0.0,0.0,0.14403131115459883
2025-07-01,Seasonal Berries,Manual par-level baseline,19.571428571428573,0.0,0.0,19.571428571428573,0.0,0.0,0.0,0,19.571428571428573,0.0,27.400000000000002,1.0,0.0,0,0.018767123287671234,0.0,0.0,0.0,0.018767123287671234
2025-07-01,Soft Drinks,Manual par-level baseline,483.64285714285717,0.0,0.0,483.64285714285717,134.0,134.0,0.0,0,349.64285714285717,0.0,139.85714285714286,1.0,0.0,0,0.0957925636007828,0.0,0.0,0.0,0.0957925636007828
2025-07-01,Tomatoes,Manual par-level baseline,244.85714285714286,0.0,0.0,244.85714285714286,76.0,76.0,0.0,0,168.85714285714286,0.0,75.9857142857143,1.0,0.0,0,0.052045009784735814,0.0,0.0,0.0,0.052045009784735814
2025-07-01,Truffle Oil,Manual par-level baseline,4.5,0.0,0.0,4.5,5.0,4.5,0.5,1,0.0,0.0,0.0,0.0,0.0,0,0.0,0.0,8.5,0.0,8.5
2025-07-01,Vegan Cheese,Manual par-level baseline,18.714285714285715,0.0,0.0,18.714285714285715,5.0,5.0,0.0,0,13.714285714285715,0.0,8.914285714285715,1.0,0.0,0,0.0061056751467710385,0.0,0.0,0.0,0.0061056751467710385
2025-07-02,Bacon,Manual par-level baseline,79.42857142857142,0.0,0.0,79.42857142857142,70.0,70.0,0.0,0,9.428571428571416,250.0,10.37142857142856,2.0,250.0,1,0.0071037181996086015,0.0,0.0,0.625,0.6321037181996086
2025-07-02,Burger Buns,Manual par-level baseline,201.5,0.0,0.0,201.5,154.0,154.0,0.0,0,47.5,672.0,8.549999999999999,2.0,672.0,1,0.005856164383561644,0.0,0.0,0.625,0.6308561643835616
2025-07-02,Butter,Manual par-level baseline,44.07142857142857,0.0,0.0,44.07142857142857,38.0,38.0,0.0,0,6.071428571428569,204.0,5.767857142857141,2.0,204.0,1,0.003950587084148726,0.0,0.0,0.625,0.6289505870841487
2025-07-02,Cheese Slices,Manual par-level baseline,149.35714285714286,0.0,0.0,149.35714285714286,99.0,99.0,0.0,0,50.35714285714286,450.0,11.07857142857143,2.0,450.0,1,0.0075880626223091985,0.0,0.0,0.625,0.6325880626223092
2025-07-02,Chicken Breast,Manual par-level baseline,181.64285714285717,0.0,0.0,181.64285714285717,108.0,108.0,0.0,0,73.64285714285717,520.0,132.5571428571429,2.0,520.0,1,0.0907925636007828,0.0,0.0,0.625,0.7157925636007828
2025-07-02,Coffee Beans,Manual par-level baseline,53.35714285714286,0.0,0.0,53.35714285714286,44.0,44.0,0.0,0,9.357142857142861,186.0,19.65000000000001,2.0,186.0,1,0.013458904109589047,0.0,0.0,0.625,0.638458904109589
2025-07-02,Cooking Oil,Manual par-level baseline,56.42857142857143,0.0,0.0,56.42857142857143,45.0,45.0,0.0,0,11.42857142857143,132.0,18.28571428571429,2.0,132.0,1,0.012524461839530336,0.0,0.0,0.625,0.6375244618395304
2025-07-02,Eggs,Manual par-level baseline,127.07142857142858,0.0,0.0,127.07142857142858,85.0,85.0,0.0,0,42.071428571428584,300.0,6.731428571428573,2.0,300.0,1,0.004610567514677105,0.0,0.0,0.625,0.6296105675146771
2025-07-02,Fries (Potatoes),Manual par-level baseline,244.21428571428572,0.0,0.0,244.21428571428572,184.0,184.0,0.0,0,60.21428571428572,760.0,18.064285714285717,2.0,760.0,1,0.012372798434442271,0.0,0.0,0.625,0.6373727984344423
2025-07-02,Gluten-free Buns,Manual par-level baseline,8.071428571428573,0.0,0.0,8.071428571428573,13.0,8.071428571428573,4.928571428571427,1,0.0,48.0,0.0,0.0,48.0,1,0.0,0.0,5.42142857142857,0.625,6.04642857142857
2025-07-02,Lettuce,Manual par-level baseline,157.0,0.0,0.0,157.0,119.0,119.0,0.0,0,38.0,384.0,22.8,2.0,384.0,1,0.015616438356164383,0.0,0.0,0.625,0.6406164383561643
2025-07-02,Milk,Manual par-level baseline,144.64285714285714,0.0,0.0,144.64285714285714,103.0,103.0,0.0,0,41.64285714285714,384.0,31.232142857142854,2.0,384.0,1,0.021391878669275926,0.0,0.0,0.625,0.6463918786692759
2025-07-02,Mushrooms,Manual par-level baseline,76.64285714285714,0.0,0.0,76.64285714285714,51.0,51.0,0.0,0,25.64285714285714,190.0,14.103571428571428,2.0,190.0,1,0.009659980430528375,0.0,0.0,0.625,0.6346599804305284
2025-07-02,Onions,Manual par-level baseline,90.92857142857142,0.0,0.0,90.92857142857142,70.0,70.0,0.0,0,20.928571428571416,320.0,5.232142857142854,2.0,320.0,1,0.0035836594911937357,0.0,0.0,0.625,0.6285836594911938
2025-07-02,Salmon Fillet,Manual par-level baseline,65.71428571428571,0.0,0.0,65.71428571428571,35.0,35.0,0.0,0,30.714285714285708,180.0,98.28571428571428,2.0,180.0,1,0.06731898238747554,0.0,0.0,0.625,0.6923189823874756
2025-07-02,Seasonal Berries,Manual par-level baseline,19.571428571428573,0.0,0.0,19.571428571428573,18.0,18.0,0.0,0,1.571428571428573,24.0,2.200000000000002,2.0,24.0,1,0.0015068493150684945,0.0,0.0,0.625,0.6265068493150685
2025-07-02,Soft Drinks,Manual par-level baseline,349.64285714285717,0.0,0.0,349.64285714285717,187.0,187.0,0.0,0,162.64285714285717,792.0,65.05714285714286,2.0,792.0,1,0.04455968688845403,0.0,0.0,0.625,0.669559686888454
2025-07-02,Tomatoes,Manual par-level baseline,168.85714285714286,0.0,0.0,168.85714285714286,107.0,107.0,0.0,0,61.85714285714286,420.0,27.83571428571429,2.0,420.0,1,0.019065557729941292,0.0,0.0,0.625,0.6440655577299413
2025-07-02,Truffle Oil,Manual par-level baseline,0.0,0.0,0.0,0.0,5.0,0.0,5.0,1,0.0,12.0,0.0,0.0,12.0,1,0.0,0.0,85.0,0.625,85.625
2025-07-02,Vegan Cheese,Manual par-level baseline,13.714285714285715,0.0,0.0,13.714285714285715,0.0,0.0,0.0,0,13.714285714285715,24.0,8.914285714285715,2.0,24.0,1,0.0061056751467710385,0.0,0.0,0.625,0.6311056751467711
2025-07-03,Bacon,Manual par-level baseline,9.428571428571416,0.0,0.0,9.428571428571416,69.0,9.428571428571416,59.571428571428584,1,0.0,250.0,0.0,0.0,0.0,0,0.0,0.0,131.0571428571429,0.0,131.0571428571429
2025-07-03,Burger Buns,Manual par-level baseline,47.5,0.0,47.5,0.0,148.0,0.0,148.0,1,0.0,672.0,0.0,0.0,0.0,0,0.0,10.924999999999999,53.28,0.0,64.205
2025-07-03,Butter,Manual par-level baseline,6.071428571428569,0.0,0.0,6.071428571428569,44.0,6.071428571428569,37.92857142857143,1,0.0,204.0,0.0,0.0,0.0,0,0.0,0.0,72.06428571428572,0.0,72.06428571428572
2025-07-03,Cheese Slices,Manual par-level baseline,50.35714285714286,0.0,0.0,50.35714285714286,111.0,50.35714285714286,60.64285714285714,1,0.0,450.0,0.0,0.0,0.0,0,0.0,0.0,26.68285714285714,0.0,26.68285714285714
2025-07-03,Chicken Breast,Manual par-level baseline,73.64285714285717,0.0,0.0,73.64285714285717,113.0,73.64285714285717,39.35714285714283,1,0.0,520.0,0.0,0.0,0.0,0,0.0,0.0,141.6857142857142,0.0,141.6857142857142
2025-07-03,Coffee Beans,Manual par-level baseline,9.357142857142861,0.0,0.0,9.357142857142861,52.0,9.357142857142861,42.64285714285714,1,0.0,186.0,0.0,0.0,0.0,0,0.0,0.0,179.1,0.0,179.1
2025-07-03,Cooking Oil,Manual par-level baseline,11.42857142857143,0.0,0.0,11.42857142857143,39.0,11.42857142857143,27.57142857142857,1,0.0,132.0,0.0,0.0,0.0,0,0.0,0.0,88.22857142857143,0.0,88.22857142857143
2025-07-03,Eggs,Manual par-level baseline,42.071428571428584,0.0,0.0,42.071428571428584,102.0,42.071428571428584,59.928571428571416,1,0.0,300.0,0.0,0.0,0.0,0,0.0,0.0,19.177142857142854,0.0,19.177142857142854
2025-07-03,Fries (Potatoes),Manual par-level baseline,60.21428571428572,0.0,0.0,60.21428571428572,161.0,60.21428571428572,100.78571428571428,1,0.0,760.0,0.0,0.0,0.0,0,0.0,0.0,60.47142857142856,0.0,60.47142857142856
2025-07-03,Gluten-free Buns,Manual par-level baseline,0.0,0.0,0.0,0.0,20.0,0.0,20.0,1,0.0,48.0,0.0,0.0,0.0,0,0.0,0.0,22.0,0.0,22.0
2025-07-03,Lettuce,Manual par-level baseline,38.0,0.0,0.0,38.0,105.0,38.0,67.0,1,0.0,384.0,0.0,0.0,0.0,0,0.0,0.0,80.39999999999999,0.0,80.39999999999999
2025-07-03,Milk,Manual par-level baseline,41.64285714285714,0.0,0.0,41.64285714285714,86.0,41.64285714285714,44.35714285714286,1,0.0,384.0,0.0,0.0,0.0,0,0.0,0.0,66.53571428571429,0.0,66.53571428571429
2025-07-03,Mushrooms,Manual par-level baseline,25.64285714285714,0.0,0.0,25.64285714285714,43.0,25.64285714285714,17.35714285714286,1,0.0,190.0,0.0,0.0,0.0,0,0.0,0.0,19.09285714285715,0.0,19.09285714285715
2025-07-03,Onions,Manual par-level baseline,20.928571428571416,0.0,0.0,20.928571428571416,77.0,20.928571428571416,56.071428571428584,1,0.0,320.0,0.0,0.0,0.0,0,0.0,0.0,28.035714285714292,0.0,28.035714285714292
2025-07-03,Salmon Fillet,Manual par-level baseline,30.714285714285708,0.0,30.714285714285708,0.0,47.0,0.0,47.0,1,0.0,180.0,0.0,0.0,0.0,0,0.0,99.82142857142857,300.8,0.0,400.62142857142857
2025-07-03,Seasonal Berries,Manual par-level baseline,1.571428571428573,0.0,1.571428571428573,0.0,0.0,0.0,0.0,0,0.0,24.0,0.0,0.0,0.0,0,0.0,2.2785714285714307,0.0,0.0,2.2785714285714307
2025-07-03,Soft Drinks,Manual par-level baseline,162.64285714285717,0.0,0.0,162.64285714285717,253.0,162.64285714285717,90.35714285714283,1,0.0,792.0,0.0,0.0,0.0,0,0.0,0.0,72.28571428571426,0.0,72.28571428571426
2025-07-03,Tomatoes,Manual par-level baseline,61.85714285714286,0.0,0.0,61.85714285714286,107.0,61.85714285714286,45.14285714285714,1,0.0,420.0,0.0,0.0,0.0,0,0.0,0.0,40.628571428571426,0.0,40.628571428571426
2025-07-03,Truffle Oil,Manual par-level baseline,0.0,0.0,0.0,0.0,0.0,0.0,0.0,0,0.0,12.0,0.0,0.0,0.0,0,0.0,0.0,0.0,0.0,0.0
2025-07-03,Vegan Cheese,Manual par-level baseline,13.714285714285715,0.0,0.0,13.714285714285715,19.0,13.714285714285715,5.285714285714285,1,0.0,24.0,0.0,0.0,0.0,0,0.0,0.0,6.87142857142857,0.0,6.87142857142857
2025-07-04,Bacon,Manual par-level baseline,0.0,250.0,0.0,250.0,96.0,96.0,0.0,0,154.0,170.0,169.4,0.0,170.0,1,0.11602739726027397,0.0,0.0,0.625,0.741027397260274
2025-07-04,Burger Buns,Manual par-level baseline,0.0,672.0,0.0,672.0,253.0,253.0,0.0,0,419.0,384.0,75.42,0.0,384.0,1,0.05165753424657534,0.0,0.0,0.625,0.6766575342465754
2025-07-04,Butter,Manual par-level baseline,0.0,204.0,0.0,204.0,66.0,66.0,0.0,0,138.0,96.0,131.1,0.0,96.0,1,0.0897945205479452,0.0,0.0,0.625,0.7147945205479452
2025-07-04,Cheese Slices,Manual par-level baseline,0.0,450.0,0.0,450.0,180.0,180.0,0.0,0,270.0,300.0,59.4,0.0,300.0,1,0.04068493150684932,0.0,0.0,0.625,0.6656849315068494
2025-07-04,Chicken Breast,Manual par-level baseline,0.0,520.0,0.0,520.0,176.0,176.0,0.0,0,344.0,360.0,619.2,0.0,360.0,1,0.42410958904109586,0.0,0.0,0.625,1.049109589041096
2025-07-04,Coffee Beans,Manual par-level baseline,0.0,186.0,0.0,186.0,44.0,44.0,0.0,0,142.0,114.0,298.2,0.0,114.0,1,0.20424657534246576,0.0,0.0,0.625,0.8292465753424658
2025-07-04,Cooking Oil,Manual par-level baseline,0.0,132.0,0.0,132.0,42.0,42.0,0.0,0,90.0,108.0,144.0,0.0,108.0,1,0.09863013698630138,0.0,0.0,0.625,0.7236301369863014
2025-07-04,Eggs,Manual par-level baseline,0.0,300.0,0.0,300.0,108.0,108.0,0.0,0,192.0,270.0,30.72,0.0,270.0,1,0.02104109589041096,0.0,0.0,0.625,0.6460410958904109
2025-07-04,Fries (Potatoes),Manual par-level baseline,0.0,760.0,0.0,760.0,264.0,264.0,0.0,0,496.0,500.0,148.79999999999998,0.0,500.0,1,0.10191780821917808,0.0,0.0,0.625,0.7269178082191781
2025-07-04,Gluten-free Buns,Manual par-level baseline,0.0,48.0,0.0,48.0,0.0,0.0,0.0,0,48.0,24.0,26.400000000000002,0.0,24.0,1,0.01808219178082192,0.0,0.0,0.625,0.6430821917808219
2025-07-04,Lettuce,Manual par-level baseline,0.0,384.0,0.0,384.0,151.0,151.0,0.0,0,233.0,300.0,139.79999999999998,0.0,300.0,1,0.09575342465753424,0.0,0.0,0.625,0.7207534246575342
2025-07-04,Milk,Manual par-level baseline,0.0,384.0,0.0,384.0,131.0,131.0,0.0,0,253.0,264.0,189.75,0.0,264.0,1,0.12996575342465752,0.0,0.0,0.625,0.7549657534246575
2025-07-04,Mushrooms,Manual par-level baseline,0.0,190.0,0.0,190.0,71.0,71.0,0.0,0,119.0,140.0,65.45,0.0,140.0,1,0.04482876712328767,0.0,0.0,0.625,0.6698287671232876
2025-07-04,Onions,Manual par-level baseline,0.0,320.0,0.0,320.0,102.0,102.0,0.0,0,218.0,200.0,54.5,0.0,200.0,1,0.03732876712328767,0.0,0.0,0.625,0.6623287671232877
2025-07-04,Salmon Fillet,Manual par-level baseline,0.0,180.0,0.0,180.0,67.0,67.0,0.0,0,113.0,126.0,361.6,0.0,126.0,1,0.24767123287671236,0.0,0.0,0.625,0.8726712328767123
2025-07-04,Seasonal Berries,Manual par-level baseline,0.0,24.0,0.0,24.0,22.0,22.0,0.0,0,2.0,30.0,2.8,0.0,30.0,1,0.0019178082191780822,0.0,0.0,0.625,0.6269178082191781
2025-07-04,Soft Drinks,Manual par-level baseline,0.0,792.0,0.0,792.0,293.0,293.0,0.0,0,499.0,672.0,199.60000000000002,0.0,672.0,1,0.1367123287671233,0.0,0.0,0.625,0.7617123287671232
2025-07-04,Tomatoes,Manual par-level baseline,0.0,420.0,0.0,420.0,142.0,142.0,0.0,0,278.0,324.0,125.10000000000001,0.0,324.0,1,0.08568493150684932,0.0,0.0,0.625,0.7106849315068493
2025-07-04,Truffle Oil,Manual par-level baseline,0.0,12.0,0.0,12.0,0.0,0.0,0.0,0,12.0,4.0,102.0,0.0,4.0,1,0.06986301369863014,0.0,0.0,0.625,0.6948630136986301
2025-07-04,Vegan Cheese,Manual par-level baseline,0.0,24.0,0.0,24.0,14.0,14.0,0.0,0,10.0,24.0,6.5,0.0,24.0,1,0.004452054794520549,0.0,0.0,0.625,0.6294520547945206
2025-07-05,Bacon,Manual par-level baseline,154.0,0.0,0.0,154.0,114.0,114.0,0.0,0,40.0,170.0,44.0,1.0,0.0,0,0.030136986301369864,0.0,0.0,0.0,0.030136986301369864
2025-07-05,Burger Buns,Manual par-level baseline,419.0,0.0,0.0,419.0,219.0,219.0,0.0,0,200.0,384.0,36.0,1.0,0.0,0,0.024657534246575342,0.0,0.0,0.0,0.024657534246575342
2025-07-05,Butter,Manual par-level baseline,138.0,0.0,0.0,138.0,59.0,59.0,0.0,0,79.0,96.0,75.05,1.0,0.0,0,0.0514041095890411,0.0,0.0,0.0,0.0514041095890411
2025-07-05,Cheese Slices,Manual par-level baseline,270.0,0.0,0.0,270.0,192.0,192.0,0.0,0,78.0,300.0,17.16,1.0,0.0,0,0.011753424657534248,0.0,0.0,0.0,0.011753424657534248
2025-07-05,Chicken Breast,Manual par-level baseline,344.0,0.0,0.0,344.0,157.0,157.0,0.0,0,187.0,360.0,336.6,1.0,0.0,0,0.23054794520547944,0.0,0.0,0.0,0.23054794520547944
2025-07-05,Coffee Beans,Manual par-level baseline,142.0,0.0,0.0,142.0,44.0,44.0,0.0,0,98.0,114.0,205.8,1.0,0.0,0,0.14095890410958906,0.0,0.0,0.0,0.14095890410958906
2025-07-05,Cooking Oil,Manual par-level baseline,90.0,0.0,0.0,90.0,43.0,43.0,0.0,0,47.0,108.0,75.2,1.0,0.0,0,0.0515068493150685,0.0,0.0,0.0,0.0515068493150685
2025-07-05,Eggs,Manual par-level baseline,192.0,0.0,0.0,192.0,93.0,93.0,0.0,0,99.0,270.0,15.84,1.0,0.0,0,0.01084931506849315,0.0,0.0,0.0,0.01084931506849315
2025-07-05,Fries (Potatoes),Manual par-level baseline,496.0,0.0,0.0,496.0,280.0,280.0,0.0,0,216.0,500.0,64.8,1.0,0.0,0,0.04438356164383561,0.0,0.0,0.0,0.04438356164383561
2025-07-05,Gluten-free Buns,Manual par-level baseline,48.0,0.0,0.0,48.0,20.0,20.0,0.0,0,28.0,24.0,15.400000000000002,1.0,0.0,0,0.010547945205479452,0.0,0.0,0.0,0.010547945205479452
2025-07-05,Lettuce,Manual par-level baseline,233.0,0.0,0.0,233.0,134.0,134.0,0.0,0,99.0,300.0,59.4,1.0,0.0,0,0.04068493150684931,0.0,0.0,0.0,0.04068493150684931
2025-07-05,Milk,Manual par-level baseline,253.0,0.0,0.0,253.0,142.0,142.0,0.0,0,111.0,264.0,83.25,1.0,0.0,0,0.057020547945205474,0.0,0.0,0.0,0.057020547945205474
2025-07-05,Mushrooms,Manual par-level baseline,119.0,0.0,0.0,119.0,72.0,72.0,0.0,0,47.0,140.0,25.85,1.0,0.0,0,0.017705479452054796,0.0,0.0,0.0,0.017705479452054796
2025-07-05,Onions,Manual par-level baseline,218.0,0.0,0.0,218.0,92.0,92.0,0.0,0,126.0,200.0,31.5,1.0,0.0,0,0.021575342465753426,0.0,0.0,0.0,0.021575342465753426
2025-07-05,Salmon Fillet,Manual par-level baseline,113.0,0.0,0.0,113.0,63.0,63.0,0.0,0,50.0,126.0,160.0,1.0,0.0,0,0.10958904109589042,0.0,0.0,0.0,0.10958904109589042
2025-07-05,Seasonal Berries,Manual par-level baseline,2.0,0.0,0.0,2.0,13.0,2.0,11.0,1,0.0,30.0,0.0,0.0,0.0,0,0.0,0.0,30.799999999999997,0.0,30.799999999999997
2025-07-05,Soft Drinks,Manual par-level baseline,499.0,0.0,0.0,499.0,310.0,310.0,0.0,0,189.0,672.0,75.60000000000001,1.0,0.0,0,0.05178082191780822,0.0,0.0,0.0,0.05178082191780822
2025-07-05,Tomatoes,Manual par-level baseline,278.0,0.0,0.0,278.0,164.0,164.0,0.0,0,114.0,324.0,51.300000000000004,1.0,0.0,0,0.03513698630136986,0.0,0.0,0.0,0.03513698630136986
2025-07-05,Truffle Oil,Manual par-level baseline,12.0,0.0,0.0,12.0,0.0,0.0,0.0,0,12.0,4.0,102.0,1.0,0.0,0,0.06986301369863014,0.0,0.0,0.0,0.06986301369863014
2025-07-05,Vegan Cheese,Manual par-level baseline,10.0,0.0,0.0,10.0,0.0,0.0,0.0,0,10.0,24.0,6.5,1.0,0.0,0,0.004452054794520549,0.0,0.0,0.0,0.004452054794520549
2025-07-06,Bacon,Manual par-level baseline,40.0,170.0,0.0,210.0,91.0,91.0,0.0,0,119.0,0.0,130.9,0.0,0.0,0,0.08965753424657534,0.0,0.0,0.0,0.08965753424657534
2025-07-06,Burger Buns,Manual par-level baseline,200.0,384.0,0.0,584.0,342.0,342.0,0.0,0,242.0,0.0,43.559999999999995,0.0,0.0,0,0.029835616438356163,0.0,0.0,0.0,0.029835616438356163
2025-07-06,Butter,Manual par-level baseline,79.0,96.0,0.0,175.0,56.0,56.0,0.0,0,119.0,0.0,113.04999999999998,0.3865546218487395,0.0,0,0.07743150684931507,0.0,0.0,0.0,0.07743150684931507
2025-07-06,Cheese Slices,Manual par-level baseline,78.0,300.0,0.0,378.0,148.0,148.0,0.0,0,230.0,0.0,50.6,0.0,0.0,0,0.03465753424657535,0.0,0.0,0.0,0.03465753424657535
2025-07-06,Chicken Breast,Manual par-level baseline,187.0,360.0,0.0,547.0,134.0,134.0,0.0,0,413.0,0.0,743.4,0.2566585956416465,0.0,0,0.5091780821917808,0.0,0.0,0.0,0.5091780821917808
2025-07-06,Coffee Beans,Manual par-level baseline,98.0,114.0,0.0,212.0,67.0,67.0,0.0,0,145.0,0.0,304.5,0.42758620689655175,0.0,0,0.20856164383561646,0.0,0.0,0.0,0.20856164383561646
2025-07-06,Cooking Oil,Manual par-level baseline,47.0,108.0,0.0,155.0,47.0,47.0,0.0,0,108.0,0.0,172.8,0.0,0.0,0,0.11835616438356165,0.0,0.0,0.0,0.11835616438356165
2025-07-06,Eggs,Manual par-level baseline,99.0,270.0,0.0,369.0,89.0,89.0,0.0,0,280.0,0.0,44.800000000000004,0.07142857142857142,0.0,0,0.030684931506849315,0.0,0.0,0.0,0.030684931506849315
2025-07-06,Fries (Potatoes),Manual par-level baseline,216.0,500.0,0.0,716.0,254.0,254.0,0.0,0,462.0,0.0,138.6,0.0,0.0,0,0.09493150684931506,0.0,0.0,0.0,0.09493150684931506
2025-07-06,Gluten-free Buns,Manual par-level baseline,28.0,24.0,0.0,52.0,21.0,21.0,0.0,0,31.0,0.0,17.05,0.45161290322580644,0.0,0,0.011678082191780823,0.0,0.0,0.0,0.011678082191780823
2025-07-06,Lettuce,Manual par-level baseline,99.0,300.0,0.0,399.0,151.0,151.0,0.0,0,248.0,0.0,148.79999999999998,0.0,0.0,0,0.10191780821917808,0.0,0.0,0.0,0.10191780821917808
2025-07-06,Milk,Manual par-level baseline,111.0,264.0,0.0,375.0,138.0,138.0,0.0,0,237.0,0.0,177.75,0.0,0.0,0,0.12174657534246575,0.0,0.0,0.0,0.12174657534246575
2025-07-06,Mushrooms,Manual par-level baseline,47.0,140.0,0.0,187.0,85.0,85.0,0.0,0,102.0,0.0,56.1,0.0,0.0,0,0.03842465753424658,0.0,0.0,0.0,0.03842465753424658
2025-07-06,Onions,Manual par-level baseline,126.0,200.0,0.0,326.0,97.0,97.0,0.0,0,229.0,0.0,57.25,0.25327510917030566,0.0,0,0.039212328767123286,0.0,0.0,0.0,0.039212328767123286
2025-07-06,Salmon Fillet,Manual par-level baseline,50.0,126.0,0.0,176.0,81.0,81.0,0.0,0,95.0,0.0,304.0,0.0,0.0,0,0.2082191780821918,0.0,0.0,0.0,0.2082191780821918
2025-07-06,Seasonal Berries,Manual par-level baseline,0.0,30.0,0.0,30.0,13.0,13.0,0.0,0,17.0,0.0,23.799999999999997,0.0,0.0,0,0.0163013698630137,0.0,0.0,0.0,0.0163013698630137
2025-07-06,Soft Drinks,Manual par-level baseline,189.0,672.0,0.0,861.0,320.0,320.0,0.0,0,541.0,0.0,216.4,0.0,0.0,0,0.1482191780821918,0.0,0.0,0.0,0.1482191780821918
2025-07-06,Tomatoes,Manual par-level baseline,114.0,324.0,0.0,438.0,222.0,222.0,0.0,0,216.0,0.0,97.2,0.0,0.0,0,0.06657534246575342,0.0,0.0,0.0,0.06657534246575342
2025-07-06,Truffle Oil,Manual par-level baseline,12.0,4.0,0.0,16.0,0.0,0.0,0.0,0,16.0,0.0,136.0,1.5,0.0,0,0.09315068493150686,0.0,0.0,0.0,0.09315068493150686
2025-07-06,Vegan Cheese,Manual par-level baseline,10.0,24.0,0.0,34.0,12.0,12.0,0.0,0,22.0,0.0,14.3,0.0,0.0,0,0.009794520547945206,0.0,0.0,0.0,0.009794520547945206
2025-07-07,Bacon,Manual par-level baseline,119.0,0.0,0.0,119.0,63.0,63.0,0.0,0,56.0,220.0,61.60000000000001,1.0,220.0,1,0.04219178082191781,0.0,0.0,0.6578947368421053,0.7000865176640231
2025-07-07,Burger Buns,Manual par-level baseline,242.0,0.0,0.0,242.0,187.0,187.0,0.0,0,55.0,624.0,9.9,1.0,624.0,1,0.006780821917808219,0.0,0.0,0.6578947368421053,0.6646755587599136
2025-07-07,Butter,Manual par-level baseline,119.0,0.0,0.0,119.0,48.0,48.0,0.0,0,71.0,120.0,67.45,1.0,120.0,1,0.0461986301369863,0.0,0.0,0.6578947368421053,0.7040933669790916
2025-07-07,Cheese Slices,Manual par-level baseline,230.0,0.0,0.0,230.0,103.0,103.0,0.0,0,127.0,350.0,27.94,1.0,350.0,1,0.019136986301369865,0.0,0.0,0.6578947368421053,0.6770317231434752
2025-07-07,Chicken Breast,Manual par-level baseline,413.0,0.0,0.0,413.0,114.0,114.0,0.0,0,299.0,280.0,538.2,1.0,280.0,1,0.36863013698630137,0.0,0.0,0.6578947368421053,1.0265248738284067
2025-07-07,Coffee Beans,Manual par-level baseline,145.0,0.0,0.0,145.0,44.0,44.0,0.0,0,101.0,96.0,212.10000000000002,1.0,96.0,1,0.14527397260273972,0.0,0.0,0.6578947368421053,0.803168709444845
2025-07-07,Cooking Oil,Manual par-level baseline,108.0,0.0,0.0,108.0,29.0,29.0,0.0,0,79.0,84.0,126.4,1.0,84.0,1,0.08657534246575344,0.0,0.0,0.6578947368421053,0.7444700793078587
2025-07-07,Eggs,Manual par-level baseline,280.0,0.0,0.0,280.0,70.0,70.0,0.0,0,210.0,150.0,33.6,1.0,150.0,1,0.023013698630136987,0.0,0.0,0.6578947368421053,0.6809084354722423
2025-07-07,Fries (Potatoes),Manual par-level baseline,462.0,0.0,0.0,462.0,151.0,151.0,0.0,0,311.0,540.0,93.3,1.0,540.0,1,0.0639041095890411,0.0,0.0,0.6578947368421053,0.7217988464311464
2025-07-07,Gluten-free Buns,Manual par-level baseline,31.0,0.0,7.0,24.0,16.0,16.0,0.0,0,8.0,36.0,4.4,1.0,36.0,1,0.0030136986301369864,4.2,0.0,0.6578947368421053,4.8609084354722425
2025-07-07,Lettuce,Manual par-level baseline,248.0,0.0,0.0,248.0,108.0,108.0,0.0,0,140.0,300.0,84.0,1.0,300.0,1,0.05753424657534246,0.0,0.0,0.6578947368421053,0.7154289834174478
2025-07-07,Milk,Manual par-level baseline,237.0,0.0,0.0,237.0,93.0,93.0,0.0,0,144.0,288.0,108.0,1.0,288.0,1,0.07397260273972601,0.0,0.0,0.6578947368421053,0.7318673395818314
2025-07-07,Mushrooms,Manual par-level baseline,102.0,0.0,0.0,102.0,51.0,51.0,0.0,0,51.0,170.0,28.05,1.0,170.0,1,0.01921232876712329,0.0,0.0,0.6578947368421053,0.6771070656092286
2025-07-07,Onions,Manual par-level baseline,229.0,0.0,0.0,229.0,75.0,75.0,0.0,0,154.0,180.0,38.5,1.0,180.0,1,0.02636986301369863,0.0,0.0,0.6578947368421053,0.6842645998558039
2025-07-07,Salmon Fillet,Manual par-level baseline,95.0,0.0,0.0,95.0,35.0,35.0,0.0,0,60.0,150.0,192.0,1.0,150.0,1,0.1315068493150685,0.0,0.0,0.6578947368421053,0.7894015861571738
2025-07-07,Seasonal Berries,Manual par-level baseline,17.0,0.0,0.0,17.0,14.0,14.0,0.0,0,3.0,30.0,4.199999999999999,1.0,30.0,1,0.0028767123287671234,0.0,0.0,0.6578947368421053,0.6607714491708724
2025-07-07,Soft Drinks,Manual par-level baseline,541.0,0.0,0.0,541.0,203.0,203.0,0.0,0,338.0,600.0,135.20000000000002,1.0,600.0,1,0.09260273972602741,0.0,0.0,0.6578947368421053,0.7504974765681327
2025-07-07,Tomatoes,Manual par-level baseline,216.0,0.0,0.0,216.0,103.0,103.0,0.0,0,113.0,384.0,50.85,1.0,384.0,1,0.03482876712328767,0.0,0.0,0.6578947368421053,0.692723503965393
2025-07-07,Truffle Oil,Manual par-level baseline,16.0,0.0,0.0,16.0,7.0,7.0,0.0,0,9.0,0.0,76.5,2.111111111111111,0.0,1,0.05239726027397261,0.0,0.0,0.0,0.05239726027397261
2025-07-07,Vegan Cheese,Manual par-level baseline,22.0,0.0,0.0,22.0,9.0,9.0,0.0,0,13.0,12.0,8.450000000000001,1.0,12.0,1,0.005787671232876713,0.0,0.0,0.6578947368421053,0.663682408074982
2025-07-08,Bacon,Manual par-level baseline,56.0,0.0,0.0,56.0,44.0,44.0,0.0,0,12.0,220.0,13.200000000000001,2.0,0.0,0,0.00904109589041096,0.0,0.0,0.0,0.00904109589041096
2025-07-08,Burger Buns,Manual par-level baseline,55.0,0.0,0.0,55.0,125.0,55.0,70.0,1,0.0,624.0,0.0,0.0,0.0,0,0.0,0.0,25.2,0.0,25.2
2025-07-08,Butter,Manual par-level baseline,71.0,0.0,0.0,71.0,39.0,39.0,0.0,0,32.0,120.0,30.4,2.0,0.0,0,0.020821917808219178,0.0,0.0,0.0,0.020821917808219178
2025-07-08,Cheese Slices,Manual par-level baseline,127.0,0.0,0.0,127.0,94.0,94.0,0.0,0,33.0,350.0,7.26,2.0,0.0,0,0.004972602739726027,0.0,0.0,0.0,0.004972602739726027
2025-07-08,Chicken Breast,Manual par-level baseline,299.0,0.0,0.0,299.0,112.0,112.0,0.0,0,187.0,280.0,336.6,2.0,0.0,0,0.23054794520547944,0.0,0.0,0.0,0.23054794520547944
2025-07-08,Coffee Beans,Manual par-level baseline,101.0,0.0,0.0,101.0,46.0,46.0,0.0,0,55.0,96.0,115.5,2.0,0.0,0,0.0791095890410959,0.0,0.0,0.0,0.0791095890410959
2025-07-08,Cooking Oil,Manual par-level baseline,79.0,0.0,0.0,79.0,28.0,28.0,0.0,0,51.0,84.0,81.60000000000001,2.0,0.0,0,0.05589041095890412,0.0,0.0,0.0,0.05589041095890412
2025-07-08,Eggs,Manual par-level baseline,210.0,0.0,0.0,210.0,75.0,75.0,0.0,0,135.0,150.0,21.6,2.0,0.0,0,0.014794520547945205,0.0,0.0,0.0,0.014794520547945205
2025-07-08,Fries (Potatoes),Manual par-level baseline,311.0,0.0,0.0,311.0,144.0,144.0,0.0,0,167.0,540.0,50.1,2.0,0.0,0,0.034315068493150684,0.0,0.0,0.0,0.034315068493150684
2025-07-08,Gluten-free Buns,Manual par-level baseline,8.0,0.0,0.0,8.0,0.0,0.0,0.0,0,8.0,36.0,4.4,2.0,0.0,0,0.0030136986301369864,0.0,0.0,0.0,0.0030136986301369864
2025-07-08,Lettuce,Manual par-level baseline,140.0,0.0,0.0,140.0,85.0,85.0,0.0,0,55.0,300.0,33.0,2.0,0.0,0,0.022602739726027395,0.0,0.0,0.0,0.022602739726027395
2025-07-08,Milk,Manual par-level baseline,144.0,0.0,0.0,144.0,82.0,82.0,0.0,0,62.0,288.0,46.5,2.0,0.0,0,0.031849315068493145,0.0,0.0,0.0,0.031849315068493145
2025-07-08,Mushrooms,Manual par-level baseline,51.0,0.0,0.0,51.0,42.0,42.0,0.0,0,9.0,170.0,4.95,2.0,0.0,0,0.0033904109589041097,0.0,0.0,0.0,0.0033904109589041097
2025-07-08,Onions,Manual par-level baseline,154.0,0.0,0.0,154.0,56.0,56.0,0.0,0,98.0,180.0,24.5,2.0,0.0,0,0.01678082191780822,0.0,0.0,0.0,0.01678082191780822
2025-07-08,Salmon Fillet,Manual par-level baseline,60.0,0.0,0.0,60.0,44.0,44.0,0.0,0,16.0,150.0,51.2,2.0,0.0,0,0.035068493150684936,0.0,0.0,0.0,0.035068493150684936
2025-07-08,Seasonal Berries,Manual par-level baseline,3.0,0.0,0.0,3.0,17.0,3.0,14.0,1,0.0,30.0,0.0,0.0,0.0,0,0.0,0.0,39.199999999999996,0.0,39.199999999999996
2025-07-08,Soft Drinks,Manual par-level baseline,338.0,0.0,0.0,338.0,171.0,171.0,0.0,0,167.0,600.0,66.8,2.0,0.0,0,0.04575342465753425,0.0,0.0,0.0,0.04575342465753425
2025-07-08,Tomatoes,Manual par-level baseline,113.0,0.0,0.0,113.0,102.0,102.0,0.0,0,11.0,384.0,4.95,2.0,0.0,0,0.0033904109589041097,0.0,0.0,0.0,0.0033904109589041097
2025-07-08,Truffle Oil,Manual par-level baseline,9.0,0.0,0.0,9.0,7.0,7.0,0.0,0,2.0,0.0,17.0,2.0,0.0,0,0.011643835616438357,0.0,0.0,0.0,0.011643835616438357
2025-07-08,Vegan Cheese,Manual par-level baseline,13.0,0.0,0.0,13.0,8.0,8.0,0.0,0,5.0,12.0,3.25,2.0,0.0,0,0.0022260273972602744,0.0,0.0,0.0,0.0022260273972602744
2025-07-09,Bacon,Manual par-level baseline,12.0,220.0,0.0,232.0,72.0,72.0,0.0,0,160.0,110.0,176.0,0.0,110.0,1,0.12054794520547946,0.0,0.0,0.625,0.7455479452054794
2025-07-09,Burger Buns,Manual par-level baseline,0.0,624.0,0.0,624.0,145.0,145.0,0.0,0,479.0,240.0,86.22,0.0,240.0,1,0.059054794520547946,0.0,0.0,0.625,0.684054794520548
2025-07-09,Butter,Manual par-level baseline,32.0,120.0,0.0,152.0,43.0,43.0,0.0,0,109.0,84.0,103.55,0.0,84.0,1,0.07092465753424658,0.0,0.0,0.625,0.6959246575342466
2025-07-09,Cheese Slices,Manual par-level baseline,33.0,350.0,0.0,383.0,106.0,106.0,0.0,0,277.0,200.0,60.94,0.0,200.0,1,0.04173972602739726,0.0,0.0,0.625,0.6667397260273973
2025-07-09,Chicken Breast,Manual par-level baseline,187.0,280.0,0.0,467.0,116.0,116.0,0.0,0,351.0,220.0,631.8,0.6068376068376068,220.0,1,0.43273972602739724,0.0,0.0,0.625,1.0577397260273973
2025-07-09,Coffee Beans,Manual par-level baseline,55.0,96.0,0.0,151.0,40.0,40.0,0.0,0,111.0,90.0,233.10000000000002,0.40540540540540543,90.0,1,0.15965753424657533,0.0,0.0,0.625,0.7846575342465754
2025-07-09,Cooking Oil,Manual par-level baseline,51.0,84.0,0.0,135.0,30.0,30.0,0.0,0,105.0,52.0,168.0,0.6,52.0,1,0.11506849315068494,0.0,0.0,0.625,0.7400684931506849
2025-07-09,Eggs,Manual par-level baseline,135.0,150.0,0.0,285.0,82.0,82.0,0.0,0,203.0,150.0,32.480000000000004,0.7832512315270936,150.0,1,0.022246575342465755,0.0,0.0,0.625,0.6472465753424658
2025-07-09,Fries (Potatoes),Manual par-level baseline,167.0,540.0,0.0,707.0,150.0,150.0,0.0,0,557.0,300.0,167.1,0.09156193895870736,300.0,1,0.11445205479452054,0.0,0.0,0.625,0.7394520547945206
2025-07-09,Gluten-free Buns,Manual par-level baseline,8.0,36.0,8.0,36.0,0.0,0.0,0.0,0,36.0,24.0,19.8,0.0,24.0,1,0.013561643835616439,4.800000000000001,0.0,0.625,5.438561643835617
2025-07-09,Lettuce,Manual par-level baseline,55.0,300.0,0.0,355.0,89.0,89.0,0.0,0,266.0,192.0,159.6,0.0,192.0,1,0.10931506849315067,0.0,0.0,0.625,0.7343150684931506
2025-07-09,Milk,Manual par-level baseline,62.0,288.0,0.0,350.0,108.0,108.0,0.0,0,242.0,180.0,181.5,0.0,180.0,1,0.12431506849315067,0.0,0.0,0.625,0.7493150684931507
2025-07-09,Mushrooms,Manual par-level baseline,9.0,170.0,0.0,179.0,53.0,53.0,0.0,0,126.0,100.0,69.30000000000001,0.0,100.0,1,0.04746575342465754,0.0,0.0,0.625,0.6724657534246575
2025-07-09,Onions,Manual par-level baseline,98.0,180.0,0.0,278.0,72.0,72.0,0.0,0,206.0,120.0,51.5,0.3786407766990291,120.0,1,0.03527397260273973,0.0,0.0,0.625,0.6602739726027397
2025-07-09,Salmon Fillet,Manual par-level baseline,16.0,150.0,16.0,150.0,39.0,39.0,0.0,0,111.0,102.0,355.20000000000005,0.0,102.0,1,0.24328767123287676,52.0,0.0,0.625,52.86828767123288
2025-07-09,Seasonal Berries,Manual par-level baseline,0.0,30.0,0.0,30.0,6.0,6.0,0.0,0,24.0,18.0,33.599999999999994,0.0,18.0,1,0.023013698630136987,0.0,0.0,0.625,0.648013698630137
2025-07-09,Soft Drinks,Manual par-level baseline,167.0,600.0,0.0,767.0,152.0,152.0,0.0,0,615.0,384.0,246.0,0.07317073170731707,384.0,1,0.16849315068493154,0.0,0.0,0.625,0.7934931506849315
2025-07-09,Tomatoes,Manual par-level baseline,11.0,384.0,0.0,395.0,105.0,105.0,0.0,0,290.0,204.0,130.5,0.0,204.0,1,0.08938356164383561,0.0,0.0,0.625,0.7143835616438357
2025-07-09,Truffle Oil,Manual par-level baseline,2.0,0.0,0.0,2.0,0.0,0.0,0.0,0,2.0,10.0,17.0,3.0,10.0,1,0.011643835616438357,0.0,0.0,0.625,0.6366438356164383
2025-07-09,Vegan Cheese,Manual par-level baseline,5.0,12.0,0.0,17.0,0.0,0.0,0.0,0,17.0,24.0,11.05,0.8823529411764706,24.0,1,0.007568493150684932,0.0,0.0,0.625,0.632568493150685
2025-07-10,Bacon,Manual par-level baseline,160.0,0.0,0.0,160.0,65.0,65.0,0.0,0,95.0,110.0,104.50000000000001,1.0,0.0,0,0.07157534246575342,0.0,0.0,0.0,0.07157534246575342
2025-07-10,Burger Buns,Manual par-level baseline,479.0,0.0,0.0,479.0,176.0,176.0,0.0,0,303.0,240.0,54.54,1.0,0.0,0,0.037356164383561645,0.0,0.0,0.0,0.037356164383561645
2025-07-10,Butter,Manual par-level baseline,109.0,0.0,0.0,109.0,70.0,70.0,0.0,0,39.0,84.0,37.05,1.0,0.0,0,0.025376712328767124,0.0,0.0,0.0,0.025376712328767124
2025-07-10,Cheese Slices,Manual par-level baseline,277.0,0.0,0.0,277.0,120.0,120.0,0.0,0,157.0,200.0,34.54,1.0,0.0,0,0.023657534246575344,0.0,0.0,0.0,0.023657534246575344
2025-07-10,Chicken Breast,Manual par-level baseline,351.0,0.0,71.0,280.0,134.0,134.0,0.0,0,146.0,220.0,262.8,1.0,0.0,0,0.18,131.35,0.0,0.0,131.53
2025-07-10,Coffee Beans,Manual par-level baseline,111.0,0.0,0.0,111.0,33.0,33.0,0.0,0,78.0,90.0,163.8,1.0,0.0,0,0.11219178082191782,0.0,0.0,0.0,0.11219178082191782
2025-07-10,Cooking Oil,Manual par-level baseline,105.0,0.0,0.0,105.0,30.0,30.0,0.0,0,75.0,52.0,120.0,1.0,0.0,0,0.08219178082191782,0.0,0.0,0.0,0.08219178082191782
2025-07-10,Eggs,Manual par-level baseline,203.0,0.0,0.0,203.0,68.0,68.0,0.0,0,135.0,150.0,21.6,1.0,0.0,0,0.014794520547945205,0.0,0.0,0.0,0.014794520547945205
2025-07-10,Fries (Potatoes),Manual par-level baseline,557.0,0.0,0.0,557.0,171.0,171.0,0.0,0,386.0,300.0,115.8,1.0,0.0,0,0.07931506849315068,0.0,0.0,0.0,0.07931506849315068
2025-07-10,Gluten-free Buns,Manual par-level baseline,36.0,0.0,0.0,36.0,13.0,13.0,0.0,0,23.0,24.0,12.65,1.0,0.0,0,0.008664383561643837,0.0,0.0,0.0,0.008664383561643837
2025-07-10,Lettuce,Manual par-level baseline,266.0,0.0,0.0,266.0,98.0,98.0,0.0,0,168.0,192.0,100.8,1.0,0.0,0,0.06904109589041095,0.0,0.0,0.0,0.06904109589041095
2025-07-10,Milk,Manual par-level baseline,242.0,0.0,0.0,242.0,92.0,92.0,0.0,0,150.0,180.0,112.5,1.0,0.0,0,0.07705479452054793,0.0,0.0,0.0,0.07705479452054793
2025-07-10,Mushrooms,Manual par-level baseline,126.0,0.0,0.0,126.0,38.0,38.0,0.0,0,88.0,100.0,48.400000000000006,1.0,0.0,0,0.03315068493150685,0.0,0.0,0.0,0.03315068493150685
2025-07-10,Onions,Manual par-level baseline,206.0,0.0,0.0,206.0,70.0,70.0,0.0,0,136.0,120.0,34.0,1.0,0.0,0,0.023287671232876714,0.0,0.0,0.0,0.023287671232876714
2025-07-10,Salmon Fillet,Manual par-level baseline,111.0,0.0,0.0,111.0,46.0,46.0,0.0,0,65.0,102.0,208.0,1.0,0.0,0,0.14246575342465756,0.0,0.0,0.0,0.14246575342465756
2025-07-10,Seasonal Berries,Manual par-level baseline,24.0,0.0,0.0,24.0,9.0,9.0,0.0,0,15.0,18.0,21.0,1.0,0.0,0,0.014383561643835616,0.0,0.0,0.0,0.014383561643835616
2025-07-10,Soft Drinks,Manual par-level baseline,615.0,0.0,0.0,615.0,165.0,165.0,0.0,0,450.0,384.0,180.0,1.0,0.0,0,0.12328767123287673,0.0,0.0,0.0,0.12328767123287673
2025-07-10,Tomatoes,Manual par-level baseline,290.0,0.0,0.0,290.0,105.0,105.0,0.0,0,185.0,204.0,83.25,1.0,0.0,0,0.05702054794520548,0.0,0.0,0.0,0.05702054794520548
2025-07-10,Truffle Oil,Manual par-level baseline,2.0,0.0,0.0,2.0,6.0,2.0,4.0,1,0.0,10.0,0.0,0.0,0.0,0,0.0,0.0,68.0,0.0,68.0
2025-07-10,Vegan Cheese,Manual par-level baseline,17.0,0.0,0.0,17.0,0.0,0.0,0.0,0,17.0,24.0,11.05,1.8823529411764706,0.0,0,0.007568493150684932,0.0,0.0,0.0,0.007568493150684932
2025-07-11,Bacon,Manual par-level baseline,95.0,110.0,0.0,205.0,110.0,110.0,0.0,0,95.0,230.0,104.50000000000001,0.0,230.0,1,0.07157534246575342,0.0,0.0,0.6578947368421053,0.7294700793078588
2025-07-11,Burger Buns,Manual par-level baseline,303.0,240.0,0.0,543.0,199.0,199.0,0.0,0,344.0,576.0,61.919999999999995,0.6046511627906976,576.0,1,0.04241095890410959,0.0,0.0,0.6578947368421053,0.7003056957462149
2025-07-11,Butter,Manual par-level baseline,39.0,84.0,0.0,123.0,57.0,57.0,0.0,0,66.0,180.0,62.699999999999996,0.0,180.0,1,0.042945205479452055,0.0,0.0,0.6578947368421053,0.7008399423215573
2025-07-11,Cheese Slices,Manual par-level baseline,157.0,200.0,0.0,357.0,140.0,140.0,0.0,0,217.0,400.0,47.74,0.15668202764976957,400.0,1,0.032698630136986304,0.0,0.0,0.6578947368421053,0.6905933669790916
2025-07-11,Chicken Breast,Manual par-level baseline,146.0,220.0,0.0,366.0,162.0,162.0,0.0,0,204.0,490.0,367.2,0.0,490.0,1,0.2515068493150685,0.0,0.0,0.6578947368421053,0.9094015861571738
2025-07-11,Coffee Beans,Manual par-level baseline,78.0,90.0,0.0,168.0,61.0,61.0,0.0,0,107.0,126.0,224.7,0.3177570093457944,126.0,1,0.1539041095890411,0.0,0.0,0.6578947368421053,0.8117988464311464
2025-07-11,Cooking Oil,Manual par-level baseline,75.0,52.0,0.0,127.0,45.0,45.0,0.0,0,82.0,108.0,131.2,0.7317073170731707,108.0,1,0.08986301369863015,0.0,0.0,0.6578947368421053,0.7477577505407355
2025-07-11,Eggs,Manual par-level baseline,135.0,150.0,0.0,285.0,95.0,95.0,0.0,0,190.0,270.0,30.4,0.42105263157894735,270.0,1,0.020821917808219178,0.0,0.0,0.6578947368421053,0.6787166546503245
2025-07-11,Fries (Potatoes),Manual par-level baseline,386.0,300.0,0.0,686.0,253.0,253.0,0.0,0,433.0,560.0,129.9,0.6143187066974596,560.0,1,0.08897260273972601,0.0,0.0,0.6578947368421053,0.7468673395818313
2025-07-11,Gluten-free Buns,Manual par-level baseline,23.0,24.0,0.0,47.0,23.0,23.0,0.0,0,24.0,24.0,13.200000000000001,0.0,24.0,1,0.00904109589041096,0.0,0.0,0.6578947368421053,0.6669358327325162
2025-07-11,Lettuce,Manual par-level baseline,168.0,192.0,0.0,360.0,124.0,124.0,0.0,0,236.0,324.0,141.6,0.3728813559322034,324.0,1,0.09698630136986301,0.0,0.0,0.6578947368421053,0.7548810382119683
2025-07-11,Milk,Manual par-level baseline,150.0,180.0,0.0,330.0,109.0,109.0,0.0,0,221.0,312.0,165.75,0.37104072398190047,312.0,1,0.11352739726027396,0.0,0.0,0.6578947368421053,0.7714221341023793
2025-07-11,Mushrooms,Manual par-level baseline,88.0,100.0,0.0,188.0,92.0,92.0,0.0,0,96.0,170.0,52.800000000000004,0.0,170.0,1,0.03616438356164384,0.0,0.0,0.6578947368421053,0.6940591204037492
2025-07-11,Onions,Manual par-level baseline,136.0,120.0,0.0,256.0,99.0,99.0,0.0,0,157.0,260.0,39.25,0.4713375796178344,260.0,1,0.026883561643835617,0.0,0.0,0.6578947368421053,0.684778298485941
2025-07-11,Salmon Fillet,Manual par-level baseline,65.0,102.0,0.0,167.0,80.0,80.0,0.0,0,87.0,144.0,278.40000000000003,0.0,144.0,1,0.19068493150684934,0.0,0.0,0.6578947368421053,0.8485796683489546
2025-07-11,Seasonal Berries,Manual par-level baseline,15.0,18.0,0.0,33.0,18.0,18.0,0.0,0,15.0,24.0,21.0,0.0,24.0,1,0.014383561643835616,0.0,0.0,0.6578947368421053,0.6722782984859409
2025-07-11,Soft Drinks,Manual par-level baseline,450.0,384.0,0.0,834.0,305.0,305.0,0.0,0,529.0,576.0,211.60000000000002,0.5482041587901701,576.0,1,0.14493150684931508,0.0,0.0,0.6578947368421053,0.8028262436914204
2025-07-11,Tomatoes,Manual par-level baseline,185.0,204.0,0.0,389.0,150.0,150.0,0.0,0,239.0,360.0,107.55,0.2928870292887029,360.0,1,0.07366438356164383,0.0,0.0,0.6578947368421053,0.7315591204037492
2025-07-11,Truffle Oil,Manual par-level baseline,0.0,10.0,0.0,10.0,0.0,0.0,0.0,0,10.0,6.0,85.0,0.0,6.0,1,0.058219178082191785,0.0,0.0,0.6578947368421053,0.7161139149242971
2025-07-11,Vegan Cheese,Manual par-level baseline,17.0,24.0,0.0,41.0,11.0,11.0,0.0,0,30.0,0.0,19.5,0.4,0.0,1,0.013356164383561644,0.0,0.0,0.0,0.013356164383561644
2025-07-12,Bacon,Manual par-level baseline,95.0,0.0,0.0,95.0,110.0,95.0,15.0,1,0.0,230.0,0.0,0.0,0.0,0,0.0,0.0,33.0,0.0,33.0
2025-07-12,Burger Buns,Manual par-level baseline,344.0,0.0,104.0,240.0,214.0,214.0,0.0,0,26.0,576.0,4.68,1.0,0.0,0,0.0032054794520547944,23.919999999999998,0.0,0.0,23.923205479452054
2025-07-12,Butter,Manual par-level baseline,66.0,0.0,0.0,66.0,49.0,49.0,0.0,0,17.0,180.0,16.15,1.0,0.0,0,0.011061643835616438,0.0,0.0,0.0,0.011061643835616438
2025-07-12,Cheese Slices,Manual par-level baseline,217.0,0.0,0.0,217.0,182.0,182.0,0.0,0,35.0,400.0,7.7,1.0,0.0,0,0.005273972602739726,0.0,0.0,0.0,0.005273972602739726
2025-07-12,Chicken Breast,Manual par-level baseline,204.0,0.0,0.0,204.0,158.0,158.0,0.0,0,46.0,490.0,82.8,1.0,0.0,0,0.05671232876712329,0.0,0.0,0.0,0.05671232876712329
2025-07-12,Coffee Beans,Manual par-level baseline,107.0,0.0,0.0,107.0,42.0,42.0,0.0,0,65.0,126.0,136.5,1.0,0.0,0,0.09349315068493151,0.0,0.0,0.0,0.09349315068493151
2025-07-12,Cooking Oil,Manual par-level baseline,82.0,0.0,0.0,82.0,42.0,42.0,0.0,0,40.0,108.0,64.0,1.0,0.0,0,0.04383561643835617,0.0,0.0,0.0,0.04383561643835617
2025-07-12,Eggs,Manual par-level baseline,190.0,0.0,0.0,190.0,109.0,109.0,0.0,0,81.0,270.0,12.96,1.0,0.0,0,0.008876712328767123,0.0,0.0,0.0,0.008876712328767123
2025-07-12,Fries (Potatoes),Manual par-level baseline,433.0,0.0,0.0,433.0,250.0,250.0,0.0,0,183.0,560.0,54.9,1.0,0.0,0,0.037602739726027394,0.0,0.0,0.0,0.037602739726027394
2025-07-12,Gluten-free Buns,Manual par-level baseline,24.0,0.0,0.0,24.0,24.0,24.0,0.0,0,0.0,24.0,0.0,0.0,0.0,0,0.0,0.0,0.0,0.0,0.0
2025-07-12,Lettuce,Manual par-level baseline,236.0,0.0,0.0,236.0,118.0,118.0,0.0,0,118.0,324.0,70.8,1.0,0.0,0,0.048493150684931506,0.0,0.0,0.0,0.048493150684931506
2025-07-12,Milk,Manual par-level baseline,221.0,0.0,0.0,221.0,179.0,179.0,0.0,0,42.0,312.0,31.5,1.0,0.0,0,0.021575342465753423,0.0,0.0,0.0,0.021575342465753423
2025-07-12,Mushrooms,Manual par-level baseline,96.0,0.0,0.0,96.0,122.0,96.0,26.0,1,0.0,170.0,0.0,0.0,0.0,0,0.0,0.0,28.6,0.0,28.6
2025-07-12,Onions,Manual par-level baseline,157.0,0.0,0.0,157.0,105.0,105.0,0.0,0,52.0,260.0,13.0,1.0,0.0,0,0.008904109589041096,0.0,0.0,0.0,0.008904109589041096
2025-07-12,Salmon Fillet,Manual par-level baseline,87.0,0.0,0.0,87.0,63.0,63.0,0.0,0,24.0,144.0,76.80000000000001,1.0,0.0,0,0.0526027397260274,0.0,0.0,0.0,0.0526027397260274
2025-07-12,Seasonal Berries,Manual par-level baseline,15.0,0.0,0.0,15.0,20.0,15.0,5.0,1,0.0,24.0,0.0,0.0,0.0,0,0.0,0.0,14.0,0.0,14.0
2025-07-12,Soft Drinks,Manual par-level baseline,529.0,0.0,0.0,529.0,268.0,268.0,0.0,0,261.0,576.0,104.4,1.0,0.0,0,0.0715068493150685,0.0,0.0,0.0,0.0715068493150685
2025-07-12,Tomatoes,Manual par-level baseline,239.0,0.0,0.0,239.0,149.0,149.0,0.0,0,90.0,360.0,40.5,1.0,0.0,0,0.02773972602739726,0.0,0.0,0.0,0.02773972602739726
2025-07-12,Truffle Oil,Manual par-level baseline,10.0,0.0,0.0,10.0,14.0,10.0,4.0,1,0.0,6.0,0.0,0.0,0.0,0,0.0,0.0,68.0,0.0,68.0
2025-07-12,Vegan Cheese,Manual par-level baseline,30.0,0.0,0.0,30.0,13.0,13.0,0.0,0,17.0,0.0,11.05,1.0,0.0,0,0.007568493150684932,0.0,0.0,0.0,0.007568493150684932
2025-07-13,Bacon,Manual par-level baseline,0.0,230.0,0.0,230.0,91.0,91.0,0.0,0,139.0,0.0,152.9,0.0,0.0,0,0.10472602739726028,0.0,0.0,0.0,0.10472602739726028
2025-07-13,Burger Buns,Manual par-level baseline,26.0,576.0,0.0,602.0,230.0,230.0,0.0,0,372.0,0.0,66.96,0.0,0.0,0,0.045863013698630134,0.0,0.0,0.0,0.045863013698630134
2025-07-13,Butter,Manual par-level baseline,17.0,180.0,0.0,197.0,63.0,63.0,0.0,0,134.0,0.0,127.3,0.0,0.0,0,0.08719178082191781,0.0,0.0,0.0,0.08719178082191781
2025-07-13,Cheese Slices,Manual par-level baseline,35.0,400.0,0.0,435.0,140.0,140.0,0.0,0,295.0,0.0,64.9,0.0,0.0,0,0.04445205479452055,0.0,0.0,0.0,0.04445205479452055
2025-07-13,Chicken Breast,Manual par-level baseline,46.0,490.0,0.0,536.0,160.0,160.0,0.0,0,376.0,0.0,676.8000000000001,0.0,0.0,0,0.46356164383561643,0.0,0.0,0.0,0.46356164383561643
2025-07-13,Coffee Beans,Manual par-level baseline,65.0,126.0,0.0,191.0,45.0,45.0,0.0,0,146.0,0.0,306.6,0.273972602739726,0.0,0,0.21,0.0,0.0,0.0,0.21
2025-07-13,Cooking Oil,Manual par-level baseline,40.0,108.0,0.0,148.0,50.0,50.0,0.0,0,98.0,0.0,156.8,0.0,0.0,0,0.10739726027397262,0.0,0.0,0.0,0.10739726027397262
2025-07-13,Eggs,Manual par-level baseline,81.0,270.0,0.0,351.0,99.0,99.0,0.0,0,252.0,0.0,40.32,0.0,0.0,0,0.027616438356164383,0.0,0.0,0.0,0.027616438356164383
2025-07-13,Fries (Potatoes),Manual par-level baseline,183.0,560.0,0.0,743.0,247.0,247.0,0.0,0,496.0,0.0,148.79999999999998,0.0,0.0,0,0.10191780821917808,0.0,0.0,0.0,0.10191780821917808
2025-07-13,Gluten-free Buns,Manual par-level baseline,0.0,24.0,0.0,24.0,23.0,23.0,0.0,0,1.0,0.0,0.55,0.0,0.0,0,0.0003767123287671233,0.0,0.0,0.0,0.0003767123287671233
2025-07-13,Lettuce,Manual par-level baseline,118.0,324.0,0.0,442.0,121.0,121.0,0.0,0,321.0,0.0,192.6,0.0,0.0,0,0.13191780821917806,0.0,0.0,0.0,0.13191780821917806
2025-07-13,Milk,Manual par-level baseline,42.0,312.0,0.0,354.0,113.0,113.0,0.0,0,241.0,0.0,180.75,0.0,0.0,0,0.12380136986301368,0.0,0.0,0.0,0.12380136986301368
2025-07-13,Mushrooms,Manual par-level baseline,0.0,170.0,0.0,170.0,75.0,75.0,0.0,0,95.0,0.0,52.25000000000001,0.0,0.0,0,0.03578767123287671,0.0,0.0,0.0,0.03578767123287671
2025-07-13,Onions,Manual par-level baseline,52.0,260.0,0.0,312.0,92.0,92.0,0.0,0,220.0,0.0,55.0,0.0,0.0,0,0.03767123287671233,0.0,0.0,0.0,0.03767123287671233
2025-07-13,Salmon Fillet,Manual par-level baseline,24.0,144.0,0.0,168.0,65.0,65.0,0.0,0,103.0,0.0,329.6,0.0,0.0,0,0.22575342465753429,0.0,0.0,0.0,0.22575342465753429
2025-07-13,Seasonal Berries,Manual par-level baseline,0.0,24.0,0.0,24.0,15.0,15.0,0.0,0,9.0,0.0,12.6,0.0,0.0,0,0.00863013698630137,0.0,0.0,0.0,0.00863013698630137
2025-07-13,Soft Drinks,Manual par-level baseline,261.0,576.0,0.0,837.0,314.0,314.0,0.0,0,523.0,0.0,209.20000000000002,0.0,0.0,0,0.14328767123287672,0.0,0.0,0.0,0.14328767123287672
2025-07-13,Tomatoes,Manual par-level baseline,90.0,360.0,0.0,450.0,149.0,149.0,0.0,0,301.0,0.0,135.45000000000002,0.0,0.0,0,0.09277397260273973,0.0,0.0,0.0,0.09277397260273973
2025-07-13,Truffle Oil,Manual par-level baseline,0.0,6.0,0.0,6.0,0.0,0.0,0.0,0,6.0,0.0,51.0,0.0,0.0,0,0.03493150684931507,0.0,0.0,0.0,0.03493150684931507
2025-07-13,Vegan Cheese,Manual par-level baseline,17.0,0.0,0.0,17.0,0.0,0.0,0.0,0,17.0,0.0,11.05,2.0,0.0,0,0.007568493150684932,0.0,0.0,0.0,0.007568493150684932
2025-07-14,Bacon,Manual par-level baseline,139.0,0.0,0.0,139.0,80.0,80.0,0.0,0,59.0,210.0,64.9,1.0,210.0,1,0.04445205479452055,0.0,0.0,0.625,0.6694520547945205
2025-07-14,Burger Buns,Manual par-level baseline,372.0,0.0,0.0,372.0,131.0,131.0,0.0,0,241.0,528.0,43.379999999999995,1.0,528.0,1,0.029712328767123288,0.0,0.0,0.625,0.6547123287671233
2025-07-14,Butter,Manual par-level baseline,134.0,0.0,0.0,134.0,50.0,50.0,0.0,0,84.0,96.0,79.8,1.0,96.0,1,0.054657534246575344,0.0,0.0,0.625,0.6796575342465754
2025-07-14,Cheese Slices,Manual par-level baseline,295.0,0.0,0.0,295.0,102.0,102.0,0.0,0,193.0,300.0,42.46,1.0,300.0,1,0.02908219178082192,0.0,0.0,0.625,0.6540821917808219
2025-07-14,Chicken Breast,Manual par-level baseline,376.0,0.0,0.0,376.0,103.0,103.0,0.0,0,273.0,310.0,491.40000000000003,1.0,310.0,1,0.33657534246575344,0.0,0.0,0.625,0.9615753424657534
2025-07-14,Coffee Beans,Manual par-level baseline,146.0,0.0,0.0,146.0,42.0,42.0,0.0,0,104.0,84.0,218.4,1.0,84.0,1,0.1495890410958904,0.0,0.0,0.625,0.7745890410958904
2025-07-14,Cooking Oil,Manual par-level baseline,98.0,0.0,0.0,98.0,29.0,29.0,0.0,0,69.0,88.0,110.4,1.0,88.0,1,0.0756164383561644,0.0,0.0,0.625,0.7006164383561644
2025-07-14,Eggs,Manual par-level baseline,252.0,0.0,0.0,252.0,75.0,75.0,0.0,0,177.0,180.0,28.32,1.0,180.0,1,0.019397260273972605,0.0,0.0,0.625,0.6443972602739726
2025-07-14,Fries (Potatoes),Manual par-level baseline,496.0,0.0,0.0,496.0,138.0,138.0,0.0,0,358.0,480.0,107.39999999999999,1.0,480.0,1,0.07356164383561643,0.0,0.0,0.625,0.6985616438356165
2025-07-14,Gluten-free Buns,Manual par-level baseline,1.0,0.0,0.0,1.0,13.0,1.0,12.0,1,0.0,60.0,0.0,0.0,60.0,1,0.0,0.0,13.200000000000001,0.625,13.825000000000001
2025-07-14,Lettuce,Manual par-level baseline,321.0,0.0,0.0,321.0,91.0,91.0,0.0,0,230.0,216.0,138.0,1.0,216.0,1,0.09452054794520547,0.0,0.0,0.625,0.7195205479452055
2025-07-14,Milk,Manual par-level baseline,241.0,0.0,0.0,241.0,69.0,69.0,0.0,0,172.0,288.0,129.0,1.0,288.0,1,0.08835616438356164,0.0,0.0,0.625,0.7133561643835616
2025-07-14,Mushrooms,Manual par-level baseline,95.0,0.0,0.0,95.0,37.0,37.0,0.0,0,58.0,200.0,31.900000000000002,1.0,200.0,1,0.02184931506849315,0.0,0.0,0.625,0.6468493150684932
2025-07-14,Onions,Manual par-level baseline,220.0,0.0,0.0,220.0,59.0,59.0,0.0,0,161.0,180.0,40.25,1.0,180.0,1,0.027568493150684933,0.0,0.0,0.625,0.6525684931506849
2025-07-14,Salmon Fillet,Manual par-level baseline,103.0,0.0,0.0,103.0,31.0,31.0,0.0,0,72.0,144.0,230.4,1.0,144.0,1,0.15780821917808222,0.0,0.0,0.625,0.7828082191780822
2025-07-14,Seasonal Berries,Manual par-level baseline,9.0,0.0,0.0,9.0,0.0,0.0,0.0,0,9.0,42.0,12.6,1.0,42.0,1,0.00863013698630137,0.0,0.0,0.625,0.6336301369863013
2025-07-14,Soft Drinks,Manual par-level baseline,523.0,0.0,0.0,523.0,134.0,134.0,0.0,0,389.0,600.0,155.60000000000002,1.0,600.0,1,0.10657534246575344,0.0,0.0,0.625,0.7315753424657534
2025-07-14,Tomatoes,Manual par-level baseline,301.0,0.0,0.0,301.0,92.0,92.0,0.0,0,209.0,300.0,94.05,1.0,300.0,1,0.06441780821917809,0.0,0.0,0.625,0.6894178082191781
2025-07-14,Truffle Oil,Manual par-level baseline,6.0,0.0,0.0,6.0,0.0,0.0,0.0,0,6.0,8.0,51.0,1.0,8.0,1,0.03493150684931507,0.0,0.0,0.625,0.6599315068493151
2025-07-14,Vegan Cheese,Manual par-level baseline,17.0,0.0,0.0,17.0,0.0,0.0,0.0,0,17.0,12.0,11.05,3.0,12.0,1,0.007568493150684932,0.0,0.0,0.625,0.632568493150685
2025-07-15,Bacon,Manual par-level baseline,59.0,0.0,0.0,59.0,66.0,59.0,7.0,1,0.0,210.0,0.0,0.0,0.0,0,0.0,0.0,15.400000000000002,0.0,15.400000000000002
2025-07-15,Burger Buns,Manual par-level baseline,241.0,0.0,0.0,241.0,171.0,171.0,0.0,0,70.0,528.0,12.6,2.0,0.0,0,0.00863013698630137,0.0,0.0,0.0,0.00863013698630137
2025-07-15,Butter,Manual par-level baseline,84.0,0.0,0.0,84.0,45.0,45.0,0.0,0,39.0,96.0,37.05,2.0,0.0,0,0.025376712328767124,0.0,0.0,0.0,0.025376712328767124
2025-07-15,Cheese Slices,Manual par-level baseline,193.0,0.0,0.0,193.0,90.0,90.0,0.0,0,103.0,300.0,22.66,2.0,0.0,0,0.01552054794520548,0.0,0.0,0.0,0.01552054794520548
2025-07-15,Chicken Breast,Manual par-level baseline,273.0,0.0,0.0,273.0,108.0,108.0,0.0,0,165.0,310.0,297.0,2.0,0.0,0,0.20342465753424657,0.0,0.0,0.0,0.20342465753424657
2025-07-15,Coffee Beans,Manual par-level baseline,104.0,0.0,0.0,104.0,60.0,60.0,0.0,0,44.0,84.0,92.4,2.0,0.0,0,0.06328767123287671,0.0,0.0,0.0,0.06328767123287671
2025-07-15,Cooking Oil,Manual par-level baseline,69.0,0.0,0.0,69.0,39.0,39.0,0.0,0,30.0,88.0,48.0,2.0,0.0,0,0.03287671232876713,0.0,0.0,0.0,0.03287671232876713
2025-07-15,Eggs,Manual par-level baseline,177.0,0.0,0.0,177.0,96.0,96.0,0.0,0,81.0,180.0,12.96,2.0,0.0,0,0.008876712328767123,0.0,0.0,0.0,0.008876712328767123
2025-07-15,Fries (Potatoes),Manual par-level baseline,358.0,0.0,0.0,358.0,138.0,138.0,0.0,0,220.0,480.0,66.0,2.0,0.0,0,0.04520547945205479,0.0,0.0,0.0,0.04520547945205479
2025-07-15,Gluten-free Buns,Manual par-level baseline,0.0,0.0,0.0,0.0,8.0,0.0,8.0,1,0.0,60.0,0.0,0.0,0.0,0,0.0,0.0,8.8,0.0,8.8
2025-07-15,Lettuce,Manual par-level baseline,230.0,0.0,0.0,230.0,91.0,91.0,0.0,0,139.0,216.0,83.39999999999999,2.0,0.0,0,0.05712328767123287,0.0,0.0,0.0,0.05712328767123287
2025-07-15,Milk,Manual par-level baseline,172.0,0.0,0.0,172.0,71.0,71.0,0.0,0,101.0,288.0,75.75,2.0,0.0,0,0.05188356164383561,0.0,0.0,0.0,0.05188356164383561
2025-07-15,Mushrooms,Manual par-level baseline,58.0,0.0,0.0,58.0,41.0,41.0,0.0,0,17.0,200.0,9.350000000000001,2.0,0.0,0,0.006404109589041096,0.0,0.0,0.0,0.006404109589041096
2025-07-15,Onions,Manual par-level baseline,161.0,0.0,0.0,161.0,69.0,69.0,0.0,0,92.0,180.0,23.0,2.0,0.0,0,0.015753424657534248,0.0,0.0,0.0,0.015753424657534248
2025-07-15,Salmon Fillet,Manual par-level baseline,72.0,0.0,0.0,72.0,35.0,35.0,0.0,0,37.0,144.0,118.4,2.0,0.0,0,0.08109589041095891,0.0,0.0,0.0,0.08109589041095891
2025-07-15,Seasonal Berries,Manual par-level baseline,9.0,0.0,0.0,9.0,13.0,9.0,4.0,1,0.0,42.0,0.0,0.0,0.0,0,0.0,0.0,11.2,0.0,11.2
2025-07-15,Soft Drinks,Manual par-level baseline,389.0,0.0,0.0,389.0,159.0,159.0,0.0,0,230.0,600.0,92.0,2.0,0.0,0,0.06301369863013699,0.0,0.0,0.0,0.06301369863013699
2025-07-15,Tomatoes,Manual par-level baseline,209.0,0.0,0.0,209.0,101.0,101.0,0.0,0,108.0,300.0,48.6,2.0,0.0,0,0.03328767123287671,0.0,0.0,0.0,0.03328767123287671
2025-07-15,Truffle Oil,Manual par-level baseline,6.0,0.0,0.0,6.0,0.0,0.0,0.0,0,6.0,8.0,51.0,2.0,0.0,0,0.03493150684931507,0.0,0.0,0.0,0.03493150684931507
2025-07-15,Vegan Cheese,Manual par-level baseline,17.0,0.0,0.0,17.0,6.0,6.0,0.0,0,11.0,12.0,7.15,4.0,0.0,0,0.004897260273972603,0.0,0.0,0.0,0.004897260273972603
2025-07-16,Bacon,Manual par-level baseline,0.0,210.0,0.0,210.0,55.0,55.0,0.0,0,155.0,150.0,170.5,0.0,150.0,1,0.11678082191780823,0.0,0.0,0.6944444444444444,0.8112252663622527
2025-07-16,Burger Buns,Manual par-level baseline,70.0,528.0,70.0,528.0,122.0,122.0,0.0,0,406.0,336.0,73.08,0.0,336.0,1,0.050054794520547945,16.1,0.0,0.6944444444444444,16.844499238964993
2025-07-16,Butter,Manual par-level baseline,39.0,96.0,0.0,135.0,48.0,48.0,0.0,0,87.0,108.0,82.64999999999999,0.0,108.0,1,0.05660958904109589,0.0,0.0,0.6944444444444444,0.7510540334855403
2025-07-16,Cheese Slices,Manual par-level baseline,103.0,300.0,0.0,403.0,115.0,115.0,0.0,0,288.0,200.0,63.36,0.0,200.0,1,0.04339726027397261,0.0,0.0,0.6944444444444444,0.737841704718417
2025-07-16,Chicken Breast,Manual par-level baseline,165.0,310.0,0.0,475.0,126.0,126.0,0.0,0,349.0,210.0,628.2,0.335243553008596,210.0,1,0.4302739726027397,0.0,0.0,0.6944444444444444,1.124718417047184
2025-07-16,Coffee Beans,Manual par-level baseline,44.0,84.0,0.0,128.0,45.0,45.0,0.0,0,83.0,102.0,174.3,0.0,102.0,1,0.11938356164383562,0.0,0.0,0.6944444444444444,0.8138280060882801
2025-07-16,Cooking Oil,Manual par-level baseline,30.0,88.0,0.0,118.0,38.0,38.0,0.0,0,80.0,68.0,128.0,0.0,68.0,1,0.08767123287671234,0.0,0.0,0.6944444444444444,0.7821156773211567
2025-07-16,Eggs,Manual par-level baseline,81.0,180.0,0.0,261.0,84.0,84.0,0.0,0,177.0,180.0,28.32,0.0,180.0,1,0.019397260273972605,0.0,0.0,0.6944444444444444,0.713841704718417
2025-07-16,Fries (Potatoes),Manual par-level baseline,220.0,480.0,0.0,700.0,173.0,173.0,0.0,0,527.0,260.0,158.1,0.2675521821631879,260.0,1,0.1082876712328767,0.0,0.0,0.6944444444444444,0.8027321156773212
2025-07-16,Gluten-free Buns,Manual par-level baseline,0.0,60.0,0.0,60.0,26.0,26.0,0.0,0,34.0,0.0,18.700000000000003,0.0,0.0,1,0.012808219178082192,0.0,0.0,0.0,0.012808219178082192
2025-07-16,Lettuce,Manual par-level baseline,139.0,216.0,0.0,355.0,124.0,124.0,0.0,0,231.0,192.0,138.6,0.19480519480519481,192.0,1,0.09493150684931506,0.0,0.0,0.6944444444444444,0.7893759512937595
2025-07-16,Milk,Manual par-level baseline,101.0,288.0,0.0,389.0,85.0,85.0,0.0,0,304.0,120.0,228.0,0.15789473684210525,120.0,1,0.15616438356164383,0.0,0.0,0.6944444444444444,0.8506088280060883
2025-07-16,Mushrooms,Manual par-level baseline,17.0,200.0,0.0,217.0,0.0,0.0,0.0,0,217.0,80.0,119.35000000000002,0.2350230414746544,80.0,1,0.08174657534246575,0.0,0.0,0.6944444444444444,0.7761910197869102
2025-07-16,Onions,Manual par-level baseline,92.0,180.0,0.0,272.0,79.0,79.0,0.0,0,193.0,140.0,48.25,0.20207253886010362,140.0,1,0.033047945205479455,0.0,0.0,0.6944444444444444,0.7274923896499239
2025-07-16,Salmon Fillet,Manual par-level baseline,37.0,144.0,37.0,144.0,39.0,39.0,0.0,0,105.0,102.0,336.0,0.0,102.0,1,0.2301369863013699,120.25,0.0,0.6944444444444444,121.17458143074582
2025-07-16,Seasonal Berries,Manual par-level baseline,0.0,42.0,0.0,42.0,0.0,0.0,0.0,0,42.0,12.0,58.8,0.0,12.0,1,0.040273972602739724,0.0,0.0,0.6944444444444444,0.7347184170471841
2025-07-16,Soft Drinks,Manual par-level baseline,230.0,600.0,0.0,830.0,171.0,171.0,0.0,0,659.0,264.0,263.6,0.26858877086494687,264.0,1,0.18054794520547948,0.0,0.0,0.6944444444444444,0.8749923896499239
2025-07-16,Tomatoes,Manual par-level baseline,108.0,300.0,0.0,408.0,93.0,93.0,0.0,0,315.0,192.0,141.75,0.14285714285714285,192.0,1,0.09708904109589041,0.0,0.0,0.6944444444444444,0.7915334855403349
2025-07-16,Truffle Oil,Manual par-level baseline,6.0,8.0,0.0,14.0,0.0,0.0,0.0,0,14.0,0.0,119.0,1.2857142857142858,0.0,1,0.08150684931506849,0.0,0.0,0.0,0.08150684931506849
2025-07-16,Vegan Cheese,Manual par-level baseline,11.0,12.0,0.0,23.0,0.0,0.0,0.0,0,23.0,12.0,14.950000000000001,2.391304347826087,12.0,1,0.010239726027397261,0.0,0.0,0.6944444444444444,0.7046841704718417
2025-07-17,Bacon,Manual par-level baseline,155.0,0.0,0.0,155.0,61.0,61.0,0.0,0,94.0,150.0,103.4,1.0,0.0,0,0.07082191780821918,0.0,0.0,0.0,0.07082191780821918
2025-07-17,Burger Buns,Manual par-level baseline,406.0,0.0,0.0,406.0,145.0,145.0,0.0,0,261.0,336.0,46.98,1.0,0.0,0,0.032178082191780824,0.0,0.0,0.0,0.032178082191780824
2025-07-17,Butter,Manual par-level baseline,87.0,0.0,0.0,87.0,52.0,52.0,0.0,0,35.0,108.0,33.25,1.0,0.0,0,0.022773972602739726,0.0,0.0,0.0,0.022773972602739726
2025-07-17,Cheese Slices,Manual par-level baseline,288.0,0.0,0.0,288.0,92.0,92.0,0.0,0,196.0,200.0,43.12,1.0,0.0,0,0.029534246575342468,0.0,0.0,0.0,0.029534246575342468
2025-07-17,Chicken Breast,Manual par-level baseline,349.0,0.0,39.0,310.0,124.0,124.0,0.0,0,186.0,210.0,334.8,1.0,0.0,0,0.22931506849315067,72.15,0.0,0.0,72.37931506849316
2025-07-17,Coffee Beans,Manual par-level baseline,83.0,0.0,0.0,83.0,40.0,40.0,0.0,0,43.0,102.0,90.3,1.0,0.0,0,0.06184931506849315,0.0,0.0,0.0,0.06184931506849315
2025-07-17,Cooking Oil,Manual par-level baseline,80.0,0.0,0.0,80.0,29.0,29.0,0.0,0,51.0,68.0,81.60000000000001,1.0,0.0,0,0.05589041095890412,0.0,0.0,0.0,0.05589041095890412
2025-07-17,Eggs,Manual par-level baseline,177.0,0.0,0.0,177.0,74.0,74.0,0.0,0,103.0,180.0,16.48,1.0,0.0,0,0.011287671232876712,0.0,0.0,0.0,0.011287671232876712
2025-07-17,Fries (Potatoes),Manual par-level baseline,527.0,0.0,0.0,527.0,154.0,154.0,0.0,0,373.0,260.0,111.89999999999999,1.0,0.0,0,0.07664383561643835,0.0,0.0,0.0,0.07664383561643835
2025-07-17,Gluten-free Buns,Manual par-level baseline,34.0,0.0,0.0,34.0,0.0,0.0,0.0,0,34.0,0.0,18.700000000000003,1.0,0.0,0,0.012808219178082192,0.0,0.0,0.0,0.012808219178082192
2025-07-17,Lettuce,Manual par-level baseline,231.0,0.0,15.0,216.0,97.0,97.0,0.0,0,119.0,192.0,71.39999999999999,1.0,0.0,0,0.048904109589041095,9.75,0.0,0.0,9.79890410958904
2025-07-17,Milk,Manual par-level baseline,304.0,0.0,0.0,304.0,81.0,81.0,0.0,0,223.0,120.0,167.25,1.0,0.0,0,0.11455479452054794,0.0,0.0,0.0,0.11455479452054794
2025-07-17,Mushrooms,Manual par-level baseline,217.0,0.0,0.0,217.0,48.0,48.0,0.0,0,169.0,80.0,92.95,1.0,0.0,0,0.06366438356164383,0.0,0.0,0.0,0.06366438356164383
2025-07-17,Onions,Manual par-level baseline,193.0,0.0,0.0,193.0,84.0,84.0,0.0,0,109.0,140.0,27.25,1.0,0.0,0,0.018664383561643835,0.0,0.0,0.0,0.018664383561643835
2025-07-17,Salmon Fillet,Manual par-level baseline,105.0,0.0,0.0,105.0,44.0,44.0,0.0,0,61.0,102.0,195.20000000000002,1.0,0.0,0,0.13369863013698632,0.0,0.0,0.0,0.13369863013698632
2025-07-17,Seasonal Berries,Manual par-level baseline,42.0,0.0,0.0,42.0,11.0,11.0,0.0,0,31.0,12.0,43.4,1.0,0.0,0,0.029726027397260272,0.0,0.0,0.0,0.029726027397260272
2025-07-17,Soft Drinks,Manual par-level baseline,659.0,0.0,0.0,659.0,147.0,147.0,0.0,0,512.0,264.0,204.8,1.0,0.0,0,0.14027397260273974,0.0,0.0,0.0,0.14027397260273974
2025-07-17,Tomatoes,Manual par-level baseline,315.0,0.0,0.0,315.0,113.0,113.0,0.0,0,202.0,192.0,90.9,1.0,0.0,0,0.06226027397260274,0.0,0.0,0.0,0.06226027397260274
2025-07-17,Truffle Oil,Manual par-level baseline,14.0,0.0,0.0,14.0,4.0,4.0,0.0,0,10.0,0.0,85.0,1.6,0.0,0,0.058219178082191785,0.0,0.0,0.0,0.058219178082191785
2025-07-17,Vegan Cheese,Manual par-level baseline,23.0,0.0,0.0,23.0,10.0,10.0,0.0,0,13.0,12.0,8.450000000000001,1.3846153846153846,0.0,0,0.005787671232876713,0.0,0.0,0.0,0.005787671232876713
2025-07-18,Bacon,Manual par-level baseline,94.0,150.0,0.0,244.0,105.0,105.0,0.0,0,139.0,200.0,152.9,0.0,200.0,1,0.10472602739726028,0.0,0.0,0.625,0.7297260273972603
2025-07-18,Burger Buns,Manual par-level baseline,261.0,336.0,0.0,597.0,217.0,217.0,0.0,0,380.0,480.0,68.39999999999999,0.23157894736842105,480.0,1,0.04684931506849315,0.0,0.0,0.625,0.6718493150684931
2025-07-18,Butter,Manual par-level baseline,35.0,108.0,0.0,143.0,62.0,62.0,0.0,0,81.0,168.0,76.95,0.0,168.0,1,0.052705479452054796,0.0,0.0,0.625,0.6777054794520548
2025-07-18,Cheese Slices,Manual par-level baseline,196.0,200.0,0.0,396.0,156.0,156.0,0.0,0,240.0,350.0,52.8,0.3333333333333333,350.0,1,0.03616438356164384,0.0,0.0,0.625,0.6611643835616439
2025-07-18,Chicken Breast,Manual par-level baseline,186.0,210.0,0.0,396.0,172.0,172.0,0.0,0,224.0,460.0,403.2,0.125,460.0,1,0.27616438356164386,0.0,0.0,0.625,0.9011643835616439
2025-07-18,Coffee Beans,Manual par-level baseline,43.0,102.0,0.0,145.0,48.0,48.0,0.0,0,97.0,144.0,203.70000000000002,0.0,144.0,1,0.1395205479452055,0.0,0.0,0.625,0.7645205479452055
2025-07-18,Cooking Oil,Manual par-level baseline,51.0,68.0,0.0,119.0,33.0,33.0,0.0,0,86.0,108.0,137.60000000000002,0.4186046511627907,108.0,1,0.09424657534246576,0.0,0.0,0.625,0.7192465753424657
2025-07-18,Eggs,Manual par-level baseline,103.0,180.0,0.0,283.0,135.0,135.0,0.0,0,148.0,270.0,23.68,0.0,270.0,1,0.016219178082191782,0.0,0.0,0.625,0.6412191780821918
2025-07-18,Fries (Potatoes),Manual par-level baseline,373.0,260.0,0.0,633.0,248.0,248.0,0.0,0,385.0,580.0,115.5,0.6493506493506493,580.0,1,0.07910958904109588,0.0,0.0,0.625,0.7041095890410959
2025-07-18,Gluten-free Buns,Manual par-level baseline,34.0,0.0,0.0,34.0,22.0,22.0,0.0,0,12.0,48.0,6.6000000000000005,2.0,48.0,1,0.00452054794520548,0.0,0.0,0.625,0.6295205479452055
2025-07-18,Lettuce,Manual par-level baseline,119.0,192.0,0.0,311.0,152.0,152.0,0.0,0,159.0,372.0,95.39999999999999,0.0,372.0,1,0.06534246575342466,0.0,0.0,0.625,0.6903424657534246
2025-07-18,Milk,Manual par-level baseline,223.0,120.0,0.0,343.0,130.0,130.0,0.0,0,213.0,288.0,159.75,0.8732394366197183,288.0,1,0.10941780821917807,0.0,0.0,0.625,0.7344178082191781
2025-07-18,Mushrooms,Manual par-level baseline,169.0,80.0,0.0,249.0,52.0,52.0,0.0,0,197.0,100.0,108.35000000000001,1.1878172588832487,100.0,1,0.07421232876712329,0.0,0.0,0.625,0.6992123287671232
2025-07-18,Onions,Manual par-level baseline,109.0,140.0,0.0,249.0,108.0,108.0,0.0,0,141.0,260.0,35.25,0.014184397163120567,260.0,1,0.024143835616438358,0.0,0.0,0.625,0.6491438356164384
2025-07-18,Salmon Fillet,Manual par-level baseline,61.0,102.0,0.0,163.0,56.0,56.0,0.0,0,107.0,144.0,342.40000000000003,0.09345794392523364,144.0,1,0.23452054794520552,0.0,0.0,0.625,0.8595205479452055
2025-07-18,Seasonal Berries,Manual par-level baseline,31.0,12.0,0.0,43.0,17.0,17.0,0.0,0,26.0,18.0,36.39999999999999,1.0769230769230769,18.0,1,0.02493150684931507,0.0,0.0,0.625,0.6499315068493151
2025-07-18,Soft Drinks,Manual par-level baseline,512.0,264.0,0.0,776.0,332.0,332.0,0.0,0,444.0,600.0,177.60000000000002,0.8108108108108109,600.0,1,0.12164383561643838,0.0,0.0,0.625,0.7466438356164384
2025-07-18,Tomatoes,Manual par-level baseline,202.0,192.0,0.0,394.0,140.0,140.0,0.0,0,254.0,360.0,114.30000000000001,0.4881889763779528,360.0,1,0.07828767123287671,0.0,0.0,0.625,0.7032876712328767
2025-07-18,Truffle Oil,Manual par-level baseline,10.0,0.0,0.0,10.0,9.0,9.0,0.0,0,1.0,8.0,8.5,2.0,8.0,1,0.0058219178082191785,0.0,0.0,0.625,0.6308219178082192
2025-07-18,Vegan Cheese,Manual par-level baseline,13.0,12.0,0.0,25.0,0.0,0.0,0.0,0,25.0,12.0,16.25,1.24,12.0,1,0.011130136986301371,0.0,0.0,0.625,0.6361301369863014
2025-07-19,Bacon,Manual par-level baseline,139.0,0.0,0.0,139.0,94.0,94.0,0.0,0,45.0,200.0,49.50000000000001,1.0,0.0,0,0.033904109589041095,0.0,0.0,0.0,0.033904109589041095
2025-07-19,Burger Buns,Manual par-level baseline,380.0,0.0,44.0,336.0,222.0,222.0,0.0,0,114.0,480.0,20.52,1.0,0.0,0,0.014054794520547944,10.120000000000001,0.0,0.0,10.13405479452055
2025-07-19,Butter,Manual par-level baseline,81.0,0.0,0.0,81.0,65.0,65.0,0.0,0,16.0,168.0,15.2,1.0,0.0,0,0.010410958904109589,0.0,0.0,0.0,0.010410958904109589
2025-07-19,Cheese Slices,Manual par-level baseline,240.0,0.0,0.0,240.0,144.0,144.0,0.0,0,96.0,350.0,21.12,1.0,0.0,0,0.014465753424657536,0.0,0.0,0.0,0.014465753424657536
2025-07-19,Chicken Breast,Manual par-level baseline,224.0,0.0,0.0,224.0,160.0,160.0,0.0,0,64.0,460.0,115.2,1.0,0.0,0,0.0789041095890411,0.0,0.0,0.0,0.0789041095890411
2025-07-19,Coffee Beans,Manual par-level baseline,97.0,0.0,0.0,97.0,53.0,53.0,0.0,0,44.0,144.0,92.4,1.0,0.0,0,0.06328767123287671,0.0,0.0,0.0,0.06328767123287671
2025-07-19,Cooking Oil,Manual par-level baseline,86.0,0.0,0.0,86.0,36.0,36.0,0.0,0,50.0,108.0,80.0,1.0,0.0,0,0.05479452054794521,0.0,0.0,0.0,0.05479452054794521
2025-07-19,Eggs,Manual par-level baseline,148.0,0.0,0.0,148.0,111.0,111.0,0.0,0,37.0,270.0,5.92,1.0,0.0,0,0.0040547945205479455,0.0,0.0,0.0,0.0040547945205479455
2025-07-19,Fries (Potatoes),Manual par-level baseline,385.0,0.0,0.0,385.0,259.0,259.0,0.0,0,126.0,580.0,37.8,1.0,0.0,0,0.025890410958904108,0.0,0.0,0.0,0.025890410958904108
2025-07-19,Gluten-free Buns,Manual par-level baseline,12.0,0.0,12.0,0.0,24.0,0.0,24.0,1,0.0,48.0,0.0,0.0,0.0,0,0.0,7.200000000000001,26.400000000000002,0.0,33.6
2025-07-19,Lettuce,Manual par-level baseline,159.0,0.0,0.0,159.0,146.0,146.0,0.0,0,13.0,372.0,7.8,1.0,0.0,0,0.005342465753424657,0.0,0.0,0.0,0.005342465753424657
2025-07-19,Milk,Manual par-level baseline,213.0,0.0,0.0,213.0,155.0,155.0,0.0,0,58.0,288.0,43.5,1.0,0.0,0,0.0297945205479452,0.0,0.0,0.0,0.0297945205479452
2025-07-19,Mushrooms,Manual par-level baseline,197.0,0.0,0.0,197.0,69.0,69.0,0.0,0,128.0,100.0,70.4,1.75,0.0,0,0.04821917808219178,0.0,0.0,0.0,0.04821917808219178
2025-07-19,Onions,Manual par-level baseline,141.0,0.0,0.0,141.0,103.0,103.0,0.0,0,38.0,260.0,9.5,1.0,0.0,0,0.006506849315068493,0.0,0.0,0.0,0.006506849315068493
2025-07-19,Salmon Fillet,Manual par-level baseline,107.0,0.0,5.0,102.0,80.0,80.0,0.0,0,22.0,144.0,70.4,1.0,0.0,0,0.04821917808219179,16.25,0.0,0.0,16.298219178082192
2025-07-19,Seasonal Berries,Manual par-level baseline,26.0,0.0,14.0,12.0,23.0,12.0,11.0,1,0.0,18.0,0.0,0.0,0.0,0,0.0,20.299999999999997,30.799999999999997,0.0,51.099999999999994
2025-07-19,Soft Drinks,Manual par-level baseline,444.0,0.0,0.0,444.0,315.0,315.0,0.0,0,129.0,600.0,51.6,1.0,0.0,0,0.03534246575342466,0.0,0.0,0.0,0.03534246575342466
2025-07-19,Tomatoes,Manual par-level baseline,254.0,0.0,0.0,254.0,150.0,150.0,0.0,0,104.0,360.0,46.800000000000004,1.0,0.0,0,0.03205479452054794,0.0,0.0,0.0,0.03205479452054794
2025-07-19,Truffle Oil,Manual par-level baseline,1.0,0.0,0.0,1.0,11.0,1.0,10.0,1,0.0,8.0,0.0,0.0,0.0,0,0.0,0.0,170.0,0.0,170.0
2025-07-19,Vegan Cheese,Manual par-level baseline,25.0,0.0,0.0,25.0,17.0,17.0,0.0,0,8.0,12.0,5.2,1.0,0.0,0,0.0035616438356164386,0.0,0.0,0.0,0.0035616438356164386
2025-07-20,Bacon,Manual par-level baseline,45.0,200.0,0.0,245.0,104.0,104.0,0.0,0,141.0,0.0,155.10000000000002,0.0,0.0,0,0.10623287671232877,0.0,0.0,0.0,0.10623287671232877
2025-07-20,Burger Buns,Manual par-level baseline,114.0,480.0,0.0,594.0,224.0,224.0,0.0,0,370.0,0.0,66.6,0.0,0.0,0,0.045616438356164385,0.0,0.0,0.0,0.045616438356164385
2025-07-20,Butter,Manual par-level baseline,16.0,168.0,0.0,184.0,66.0,66.0,0.0,0,118.0,0.0,112.1,0.0,0.0,0,0.07678082191780822,0.0,0.0,0.0,0.07678082191780822
2025-07-20,Cheese Slices,Manual par-level baseline,96.0,350.0,0.0,446.0,138.0,138.0,0.0,0,308.0,0.0,67.76,0.0,0.0,0,0.046410958904109595,0.0,0.0,0.0,0.046410958904109595
2025-07-20,Chicken Breast,Manual par-level baseline,64.0,460.0,0.0,524.0,160.0,160.0,0.0,0,364.0,0.0,655.2,0.0,0.0,0,0.4487671232876712,0.0,0.0,0.0,0.4487671232876712
2025-07-20,Coffee Beans,Manual par-level baseline,44.0,144.0,0.0,188.0,57.0,57.0,0.0,0,131.0,0.0,275.1,0.0,0.0,0,0.1884246575342466,0.0,0.0,0.0,0.1884246575342466
2025-07-20,Cooking Oil,Manual par-level baseline,50.0,108.0,0.0,158.0,40.0,40.0,0.0,0,118.0,0.0,188.8,0.1694915254237288,0.0,0,0.1293150684931507,0.0,0.0,0.0,0.1293150684931507
2025-07-20,Eggs,Manual par-level baseline,37.0,270.0,0.0,307.0,106.0,106.0,0.0,0,201.0,0.0,32.160000000000004,0.0,0.0,0,0.022027397260273973,0.0,0.0,0.0,0.022027397260273973
2025-07-20,Fries (Potatoes),Manual par-level baseline,126.0,580.0,0.0,706.0,268.0,268.0,0.0,0,438.0,0.0,131.4,0.0,0.0,0,0.09,0.0,0.0,0.0,0.09
2025-07-20,Gluten-free Buns,Manual par-level baseline,0.0,48.0,0.0,48.0,33.0,33.0,0.0,0,15.0,0.0,8.25,0.0,0.0,0,0.0056506849315068495,0.0,0.0,0.0,0.0056506849315068495
2025-07-20,Lettuce,Manual par-level baseline,13.0,372.0,0.0,385.0,139.0,139.0,0.0,0,246.0,0.0,147.6,0.0,0.0,0,0.1010958904109589,0.0,0.0,0.0,0.1010958904109589
2025-07-20,Milk,Manual par-level baseline,58.0,288.0,0.0,346.0,115.0,115.0,0.0,0,231.0,0.0,173.25,0.0,0.0,0,0.11866438356164383,0.0,0.0,0.0,0.11866438356164383
2025-07-20,Mushrooms,Manual par-level baseline,128.0,100.0,0.0,228.0,65.0,65.0,0.0,0,163.0,0.0,89.65,0.7730061349693251,0.0,0,0.0614041095890411,0.0,0.0,0.0,0.0614041095890411
2025-07-20,Onions,Manual par-level baseline,38.0,260.0,0.0,298.0,98.0,98.0,0.0,0,200.0,0.0,50.0,0.0,0.0,0,0.03424657534246575,0.0,0.0,0.0,0.03424657534246575
2025-07-20,Salmon Fillet,Manual par-level baseline,22.0,144.0,0.0,166.0,71.0,71.0,0.0,0,95.0,0.0,304.0,0.0,0.0,0,0.2082191780821918,0.0,0.0,0.0,0.2082191780821918
2025-07-20,Seasonal Berries,Manual par-level baseline,0.0,18.0,0.0,18.0,19.0,18.0,1.0,1,0.0,0.0,0.0,0.0,0.0,0,0.0,0.0,2.8,0.0,2.8
2025-07-20,Soft Drinks,Manual par-level baseline,129.0,600.0,0.0,729.0,259.0,259.0,0.0,0,470.0,0.0,188.0,0.0,0.0,0,0.12876712328767126,0.0,0.0,0.0,0.12876712328767126
2025-07-20,Tomatoes,Manual par-level baseline,104.0,360.0,0.0,464.0,153.0,153.0,0.0,0,311.0,0.0,139.95000000000002,0.0,0.0,0,0.09585616438356163,0.0,0.0,0.0,0.09585616438356163
2025-07-20,Truffle Oil,Manual par-level baseline,0.0,8.0,0.0,8.0,11.0,8.0,3.0,1,0.0,0.0,0.0,0.0,0.0,0,0.0,0.0,51.0,0.0,51.0
2025-07-20,Vegan Cheese,Manual par-level baseline,8.0,12.0,0.0,20.0,23.0,20.0,3.0,1,0.0,0.0,0.0,0.0,0.0,0,0.0,0.0,3.9000000000000004,0.0,3.9000000000000004
2025-07-21,Bacon,Manual par-level baseline,141.0,0.0,0.0,141.0,47.0,47.0,0.0,0,94.0,220.0,103.4,1.0,220.0,1,0.07082191780821918,0.0,0.0,0.625,0.6958219178082192
2025-07-21,Burger Buns,Manual par-level baseline,370.0,0.0,0.0,370.0,118.0,118.0,0.0,0,252.0,528.0,45.36,1.0,528.0,1,0.031068493150684932,0.0,0.0,0.625,0.6560684931506849
2025-07-21,Butter,Manual par-level baseline,118.0,0.0,0.0,118.0,31.0,31.0,0.0,0,87.0,132.0,82.64999999999999,1.0,132.0,1,0.05660958904109589,0.0,0.0,0.625,0.6816095890410959
2025-07-21,Cheese Slices,Manual par-level baseline,308.0,0.0,0.0,308.0,86.0,86.0,0.0,0,222.0,300.0,48.84,1.0,300.0,1,0.03345205479452055,0.0,0.0,0.625,0.6584520547945205
2025-07-21,Chicken Breast,Manual par-level baseline,364.0,0.0,0.0,364.0,126.0,126.0,0.0,0,238.0,310.0,428.40000000000003,1.0,310.0,1,0.29342465753424657,0.0,0.0,0.625,0.9184246575342465
2025-07-21,Coffee Beans,Manual par-level baseline,131.0,0.0,0.0,131.0,32.0,32.0,0.0,0,99.0,96.0,207.9,1.0,96.0,1,0.1423972602739726,0.0,0.0,0.625,0.7673972602739726
2025-07-21,Cooking Oil,Manual par-level baseline,118.0,0.0,0.0,118.0,27.0,27.0,0.0,0,91.0,60.0,145.6,1.0,60.0,1,0.09972602739726029,0.0,0.0,0.625,0.7247260273972603
2025-07-21,Eggs,Manual par-level baseline,201.0,0.0,0.0,201.0,75.0,75.0,0.0,0,126.0,240.0,20.16,1.0,240.0,1,0.013808219178082191,0.0,0.0,0.625,0.6388082191780822
2025-07-21,Fries (Potatoes),Manual par-level baseline,438.0,0.0,0.0,438.0,140.0,140.0,0.0,0,298.0,540.0,89.39999999999999,1.0,540.0,1,0.061232876712328764,0.0,0.0,0.625,0.6862328767123288
2025-07-21,Gluten-free Buns,Manual par-level baseline,15.0,0.0,0.0,15.0,7.0,7.0,0.0,0,8.0,48.0,4.4,1.0,48.0,1,0.0030136986301369864,0.0,0.0,0.625,0.628013698630137
2025-07-21,Lettuce,Manual par-level baseline,246.0,0.0,0.0,246.0,93.0,93.0,0.0,0,153.0,300.0,91.8,1.0,300.0,1,0.06287671232876711,0.0,0.0,0.625,0.6878767123287671
2025-07-21,Milk,Manual par-level baseline,231.0,0.0,0.0,231.0,91.0,91.0,0.0,0,140.0,288.0,105.0,1.0,288.0,1,0.07191780821917808,0.0,0.0,0.625,0.696917808219178
2025-07-21,Mushrooms,Manual par-level baseline,163.0,0.0,0.0,163.0,64.0,64.0,0.0,0,99.0,110.0,54.45,1.0,110.0,1,0.03729452054794521,0.0,0.0,0.625,0.6622945205479452
2025-07-21,Onions,Manual par-level baseline,200.0,0.0,0.0,200.0,65.0,65.0,0.0,0,135.0,200.0,33.75,1.0,200.0,1,0.023116438356164382,0.0,0.0,0.625,0.6481164383561644
2025-07-21,Salmon Fillet,Manual par-level baseline,95.0,0.0,0.0,95.0,53.0,53.0,0.0,0,42.0,156.0,134.4,1.0,156.0,1,0.09205479452054796,0.0,0.0,0.625,0.717054794520548
2025-07-21,Seasonal Berries,Manual par-level baseline,0.0,0.0,0.0,0.0,15.0,0.0,15.0,1,0.0,54.0,0.0,0.0,54.0,1,0.0,0.0,42.0,0.625,42.625
2025-07-21,Soft Drinks,Manual par-level baseline,470.0,0.0,0.0,470.0,152.0,152.0,0.0,0,318.0,624.0,127.2,1.0,624.0,1,0.08712328767123288,0.0,0.0,0.625,0.7121232876712329
2025-07-21,Tomatoes,Manual par-level baseline,311.0,0.0,0.0,311.0,97.0,97.0,0.0,0,214.0,300.0,96.3,1.0,300.0,1,0.06595890410958904,0.0,0.0,0.625,0.690958904109589
2025-07-21,Truffle Oil,Manual par-level baseline,0.0,0.0,0.0,0.0,0.0,0.0,0.0,0,0.0,16.0,0.0,0.0,16.0,1,0.0,0.0,0.0,0.625,0.625
2025-07-21,Vegan Cheese,Manual par-level baseline,0.0,0.0,0.0,0.0,9.0,0.0,9.0,1,0.0,36.0,0.0,0.0,36.0,1,0.0,0.0,11.700000000000001,0.625,12.325000000000001
2025-07-22,Bacon,Manual par-level baseline,94.0,0.0,0.0,94.0,61.0,61.0,0.0,0,33.0,220.0,36.300000000000004,2.0,0.0,0,0.024863013698630136,0.0,0.0,0.0,0.024863013698630136
2025-07-22,Burger Buns,Manual par-level baseline,252.0,0.0,0.0,252.0,136.0,136.0,0.0,0,116.0,528.0,20.88,2.0,0.0,0,0.014301369863013698,0.0,0.0,0.0,0.014301369863013698
2025-07-22,Butter,Manual par-level baseline,87.0,0.0,0.0,87.0,34.0,34.0,0.0,0,53.0,132.0,50.349999999999994,2.0,0.0,0,0.03448630136986301,0.0,0.0,0.0,0.03448630136986301
2025-07-22,Cheese Slices,Manual par-level baseline,222.0,0.0,0.0,222.0,100.0,100.0,0.0,0,122.0,300.0,26.84,2.0,0.0,0,0.018383561643835616,0.0,0.0,0.0,0.018383561643835616
2025-07-22,Chicken Breast,Manual par-level baseline,238.0,0.0,0.0,238.0,104.0,104.0,0.0,0,134.0,310.0,241.20000000000002,2.0,0.0,0,0.1652054794520548,0.0,0.0,0.0,0.1652054794520548
2025-07-22,Coffee Beans,Manual par-level baseline,99.0,0.0,0.0,99.0,42.0,42.0,0.0,0,57.0,96.0,119.7,2.0,0.0,0,0.08198630136986301,0.0,0.0,0.0,0.08198630136986301
2025-07-22,Cooking Oil,Manual par-level baseline,91.0,0.0,0.0,91.0,24.0,24.0,0.0,0,67.0,60.0,107.2,2.0,0.0,0,0.07342465753424658,0.0,0.0,0.0,0.07342465753424658
2025-07-22,Eggs,Manual par-level baseline,126.0,0.0,0.0,126.0,69.0,69.0,0.0,0,57.0,240.0,9.120000000000001,2.0,0.0,0,0.0062465753424657535,0.0,0.0,0.0,0.0062465753424657535
2025-07-22,Fries (Potatoes),Manual par-level baseline,298.0,0.0,0.0,298.0,209.0,209.0,0.0,0,89.0,540.0,26.7,2.0,0.0,0,0.01828767123287671,0.0,0.0,0.0,0.01828767123287671
2025-07-22,Gluten-free Buns,Manual par-level baseline,8.0,0.0,0.0,8.0,15.0,8.0,7.0,1,0.0,48.0,0.0,0.0,0.0,0,0.0,0.0,7.700000000000001,0.0,7.700000000000001
2025-07-22,Lettuce,Manual par-level baseline,153.0,0.0,0.0,153.0,82.0,82.0,0.0,0,71.0,300.0,42.6,2.0,0.0,0,0.02917808219178082,0.0,0.0,0.0,0.02917808219178082
2025-07-22,Milk,Manual par-level baseline,140.0,0.0,0.0,140.0,111.0,111.0,0.0,0,29.0,288.0,21.75,2.0,0.0,0,0.0148972602739726,0.0,0.0,0.0,0.0148972602739726
2025-07-22,Mushrooms,Manual par-level baseline,99.0,0.0,0.0,99.0,69.0,69.0,0.0,0,30.0,110.0,16.5,2.0,0.0,0,0.011301369863013699,0.0,0.0,0.0,0.011301369863013699
2025-07-22,Onions,Manual par-level baseline,135.0,0.0,0.0,135.0,56.0,56.0,0.0,0,79.0,200.0,19.75,2.0,0.0,0,0.013527397260273973,0.0,0.0,0.0,0.013527397260273973
2025-07-22,Salmon Fillet,Manual par-level baseline,42.0,0.0,0.0,42.0,41.0,41.0,0.0,0,1.0,156.0,3.2,2.0,0.0,0,0.0021917808219178085,0.0,0.0,0.0,0.0021917808219178085
2025-07-22,Seasonal Berries,Manual par-level baseline,0.0,0.0,0.0,0.0,12.0,0.0,12.0,1,0.0,54.0,0.0,0.0,0.0,0,0.0,0.0,33.599999999999994,0.0,33.599999999999994
2025-07-22,Soft Drinks,Manual par-level baseline,318.0,0.0,0.0,318.0,164.0,164.0,0.0,0,154.0,624.0,61.6,2.0,0.0,0,0.04219178082191782,0.0,0.0,0.0,0.04219178082191782
2025-07-22,Tomatoes,Manual par-level baseline,214.0,0.0,0.0,214.0,93.0,93.0,0.0,0,121.0,300.0,54.45,2.0,0.0,0,0.03729452054794521,0.0,0.0,0.0,0.03729452054794521
2025-07-22,Truffle Oil,Manual par-level baseline,0.0,0.0,0.0,0.0,0.0,0.0,0.0,0,0.0,16.0,0.0,0.0,0.0,0,0.0,0.0,0.0,0.0,0.0
2025-07-22,Vegan Cheese,Manual par-level baseline,0.0,0.0,0.0,0.0,0.0,0.0,0.0,0,0.0,36.0,0.0,0.0,0.0,0,0.0,0.0,0.0,0.0,0.0
2025-07-23,Bacon,Manual par-level baseline,33.0,220.0,0.0,253.0,70.0,70.0,0.0,0,183.0,100.0,201.3,0.0,100.0,1,0.13787671232876714,0.0,0.0,0.6944444444444444,0.8323211567732116
2025-07-23,Burger Buns,Manual par-level baseline,116.0,528.0,116.0,528.0,129.0,129.0,0.0,0,399.0,336.0,71.82,0.0,336.0,1,0.04919178082191781,26.68,0.0,0.6944444444444444,27.42363622526636
2025-07-23,Butter,Manual par-level baseline,53.0,132.0,0.0,185.0,42.0,42.0,0.0,0,143.0,60.0,135.85,0.23076923076923078,60.0,1,0.09304794520547945,0.0,0.0,0.6944444444444444,0.7874923896499239
2025-07-23,Cheese Slices,Manual par-level baseline,122.0,300.0,0.0,422.0,118.0,118.0,0.0,0,304.0,200.0,66.88,0.039473684210526314,200.0,1,0.04580821917808219,0.0,0.0,0.6944444444444444,0.7402526636225266
2025-07-23,Chicken Breast,Manual par-level baseline,134.0,310.0,0.0,444.0,124.0,124.0,0.0,0,320.0,240.0,576.0,0.09375,240.0,1,0.39452054794520547,0.0,0.0,0.6944444444444444,1.0889649923896498
2025-07-23,Coffee Beans,Manual par-level baseline,57.0,96.0,0.0,153.0,49.0,49.0,0.0,0,104.0,72.0,218.40000000000003,0.23076923076923078,72.0,1,0.1495890410958904,0.0,0.0,0.6944444444444444,0.8440334855403349
2025-07-23,Cooking Oil,Manual par-level baseline,67.0,60.0,0.0,127.0,30.0,30.0,0.0,0,97.0,52.0,155.2,1.1443298969072164,52.0,1,0.10630136986301371,0.0,0.0,0.6944444444444444,0.8007458143074582
2025-07-23,Eggs,Manual par-level baseline,57.0,240.0,0.0,297.0,98.0,98.0,0.0,0,199.0,150.0,31.84,0.0,150.0,1,0.02180821917808219,0.0,0.0,0.6944444444444444,0.7162526636225266
2025-07-23,Fries (Potatoes),Manual par-level baseline,89.0,540.0,0.0,629.0,156.0,156.0,0.0,0,473.0,360.0,141.9,0.0,360.0,1,0.0971917808219178,0.0,0.0,0.6944444444444444,0.7916362252663622
2025-07-23,Gluten-free Buns,Manual par-level baseline,0.0,48.0,0.0,48.0,17.0,17.0,0.0,0,31.0,24.0,17.05,0.0,24.0,1,0.011678082191780823,0.0,0.0,0.6944444444444444,0.7061225266362252
2025-07-23,Lettuce,Manual par-level baseline,71.0,300.0,0.0,371.0,96.0,96.0,0.0,0,275.0,180.0,165.0,0.0,180.0,1,0.11301369863013698,0.0,0.0,0.6944444444444444,0.8074581430745814
2025-07-23,Milk,Manual par-level baseline,29.0,288.0,0.0,317.0,89.0,89.0,0.0,0,228.0,192.0,171.0,0.0,192.0,1,0.11712328767123287,0.0,0.0,0.6944444444444444,0.8115677321156773
2025-07-23,Mushrooms,Manual par-level baseline,30.0,110.0,0.0,140.0,48.0,48.0,0.0,0,92.0,140.0,50.6,0.0,140.0,1,0.03465753424657535,0.0,0.0,0.6944444444444444,0.7291019786910198
2025-07-23,Onions,Manual par-level baseline,79.0,200.0,0.0,279.0,59.0,59.0,0.0,0,220.0,120.0,55.0,0.2727272727272727,120.0,1,0.03767123287671233,0.0,0.0,0.6944444444444444,0.7321156773211568
2025-07-23,Salmon Fillet,Manual par-level baseline,1.0,156.0,1.0,156.0,40.0,40.0,0.0,0,116.0,96.0,371.20000000000005,0.0,96.0,1,0.2542465753424658,3.25,0.0,0.6944444444444444,4.19869101978691
2025-07-23,Seasonal Berries,Manual par-level baseline,0.0,54.0,0.0,54.0,0.0,0.0,0.0,0,54.0,6.0,75.6,0.0,6.0,1,0.051780821917808216,0.0,0.0,0.6944444444444444,0.7462252663622526
2025-07-23,Soft Drinks,Manual par-level baseline,154.0,624.0,0.0,778.0,164.0,164.0,0.0,0,614.0,312.0,245.60000000000002,0.0,312.0,1,0.1682191780821918,0.0,0.0,0.6944444444444444,0.8626636225266362
2025-07-23,Tomatoes,Manual par-level baseline,121.0,300.0,0.0,421.0,87.0,87.0,0.0,0,334.0,180.0,150.3,0.30538922155688625,180.0,1,0.10294520547945205,0.0,0.0,0.6944444444444444,0.7973896499238965
2025-07-23,Truffle Oil,Manual par-level baseline,0.0,16.0,0.0,16.0,0.0,0.0,0.0,0,16.0,0.0,136.0,0.0,0.0,1,0.09315068493150686,0.0,0.0,0.0,0.09315068493150686
2025-07-23,Vegan Cheese,Manual par-level baseline,0.0,36.0,0.0,36.0,13.0,13.0,0.0,0,23.0,0.0,14.950000000000001,0.0,0.0,1,0.010239726027397261,0.0,0.0,0.0,0.010239726027397261
2025-07-24,Bacon,Manual par-level baseline,183.0,0.0,0.0,183.0,74.0,74.0,0.0,0,109.0,100.0,119.9,1.0,0.0,0,0.08212328767123288,0.0,0.0,0.0,0.08212328767123288
2025-07-24,Burger Buns,Manual par-level baseline,399.0,0.0,0.0,399.0,155.0,155.0,0.0,0,244.0,336.0,43.92,1.0,0.0,0,0.030082191780821915,0.0,0.0,0.0,0.030082191780821915
2025-07-24,Butter,Manual par-level baseline,143.0,0.0,0.0,143.0,44.0,44.0,0.0,0,99.0,60.0,94.05,1.0,0.0,0,0.06441780821917809,0.0,0.0,0.0,0.06441780821917809
2025-07-24,Cheese Slices,Manual par-level baseline,304.0,0.0,0.0,304.0,101.0,101.0,0.0,0,203.0,200.0,44.660000000000004,1.0,0.0,0,0.030589041095890415,0.0,0.0,0.0,0.030589041095890415
2025-07-24,Chicken Breast,Manual par-level baseline,320.0,0.0,10.0,310.0,113.0,113.0,0.0,0,197.0,240.0,354.6,1.0,0.0,0,0.24287671232876712,18.5,0.0,0.0,18.742876712328766
2025-07-24,Coffee Beans,Manual par-level baseline,104.0,0.0,0.0,104.0,41.0,41.0,0.0,0,63.0,72.0,132.3,1.0,0.0,0,0.09061643835616438,0.0,0.0,0.0,0.09061643835616438
2025-07-24,Cooking Oil,Manual par-level baseline,97.0,0.0,0.0,97.0,30.0,30.0,0.0,0,67.0,52.0,107.2,1.3134328358208955,0.0,0,0.07342465753424658,0.0,0.0,0.0,0.07342465753424658
2025-07-24,Eggs,Manual par-level baseline,199.0,0.0,0.0,199.0,74.0,74.0,0.0,0,125.0,150.0,20.0,1.0,0.0,0,0.013698630136986302,0.0,0.0,0.0,0.013698630136986302
2025-07-24,Fries (Potatoes),Manual par-level baseline,473.0,0.0,0.0,473.0,159.0,159.0,0.0,0,314.0,360.0,94.2,1.0,0.0,0,0.06452054794520548,0.0,0.0,0.0,0.06452054794520548
2025-07-24,Gluten-free Buns,Manual par-level baseline,31.0,0.0,0.0,31.0,15.0,15.0,0.0,0,16.0,24.0,8.8,1.0,0.0,0,0.006027397260273973,0.0,0.0,0.0,0.006027397260273973
2025-07-24,Lettuce,Manual par-level baseline,275.0,0.0,0.0,275.0,87.0,87.0,0.0,0,188.0,180.0,112.8,1.0,0.0,0,0.07726027397260274,0.0,0.0,0.0,0.07726027397260274
2025-07-24,Milk,Manual par-level baseline,228.0,0.0,0.0,228.0,93.0,93.0,0.0,0,135.0,192.0,101.25,1.0,0.0,0,0.06934931506849315,0.0,0.0,0.0,0.06934931506849315
2025-07-24,Mushrooms,Manual par-level baseline,92.0,0.0,0.0,92.0,45.0,45.0,0.0,0,47.0,140.0,25.85,1.0,0.0,0,0.017705479452054796,0.0,0.0,0.0,0.017705479452054796
2025-07-24,Onions,Manual par-level baseline,220.0,0.0,0.0,220.0,58.0,58.0,0.0,0,162.0,120.0,40.5,1.0,0.0,0,0.02773972602739726,0.0,0.0,0.0,0.02773972602739726
2025-07-24,Salmon Fillet,Manual par-level baseline,116.0,0.0,0.0,116.0,34.0,34.0,0.0,0,82.0,96.0,262.40000000000003,1.0,0.0,0,0.1797260273972603,0.0,0.0,0.0,0.1797260273972603
2025-07-24,Seasonal Berries,Manual par-level baseline,54.0,0.0,0.0,54.0,0.0,0.0,0.0,0,54.0,6.0,75.6,1.0,0.0,0,0.051780821917808216,0.0,0.0,0.0,0.051780821917808216
2025-07-24,Soft Drinks,Manual par-level baseline,614.0,0.0,0.0,614.0,165.0,165.0,0.0,0,449.0,312.0,179.60000000000002,1.0,0.0,0,0.123013698630137,0.0,0.0,0.0,0.123013698630137
2025-07-24,Tomatoes,Manual par-level baseline,334.0,0.0,0.0,334.0,91.0,91.0,0.0,0,243.0,180.0,109.35000000000001,1.0,0.0,0,0.0748972602739726,0.0,0.0,0.0,0.0748972602739726
2025-07-24,Truffle Oil,Manual par-level baseline,16.0,0.0,0.0,16.0,0.0,0.0,0.0,0,16.0,0.0,136.0,1.0,0.0,0,0.09315068493150686,0.0,0.0,0.0,0.09315068493150686
2025-07-24,Vegan Cheese,Manual par-level baseline,23.0,0.0,0.0,23.0,0.0,0.0,0.0,0,23.0,0.0,14.950000000000001,1.0,0.0,0,0.010239726027397261,0.0,0.0,0.0,0.010239726027397261
2025-07-25,Bacon,Manual par-level baseline,109.0,100.0,0.0,209.0,105.0,105.0,0.0,0,104.0,240.0,114.40000000000002,0.07692307692307693,240.0,1,0.07835616438356165,0.0,0.0,0.625,0.7033561643835616
2025-07-25,Burger Buns,Manual par-level baseline,244.0,336.0,0.0,580.0,180.0,180.0,0.0,0,400.0,528.0,72.0,0.32,528.0,1,0.049315068493150684,0.0,0.0,0.625,0.6743150684931507
2025-07-25,Butter,Manual par-level baseline,99.0,60.0,0.0,159.0,61.0,61.0,0.0,0,98.0,144.0,93.1,0.7755102040816326,144.0,1,0.06376712328767123,0.0,0.0,0.625,0.6887671232876712
2025-07-25,Cheese Slices,Manual par-level baseline,203.0,200.0,0.0,403.0,126.0,126.0,0.0,0,277.0,350.0,60.94,0.555956678700361,350.0,1,0.04173972602739726,0.0,0.0,0.625,0.6667397260273973
2025-07-25,Chicken Breast,Manual par-level baseline,197.0,240.0,0.0,437.0,163.0,163.0,0.0,0,274.0,410.0,493.2,0.24817518248175183,410.0,1,0.3378082191780822,0.0,0.0,0.625,0.9628082191780822
2025-07-25,Coffee Beans,Manual par-level baseline,63.0,72.0,0.0,135.0,48.0,48.0,0.0,0,87.0,150.0,182.70000000000002,0.3448275862068966,150.0,1,0.12513698630136988,0.0,0.0,0.625,0.7501369863013698
2025-07-25,Cooking Oil,Manual par-level baseline,67.0,52.0,0.0,119.0,40.0,40.0,0.0,0,79.0,100.0,126.4,0.6835443037974683,100.0,1,0.08657534246575344,0.0,0.0,0.625,0.7115753424657534
2025-07-25,Eggs,Manual par-level baseline,125.0,150.0,0.0,275.0,96.0,96.0,0.0,0,179.0,270.0,28.64,0.3240223463687151,270.0,1,0.019616438356164383,0.0,0.0,0.625,0.6446164383561643
2025-07-25,Fries (Potatoes),Manual par-level baseline,314.0,360.0,0.0,674.0,254.0,254.0,0.0,0,420.0,540.0,126.0,0.2857142857142857,540.0,1,0.08630136986301369,0.0,0.0,0.625,0.7113013698630137
2025-07-25,Gluten-free Buns,Manual par-level baseline,16.0,24.0,0.0,40.0,0.0,0.0,0.0,0,40.0,48.0,22.0,0.8,48.0,1,0.015068493150684932,0.0,0.0,0.625,0.6400684931506849
2025-07-25,Lettuce,Manual par-level baseline,188.0,180.0,0.0,368.0,137.0,137.0,0.0,0,231.0,324.0,138.6,0.44155844155844154,324.0,1,0.09493150684931506,0.0,0.0,0.625,0.7199315068493151
2025-07-25,Milk,Manual par-level baseline,135.0,192.0,0.0,327.0,110.0,110.0,0.0,0,217.0,312.0,162.75,0.2304147465437788,312.0,1,0.11147260273972602,0.0,0.0,0.625,0.736472602739726
2025-07-25,Mushrooms,Manual par-level baseline,47.0,140.0,0.0,187.0,68.0,68.0,0.0,0,119.0,160.0,65.45,0.0,160.0,1,0.04482876712328767,0.0,0.0,0.625,0.6698287671232876
2025-07-25,Onions,Manual par-level baseline,162.0,120.0,0.0,282.0,93.0,93.0,0.0,0,189.0,200.0,47.25,0.7301587301587301,200.0,1,0.032363013698630136,0.0,0.0,0.625,0.6573630136986301
2025-07-25,Salmon Fillet,Manual par-level baseline,82.0,96.0,0.0,178.0,57.0,57.0,0.0,0,121.0,138.0,387.20000000000005,0.4132231404958678,138.0,1,0.2652054794520548,0.0,0.0,0.625,0.8902054794520549
2025-07-25,Seasonal Berries,Manual par-level baseline,54.0,6.0,0.0,60.0,25.0,25.0,0.0,0,35.0,6.0,48.99999999999999,1.6571428571428573,6.0,1,0.03356164383561644,0.0,0.0,0.625,0.6585616438356164
2025-07-25,Soft Drinks,Manual par-level baseline,449.0,312.0,0.0,761.0,376.0,376.0,0.0,0,385.0,576.0,154.0,0.37922077922077924,576.0,1,0.10547945205479453,0.0,0.0,0.625,0.7304794520547946
2025-07-25,Tomatoes,Manual par-level baseline,243.0,180.0,0.0,423.0,160.0,160.0,0.0,0,263.0,324.0,118.35,0.6311787072243346,324.0,1,0.08106164383561644,0.0,0.0,0.625,0.7060616438356164
2025-07-25,Truffle Oil,Manual par-level baseline,16.0,0.0,0.0,16.0,0.0,0.0,0.0,0,16.0,2.0,136.0,2.0,2.0,1,0.09315068493150686,0.0,0.0,0.625,0.7181506849315069
2025-07-25,Vegan Cheese,Manual par-level baseline,23.0,0.0,0.0,23.0,0.0,0.0,0.0,0,23.0,24.0,14.950000000000001,2.0,24.0,1,0.010239726027397261,0.0,0.0,0.625,0.6352397260273973
2025-07-26,Bacon,Manual par-level baseline,104.0,0.0,0.0,104.0,81.0,81.0,0.0,0,23.0,240.0,25.3,1.0,0.0,0,0.017328767123287674,0.0,0.0,0.0,0.017328767123287674
2025-07-26,Burger Buns,Manual par-level baseline,400.0,0.0,64.0,336.0,221.0,221.0,0.0,0,115.0,528.0,20.7,1.0,0.0,0,0.014178082191780822,14.719999999999999,0.0,0.0,14.73417808219178
2025-07-26,Butter,Manual par-level baseline,98.0,0.0,0.0,98.0,60.0,60.0,0.0,0,38.0,144.0,36.1,1.0,0.0,0,0.024726027397260274,0.0,0.0,0.0,0.024726027397260274
2025-07-26,Cheese Slices,Manual par-level baseline,277.0,0.0,0.0,277.0,135.0,135.0,0.0,0,142.0,350.0,31.24,1.0,0.0,0,0.021397260273972603,0.0,0.0,0.0,0.021397260273972603
2025-07-26,Chicken Breast,Manual par-level baseline,274.0,0.0,0.0,274.0,167.0,167.0,0.0,0,107.0,410.0,192.6,1.0,0.0,0,0.1319178082191781,0.0,0.0,0.0,0.1319178082191781
2025-07-26,Coffee Beans,Manual par-level baseline,87.0,0.0,0.0,87.0,49.0,49.0,0.0,0,38.0,150.0,79.8,1.0,0.0,0,0.054657534246575344,0.0,0.0,0.0,0.054657534246575344
2025-07-26,Cooking Oil,Manual par-level baseline,79.0,0.0,0.0,79.0,38.0,38.0,0.0,0,41.0,100.0,65.60000000000001,1.0,0.0,0,0.04493150684931507,0.0,0.0,0.0,0.04493150684931507
2025-07-26,Eggs,Manual par-level baseline,179.0,0.0,0.0,179.0,110.0,110.0,0.0,0,69.0,270.0,11.040000000000001,1.0,0.0,0,0.007561643835616439,0.0,0.0,0.0,0.007561643835616439
2025-07-26,Fries (Potatoes),Manual par-level baseline,420.0,0.0,0.0,420.0,258.0,258.0,0.0,0,162.0,540.0,48.6,1.0,0.0,0,0.03328767123287671,0.0,0.0,0.0,0.03328767123287671
2025-07-26,Gluten-free Buns,Manual par-level baseline,40.0,0.0,16.0,24.0,16.0,16.0,0.0,0,8.0,48.0,4.4,1.0,0.0,0,0.0030136986301369864,9.600000000000001,0.0,0.0,9.603013698630138
2025-07-26,Lettuce,Manual par-level baseline,231.0,0.0,0.0,231.0,136.0,136.0,0.0,0,95.0,324.0,57.0,1.0,0.0,0,0.03904109589041096,0.0,0.0,0.0,0.03904109589041096
2025-07-26,Milk,Manual par-level baseline,217.0,0.0,0.0,217.0,112.0,112.0,0.0,0,105.0,312.0,78.75,1.0,0.0,0,0.053938356164383555,0.0,0.0,0.0,0.053938356164383555
2025-07-26,Mushrooms,Manual par-level baseline,119.0,0.0,0.0,119.0,60.0,60.0,0.0,0,59.0,160.0,32.45,1.0,0.0,0,0.022226027397260276,0.0,0.0,0.0,0.022226027397260276
2025-07-26,Onions,Manual par-level baseline,189.0,0.0,0.0,189.0,94.0,94.0,0.0,0,95.0,200.0,23.75,1.0,0.0,0,0.016267123287671232,0.0,0.0,0.0,0.016267123287671232
2025-07-26,Salmon Fillet,Manual par-level baseline,121.0,0.0,25.0,96.0,60.0,60.0,0.0,0,36.0,138.0,115.2,1.0,0.0,0,0.07890410958904111,81.25,0.0,0.0,81.32890410958905
2025-07-26,Seasonal Berries,Manual par-level baseline,35.0,0.0,29.0,6.0,27.0,6.0,21.0,1,0.0,6.0,0.0,0.0,0.0,0,0.0,42.05,58.8,0.0,100.85
2025-07-26,Soft Drinks,Manual par-level baseline,385.0,0.0,0.0,385.0,311.0,311.0,0.0,0,74.0,576.0,29.6,1.0,0.0,0,0.020273972602739727,0.0,0.0,0.0,0.020273972602739727
2025-07-26,Tomatoes,Manual par-level baseline,263.0,0.0,0.0,263.0,166.0,166.0,0.0,0,97.0,324.0,43.65,1.0,0.0,0,0.029897260273972603,0.0,0.0,0.0,0.029897260273972603
2025-07-26,Truffle Oil,Manual par-level baseline,16.0,0.0,0.0,16.0,11.0,11.0,0.0,0,5.0,2.0,42.5,3.0,0.0,0,0.029109589041095892,0.0,0.0,0.0,0.029109589041095892
2025-07-26,Vegan Cheese,Manual par-level baseline,23.0,0.0,0.0,23.0,13.0,13.0,0.0,0,10.0,24.0,6.5,3.0,0.0,0,0.004452054794520549,0.0,0.0,0.0,0.004452054794520549
2025-07-27,Bacon,Manual par-level baseline,23.0,240.0,0.0,263.0,84.0,84.0,0.0,0,179.0,0.0,196.9,0.0,0.0,0,0.13486301369863013,0.0,0.0,0.0,0.13486301369863013
2025-07-27,Burger Buns,Manual par-level baseline,115.0,528.0,0.0,643.0,220.0,220.0,0.0,0,423.0,0.0,76.14,0.0,0.0,0,0.05215068493150685,0.0,0.0,0.0,0.05215068493150685
2025-07-27,Butter,Manual par-level baseline,38.0,144.0,0.0,182.0,57.0,57.0,0.0,0,125.0,0.0,118.75,0.0,0.0,0,0.08133561643835617,0.0,0.0,0.0,0.08133561643835617
2025-07-27,Cheese Slices,Manual par-level baseline,142.0,350.0,0.0,492.0,195.0,195.0,0.0,0,297.0,0.0,65.34,0.0,0.0,0,0.04475342465753425,0.0,0.0,0.0,0.04475342465753425
2025-07-27,Chicken Breast,Manual par-level baseline,107.0,410.0,0.0,517.0,160.0,160.0,0.0,0,357.0,0.0,642.6,0.0,0.0,0,0.4401369863013698,0.0,0.0,0.0,0.4401369863013698
2025-07-27,Coffee Beans,Manual par-level baseline,38.0,150.0,0.0,188.0,55.0,55.0,0.0,0,133.0,0.0,279.3,0.0,0.0,0,0.19130136986301371,0.0,0.0,0.0,0.19130136986301371
2025-07-27,Cooking Oil,Manual par-level baseline,41.0,100.0,0.0,141.0,48.0,48.0,0.0,0,93.0,0.0,148.8,0.0,0.0,0,0.10191780821917809,0.0,0.0,0.0,0.10191780821917809
2025-07-27,Eggs,Manual par-level baseline,69.0,270.0,0.0,339.0,95.0,95.0,0.0,0,244.0,0.0,39.04,0.0,0.0,0,0.02673972602739726,0.0,0.0,0.0,0.02673972602739726
2025-07-27,Fries (Potatoes),Manual par-level baseline,162.0,540.0,0.0,702.0,227.0,227.0,0.0,0,475.0,0.0,142.5,0.0,0.0,0,0.09760273972602738,0.0,0.0,0.0,0.09760273972602738
2025-07-27,Gluten-free Buns,Manual par-level baseline,8.0,48.0,0.0,56.0,26.0,26.0,0.0,0,30.0,0.0,16.5,0.0,0.0,0,0.011301369863013699,0.0,0.0,0.0,0.011301369863013699
2025-07-27,Lettuce,Manual par-level baseline,95.0,324.0,0.0,419.0,124.0,124.0,0.0,0,295.0,0.0,177.0,0.0,0.0,0,0.12123287671232875,0.0,0.0,0.0,0.12123287671232875
2025-07-27,Milk,Manual par-level baseline,105.0,312.0,0.0,417.0,86.0,86.0,0.0,0,331.0,0.0,248.25,0.1148036253776435,0.0,0,0.17003424657534244,0.0,0.0,0.0,0.17003424657534244
2025-07-27,Mushrooms,Manual par-level baseline,59.0,160.0,0.0,219.0,55.0,55.0,0.0,0,164.0,0.0,90.2,0.04878048780487805,0.0,0,0.06178082191780822,0.0,0.0,0.0,0.06178082191780822
2025-07-27,Onions,Manual par-level baseline,95.0,200.0,0.0,295.0,83.0,83.0,0.0,0,212.0,0.0,53.0,0.11320754716981132,0.0,0,0.0363013698630137,0.0,0.0,0.0,0.0363013698630137
2025-07-27,Salmon Fillet,Manual par-level baseline,36.0,138.0,0.0,174.0,64.0,64.0,0.0,0,110.0,0.0,352.0,0.0,0.0,0,0.24109589041095894,0.0,0.0,0.0,0.24109589041095894
2025-07-27,Seasonal Berries,Manual par-level baseline,0.0,6.0,0.0,6.0,17.0,6.0,11.0,1,0.0,0.0,0.0,0.0,0.0,0,0.0,0.0,30.799999999999997,0.0,30.799999999999997
2025-07-27,Soft Drinks,Manual par-level baseline,74.0,576.0,0.0,650.0,235.0,235.0,0.0,0,415.0,0.0,166.0,0.0,0.0,0,0.11369863013698632,0.0,0.0,0.0,0.11369863013698632
2025-07-27,Tomatoes,Manual par-level baseline,97.0,324.0,0.0,421.0,151.0,151.0,0.0,0,270.0,0.0,121.5,0.0,0.0,0,0.08321917808219177,0.0,0.0,0.0,0.08321917808219177
2025-07-27,Truffle Oil,Manual par-level baseline,5.0,2.0,0.0,7.0,16.0,7.0,9.0,1,0.0,0.0,0.0,0.0,0.0,0,0.0,0.0,153.0,0.0,153.0
2025-07-27,Vegan Cheese,Manual par-level baseline,10.0,24.0,0.0,34.0,13.0,13.0,0.0,0,21.0,0.0,13.65,0.0,0.0,0,0.00934931506849315,0.0,0.0,0.0,0.00934931506849315
2025-07-28,Bacon,Manual par-level baseline,179.0,0.0,0.0,179.0,0.0,0.0,0.0,0,179.0,200.0,196.9,1.0,200.0,1,0.13486301369863013,0.0,0.0,0.625,0.7598630136986302
2025-07-28,Burger Buns,Manual par-level baseline,423.0,0.0,0.0,423.0,146.0,146.0,0.0,0,277.0,432.0,49.86,1.0,432.0,1,0.03415068493150685,0.0,0.0,0.625,0.6591506849315069
2025-07-28,Butter,Manual par-level baseline,125.0,0.0,0.0,125.0,36.0,36.0,0.0,0,89.0,120.0,84.55,1.0,120.0,1,0.05791095890410959,0.0,0.0,0.625,0.6829109589041096
2025-07-28,Cheese Slices,Manual par-level baseline,297.0,0.0,0.0,297.0,86.0,86.0,0.0,0,211.0,300.0,46.42,1.0,300.0,1,0.03179452054794521,0.0,0.0,0.625,0.6567945205479452
2025-07-28,Chicken Breast,Manual par-level baseline,357.0,0.0,0.0,357.0,99.0,99.0,0.0,0,258.0,290.0,464.40000000000003,1.0,290.0,1,0.3180821917808219,0.0,0.0,0.625,0.9430821917808219
2025-07-28,Coffee Beans,Manual par-level baseline,133.0,0.0,0.0,133.0,55.0,55.0,0.0,0,78.0,90.0,163.8,1.0,90.0,1,0.11219178082191782,0.0,0.0,0.625,0.7371917808219178
2025-07-28,Cooking Oil,Manual par-level baseline,93.0,0.0,0.0,93.0,33.0,33.0,0.0,0,60.0,80.0,96.0,1.0,80.0,1,0.06575342465753425,0.0,0.0,0.625,0.6907534246575342
2025-07-28,Eggs,Manual par-level baseline,244.0,0.0,0.0,244.0,69.0,69.0,0.0,0,175.0,180.0,28.0,1.0,180.0,1,0.019178082191780823,0.0,0.0,0.625,0.6441780821917809
2025-07-28,Fries (Potatoes),Manual par-level baseline,475.0,0.0,0.0,475.0,153.0,153.0,0.0,0,322.0,500.0,96.6,1.0,500.0,1,0.06616438356164384,0.0,0.0,0.625,0.6911643835616439
2025-07-28,Gluten-free Buns,Manual par-level baseline,30.0,0.0,0.0,30.0,14.0,14.0,0.0,0,16.0,48.0,8.8,1.0,48.0,1,0.006027397260273973,0.0,0.0,0.625,0.631027397260274
2025-07-28,Lettuce,Manual par-level baseline,295.0,0.0,0.0,295.0,82.0,82.0,0.0,0,213.0,240.0,127.8,1.0,240.0,1,0.08753424657534246,0.0,0.0,0.625,0.7125342465753425
2025-07-28,Milk,Manual par-level baseline,331.0,0.0,0.0,331.0,80.0,80.0,0.0,0,251.0,168.0,188.25,1.0,168.0,1,0.12893835616438354,0.0,0.0,0.625,0.7539383561643835
2025-07-28,Mushrooms,Manual par-level baseline,164.0,0.0,0.0,164.0,41.0,41.0,0.0,0,123.0,110.0,67.65,1.0,110.0,1,0.04633561643835617,0.0,0.0,0.625,0.6713356164383562
2025-07-28,Onions,Manual par-level baseline,212.0,0.0,0.0,212.0,68.0,68.0,0.0,0,144.0,180.0,36.0,1.0,180.0,1,0.024657534246575342,0.0,0.0,0.625,0.6496575342465754
2025-07-28,Salmon Fillet,Manual par-level baseline,110.0,0.0,0.0,110.0,39.0,39.0,0.0,0,71.0,138.0,227.20000000000002,1.0,138.0,1,0.1556164383561644,0.0,0.0,0.625,0.7806164383561645
2025-07-28,Seasonal Berries,Manual par-level baseline,0.0,0.0,0.0,0.0,0.0,0.0,0.0,0,0.0,60.0,0.0,0.0,60.0,1,0.0,0.0,0.0,0.625,0.625
2025-07-28,Soft Drinks,Manual par-level baseline,415.0,0.0,0.0,415.0,171.0,171.0,0.0,0,244.0,672.0,97.60000000000001,1.0,672.0,1,0.06684931506849316,0.0,0.0,0.625,0.6918493150684931
2025-07-28,Tomatoes,Manual par-level baseline,270.0,0.0,0.0,270.0,104.0,104.0,0.0,0,166.0,324.0,74.7,1.0,324.0,1,0.051164383561643836,0.0,0.0,0.625,0.6761643835616439
2025-07-28,Truffle Oil,Manual par-level baseline,0.0,0.0,0.0,0.0,0.0,0.0,0.0,0,0.0,20.0,0.0,0.0,20.0,1,0.0,0.0,0.0,0.625,0.625
2025-07-28,Vegan Cheese,Manual par-level baseline,21.0,0.0,0.0,21.0,0.0,0.0,0.0,0,21.0,12.0,13.65,1.0,12.0,1,0.00934931506849315,0.0,0.0,0.625,0.6343493150684931
2025-07-29,Bacon,Manual par-level baseline,179.0,0.0,0.0,179.0,55.0,55.0,0.0,0,124.0,200.0,136.4,2.0,0.0,0,0.09342465753424659,0.0,0.0,0.0,0.09342465753424659
2025-07-29,Burger Buns,Manual par-level baseline,277.0,0.0,0.0,277.0,130.0,130.0,0.0,0,147.0,432.0,26.459999999999997,2.0,0.0,0,0.018123287671232877,0.0,0.0,0.0,0.018123287671232877
2025-07-29,Butter,Manual par-level baseline,89.0,0.0,0.0,89.0,44.0,44.0,0.0,0,45.0,120.0,42.75,2.0,0.0,0,0.02928082191780822,0.0,0.0,0.0,0.02928082191780822
2025-07-29,Cheese Slices,Manual par-level baseline,211.0,0.0,0.0,211.0,82.0,82.0,0.0,0,129.0,300.0,28.38,2.0,0.0,0,0.019438356164383563,0.0,0.0,0.0,0.019438356164383563
2025-07-29,Chicken Breast,Manual par-level baseline,258.0,0.0,0.0,258.0,103.0,103.0,0.0,0,155.0,290.0,279.0,2.0,0.0,0,0.1910958904109589,0.0,0.0,0.0,0.1910958904109589
2025-07-29,Coffee Beans,Manual par-level baseline,78.0,0.0,0.0,78.0,40.0,40.0,0.0,0,38.0,90.0,79.8,2.0,0.0,0,0.054657534246575344,0.0,0.0,0.0,0.054657534246575344
2025-07-29,Cooking Oil,Manual par-level baseline,60.0,0.0,0.0,60.0,28.0,28.0,0.0,0,32.0,80.0,51.2,2.0,0.0,0,0.035068493150684936,0.0,0.0,0.0,0.035068493150684936
2025-07-29,Eggs,Manual par-level baseline,175.0,0.0,0.0,175.0,51.0,51.0,0.0,0,124.0,180.0,19.84,2.0,0.0,0,0.013589041095890412,0.0,0.0,0.0,0.013589041095890412
2025-07-29,Fries (Potatoes),Manual par-level baseline,322.0,0.0,0.0,322.0,139.0,139.0,0.0,0,183.0,500.0,54.9,2.0,0.0,0,0.037602739726027394,0.0,0.0,0.0,0.037602739726027394
2025-07-29,Gluten-free Buns,Manual par-level baseline,16.0,0.0,0.0,16.0,13.0,13.0,0.0,0,3.0,48.0,1.6500000000000001,2.0,0.0,0,0.00113013698630137,0.0,0.0,0.0,0.00113013698630137
2025-07-29,Lettuce,Manual par-level baseline,213.0,0.0,0.0,213.0,104.0,104.0,0.0,0,109.0,240.0,65.39999999999999,2.0,0.0,0,0.0447945205479452,0.0,0.0,0.0,0.0447945205479452
2025-07-29,Milk,Manual par-level baseline,251.0,0.0,0.0,251.0,82.0,82.0,0.0,0,169.0,168.0,126.75,2.0,0.0,0,0.08681506849315068,0.0,0.0,0.0,0.08681506849315068
2025-07-29,Mushrooms,Manual par-level baseline,123.0,0.0,0.0,123.0,34.0,34.0,0.0,0,89.0,110.0,48.95,2.0,0.0,0,0.033527397260273976,0.0,0.0,0.0,0.033527397260273976
2025-07-29,Onions,Manual par-level baseline,144.0,0.0,0.0,144.0,79.0,79.0,0.0,0,65.0,180.0,16.25,2.0,0.0,0,0.01113013698630137,0.0,0.0,0.0,0.01113013698630137
2025-07-29,Salmon Fillet,Manual par-level baseline,71.0,0.0,0.0,71.0,0.0,0.0,0.0,0,71.0,138.0,227.20000000000002,2.0,0.0,0,0.1556164383561644,0.0,0.0,0.0,0.1556164383561644
2025-07-29,Seasonal Berries,Manual par-level baseline,0.0,0.0,0.0,0.0,0.0,0.0,0.0,0,0.0,60.0,0.0,0.0,0.0,0,0.0,0.0,0.0,0.0,0.0
2025-07-29,Soft Drinks,Manual par-level baseline,244.0,0.0,0.0,244.0,130.0,130.0,0.0,0,114.0,672.0,45.6,2.0,0.0,0,0.031232876712328772,0.0,0.0,0.0,0.031232876712328772
2025-07-29,Tomatoes,Manual par-level baseline,166.0,0.0,0.0,166.0,84.0,84.0,0.0,0,82.0,324.0,36.9,2.0,0.0,0,0.025273972602739725,0.0,0.0,0.0,0.025273972602739725
2025-07-29,Truffle Oil,Manual par-level baseline,0.0,0.0,0.0,0.0,0.0,0.0,0.0,0,0.0,20.0,0.0,0.0,0.0,0,0.0,0.0,0.0,0.0,0.0
2025-07-29,Vegan Cheese,Manual par-level baseline,21.0,0.0,0.0,21.0,10.0,10.0,0.0,0,11.0,12.0,7.15,2.0,0.0,0,0.004897260273972603,0.0,0.0,0.0,0.004897260273972603
2025-07-30,Bacon,Manual par-level baseline,124.0,200.0,0.0,324.0,50.0,50.0,0.0,0,274.0,40.0,301.40000000000003,0.8102189781021898,40.0,1,0.20643835616438358,0.0,0.0,0.6944444444444444,0.900882800608828
2025-07-30,Burger Buns,Manual par-level baseline,147.0,432.0,147.0,432.0,151.0,151.0,0.0,0,281.0,432.0,50.58,0.0,432.0,1,0.034643835616438357,33.809999999999995,0.0,0.6944444444444444,34.539088280060874
2025-07-30,Butter,Manual par-level baseline,45.0,120.0,0.0,165.0,54.0,54.0,0.0,0,111.0,84.0,105.44999999999999,0.0,84.0,1,0.07222602739726028,0.0,0.0,0.6944444444444444,0.7666704718417047
2025-07-30,Cheese Slices,Manual par-level baseline,129.0,300.0,0.0,429.0,104.0,104.0,0.0,0,325.0,150.0,71.5,0.23076923076923078,150.0,1,0.048972602739726034,0.0,0.0,0.6944444444444444,0.7434170471841705
2025-07-30,Chicken Breast,Manual par-level baseline,155.0,290.0,0.0,445.0,122.0,122.0,0.0,0,323.0,200.0,581.4,0.3065015479876161,200.0,1,0.39821917808219176,0.0,0.0,0.6944444444444444,1.0926636225266362
2025-07-30,Coffee Beans,Manual par-level baseline,38.0,90.0,0.0,128.0,47.0,47.0,0.0,0,81.0,96.0,170.1,0.0,96.0,1,0.1165068493150685,0.0,0.0,0.6944444444444444,0.8109512937595129
2025-07-30,Cooking Oil,Manual par-level baseline,32.0,80.0,0.0,112.0,35.0,35.0,0.0,0,77.0,60.0,123.2,0.0,60.0,1,0.08438356164383563,0.0,0.0,0.6944444444444444,0.7788280060882801
2025-07-30,Eggs,Manual par-level baseline,124.0,180.0,0.0,304.0,78.0,78.0,0.0,0,226.0,120.0,36.160000000000004,0.6106194690265486,120.0,1,0.024767123287671233,0.0,0.0,0.6944444444444444,0.7192115677321157
2025-07-30,Fries (Potatoes),Manual par-level baseline,183.0,500.0,0.0,683.0,184.0,184.0,0.0,0,499.0,280.0,149.7,0.0,280.0,1,0.10253424657534246,0.0,0.0,0.6944444444444444,0.7969786910197869
2025-07-30,Gluten-free Buns,Manual par-level baseline,3.0,48.0,3.0,48.0,10.0,10.0,0.0,0,38.0,24.0,20.900000000000002,0.0,24.0,1,0.014315068493150685,1.8000000000000003,0.0,0.6944444444444444,2.5087595129375955
2025-07-30,Lettuce,Manual par-level baseline,109.0,240.0,0.0,349.0,125.0,125.0,0.0,0,224.0,192.0,134.4,0.0,192.0,1,0.09205479452054793,0.0,0.0,0.6944444444444444,0.7864992389649923
2025-07-30,Milk,Manual par-level baseline,169.0,168.0,0.0,337.0,89.0,89.0,0.0,0,248.0,168.0,186.0,0.967741935483871,168.0,1,0.12739726027397258,0.0,0.0,0.6944444444444444,0.821841704718417
2025-07-30,Mushrooms,Manual par-level baseline,89.0,110.0,0.0,199.0,48.0,48.0,0.0,0,151.0,70.0,83.05000000000001,0.8145695364238411,70.0,1,0.056883561643835616,0.0,0.0,0.6944444444444444,0.75132800608828
2025-07-30,Onions,Manual par-level baseline,65.0,180.0,0.0,245.0,88.0,88.0,0.0,0,157.0,140.0,39.25,0.0,140.0,1,0.026883561643835617,0.0,0.0,0.6944444444444444,0.7213280060882801
2025-07-30,Salmon Fillet,Manual par-level baseline,71.0,138.0,71.0,138.0,39.0,39.0,0.0,0,99.0,102.0,316.8,0.0,102.0,1,0.21698630136986305,230.75000000000003,0.0,0.6944444444444444,231.66143074581436
2025-07-30,Seasonal Berries,Manual par-level baseline,0.0,60.0,0.0,60.0,11.0,11.0,0.0,0,49.0,0.0,68.6,0.0,0.0,1,0.046986301369863016,0.0,0.0,0.0,0.046986301369863016
2025-07-30,Soft Drinks,Manual par-level baseline,114.0,672.0,0.0,786.0,204.0,204.0,0.0,0,582.0,288.0,232.8,0.0,288.0,1,0.15945205479452057,0.0,0.0,0.6944444444444444,0.853896499238965
2025-07-30,Tomatoes,Manual par-level baseline,82.0,324.0,0.0,406.0,124.0,124.0,0.0,0,282.0,192.0,126.9,0.0,192.0,1,0.08691780821917808,0.0,0.0,0.6944444444444444,0.7813622526636225
2025-07-30,Truffle Oil,Manual par-level baseline,0.0,20.0,0.0,20.0,4.0,4.0,0.0,0,16.0,0.0,136.0,0.0,0.0,1,0.09315068493150686,0.0,0.0,0.0,0.09315068493150686
2025-07-30,Vegan Cheese,Manual par-level baseline,11.0,12.0,0.0,23.0,14.0,14.0,0.0,0,9.0,12.0,5.8500000000000005,0.0,12.0,1,0.004006849315068494,0.0,0.0,0.6944444444444444,0.6984512937595129
2025-07-31,Bacon,Manual par-level baseline,274.0,0.0,0.0,274.0,70.0,70.0,0.0,0,204.0,40.0,224.40000000000003,1.0588235294117647,0.0,0,0.15369863013698631,0.0,0.0,0.0,0.15369863013698631
2025-07-31,Burger Buns,Manual par-level baseline,281.0,0.0,0.0,281.0,131.0,131.0,0.0,0,150.0,432.0,27.0,1.0,0.0,0,0.018493150684931507,0.0,0.0,0.0,0.018493150684931507
2025-07-31,Butter,Manual par-level baseline,111.0,0.0,0.0,111.0,50.0,50.0,0.0,0,61.0,84.0,57.949999999999996,1.0,0.0,0,0.03969178082191781,0.0,0.0,0.0,0.03969178082191781
2025-07-31,Cheese Slices,Manual par-level baseline,325.0,0.0,0.0,325.0,105.0,105.0,0.0,0,220.0,150.0,48.4,1.0,0.0,0,0.03315068493150685,0.0,0.0,0.0,0.03315068493150685
2025-07-31,Chicken Breast,Manual par-level baseline,323.0,0.0,33.0,290.0,103.0,103.0,0.0,0,187.0,200.0,336.6,1.0,0.0,0,0.23054794520547944,61.05,0.0,0.0,61.28054794520548
2025-07-31,Coffee Beans,Manual par-level baseline,81.0,0.0,0.0,81.0,44.0,44.0,0.0,0,37.0,96.0,77.7,1.0,0.0,0,0.05321917808219178,0.0,0.0,0.0,0.05321917808219178
2025-07-31,Cooking Oil,Manual par-level baseline,77.0,0.0,0.0,77.0,54.0,54.0,0.0,0,23.0,60.0,36.800000000000004,1.0,0.0,0,0.0252054794520548,0.0,0.0,0.0,0.0252054794520548
2025-07-31,Eggs,Manual par-level baseline,226.0,0.0,0.0,226.0,76.0,76.0,0.0,0,150.0,120.0,24.0,1.0,0.0,0,0.016438356164383564,0.0,0.0,0.0,0.016438356164383564
2025-07-31,Fries (Potatoes),Manual par-level baseline,499.0,0.0,0.0,499.0,177.0,177.0,0.0,0,322.0,280.0,96.6,1.0,0.0,0,0.06616438356164384,0.0,0.0,0.0,0.06616438356164384
2025-07-31,Gluten-free Buns,Manual par-level baseline,38.0,0.0,0.0,38.0,20.0,20.0,0.0,0,18.0,24.0,9.9,1.0,0.0,0,0.006780821917808219,0.0,0.0,0.0,0.006780821917808219
2025-07-31,Lettuce,Manual par-level baseline,224.0,0.0,0.0,224.0,128.0,128.0,0.0,0,96.0,192.0,57.599999999999994,1.0,0.0,0,0.03945205479452055,0.0,0.0,0.0,0.03945205479452055
2025-07-31,Milk,Manual par-level baseline,248.0,0.0,0.0,248.0,82.0,82.0,0.0,0,166.0,168.0,124.5,1.0,0.0,0,0.08527397260273972,0.0,0.0,0.0,0.08527397260273972
2025-07-31,Mushrooms,Manual par-level baseline,151.0,0.0,0.0,151.0,48.0,48.0,0.0,0,103.0,70.0,56.650000000000006,1.0,0.0,0,0.0388013698630137,0.0,0.0,0.0,0.0388013698630137
2025-07-31,Onions,Manual par-level baseline,157.0,0.0,0.0,157.0,67.0,67.0,0.0,0,90.0,140.0,22.5,1.0,0.0,0,0.01541095890410959,0.0,0.0,0.0,0.01541095890410959
2025-07-31,Salmon Fillet,Manual par-level baseline,99.0,0.0,0.0,99.0,39.0,39.0,0.0,0,60.0,102.0,192.0,1.0,0.0,0,0.1315068493150685,0.0,0.0,0.0,0.1315068493150685
2025-07-31,Seasonal Berries,Manual par-level baseline,49.0,0.0,0.0,49.0,0.0,0.0,0.0,0,49.0,0.0,68.6,1.0,0.0,0,0.046986301369863016,0.0,0.0,0.0,0.046986301369863016
2025-07-31,Soft Drinks,Manual par-level baseline,582.0,0.0,0.0,582.0,203.0,203.0,0.0,0,379.0,288.0,151.6,1.0,0.0,0,0.10383561643835618,0.0,0.0,0.0,0.10383561643835618
2025-07-31,Tomatoes,Manual par-level baseline,282.0,0.0,0.0,282.0,96.0,96.0,0.0,0,186.0,192.0,83.7,1.0,0.0,0,0.05732876712328767,0.0,0.0,0.0,0.05732876712328767
2025-07-31,Truffle Oil,Manual par-level baseline,16.0,0.0,0.0,16.0,8.0,8.0,0.0,0,8.0,0.0,68.0,1.0,0.0,0,0.04657534246575343,0.0,0.0,0.0,0.04657534246575343
2025-07-31,Vegan Cheese,Manual par-level baseline,9.0,0.0,0.0,9.0,5.0,5.0,0.0,0,4.0,12.0,2.6,1.0,0.0,0,0.0017808219178082193,0.0,0.0,0.0,0.0017808219178082193
2025-08-01,Bacon,Manual par-level baseline,204.0,40.0,0.0,244.0,90.0,90.0,0.0,0,154.0,210.0,169.4,1.4805194805194806,210.0,1,0.11602739726027397,0.0,0.0,0.625,0.741027397260274
2025-08-01,Burger Buns,Manual par-level baseline,150.0,432.0,0.0,582.0,226.0,226.0,0.0,0,356.0,480.0,64.08,0.0,480.0,1,0.04389041095890411,0.0,0.0,0.625,0.6688904109589041
2025-08-01,Butter,Manual par-level baseline,61.0,84.0,0.0,145.0,62.0,62.0,0.0,0,83.0,168.0,78.85,0.0,168.0,1,0.054006849315068495,0.0,0.0,0.625,0.6790068493150685
2025-08-01,Cheese Slices,Manual par-level baseline,220.0,150.0,0.0,370.0,147.0,147.0,0.0,0,223.0,400.0,49.06,0.6547085201793722,400.0,1,0.0336027397260274,0.0,0.0,0.625,0.6586027397260275
2025-08-01,Chicken Breast,Manual par-level baseline,187.0,200.0,0.0,387.0,173.0,173.0,0.0,0,214.0,420.0,385.2,0.1308411214953271,420.0,1,0.2638356164383562,0.0,0.0,0.625,0.8888356164383562
2025-08-01,Coffee Beans,Manual par-level baseline,37.0,96.0,0.0,133.0,39.0,39.0,0.0,0,94.0,150.0,197.4,0.0,150.0,1,0.1352054794520548,0.0,0.0,0.625,0.7602054794520547
2025-08-01,Cooking Oil,Manual par-level baseline,23.0,60.0,0.0,83.0,49.0,49.0,0.0,0,34.0,136.0,54.400000000000006,0.0,136.0,1,0.037260273972602745,0.0,0.0,0.625,0.6622602739726028
2025-08-01,Eggs,Manual par-level baseline,150.0,120.0,0.0,270.0,98.0,98.0,0.0,0,172.0,270.0,27.52,0.6046511627906976,270.0,1,0.01884931506849315,0.0,0.0,0.625,0.6438493150684932
2025-08-01,Fries (Potatoes),Manual par-level baseline,322.0,280.0,0.0,602.0,248.0,248.0,0.0,0,354.0,600.0,106.2,0.4180790960451977,600.0,1,0.07273972602739726,0.0,0.0,0.625,0.6977397260273972
2025-08-01,Gluten-free Buns,Manual par-level baseline,18.0,24.0,0.0,42.0,0.0,0.0,0.0,0,42.0,48.0,23.1,0.8571428571428571,48.0,1,0.015821917808219177,0.0,0.0,0.625,0.6408219178082192
2025-08-01,Lettuce,Manual par-level baseline,96.0,192.0,0.0,288.0,129.0,129.0,0.0,0,159.0,396.0,95.39999999999999,0.0,396.0,1,0.06534246575342466,0.0,0.0,0.625,0.6903424657534246
2025-08-01,Milk,Manual par-level baseline,166.0,168.0,0.0,334.0,107.0,107.0,0.0,0,227.0,288.0,170.25,0.5198237885462555,288.0,1,0.11660958904109588,0.0,0.0,0.625,0.7416095890410959
2025-08-01,Mushrooms,Manual par-level baseline,103.0,70.0,0.0,173.0,64.0,64.0,0.0,0,109.0,170.0,59.95,0.7155963302752294,170.0,1,0.04106164383561644,0.0,0.0,0.625,0.6660616438356164
2025-08-01,Onions,Manual par-level baseline,90.0,140.0,0.0,230.0,84.0,84.0,0.0,0,146.0,260.0,36.5,0.0821917808219178,260.0,1,0.025,0.0,0.0,0.625,0.65
2025-08-01,Salmon Fillet,Manual par-level baseline,60.0,102.0,0.0,162.0,0.0,0.0,0.0,0,162.0,138.0,518.4000000000001,0.7407407407407407,138.0,1,0.35506849315068495,0.0,0.0,0.625,0.9800684931506849
2025-08-01,Seasonal Berries,Manual par-level baseline,49.0,0.0,0.0,49.0,0.0,0.0,0.0,0,49.0,24.0,68.6,2.0,24.0,1,0.046986301369863016,0.0,0.0,0.625,0.671986301369863
2025-08-01,Soft Drinks,Manual par-level baseline,379.0,288.0,0.0,667.0,302.0,302.0,0.0,0,365.0,672.0,146.0,0.42191780821917807,672.0,1,0.10000000000000002,0.0,0.0,0.625,0.725
2025-08-01,Tomatoes,Manual par-level baseline,186.0,192.0,0.0,378.0,142.0,142.0,0.0,0,236.0,372.0,106.2,0.3728813559322034,372.0,1,0.07273972602739726,0.0,0.0,0.625,0.6977397260273972
2025-08-01,Truffle Oil,Manual par-level baseline,8.0,0.0,0.0,8.0,0.0,0.0,0.0,0,8.0,16.0,68.0,2.0,16.0,1,0.04657534246575343,0.0,0.0,0.625,0.6715753424657535
2025-08-01,Vegan Cheese,Manual par-level baseline,4.0,12.0,0.0,16.0,16.0,16.0,0.0,0,0.0,24.0,0.0,0.0,24.0,1,0.0,0.0,0.0,0.625,0.625
2025-08-02,Bacon,Manual par-level baseline,154.0,0.0,0.0,154.0,68.0,68.0,0.0,0,86.0,210.0,94.6,2.0697674418604652,0.0,0,0.06479452054794521,0.0,0.0,0.0,0.06479452054794521
2025-08-02,Burger Buns,Manual par-level baseline,356.0,0.0,0.0,356.0,214.0,214.0,0.0,0,142.0,480.0,25.56,1.0,0.0,0,0.017506849315068494,0.0,0.0,0.0,0.017506849315068494
2025-08-02,Butter,Manual par-level baseline,83.0,0.0,0.0,83.0,51.0,51.0,0.0,0,32.0,168.0,30.4,1.0,0.0,0,0.020821917808219178,0.0,0.0,0.0,0.020821917808219178
2025-08-02,Cheese Slices,Manual par-level baseline,223.0,0.0,0.0,223.0,147.0,147.0,0.0,0,76.0,400.0,16.72,1.0,0.0,0,0.011452054794520548,0.0,0.0,0.0,0.011452054794520548
2025-08-02,Chicken Breast,Manual par-level baseline,214.0,0.0,0.0,214.0,158.0,158.0,0.0,0,56.0,420.0,100.8,1.0,0.0,0,0.06904109589041096,0.0,0.0,0.0,0.06904109589041096
2025-08-02,Coffee Beans,Manual par-level baseline,94.0,0.0,0.0,94.0,50.0,50.0,0.0,0,44.0,150.0,92.4,1.0,0.0,0,0.06328767123287671,0.0,0.0,0.0,0.06328767123287671
2025-08-02,Cooking Oil,Manual par-level baseline,34.0,0.0,0.0,34.0,42.0,34.0,8.0,1,0.0,136.0,0.0,0.0,0.0,0,0.0,0.0,25.6,0.0,25.6
2025-08-02,Eggs,Manual par-level baseline,172.0,0.0,0.0,172.0,120.0,120.0,0.0,0,52.0,270.0,8.32,1.0,0.0,0,0.005698630136986301,0.0,0.0,0.0,0.005698630136986301
2025-08-02,Fries (Potatoes),Manual par-level baseline,354.0,0.0,0.0,354.0,261.0,261.0,0.0,0,93.0,600.0,27.9,1.0,0.0,0,0.01910958904109589,0.0,0.0,0.0,0.01910958904109589
2025-08-02,Gluten-free Buns,Manual par-level baseline,42.0,0.0,18.0,24.0,33.0,24.0,9.0,1,0.0,48.0,0.0,0.0,0.0,0,0.0,10.8,9.9,0.0,20.700000000000003
2025-08-02,Lettuce,Manual par-level baseline,159.0,0.0,0.0,159.0,137.0,137.0,0.0,0,22.0,396.0,13.2,1.0,0.0,0,0.009041095890410958,0.0,0.0,0.0,0.009041095890410958
2025-08-02,Milk,Manual par-level baseline,227.0,0.0,0.0,227.0,128.0,128.0,0.0,0,99.0,288.0,74.25,1.0,0.0,0,0.050856164383561636,0.0,0.0,0.0,0.050856164383561636
2025-08-02,Mushrooms,Manual par-level baseline,109.0,0.0,0.0,109.0,0.0,0.0,0.0,0,109.0,170.0,59.95,1.7155963302752293,0.0,0,0.04106164383561644,0.0,0.0,0.0,0.04106164383561644
2025-08-02,Onions,Manual par-level baseline,146.0,0.0,0.0,146.0,82.0,82.0,0.0,0,64.0,260.0,16.0,1.0,0.0,0,0.010958904109589041,0.0,0.0,0.0,0.010958904109589041
2025-08-02,Salmon Fillet,Manual par-level baseline,162.0,0.0,60.0,102.0,66.0,66.0,0.0,0,36.0,138.0,115.2,1.0,0.0,0,0.07890410958904111,195.0,0.0,0.0,195.07890410958905
2025-08-02,Seasonal Berries,Manual par-level baseline,49.0,0.0,49.0,0.0,14.0,0.0,14.0,1,0.0,24.0,0.0,0.0,0.0,0,0.0,71.05,39.199999999999996,0.0,110.25
2025-08-02,Soft Drinks,Manual par-level baseline,365.0,0.0,0.0,365.0,317.0,317.0,0.0,0,48.0,672.0,19.200000000000003,1.0,0.0,0,0.01315068493150685,0.0,0.0,0.0,0.01315068493150685
2025-08-02,Tomatoes,Manual par-level baseline,236.0,0.0,0.0,236.0,135.0,135.0,0.0,0,101.0,372.0,45.45,1.0,0.0,0,0.03113013698630137,0.0,0.0,0.0,0.03113013698630137
2025-08-02,Truffle Oil,Manual par-level baseline,8.0,0.0,0.0,8.0,0.0,0.0,0.0,0,8.0,16.0,68.0,3.0,0.0,0,0.04657534246575343,0.0,0.0,0.0,0.04657534246575343
2025-08-02,Vegan Cheese,Manual par-level baseline,0.0,0.0,0.0,0.0,17.0,0.0,17.0,1,0.0,24.0,0.0,0.0,0.0,0,0.0,0.0,22.1,0.0,22.1
2025-08-03,Bacon,Manual par-level baseline,86.0,210.0,0.0,296.0,102.0,102.0,0.0,0,194.0,0.0,213.4,0.0,0.0,0,0.14616438356164385,0.0,0.0,0.0,0.14616438356164385
2025-08-03,Burger Buns,Manual par-level baseline,142.0,480.0,0.0,622.0,225.0,225.0,0.0,0,397.0,0.0,71.46,0.0,0.0,0,0.04894520547945205,0.0,0.0,0.0,0.04894520547945205
2025-08-03,Butter,Manual par-level baseline,32.0,168.0,0.0,200.0,63.0,63.0,0.0,0,137.0,0.0,130.15,0.0,0.0,0,0.08914383561643835,0.0,0.0,0.0,0.08914383561643835
2025-08-03,Cheese Slices,Manual par-level baseline,76.0,400.0,0.0,476.0,117.0,117.0,0.0,0,359.0,0.0,78.98,0.0,0.0,0,0.054095890410958906,0.0,0.0,0.0,0.054095890410958906
2025-08-03,Chicken Breast,Manual par-level baseline,56.0,420.0,0.0,476.0,171.0,171.0,0.0,0,305.0,0.0,549.0,0.0,0.0,0,0.37602739726027395,0.0,0.0,0.0,0.37602739726027395
2025-08-03,Coffee Beans,Manual par-level baseline,44.0,150.0,0.0,194.0,50.0,50.0,0.0,0,144.0,0.0,302.40000000000003,0.0,0.0,0,0.2071232876712329,0.0,0.0,0.0,0.2071232876712329
2025-08-03,Cooking Oil,Manual par-level baseline,0.0,136.0,0.0,136.0,57.0,57.0,0.0,0,79.0,0.0,126.4,0.0,0.0,0,0.08657534246575344,0.0,0.0,0.0,0.08657534246575344
2025-08-03,Eggs,Manual par-level baseline,52.0,270.0,0.0,322.0,131.0,131.0,0.0,0,191.0,0.0,30.560000000000002,0.0,0.0,0,0.02093150684931507,0.0,0.0,0.0,0.02093150684931507
2025-08-03,Fries (Potatoes),Manual par-level baseline,93.0,600.0,0.0,693.0,222.0,222.0,0.0,0,471.0,0.0,141.29999999999998,0.0,0.0,0,0.09678082191780821,0.0,0.0,0.0,0.09678082191780821
2025-08-03,Gluten-free Buns,Manual par-level baseline,0.0,48.0,0.0,48.0,16.0,16.0,0.0,0,32.0,0.0,17.6,0.0,0.0,0,0.012054794520547946,0.0,0.0,0.0,0.012054794520547946
2025-08-03,Lettuce,Manual par-level baseline,22.0,396.0,0.0,418.0,135.0,135.0,0.0,0,283.0,0.0,169.79999999999998,0.0,0.0,0,0.11630136986301369,0.0,0.0,0.0,0.11630136986301369
2025-08-03,Milk,Manual par-level baseline,99.0,288.0,0.0,387.0,123.0,123.0,0.0,0,264.0,0.0,198.0,0.0,0.0,0,0.13561643835616438,0.0,0.0,0.0,0.13561643835616438
2025-08-03,Mushrooms,Manual par-level baseline,109.0,170.0,0.0,279.0,59.0,59.0,0.0,0,220.0,0.0,121.00000000000001,0.45454545454545453,0.0,0,0.08287671232876713,0.0,0.0,0.0,0.08287671232876713
2025-08-03,Onions,Manual par-level baseline,64.0,260.0,0.0,324.0,128.0,128.0,0.0,0,196.0,0.0,49.0,0.0,0.0,0,0.03356164383561644,0.0,0.0,0.0,0.03356164383561644
2025-08-03,Salmon Fillet,Manual par-level baseline,36.0,138.0,0.0,174.0,57.0,57.0,0.0,0,117.0,0.0,374.40000000000003,0.0,0.0,0,0.2564383561643836,0.0,0.0,0.0,0.2564383561643836
2025-08-03,Seasonal Berries,Manual par-level baseline,0.0,24.0,0.0,24.0,0.0,0.0,0.0,0,24.0,0.0,33.599999999999994,0.0,0.0,0,0.023013698630136987,0.0,0.0,0.0,0.023013698630136987
2025-08-03,Soft Drinks,Manual par-level baseline,48.0,672.0,0.0,720.0,207.0,207.0,0.0,0,513.0,0.0,205.20000000000002,0.0,0.0,0,0.14054794520547947,0.0,0.0,0.0,0.14054794520547947
2025-08-03,Tomatoes,Manual par-level baseline,101.0,372.0,0.0,473.0,119.0,119.0,0.0,0,354.0,0.0,159.3,0.0,0.0,0,0.10910958904109588,0.0,0.0,0.0,0.10910958904109588
2025-08-03,Truffle Oil,Manual par-level baseline,8.0,16.0,0.0,24.0,19.0,19.0,0.0,0,5.0,0.0,42.5,0.0,0.0,0,0.029109589041095892,0.0,0.0,0.0,0.029109589041095892
2025-08-03,Vegan Cheese,Manual par-level baseline,0.0,24.0,0.0,24.0,15.0,15.0,0.0,0,9.0,0.0,5.8500000000000005,0.0,0.0,0,0.004006849315068494,0.0,0.0,0.0,0.004006849315068494
2025-08-04,Bacon,Manual par-level baseline,194.0,0.0,0.0,194.0,54.0,54.0,0.0,0,140.0,160.0,154.0,1.0,160.0,1,0.10547945205479453,0.0,0.0,0.625,0.7304794520547946
2025-08-04,Burger Buns,Manual par-level baseline,397.0,0.0,0.0,397.0,128.0,128.0,0.0,0,269.0,432.0,48.42,1.0,432.0,1,0.033164383561643834,0.0,0.0,0.625,0.6581643835616439
2025-08-04,Butter,Manual par-level baseline,137.0,0.0,0.0,137.0,46.0,46.0,0.0,0,91.0,108.0,86.45,1.0,108.0,1,0.05921232876712329,0.0,0.0,0.625,0.6842123287671233
2025-08-04,Cheese Slices,Manual par-level baseline,359.0,0.0,0.0,359.0,90.0,90.0,0.0,0,269.0,200.0,59.18,1.0,200.0,1,0.04053424657534247,0.0,0.0,0.625,0.6655342465753424
2025-08-04,Chicken Breast,Manual par-level baseline,305.0,0.0,0.0,305.0,128.0,128.0,0.0,0,177.0,350.0,318.6,1.0,350.0,1,0.21821917808219177,0.0,0.0,0.625,0.8432191780821918
2025-08-04,Coffee Beans,Manual par-level baseline,144.0,0.0,0.0,144.0,41.0,41.0,0.0,0,103.0,78.0,216.3,1.0,78.0,1,0.14815068493150685,0.0,0.0,0.625,0.7731506849315068
2025-08-04,Cooking Oil,Manual par-level baseline,79.0,0.0,0.0,79.0,36.0,36.0,0.0,0,43.0,100.0,68.8,1.0,100.0,1,0.04712328767123288,0.0,0.0,0.625,0.6721232876712329
2025-08-04,Eggs,Manual par-level baseline,191.0,0.0,0.0,191.0,75.0,75.0,0.0,0,116.0,240.0,18.56,1.0,240.0,1,0.012712328767123289,0.0,0.0,0.625,0.6377123287671232
2025-08-04,Fries (Potatoes),Manual par-level baseline,471.0,0.0,0.0,471.0,193.0,193.0,0.0,0,278.0,480.0,83.39999999999999,1.0,480.0,1,0.05712328767123287,0.0,0.0,0.625,0.6821232876712329
2025-08-04,Gluten-free Buns,Manual par-level baseline,32.0,0.0,0.0,32.0,19.0,19.0,0.0,0,13.0,36.0,7.15,1.0,36.0,1,0.004897260273972603,0.0,0.0,0.625,0.6298972602739726
2025-08-04,Lettuce,Manual par-level baseline,283.0,0.0,0.0,283.0,74.0,74.0,0.0,0,209.0,264.0,125.39999999999999,1.0,264.0,1,0.08589041095890411,0.0,0.0,0.625,0.7108904109589042
2025-08-04,Milk,Manual par-level baseline,264.0,0.0,0.0,264.0,82.0,82.0,0.0,0,182.0,228.0,136.5,1.0,228.0,1,0.0934931506849315,0.0,0.0,0.625,0.7184931506849315
2025-08-04,Mushrooms,Manual par-level baseline,220.0,0.0,0.0,220.0,35.0,35.0,0.0,0,185.0,40.0,101.75000000000001,1.162162162162162,40.0,1,0.0696917808219178,0.0,0.0,0.625,0.6946917808219178
2025-08-04,Onions,Manual par-level baseline,196.0,0.0,0.0,196.0,93.0,93.0,0.0,0,103.0,200.0,25.75,1.0,200.0,1,0.017636986301369863,0.0,0.0,0.625,0.6426369863013699
2025-08-04,Salmon Fillet,Manual par-level baseline,117.0,0.0,0.0,117.0,53.0,53.0,0.0,0,64.0,108.0,204.8,1.0,108.0,1,0.14027397260273974,0.0,0.0,0.625,0.7652739726027398
2025-08-04,Seasonal Berries,Manual par-level baseline,24.0,0.0,0.0,24.0,13.0,13.0,0.0,0,11.0,30.0,15.399999999999999,1.0,30.0,1,0.010547945205479452,0.0,0.0,0.625,0.6355479452054794
2025-08-04,Soft Drinks,Manual par-level baseline,513.0,0.0,0.0,513.0,200.0,200.0,0.0,0,313.0,552.0,125.2,1.0,552.0,1,0.08575342465753426,0.0,0.0,0.625,0.7107534246575342
2025-08-04,Tomatoes,Manual par-level baseline,354.0,0.0,0.0,354.0,79.0,79.0,0.0,0,275.0,216.0,123.75,1.0,216.0,1,0.08476027397260273,0.0,0.0,0.625,0.7097602739726028
2025-08-04,Truffle Oil,Manual par-level baseline,5.0,0.0,0.0,5.0,6.0,5.0,1.0,1,0.0,16.0,0.0,0.0,16.0,1,0.0,0.0,17.0,0.625,17.625
2025-08-04,Vegan Cheese,Manual par-level baseline,9.0,0.0,0.0,9.0,6.0,6.0,0.0,0,3.0,24.0,1.9500000000000002,1.0,24.0,1,0.0013356164383561645,0.0,0.0,0.625,0.6263356164383561
2025-08-05,Bacon,Manual par-level baseline,140.0,0.0,0.0,140.0,67.0,67.0,0.0,0,73.0,160.0,80.30000000000001,2.0,0.0,0,0.055,0.0,0.0,0.0,0.055
2025-08-05,Burger Buns,Manual par-level baseline,269.0,0.0,0.0,269.0,116.0,116.0,0.0,0,153.0,432.0,27.54,2.0,0.0,0,0.018863013698630138,0.0,0.0,0.0,0.018863013698630138
2025-08-05,Butter,Manual par-level baseline,91.0,0.0,0.0,91.0,0.0,0.0,0.0,0,91.0,108.0,86.45,2.0,0.0,0,0.05921232876712329,0.0,0.0,0.0,0.05921232876712329
2025-08-05,Cheese Slices,Manual par-level baseline,269.0,0.0,0.0,269.0,81.0,81.0,0.0,0,188.0,200.0,41.36,2.0,0.0,0,0.028328767123287673,0.0,0.0,0.0,0.028328767123287673
2025-08-05,Chicken Breast,Manual par-level baseline,177.0,0.0,0.0,177.0,95.0,95.0,0.0,0,82.0,350.0,147.6,2.0,0.0,0,0.1010958904109589,0.0,0.0,0.0,0.1010958904109589
2025-08-05,Coffee Beans,Manual par-level baseline,103.0,0.0,0.0,103.0,46.0,46.0,0.0,0,57.0,78.0,119.7,2.0,0.0,0,0.08198630136986301,0.0,0.0,0.0,0.08198630136986301
2025-08-05,Cooking Oil,Manual par-level baseline,43.0,0.0,0.0,43.0,26.0,26.0,0.0,0,17.0,100.0,27.200000000000003,2.0,0.0,0,0.018630136986301372,0.0,0.0,0.0,0.018630136986301372
2025-08-05,Eggs,Manual par-level baseline,116.0,0.0,0.0,116.0,65.0,65.0,0.0,0,51.0,240.0,8.16,2.0,0.0,0,0.005589041095890411,0.0,0.0,0.0,0.005589041095890411
2025-08-05,Fries (Potatoes),Manual par-level baseline,278.0,0.0,0.0,278.0,143.0,143.0,0.0,0,135.0,480.0,40.5,2.0,0.0,0,0.027739726027397257,0.0,0.0,0.0,0.027739726027397257
2025-08-05,Gluten-free Buns,Manual par-level baseline,13.0,0.0,0.0,13.0,16.0,13.0,3.0,1,0.0,36.0,0.0,0.0,0.0,0,0.0,0.0,3.3000000000000003,0.0,3.3000000000000003
2025-08-05,Lettuce,Manual par-level baseline,209.0,0.0,0.0,209.0,82.0,82.0,0.0,0,127.0,264.0,76.2,2.0,0.0,0,0.052191780821917805,0.0,0.0,0.0,0.052191780821917805
2025-08-05,Milk,Manual par-level baseline,182.0,0.0,0.0,182.0,96.0,96.0,0.0,0,86.0,228.0,64.5,2.0,0.0,0,0.04417808219178082,0.0,0.0,0.0,0.04417808219178082
2025-08-05,Mushrooms,Manual par-level baseline,185.0,0.0,0.0,185.0,32.0,32.0,0.0,0,153.0,40.0,84.15,2.0,0.0,0,0.05763698630136987,0.0,0.0,0.0,0.05763698630136987
2025-08-05,Onions,Manual par-level baseline,103.0,0.0,0.0,103.0,90.0,90.0,0.0,0,13.0,200.0,3.25,2.0,0.0,0,0.002226027397260274,0.0,0.0,0.0,0.002226027397260274
2025-08-05,Salmon Fillet,Manual par-level baseline,64.0,0.0,0.0,64.0,33.0,33.0,0.0,0,31.0,108.0,99.2,2.0,0.0,0,0.06794520547945207,0.0,0.0,0.0,0.06794520547945207
2025-08-05,Seasonal Berries,Manual par-level baseline,11.0,0.0,0.0,11.0,0.0,0.0,0.0,0,11.0,30.0,15.399999999999999,2.0,0.0,0,0.010547945205479452,0.0,0.0,0.0,0.010547945205479452
2025-08-05,Soft Drinks,Manual par-level baseline,313.0,0.0,0.0,313.0,216.0,216.0,0.0,0,97.0,552.0,38.800000000000004,2.0,0.0,0,0.026575342465753427,0.0,0.0,0.0,0.026575342465753427
2025-08-05,Tomatoes,Manual par-level baseline,275.0,0.0,0.0,275.0,88.0,88.0,0.0,0,187.0,216.0,84.15,2.0,0.0,0,0.05763698630136986,0.0,0.0,0.0,0.05763698630136986
2025-08-05,Truffle Oil,Manual par-level baseline,0.0,0.0,0.0,0.0,3.0,0.0,3.0,1,0.0,16.0,0.0,0.0,0.0,0,0.0,0.0,51.0,0.0,51.0
2025-08-05,Vegan Cheese,Manual par-level baseline,3.0,0.0,0.0,3.0,5.0,3.0,2.0,1,0.0,24.0,0.0,0.0,0.0,0,0.0,0.0,2.6,0.0,2.6
2025-08-06,Bacon,Manual par-level baseline,73.0,160.0,0.0,233.0,60.0,60.0,0.0,0,173.0,130.0,190.3,0.2254335260115607,130.0,1,0.13034246575342467,0.0,0.0,0.625,0.7553424657534247
2025-08-06,Burger Buns,Manual par-level baseline,153.0,432.0,153.0,432.0,134.0,134.0,0.0,0,298.0,384.0,53.64,0.0,384.0,1,0.03673972602739726,35.19,0.0,0.625,35.8517397260274
2025-08-06,Butter,Manual par-level baseline,91.0,108.0,0.0,199.0,62.0,62.0,0.0,0,137.0,36.0,130.14999999999998,0.635036496350365,36.0,1,0.08914383561643835,0.0,0.0,0.625,0.7141438356164383
2025-08-06,Cheese Slices,Manual par-level baseline,188.0,200.0,0.0,388.0,104.0,104.0,0.0,0,284.0,200.0,62.480000000000004,0.8873239436619719,200.0,1,0.042794520547945206,0.0,0.0,0.625,0.6677945205479452
2025-08-06,Chicken Breast,Manual par-level baseline,82.0,350.0,0.0,432.0,100.0,100.0,0.0,0,332.0,220.0,597.6,0.0,220.0,1,0.4093150684931507,0.0,0.0,0.625,1.0343150684931506
2025-08-06,Coffee Beans,Manual par-level baseline,57.0,78.0,0.0,135.0,54.0,54.0,0.0,0,81.0,84.0,170.10000000000002,0.1111111111111111,84.0,1,0.1165068493150685,0.0,0.0,0.625,0.7415068493150685
2025-08-06,Cooking Oil,Manual par-level baseline,17.0,100.0,0.0,117.0,31.0,31.0,0.0,0,86.0,60.0,137.6,0.0,60.0,1,0.09424657534246576,0.0,0.0,0.625,0.7192465753424657
2025-08-06,Eggs,Manual par-level baseline,51.0,240.0,0.0,291.0,74.0,74.0,0.0,0,217.0,150.0,34.72,0.0,150.0,1,0.02378082191780822,0.0,0.0,0.625,0.6487808219178082
2025-08-06,Fries (Potatoes),Manual par-level baseline,135.0,480.0,0.0,615.0,185.0,185.0,0.0,0,430.0,340.0,129.0,0.0,340.0,1,0.08835616438356164,0.0,0.0,0.625,0.7133561643835616
2025-08-06,Gluten-free Buns,Manual par-level baseline,0.0,36.0,0.0,36.0,18.0,18.0,0.0,0,18.0,36.0,9.9,0.0,36.0,1,0.006780821917808219,0.0,0.0,0.625,0.6317808219178083
2025-08-06,Lettuce,Manual par-level baseline,127.0,264.0,0.0,391.0,89.0,89.0,0.0,0,302.0,144.0,181.20000000000002,0.37748344370860926,144.0,1,0.12410958904109588,0.0,0.0,0.625,0.7491095890410959
2025-08-06,Milk,Manual par-level baseline,86.0,228.0,0.0,314.0,82.0,82.0,0.0,0,232.0,180.0,174.0,0.05172413793103448,180.0,1,0.1191780821917808,0.0,0.0,0.625,0.7441780821917808
2025-08-06,Mushrooms,Manual par-level baseline,153.0,40.0,0.0,193.0,42.0,42.0,0.0,0,151.0,60.0,83.05000000000001,2.205298013245033,60.0,1,0.056883561643835616,0.0,0.0,0.625,0.6818835616438356
2025-08-06,Onions,Manual par-level baseline,13.0,200.0,0.0,213.0,68.0,68.0,0.0,0,145.0,180.0,36.25,0.0,180.0,1,0.02482876712328767,0.0,0.0,0.625,0.6498287671232876
2025-08-06,Salmon Fillet,Manual par-level baseline,31.0,108.0,31.0,108.0,31.0,31.0,0.0,0,77.0,120.0,246.4,0.0,120.0,1,0.16876712328767127,100.75,0.0,0.625,101.54376712328767
2025-08-06,Seasonal Berries,Manual par-level baseline,11.0,30.0,11.0,30.0,6.0,6.0,0.0,0,24.0,18.0,33.599999999999994,0.0,18.0,1,0.023013698630136987,15.95,0.0,0.625,16.598013698630137
2025-08-06,Soft Drinks,Manual par-level baseline,97.0,552.0,0.0,649.0,145.0,145.0,0.0,0,504.0,432.0,201.60000000000002,0.0,432.0,1,0.13808219178082193,0.0,0.0,0.625,0.7630821917808219
2025-08-06,Tomatoes,Manual par-level baseline,187.0,216.0,0.0,403.0,89.0,89.0,0.0,0,314.0,168.0,141.3,0.9363057324840764,168.0,1,0.09678082191780822,0.0,0.0,0.625,0.7217808219178082
2025-08-06,Truffle Oil,Manual par-level baseline,0.0,16.0,0.0,16.0,5.0,5.0,0.0,0,11.0,4.0,93.5,0.0,4.0,1,0.06404109589041096,0.0,0.0,0.625,0.689041095890411
2025-08-06,Vegan Cheese,Manual par-level baseline,0.0,24.0,0.0,24.0,11.0,11.0,0.0,0,13.0,12.0,8.450000000000001,0.0,12.0,1,0.005787671232876713,0.0,0.0,0.625,0.6307876712328767
2025-08-07,Bacon,Manual par-level baseline,173.0,0.0,0.0,173.0,55.0,55.0,0.0,0,118.0,130.0,129.8,1.0,0.0,0,0.0889041095890411,0.0,0.0,0.0,0.0889041095890411
2025-08-07,Burger Buns,Manual par-level baseline,298.0,0.0,0.0,298.0,129.0,129.0,0.0,0,169.0,384.0,30.419999999999998,1.0,0.0,0,0.020835616438356165,0.0,0.0,0.0,0.020835616438356165
2025-08-07,Butter,Manual par-level baseline,137.0,0.0,0.0,137.0,36.0,36.0,0.0,0,101.0,36.0,95.94999999999999,1.0,0.0,0,0.06571917808219178,0.0,0.0,0.0,0.06571917808219178
2025-08-07,Cheese Slices,Manual par-level baseline,284.0,0.0,0.0,284.0,105.0,105.0,0.0,0,179.0,200.0,39.38,1.0,0.0,0,0.02697260273972603,0.0,0.0,0.0,0.02697260273972603
2025-08-07,Chicken Breast,Manual par-level baseline,332.0,0.0,0.0,332.0,97.0,97.0,0.0,0,235.0,220.0,423.0,1.0,0.0,0,0.2897260273972603,0.0,0.0,0.0,0.2897260273972603
2025-08-07,Coffee Beans,Manual par-level baseline,81.0,0.0,0.0,81.0,48.0,48.0,0.0,0,33.0,84.0,69.3,1.0,0.0,0,0.04746575342465754,0.0,0.0,0.0,0.04746575342465754
2025-08-07,Cooking Oil,Manual par-level baseline,86.0,0.0,0.0,86.0,32.0,32.0,0.0,0,54.0,60.0,86.4,1.0,0.0,0,0.05917808219178083,0.0,0.0,0.0,0.05917808219178083
2025-08-07,Eggs,Manual par-level baseline,217.0,0.0,0.0,217.0,89.0,89.0,0.0,0,128.0,150.0,20.48,1.0,0.0,0,0.014027397260273973,0.0,0.0,0.0,0.014027397260273973
2025-08-07,Fries (Potatoes),Manual par-level baseline,430.0,0.0,0.0,430.0,164.0,164.0,0.0,0,266.0,340.0,79.8,1.0,0.0,0,0.05465753424657534,0.0,0.0,0.0,0.05465753424657534
2025-08-07,Gluten-free Buns,Manual par-level baseline,18.0,0.0,0.0,18.0,0.0,0.0,0.0,0,18.0,36.0,9.9,1.0,0.0,0,0.006780821917808219,0.0,0.0,0.0,0.006780821917808219
2025-08-07,Lettuce,Manual par-level baseline,302.0,0.0,38.0,264.0,88.0,88.0,0.0,0,176.0,144.0,105.6,1.0,0.0,0,0.07232876712328766,24.7,0.0,0.0,24.772328767123287
2025-08-07,Milk,Manual par-level baseline,232.0,0.0,0.0,232.0,77.0,77.0,0.0,0,155.0,180.0,116.25,1.0,0.0,0,0.07962328767123288,0.0,0.0,0.0,0.07962328767123288
2025-08-07,Mushrooms,Manual par-level baseline,151.0,0.0,0.0,151.0,46.0,46.0,0.0,0,105.0,60.0,57.75,2.857142857142857,0.0,0,0.03955479452054795,0.0,0.0,0.0,0.03955479452054795
2025-08-07,Onions,Manual par-level baseline,145.0,0.0,0.0,145.0,68.0,68.0,0.0,0,77.0,180.0,19.25,1.0,0.0,0,0.013184931506849315,0.0,0.0,0.0,0.013184931506849315
2025-08-07,Salmon Fillet,Manual par-level baseline,77.0,0.0,0.0,77.0,43.0,43.0,0.0,0,34.0,120.0,108.80000000000001,1.0,0.0,0,0.07452054794520549,0.0,0.0,0.0,0.07452054794520549
2025-08-07,Seasonal Berries,Manual par-level baseline,24.0,0.0,0.0,24.0,14.0,14.0,0.0,0,10.0,18.0,14.0,1.0,0.0,0,0.009589041095890411,0.0,0.0,0.0,0.009589041095890411
2025-08-07,Soft Drinks,Manual par-level baseline,504.0,0.0,0.0,504.0,191.0,191.0,0.0,0,313.0,432.0,125.2,1.0,0.0,0,0.08575342465753426,0.0,0.0,0.0,0.08575342465753426
2025-08-07,Tomatoes,Manual par-level baseline,314.0,0.0,0.0,314.0,100.0,100.0,0.0,0,214.0,168.0,96.3,1.0,0.0,0,0.06595890410958904,0.0,0.0,0.0,0.06595890410958904
2025-08-07,Truffle Oil,Manual par-level baseline,11.0,0.0,0.0,11.0,6.0,6.0,0.0,0,5.0,4.0,42.5,1.0,0.0,0,0.029109589041095892,0.0,0.0,0.0,0.029109589041095892
2025-08-07,Vegan Cheese,Manual par-level baseline,13.0,0.0,0.0,13.0,0.0,0.0,0.0,0,13.0,12.0,8.450000000000001,1.0,0.0,0,0.005787671232876713,0.0,0.0,0.0,0.005787671232876713
2025-08-08,Bacon,Manual par-level baseline,118.0,130.0,0.0,248.0,120.0,120.0,0.0,0,128.0,200.0,140.8,0.0,200.0,1,0.09643835616438357,0.0,0.0,0.625,0.7214383561643836
2025-08-08,Burger Buns,Manual par-level baseline,169.0,384.0,0.0,553.0,221.0,221.0,0.0,0,332.0,480.0,59.76,0.0,480.0,1,0.04093150684931507,0.0,0.0,0.625,0.665931506849315
2025-08-08,Butter,Manual par-level baseline,101.0,36.0,0.0,137.0,54.0,54.0,0.0,0,83.0,156.0,78.85,1.1325301204819278,156.0,1,0.054006849315068495,0.0,0.0,0.625,0.6790068493150685
2025-08-08,Cheese Slices,Manual par-level baseline,179.0,200.0,0.0,379.0,169.0,169.0,0.0,0,210.0,350.0,46.2,0.09523809523809523,350.0,1,0.03164383561643836,0.0,0.0,0.625,0.6566438356164384
2025-08-08,Chicken Breast,Manual par-level baseline,235.0,220.0,0.0,455.0,159.0,159.0,0.0,0,296.0,350.0,532.8,0.5135135135135135,350.0,1,0.3649315068493151,0.0,0.0,0.625,0.9899315068493151
2025-08-08,Coffee Beans,Manual par-level baseline,33.0,84.0,0.0,117.0,45.0,45.0,0.0,0,72.0,168.0,151.20000000000002,0.0,168.0,1,0.10356164383561645,0.0,0.0,0.625,0.7285616438356164
2025-08-08,Cooking Oil,Manual par-level baseline,54.0,60.0,0.0,114.0,51.0,51.0,0.0,0,63.0,108.0,100.8,0.09523809523809523,108.0,1,0.06904109589041096,0.0,0.0,0.625,0.694041095890411
2025-08-08,Eggs,Manual par-level baseline,128.0,150.0,0.0,278.0,113.0,113.0,0.0,0,165.0,270.0,26.4,0.18181818181818182,270.0,1,0.01808219178082192,0.0,0.0,0.625,0.6430821917808219
2025-08-08,Fries (Potatoes),Manual par-level baseline,266.0,340.0,0.0,606.0,263.0,263.0,0.0,0,343.0,600.0,102.9,0.01749271137026239,600.0,1,0.07047945205479451,0.0,0.0,0.625,0.6954794520547946
2025-08-08,Gluten-free Buns,Manual par-level baseline,18.0,36.0,0.0,54.0,21.0,21.0,0.0,0,33.0,48.0,18.150000000000002,0.0,48.0,1,0.012431506849315068,0.0,0.0,0.625,0.637431506849315
2025-08-08,Lettuce,Manual par-level baseline,176.0,144.0,0.0,320.0,157.0,157.0,0.0,0,163.0,348.0,97.8,0.2331288343558282,348.0,1,0.06698630136986301,0.0,0.0,0.625,0.691986301369863
2025-08-08,Milk,Manual par-level baseline,155.0,180.0,0.0,335.0,105.0,105.0,0.0,0,230.0,276.0,172.5,0.43478260869565216,276.0,1,0.11815068493150684,0.0,0.0,0.625,0.7431506849315068
2025-08-08,Mushrooms,Manual par-level baseline,105.0,60.0,65.0,100.0,62.0,62.0,0.0,0,38.0,210.0,20.900000000000002,0.0,210.0,1,0.014315068493150685,39.0,0.0,0.625,39.639315068493154
2025-08-08,Onions,Manual par-level baseline,77.0,180.0,0.0,257.0,104.0,104.0,0.0,0,153.0,240.0,38.25,0.0,240.0,1,0.0261986301369863,0.0,0.0,0.625,0.6511986301369863
2025-08-08,Salmon Fillet,Manual par-level baseline,34.0,120.0,0.0,154.0,69.0,69.0,0.0,0,85.0,126.0,272.0,0.0,126.0,1,0.1863013698630137,0.0,0.0,0.625,0.8113013698630137
2025-08-08,Seasonal Berries,Manual par-level baseline,10.0,18.0,0.0,28.0,0.0,0.0,0.0,0,28.0,36.0,39.2,0.7142857142857143,36.0,1,0.02684931506849315,0.0,0.0,0.625,0.6518493150684932
2025-08-08,Soft Drinks,Manual par-level baseline,313.0,432.0,0.0,745.0,330.0,330.0,0.0,0,415.0,600.0,166.0,0.0,600.0,1,0.11369863013698632,0.0,0.0,0.625,0.7386986301369863
2025-08-08,Tomatoes,Manual par-level baseline,214.0,168.0,0.0,382.0,136.0,136.0,0.0,0,246.0,324.0,110.70000000000002,0.6341463414634146,324.0,1,0.07582191780821917,0.0,0.0,0.625,0.7008219178082191
2025-08-08,Truffle Oil,Manual par-level baseline,5.0,4.0,0.0,9.0,9.0,9.0,0.0,0,0.0,18.0,0.0,0.0,18.0,1,0.0,0.0,0.0,0.625,0.625
2025-08-08,Vegan Cheese,Manual par-level baseline,13.0,12.0,0.0,25.0,8.0,8.0,0.0,0,17.0,24.0,11.05,0.5882352941176471,24.0,1,0.007568493150684932,0.0,0.0,0.625,0.632568493150685
2025-08-09,Bacon,Manual par-level baseline,128.0,0.0,0.0,128.0,96.0,96.0,0.0,0,32.0,200.0,35.2,1.0,0.0,0,0.02410958904109589,0.0,0.0,0.0,0.02410958904109589
2025-08-09,Burger Buns,Manual par-level baseline,332.0,0.0,0.0,332.0,181.0,181.0,0.0,0,151.0,480.0,27.18,1.0,0.0,0,0.018616438356164382,0.0,0.0,0.0,0.018616438356164382
2025-08-09,Butter,Manual par-level baseline,83.0,0.0,0.0,83.0,51.0,51.0,0.0,0,32.0,156.0,30.4,1.0,0.0,0,0.020821917808219178,0.0,0.0,0.0,0.020821917808219178
2025-08-09,Cheese Slices,Manual par-level baseline,210.0,0.0,0.0,210.0,149.0,149.0,0.0,0,61.0,350.0,13.42,1.0,0.0,0,0.009191780821917808,0.0,0.0,0.0,0.009191780821917808
2025-08-09,Chicken Breast,Manual par-level baseline,296.0,0.0,0.0,296.0,145.0,145.0,0.0,0,151.0,350.0,271.8,1.0,0.0,0,0.18616438356164383,0.0,0.0,0.0,0.18616438356164383
2025-08-09,Coffee Beans,Manual par-level baseline,72.0,0.0,0.0,72.0,61.0,61.0,0.0,0,11.0,168.0,23.1,1.0,0.0,0,0.015821917808219177,0.0,0.0,0.0,0.015821917808219177
2025-08-09,Cooking Oil,Manual par-level baseline,63.0,0.0,0.0,63.0,34.0,34.0,0.0,0,29.0,108.0,46.400000000000006,1.0,0.0,0,0.031780821917808226,0.0,0.0,0.0,0.031780821917808226
2025-08-09,Eggs,Manual par-level baseline,165.0,0.0,0.0,165.0,113.0,113.0,0.0,0,52.0,270.0,8.32,1.0,0.0,0,0.005698630136986301,0.0,0.0,0.0,0.005698630136986301
2025-08-09,Fries (Potatoes),Manual par-level baseline,343.0,0.0,0.0,343.0,226.0,226.0,0.0,0,117.0,600.0,35.1,1.0,0.0,0,0.02404109589041096,0.0,0.0,0.0,0.02404109589041096
2025-08-09,Gluten-free Buns,Manual par-level baseline,33.0,0.0,0.0,33.0,8.0,8.0,0.0,0,25.0,48.0,13.750000000000002,1.0,0.0,0,0.009417808219178082,0.0,0.0,0.0,0.009417808219178082
2025-08-09,Lettuce,Manual par-level baseline,163.0,0.0,0.0,163.0,118.0,118.0,0.0,0,45.0,348.0,27.0,1.0,0.0,0,0.018493150684931507,0.0,0.0,0.0,0.018493150684931507
2025-08-09,Milk,Manual par-level baseline,230.0,0.0,0.0,230.0,122.0,122.0,0.0,0,108.0,276.0,81.0,1.0,0.0,0,0.055479452054794515,0.0,0.0,0.0,0.055479452054794515
2025-08-09,Mushrooms,Manual par-level baseline,38.0,0.0,0.0,38.0,47.0,38.0,9.0,1,0.0,210.0,0.0,0.0,0.0,0,0.0,0.0,9.9,0.0,9.9
2025-08-09,Onions,Manual par-level baseline,153.0,0.0,0.0,153.0,111.0,111.0,0.0,0,42.0,240.0,10.5,1.0,0.0,0,0.007191780821917808,0.0,0.0,0.0,0.007191780821917808
2025-08-09,Salmon Fillet,Manual par-level baseline,85.0,0.0,0.0,85.0,49.0,49.0,0.0,0,36.0,126.0,115.2,1.0,0.0,0,0.07890410958904111,0.0,0.0,0.0,0.07890410958904111
2025-08-09,Seasonal Berries,Manual par-level baseline,28.0,0.0,10.0,18.0,19.0,18.0,1.0,1,0.0,36.0,0.0,0.0,0.0,0,0.0,14.5,2.8,0.0,17.3
2025-08-09,Soft Drinks,Manual par-level baseline,415.0,0.0,0.0,415.0,261.0,261.0,0.0,0,154.0,600.0,61.6,1.0,0.0,0,0.04219178082191782,0.0,0.0,0.0,0.04219178082191782
2025-08-09,Tomatoes,Manual par-level baseline,246.0,0.0,0.0,246.0,142.0,142.0,0.0,0,104.0,324.0,46.800000000000004,1.0,0.0,0,0.03205479452054794,0.0,0.0,0.0,0.03205479452054794
2025-08-09,Truffle Oil,Manual par-level baseline,0.0,0.0,0.0,0.0,0.0,0.0,0.0,0,0.0,18.0,0.0,0.0,0.0,0,0.0,0.0,0.0,0.0,0.0
2025-08-09,Vegan Cheese,Manual par-level baseline,17.0,0.0,0.0,17.0,14.0,14.0,0.0,0,3.0,24.0,1.9500000000000002,1.0,0.0,0,0.0013356164383561645,0.0,0.0,0.0,0.0013356164383561645
2025-08-10,Bacon,Manual par-level baseline,32.0,200.0,0.0,232.0,85.0,85.0,0.0,0,147.0,0.0,161.70000000000002,0.0,0.0,0,0.11075342465753425,0.0,0.0,0.0,0.11075342465753425
2025-08-10,Burger Buns,Manual par-level baseline,151.0,480.0,0.0,631.0,205.0,205.0,0.0,0,426.0,0.0,76.67999999999999,0.0,0.0,0,0.05252054794520548,0.0,0.0,0.0,0.05252054794520548
2025-08-10,Butter,Manual par-level baseline,32.0,156.0,0.0,188.0,42.0,42.0,0.0,0,146.0,0.0,138.7,0.0,0.0,0,0.095,0.0,0.0,0.0,0.095
2025-08-10,Cheese Slices,Manual par-level baseline,61.0,350.0,0.0,411.0,130.0,130.0,0.0,0,281.0,0.0,61.82,0.0,0.0,0,0.04234246575342466,0.0,0.0,0.0,0.04234246575342466
2025-08-10,Chicken Breast,Manual par-level baseline,151.0,350.0,0.0,501.0,152.0,152.0,0.0,0,349.0,0.0,628.2,0.0,0.0,0,0.4302739726027397,0.0,0.0,0.0,0.4302739726027397
2025-08-10,Coffee Beans,Manual par-level baseline,11.0,168.0,0.0,179.0,39.0,39.0,0.0,0,140.0,0.0,294.0,0.0,0.0,0,0.20136986301369864,0.0,0.0,0.0,0.20136986301369864
2025-08-10,Cooking Oil,Manual par-level baseline,29.0,108.0,0.0,137.0,36.0,36.0,0.0,0,101.0,0.0,161.60000000000002,0.0,0.0,0,0.11068493150684933,0.0,0.0,0.0,0.11068493150684933
2025-08-10,Eggs,Manual par-level baseline,52.0,270.0,0.0,322.0,87.0,87.0,0.0,0,235.0,0.0,37.6,0.0,0.0,0,0.025753424657534246,0.0,0.0,0.0,0.025753424657534246
2025-08-10,Fries (Potatoes),Manual par-level baseline,117.0,600.0,0.0,717.0,283.0,283.0,0.0,0,434.0,0.0,130.2,0.0,0.0,0,0.08917808219178082,0.0,0.0,0.0,0.08917808219178082
2025-08-10,Gluten-free Buns,Manual par-level baseline,25.0,48.0,0.0,73.0,22.0,22.0,0.0,0,51.0,0.0,28.05,0.11764705882352941,0.0,0,0.01921232876712329,0.0,0.0,0.0,0.01921232876712329
2025-08-10,Lettuce,Manual par-level baseline,45.0,348.0,0.0,393.0,125.0,125.0,0.0,0,268.0,0.0,160.79999999999998,0.0,0.0,0,0.11013698630136985,0.0,0.0,0.0,0.11013698630136985
2025-08-10,Milk,Manual par-level baseline,108.0,276.0,0.0,384.0,99.0,99.0,0.0,0,285.0,0.0,213.75,0.06315789473684211,0.0,0,0.14640410958904107,0.0,0.0,0.0,0.14640410958904107
2025-08-10,Mushrooms,Manual par-level baseline,0.0,210.0,0.0,210.0,67.0,67.0,0.0,0,143.0,0.0,78.65,0.0,0.0,0,0.05386986301369863,0.0,0.0,0.0,0.05386986301369863
2025-08-10,Onions,Manual par-level baseline,42.0,240.0,0.0,282.0,84.0,84.0,0.0,0,198.0,0.0,49.5,0.0,0.0,0,0.033904109589041095,0.0,0.0,0.0,0.033904109589041095
2025-08-10,Salmon Fillet,Manual par-level baseline,36.0,126.0,0.0,162.0,85.0,85.0,0.0,0,77.0,0.0,246.4,0.0,0.0,0,0.16876712328767127,0.0,0.0,0.0,0.16876712328767127
2025-08-10,Seasonal Berries,Manual par-level baseline,0.0,36.0,0.0,36.0,11.0,11.0,0.0,0,25.0,0.0,35.0,0.0,0.0,0,0.023972602739726026,0.0,0.0,0.0,0.023972602739726026
2025-08-10,Soft Drinks,Manual par-level baseline,154.0,600.0,0.0,754.0,258.0,258.0,0.0,0,496.0,0.0,198.4,0.0,0.0,0,0.13589041095890414,0.0,0.0,0.0,0.13589041095890414
2025-08-10,Tomatoes,Manual par-level baseline,104.0,324.0,0.0,428.0,130.0,130.0,0.0,0,298.0,0.0,134.1,0.0,0.0,0,0.09184931506849314,0.0,0.0,0.0,0.09184931506849314
2025-08-10,Truffle Oil,Manual par-level baseline,0.0,18.0,0.0,18.0,0.0,0.0,0.0,0,18.0,0.0,153.0,0.0,0.0,0,0.10479452054794522,0.0,0.0,0.0,0.10479452054794522
2025-08-10,Vegan Cheese,Manual par-level baseline,3.0,24.0,0.0,27.0,17.0,17.0,0.0,0,10.0,0.0,6.5,0.0,0.0,0,0.004452054794520549,0.0,0.0,0.0,0.004452054794520549
2025-08-11,Bacon,Manual par-level baseline,147.0,0.0,0.0,147.0,51.0,51.0,0.0,0,96.0,210.0,105.60000000000001,1.0,210.0,1,0.07232876712328767,0.0,0.0,0.625,0.6973287671232877
2025-08-11,Burger Buns,Manual par-level baseline,426.0,0.0,0.0,426.0,121.0,121.0,0.0,0,305.0,384.0,54.9,1.0,384.0,1,0.037602739726027394,0.0,0.0,0.625,0.6626027397260273
2025-08-11,Butter,Manual par-level baseline,146.0,0.0,0.0,146.0,34.0,34.0,0.0,0,112.0,84.0,106.39999999999999,1.0,84.0,1,0.07287671232876712,0.0,0.0,0.625,0.6978767123287671
2025-08-11,Cheese Slices,Manual par-level baseline,281.0,0.0,0.0,281.0,147.0,147.0,0.0,0,134.0,300.0,29.48,1.0,300.0,1,0.02019178082191781,0.0,0.0,0.625,0.6451917808219179
2025-08-11,Chicken Breast,Manual par-level baseline,349.0,0.0,0.0,349.0,96.0,96.0,0.0,0,253.0,290.0,455.40000000000003,1.0,290.0,1,0.3119178082191781,0.0,0.0,0.625,0.936917808219178
2025-08-11,Coffee Beans,Manual par-level baseline,140.0,0.0,0.0,140.0,36.0,36.0,0.0,0,104.0,84.0,218.4,1.0,84.0,1,0.1495890410958904,0.0,0.0,0.625,0.7745890410958904
2025-08-11,Cooking Oil,Manual par-level baseline,101.0,0.0,0.0,101.0,30.0,30.0,0.0,0,71.0,76.0,113.60000000000001,1.0,76.0,1,0.0778082191780822,0.0,0.0,0.625,0.7028082191780822
2025-08-11,Eggs,Manual par-level baseline,235.0,0.0,0.0,235.0,81.0,81.0,0.0,0,154.0,210.0,24.64,1.0,210.0,1,0.016876712328767123,0.0,0.0,0.625,0.6418767123287671
2025-08-11,Fries (Potatoes),Manual par-level baseline,434.0,0.0,0.0,434.0,137.0,137.0,0.0,0,297.0,520.0,89.1,1.0,520.0,1,0.061027397260273966,0.0,0.0,0.625,0.686027397260274
2025-08-11,Gluten-free Buns,Manual par-level baseline,51.0,0.0,3.0,48.0,0.0,0.0,0.0,0,48.0,24.0,26.400000000000002,1.0,24.0,1,0.01808219178082192,1.8000000000000003,0.0,0.625,2.443082191780822
2025-08-11,Lettuce,Manual par-level baseline,268.0,0.0,0.0,268.0,94.0,94.0,0.0,0,174.0,276.0,104.39999999999999,1.0,276.0,1,0.07150684931506848,0.0,0.0,0.625,0.6965068493150685
2025-08-11,Milk,Manual par-level baseline,285.0,0.0,0.0,285.0,60.0,60.0,0.0,0,225.0,192.0,168.75,1.0,192.0,1,0.11558219178082191,0.0,0.0,0.625,0.740582191780822
2025-08-11,Mushrooms,Manual par-level baseline,143.0,0.0,0.0,143.0,38.0,38.0,0.0,0,105.0,90.0,57.75000000000001,1.0,90.0,1,0.03955479452054795,0.0,0.0,0.625,0.664554794520548
2025-08-11,Onions,Manual par-level baseline,198.0,0.0,0.0,198.0,80.0,80.0,0.0,0,118.0,200.0,29.5,1.0,200.0,1,0.020205479452054795,0.0,0.0,0.625,0.6452054794520548
2025-08-11,Salmon Fillet,Manual par-level baseline,77.0,0.0,0.0,77.0,31.0,31.0,0.0,0,46.0,150.0,147.20000000000002,1.0,150.0,1,0.1008219178082192,0.0,0.0,0.625,0.7258219178082193
2025-08-11,Seasonal Berries,Manual par-level baseline,25.0,0.0,0.0,25.0,12.0,12.0,0.0,0,13.0,18.0,18.2,1.0,18.0,1,0.012465753424657534,0.0,0.0,0.625,0.6374657534246575
2025-08-11,Soft Drinks,Manual par-level baseline,496.0,0.0,0.0,496.0,158.0,158.0,0.0,0,338.0,576.0,135.20000000000002,1.0,576.0,1,0.09260273972602741,0.0,0.0,0.625,0.7176027397260274
2025-08-11,Tomatoes,Manual par-level baseline,298.0,0.0,0.0,298.0,86.0,86.0,0.0,0,212.0,264.0,95.4,1.0,264.0,1,0.06534246575342466,0.0,0.0,0.625,0.6903424657534246
2025-08-11,Truffle Oil,Manual par-level baseline,18.0,0.0,0.0,18.0,5.0,5.0,0.0,0,13.0,2.0,110.5,1.0,2.0,1,0.07568493150684932,0.0,0.0,0.625,0.7006849315068493
2025-08-11,Vegan Cheese,Manual par-level baseline,10.0,0.0,0.0,10.0,14.0,10.0,4.0,1,0.0,36.0,0.0,0.0,36.0,1,0.0,0.0,5.2,0.625,5.825
2025-08-12,Bacon,Manual par-level baseline,96.0,0.0,0.0,96.0,62.0,62.0,0.0,0,34.0,210.0,37.400000000000006,2.0,0.0,0,0.025616438356164384,0.0,0.0,0.0,0.025616438356164384
2025-08-12,Burger Buns,Manual par-level baseline,305.0,0.0,0.0,305.0,119.0,119.0,0.0,0,186.0,384.0,33.48,2.0,0.0,0,0.022931506849315067,0.0,0.0,0.0,0.022931506849315067
2025-08-12,Butter,Manual par-level baseline,112.0,0.0,0.0,112.0,45.0,45.0,0.0,0,67.0,84.0,63.65,2.0,0.0,0,0.043595890410958904,0.0,0.0,0.0,0.043595890410958904
2025-08-12,Cheese Slices,Manual par-level baseline,134.0,0.0,0.0,134.0,90.0,90.0,0.0,0,44.0,300.0,9.68,2.0,0.0,0,0.0066301369863013705,0.0,0.0,0.0,0.0066301369863013705
2025-08-12,Chicken Breast,Manual par-level baseline,253.0,0.0,0.0,253.0,97.0,97.0,0.0,0,156.0,290.0,280.8,2.0,0.0,0,0.19232876712328767,0.0,0.0,0.0,0.19232876712328767
2025-08-12,Coffee Beans,Manual par-level baseline,104.0,0.0,0.0,104.0,43.0,43.0,0.0,0,61.0,84.0,128.1,2.0,0.0,0,0.08773972602739727,0.0,0.0,0.0,0.08773972602739727
2025-08-12,Cooking Oil,Manual par-level baseline,71.0,0.0,0.0,71.0,33.0,33.0,0.0,0,38.0,76.0,60.800000000000004,2.0,0.0,0,0.04164383561643836,0.0,0.0,0.0,0.04164383561643836
2025-08-12,Eggs,Manual par-level baseline,154.0,0.0,0.0,154.0,69.0,69.0,0.0,0,85.0,210.0,13.6,2.0,0.0,0,0.009315068493150684,0.0,0.0,0.0,0.009315068493150684
2025-08-12,Fries (Potatoes),Manual par-level baseline,297.0,0.0,0.0,297.0,164.0,164.0,0.0,0,133.0,520.0,39.9,2.0,0.0,0,0.02732876712328767,0.0,0.0,0.0,0.02732876712328767
2025-08-12,Gluten-free Buns,Manual par-level baseline,48.0,0.0,0.0,48.0,12.0,12.0,0.0,0,36.0,24.0,19.8,2.0,0.0,0,0.013561643835616439,0.0,0.0,0.0,0.013561643835616439
2025-08-12,Lettuce,Manual par-level baseline,174.0,0.0,0.0,174.0,104.0,104.0,0.0,0,70.0,276.0,42.0,2.0,0.0,0,0.02876712328767123,0.0,0.0,0.0,0.02876712328767123
2025-08-12,Milk,Manual par-level baseline,225.0,0.0,0.0,225.0,85.0,85.0,0.0,0,140.0,192.0,105.0,2.0,0.0,0,0.07191780821917808,0.0,0.0,0.0,0.07191780821917808
2025-08-12,Mushrooms,Manual par-level baseline,105.0,0.0,0.0,105.0,42.0,42.0,0.0,0,63.0,90.0,34.650000000000006,2.0,0.0,0,0.02373287671232877,0.0,0.0,0.0,0.02373287671232877
2025-08-12,Onions,Manual par-level baseline,118.0,0.0,0.0,118.0,55.0,55.0,0.0,0,63.0,200.0,15.75,2.0,0.0,0,0.010787671232876713,0.0,0.0,0.0,0.010787671232876713
2025-08-12,Salmon Fillet,Manual par-level baseline,46.0,0.0,0.0,46.0,39.0,39.0,0.0,0,7.0,150.0,22.400000000000002,2.0,0.0,0,0.015342465753424659,0.0,0.0,0.0,0.015342465753424659
2025-08-12,Seasonal Berries,Manual par-level baseline,13.0,0.0,0.0,13.0,0.0,0.0,0.0,0,13.0,18.0,18.2,2.0,0.0,0,0.012465753424657534,0.0,0.0,0.0,0.012465753424657534
2025-08-12,Soft Drinks,Manual par-level baseline,338.0,0.0,0.0,338.0,242.0,242.0,0.0,0,96.0,576.0,38.400000000000006,2.0,0.0,0,0.0263013698630137,0.0,0.0,0.0,0.0263013698630137
2025-08-12,Tomatoes,Manual par-level baseline,212.0,0.0,0.0,212.0,102.0,102.0,0.0,0,110.0,264.0,49.5,2.0,0.0,0,0.033904109589041095,0.0,0.0,0.0,0.033904109589041095
2025-08-12,Truffle Oil,Manual par-level baseline,13.0,0.0,0.0,13.0,0.0,0.0,0.0,0,13.0,2.0,110.5,2.0,0.0,0,0.07568493150684932,0.0,0.0,0.0,0.07568493150684932
2025-08-12,Vegan Cheese,Manual par-level baseline,0.0,0.0,0.0,0.0,8.0,0.0,8.0,1,0.0,36.0,0.0,0.0,0.0,0,0.0,0.0,10.4,0.0,10.4
2025-08-13,Bacon,Manual par-level baseline,34.0,210.0,0.0,244.0,63.0,63.0,0.0,0,181.0,100.0,199.10000000000002,0.0,100.0,1,0.13636986301369863,0.0,0.0,0.625,0.7613698630136987
2025-08-13,Burger Buns,Manual par-level baseline,186.0,384.0,186.0,384.0,157.0,157.0,0.0,0,227.0,432.0,40.86,0.0,432.0,1,0.027986301369863013,42.78,0.0,0.625,43.432986301369866
2025-08-13,Butter,Manual par-level baseline,67.0,84.0,0.0,151.0,46.0,46.0,0.0,0,105.0,84.0,99.75,0.6,84.0,1,0.06832191780821918,0.0,0.0,0.625,0.6933219178082192
2025-08-13,Cheese Slices,Manual par-level baseline,44.0,300.0,0.0,344.0,99.0,99.0,0.0,0,245.0,250.0,53.9,0.0,250.0,1,0.03691780821917808,0.0,0.0,0.625,0.6619178082191781
2025-08-13,Chicken Breast,Manual par-level baseline,156.0,290.0,0.0,446.0,105.0,105.0,0.0,0,341.0,190.0,613.8,0.44868035190615835,190.0,1,0.42041095890410957,0.0,0.0,0.625,1.0454109589041096
2025-08-13,Coffee Beans,Manual par-level baseline,61.0,84.0,0.0,145.0,69.0,69.0,0.0,0,76.0,78.0,159.6,0.0,78.0,1,0.10931506849315069,0.0,0.0,0.625,0.7343150684931506
2025-08-13,Cooking Oil,Manual par-level baseline,38.0,76.0,0.0,114.0,35.0,35.0,0.0,0,79.0,60.0,126.4,0.11392405063291139,60.0,1,0.08657534246575344,0.0,0.0,0.625,0.7115753424657534
2025-08-13,Eggs,Manual par-level baseline,85.0,210.0,0.0,295.0,50.0,50.0,0.0,0,245.0,150.0,39.2,0.42857142857142855,150.0,1,0.02684931506849315,0.0,0.0,0.625,0.6518493150684932
2025-08-13,Fries (Potatoes),Manual par-level baseline,133.0,520.0,0.0,653.0,153.0,153.0,0.0,0,500.0,320.0,150.0,0.0,320.0,1,0.10273972602739725,0.0,0.0,0.625,0.7277397260273972
2025-08-13,Gluten-free Buns,Manual par-level baseline,36.0,24.0,36.0,24.0,0.0,0.0,0.0,0,24.0,48.0,13.200000000000001,0.0,48.0,1,0.00904109589041096,21.6,0.0,0.625,22.23404109589041
2025-08-13,Lettuce,Manual par-level baseline,70.0,276.0,0.0,346.0,84.0,84.0,0.0,0,262.0,204.0,157.2,0.0,204.0,1,0.10767123287671232,0.0,0.0,0.625,0.7326712328767123
2025-08-13,Milk,Manual par-level baseline,140.0,192.0,0.0,332.0,112.0,112.0,0.0,0,220.0,144.0,165.0,0.38181818181818183,144.0,1,0.11301369863013698,0.0,0.0,0.625,0.738013698630137
2025-08-13,Mushrooms,Manual par-level baseline,63.0,90.0,0.0,153.0,34.0,34.0,0.0,0,119.0,80.0,65.45,0.7310924369747899,80.0,1,0.04482876712328767,0.0,0.0,0.625,0.6698287671232876
2025-08-13,Onions,Manual par-level baseline,63.0,200.0,0.0,263.0,61.0,61.0,0.0,0,202.0,140.0,50.5,0.0297029702970297,140.0,1,0.034589041095890415,0.0,0.0,0.625,0.6595890410958904
2025-08-13,Salmon Fillet,Manual par-level baseline,7.0,150.0,7.0,150.0,52.0,52.0,0.0,0,98.0,72.0,313.6,0.0,72.0,1,0.21479452054794523,22.750000000000004,0.0,0.625,23.589794520547947
2025-08-13,Seasonal Berries,Manual par-level baseline,13.0,18.0,13.0,18.0,5.0,5.0,0.0,0,13.0,30.0,18.2,0.0,30.0,1,0.012465753424657534,18.849999999999998,0.0,0.625,19.487465753424654
2025-08-13,Soft Drinks,Manual par-level baseline,96.0,576.0,0.0,672.0,167.0,167.0,0.0,0,505.0,408.0,202.0,0.0,408.0,1,0.13835616438356166,0.0,0.0,0.625,0.7633561643835617
2025-08-13,Tomatoes,Manual par-level baseline,110.0,264.0,0.0,374.0,101.0,101.0,0.0,0,273.0,180.0,122.85,0.0989010989010989,180.0,1,0.08414383561643836,0.0,0.0,0.625,0.7091438356164383
2025-08-13,Truffle Oil,Manual par-level baseline,13.0,2.0,0.0,15.0,0.0,0.0,0.0,0,15.0,6.0,127.5,2.6,6.0,1,0.08732876712328767,0.0,0.0,0.625,0.7123287671232876
2025-08-13,Vegan Cheese,Manual par-level baseline,0.0,36.0,0.0,36.0,9.0,9.0,0.0,0,27.0,12.0,17.55,0.0,12.0,1,0.012020547945205481,0.0,0.0,0.625,0.6370205479452055
2025-08-14,Bacon,Manual par-level baseline,181.0,0.0,0.0,181.0,74.0,74.0,0.0,0,107.0,100.0,117.7,1.0,0.0,0,0.08061643835616439,0.0,0.0,0.0,0.08061643835616439
2025-08-14,Burger Buns,Manual par-level baseline,227.0,0.0,0.0,227.0,134.0,134.0,0.0,0,93.0,432.0,16.74,1.0,0.0,0,0.011465753424657533,0.0,0.0,0.0,0.011465753424657533
2025-08-14,Butter,Manual par-level baseline,105.0,0.0,0.0,105.0,46.0,46.0,0.0,0,59.0,84.0,56.05,1.0,0.0,0,0.03839041095890411,0.0,0.0,0.0,0.03839041095890411
2025-08-14,Cheese Slices,Manual par-level baseline,245.0,0.0,0.0,245.0,88.0,88.0,0.0,0,157.0,250.0,34.54,1.0,0.0,0,0.023657534246575344,0.0,0.0,0.0,0.023657534246575344
2025-08-14,Chicken Breast,Manual par-level baseline,341.0,0.0,51.0,290.0,124.0,124.0,0.0,0,166.0,190.0,298.8,1.0,0.0,0,0.20465753424657535,94.35,0.0,0.0,94.55465753424657
2025-08-14,Coffee Beans,Manual par-level baseline,76.0,0.0,0.0,76.0,36.0,36.0,0.0,0,40.0,78.0,84.0,1.0,0.0,0,0.057534246575342465,0.0,0.0,0.0,0.057534246575342465
2025-08-14,Cooking Oil,Manual par-level baseline,79.0,0.0,0.0,79.0,37.0,37.0,0.0,0,42.0,60.0,67.2,1.0,0.0,0,0.04602739726027398,0.0,0.0,0.0,0.04602739726027398
2025-08-14,Eggs,Manual par-level baseline,245.0,0.0,0.0,245.0,68.0,68.0,0.0,0,177.0,150.0,28.32,1.0,0.0,0,0.019397260273972605,0.0,0.0,0.0,0.019397260273972605
2025-08-14,Fries (Potatoes),Manual par-level baseline,500.0,0.0,0.0,500.0,158.0,158.0,0.0,0,342.0,320.0,102.6,1.0,0.0,0,0.07027397260273972,0.0,0.0,0.0,0.07027397260273972
2025-08-14,Gluten-free Buns,Manual par-level baseline,24.0,0.0,0.0,24.0,0.0,0.0,0.0,0,24.0,48.0,13.200000000000001,1.0,0.0,0,0.00904109589041096,0.0,0.0,0.0,0.00904109589041096
2025-08-14,Lettuce,Manual par-level baseline,262.0,0.0,0.0,262.0,92.0,92.0,0.0,0,170.0,204.0,102.0,1.0,0.0,0,0.06986301369863013,0.0,0.0,0.0,0.06986301369863013
2025-08-14,Milk,Manual par-level baseline,220.0,0.0,0.0,220.0,112.0,112.0,0.0,0,108.0,144.0,81.0,1.0,0.0,0,0.055479452054794515,0.0,0.0,0.0,0.055479452054794515
2025-08-14,Mushrooms,Manual par-level baseline,119.0,0.0,0.0,119.0,51.0,51.0,0.0,0,68.0,80.0,37.400000000000006,1.0,0.0,0,0.025616438356164384,0.0,0.0,0.0,0.025616438356164384
2025-08-14,Onions,Manual par-level baseline,202.0,0.0,0.0,202.0,79.0,79.0,0.0,0,123.0,140.0,30.75,1.0,0.0,0,0.02106164383561644,0.0,0.0,0.0,0.02106164383561644
2025-08-14,Salmon Fillet,Manual par-level baseline,98.0,0.0,0.0,98.0,39.0,39.0,0.0,0,59.0,72.0,188.8,1.0,0.0,0,0.1293150684931507,0.0,0.0,0.0,0.1293150684931507
2025-08-14,Seasonal Berries,Manual par-level baseline,13.0,0.0,0.0,13.0,11.0,11.0,0.0,0,2.0,30.0,2.8,1.0,0.0,0,0.0019178082191780822,0.0,0.0,0.0,0.0019178082191780822
2025-08-14,Soft Drinks,Manual par-level baseline,505.0,0.0,0.0,505.0,173.0,173.0,0.0,0,332.0,408.0,132.8,1.0,0.0,0,0.09095890410958905,0.0,0.0,0.0,0.09095890410958905
2025-08-14,Tomatoes,Manual par-level baseline,273.0,0.0,0.0,273.0,90.0,90.0,0.0,0,183.0,180.0,82.35000000000001,1.0,0.0,0,0.056404109589041095,0.0,0.0,0.0,0.056404109589041095
2025-08-14,Truffle Oil,Manual par-level baseline,15.0,0.0,0.0,15.0,0.0,0.0,0.0,0,15.0,6.0,127.5,3.6,0.0,0,0.08732876712328767,0.0,0.0,0.0,0.08732876712328767
2025-08-14,Vegan Cheese,Manual par-level baseline,27.0,0.0,0.0,27.0,15.0,15.0,0.0,0,12.0,12.0,7.800000000000001,1.0,0.0,0,0.005342465753424658,0.0,0.0,0.0,0.005342465753424658
2025-08-15,Bacon,Manual par-level baseline,107.0,100.0,0.0,207.0,0.0,0.0,0.0,0,207.0,230.0,227.70000000000002,1.0338164251207729,230.0,1,0.15595890410958904,0.0,0.0,0.625,0.780958904109589
2025-08-15,Burger Buns,Manual par-level baseline,93.0,432.0,0.0,525.0,212.0,212.0,0.0,0,313.0,480.0,56.339999999999996,0.0,480.0,1,0.03858904109589041,0.0,0.0,0.625,0.6635890410958905
2025-08-15,Butter,Manual par-level baseline,59.0,84.0,0.0,143.0,48.0,48.0,0.0,0,95.0,144.0,90.25,0.23157894736842105,144.0,1,0.06181506849315069,0.0,0.0,0.625,0.6868150684931507
2025-08-15,Cheese Slices,Manual par-level baseline,157.0,250.0,0.0,407.0,122.0,122.0,0.0,0,285.0,300.0,62.7,0.24561403508771928,300.0,1,0.042945205479452055,0.0,0.0,0.625,0.667945205479452
2025-08-15,Chicken Breast,Manual par-level baseline,166.0,190.0,0.0,356.0,161.0,161.0,0.0,0,195.0,430.0,351.0,0.05128205128205128,430.0,1,0.24041095890410957,0.0,0.0,0.625,0.8654109589041096
2025-08-15,Coffee Beans,Manual par-level baseline,40.0,78.0,0.0,118.0,49.0,49.0,0.0,0,69.0,162.0,144.9,0.0,162.0,1,0.09924657534246575,0.0,0.0,0.625,0.7242465753424657
2025-08-15,Cooking Oil,Manual par-level baseline,42.0,60.0,0.0,102.0,41.0,41.0,0.0,0,61.0,116.0,97.6,0.03278688524590164,116.0,1,0.06684931506849316,0.0,0.0,0.625,0.6918493150684931
2025-08-15,Eggs,Manual par-level baseline,177.0,150.0,0.0,327.0,120.0,120.0,0.0,0,207.0,210.0,33.120000000000005,0.5507246376811594,210.0,1,0.022684931506849314,0.0,0.0,0.625,0.6476849315068494
2025-08-15,Fries (Potatoes),Manual par-level baseline,342.0,320.0,0.0,662.0,274.0,274.0,0.0,0,388.0,540.0,116.4,0.35051546391752575,540.0,1,0.07972602739726027,0.0,0.0,0.625,0.7047260273972603
2025-08-15,Gluten-free Buns,Manual par-level baseline,24.0,48.0,0.0,72.0,25.0,25.0,0.0,0,47.0,12.0,25.85,0.0,12.0,1,0.017705479452054796,0.0,0.0,0.625,0.6427054794520548
2025-08-15,Lettuce,Manual par-level baseline,170.0,204.0,0.0,374.0,139.0,139.0,0.0,0,235.0,300.0,141.0,0.26382978723404255,300.0,1,0.09657534246575342,0.0,0.0,0.625,0.7215753424657534
2025-08-15,Milk,Manual par-level baseline,108.0,144.0,0.0,252.0,104.0,104.0,0.0,0,148.0,348.0,111.0,0.05405405405405406,348.0,1,0.07602739726027397,0.0,0.0,0.625,0.701027397260274
2025-08-15,Mushrooms,Manual par-level baseline,68.0,80.0,0.0,148.0,42.0,42.0,0.0,0,106.0,150.0,58.3,0.49056603773584906,150.0,1,0.03993150684931507,0.0,0.0,0.625,0.6649315068493151
2025-08-15,Onions,Manual par-level baseline,123.0,140.0,0.0,263.0,80.0,80.0,0.0,0,183.0,240.0,45.75,0.46994535519125685,240.0,1,0.03133561643835617,0.0,0.0,0.625,0.6563356164383561
2025-08-15,Salmon Fillet,Manual par-level baseline,59.0,72.0,0.0,131.0,78.0,78.0,0.0,0,53.0,150.0,169.60000000000002,0.0,150.0,1,0.11616438356164385,0.0,0.0,0.625,0.7411643835616438
2025-08-15,Seasonal Berries,Manual par-level baseline,2.0,30.0,0.0,32.0,0.0,0.0,0.0,0,32.0,24.0,44.8,0.125,24.0,1,0.030684931506849315,0.0,0.0,0.625,0.6556849315068494
2025-08-15,Soft Drinks,Manual par-level baseline,332.0,408.0,0.0,740.0,320.0,320.0,0.0,0,420.0,624.0,168.00000000000003,0.05714285714285714,624.0,1,0.11506849315068494,0.0,0.0,0.625,0.7400684931506849
2025-08-15,Tomatoes,Manual par-level baseline,183.0,180.0,0.0,363.0,152.0,152.0,0.0,0,211.0,336.0,94.95,0.2938388625592417,336.0,1,0.06503424657534246,0.0,0.0,0.625,0.6900342465753424
2025-08-15,Truffle Oil,Manual par-level baseline,15.0,6.0,0.0,21.0,0.0,0.0,0.0,0,21.0,6.0,178.5,3.2857142857142856,6.0,1,0.12226027397260275,0.0,0.0,0.625,0.7472602739726028
2025-08-15,Vegan Cheese,Manual par-level baseline,12.0,12.0,0.0,24.0,0.0,0.0,0.0,0,24.0,36.0,15.600000000000001,1.0,36.0,1,0.010684931506849316,0.0,0.0,0.625,0.6356849315068493
2025-08-16,Bacon,Manual par-level baseline,207.0,0.0,0.0,207.0,83.0,83.0,0.0,0,124.0,230.0,136.4,1.3870967741935485,0.0,0,0.09342465753424659,0.0,0.0,0.0,0.09342465753424659
2025-08-16,Burger Buns,Manual par-level baseline,313.0,0.0,0.0,313.0,207.0,207.0,0.0,0,106.0,480.0,19.08,1.0,0.0,0,0.01306849315068493,0.0,0.0,0.0,0.01306849315068493
2025-08-16,Butter,Manual par-level baseline,95.0,0.0,0.0,95.0,51.0,51.0,0.0,0,44.0,144.0,41.8,1.0,0.0,0,0.02863013698630137,0.0,0.0,0.0,0.02863013698630137
2025-08-16,Cheese Slices,Manual par-level baseline,285.0,0.0,0.0,285.0,125.0,125.0,0.0,0,160.0,300.0,35.2,1.0,0.0,0,0.02410958904109589,0.0,0.0,0.0,0.02410958904109589
2025-08-16,Chicken Breast,Manual par-level baseline,195.0,0.0,0.0,195.0,157.0,157.0,0.0,0,38.0,430.0,68.4,1.0,0.0,0,0.04684931506849315,0.0,0.0,0.0,0.04684931506849315
2025-08-16,Coffee Beans,Manual par-level baseline,69.0,0.0,0.0,69.0,54.0,54.0,0.0,0,15.0,162.0,31.5,1.0,0.0,0,0.021575342465753426,0.0,0.0,0.0,0.021575342465753426
2025-08-16,Cooking Oil,Manual par-level baseline,61.0,0.0,0.0,61.0,42.0,42.0,0.0,0,19.0,116.0,30.400000000000002,1.0,0.0,0,0.02082191780821918,0.0,0.0,0.0,0.02082191780821918
2025-08-16,Eggs,Manual par-level baseline,207.0,0.0,0.0,207.0,67.0,67.0,0.0,0,140.0,210.0,22.400000000000002,1.0,0.0,0,0.015342465753424657,0.0,0.0,0.0,0.015342465753424657
2025-08-16,Fries (Potatoes),Manual par-level baseline,388.0,0.0,0.0,388.0,249.0,249.0,0.0,0,139.0,540.0,41.699999999999996,1.0,0.0,0,0.028561643835616435,0.0,0.0,0.0,0.028561643835616435
2025-08-16,Gluten-free Buns,Manual par-level baseline,47.0,0.0,0.0,47.0,25.0,25.0,0.0,0,22.0,12.0,12.100000000000001,1.0,0.0,0,0.008287671232876713,0.0,0.0,0.0,0.008287671232876713
2025-08-16,Lettuce,Manual par-level baseline,235.0,0.0,0.0,235.0,105.0,105.0,0.0,0,130.0,300.0,78.0,1.0,0.0,0,0.05342465753424657,0.0,0.0,0.0,0.05342465753424657
2025-08-16,Milk,Manual par-level baseline,148.0,0.0,0.0,148.0,90.0,90.0,0.0,0,58.0,348.0,43.5,1.0,0.0,0,0.0297945205479452,0.0,0.0,0.0,0.0297945205479452
2025-08-16,Mushrooms,Manual par-level baseline,106.0,0.0,0.0,106.0,83.0,83.0,0.0,0,23.0,150.0,12.65,1.0,0.0,0,0.008664383561643837,0.0,0.0,0.0,0.008664383561643837
2025-08-16,Onions,Manual par-level baseline,183.0,0.0,0.0,183.0,95.0,95.0,0.0,0,88.0,240.0,22.0,1.0,0.0,0,0.015068493150684932,0.0,0.0,0.0,0.015068493150684932
2025-08-16,Salmon Fillet,Manual par-level baseline,53.0,0.0,0.0,53.0,62.0,53.0,9.0,1,0.0,150.0,0.0,0.0,0.0,0,0.0,0.0,57.6,0.0,57.6
2025-08-16,Seasonal Berries,Manual par-level baseline,32.0,0.0,2.0,30.0,0.0,0.0,0.0,0,30.0,24.0,42.0,1.0,0.0,0,0.028767123287671233,2.9,0.0,0.0,2.9287671232876713
2025-08-16,Soft Drinks,Manual par-level baseline,420.0,0.0,0.0,420.0,191.0,191.0,0.0,0,229.0,624.0,91.60000000000001,1.0,0.0,0,0.06273972602739727,0.0,0.0,0.0,0.06273972602739727
2025-08-16,Tomatoes,Manual par-level baseline,211.0,0.0,0.0,211.0,140.0,140.0,0.0,0,71.0,336.0,31.95,1.0,0.0,0,0.021883561643835616,0.0,0.0,0.0,0.021883561643835616
2025-08-16,Truffle Oil,Manual par-level baseline,21.0,0.0,0.0,21.0,14.0,14.0,0.0,0,7.0,6.0,59.5,1.2857142857142858,0.0,0,0.040753424657534246,0.0,0.0,0.0,0.040753424657534246
2025-08-16,Vegan Cheese,Manual par-level baseline,24.0,0.0,0.0,24.0,0.0,0.0,0.0,0,24.0,36.0,15.600000000000001,2.0,0.0,0,0.010684931506849316,0.0,0.0,0.0,0.010684931506849316
2025-08-17,Bacon,Manual par-level baseline,124.0,230.0,0.0,354.0,71.0,71.0,0.0,0,283.0,0.0,311.3,0.3745583038869258,0.0,0,0.2132191780821918,0.0,0.0,0.0,0.2132191780821918
2025-08-17,Burger Buns,Manual par-level baseline,106.0,480.0,0.0,586.0,253.0,253.0,0.0,0,333.0,0.0,59.94,0.0,0.0,0,0.041054794520547944,0.0,0.0,0.0,0.041054794520547944
2025-08-17,Butter,Manual par-level baseline,44.0,144.0,0.0,188.0,44.0,44.0,0.0,0,144.0,0.0,136.79999999999998,0.0,0.0,0,0.0936986301369863,0.0,0.0,0.0,0.0936986301369863
2025-08-17,Cheese Slices,Manual par-level baseline,160.0,300.0,0.0,460.0,131.0,131.0,0.0,0,329.0,0.0,72.38,0.1762917933130699,0.0,0,0.04957534246575343,0.0,0.0,0.0,0.04957534246575343
2025-08-17,Chicken Breast,Manual par-level baseline,38.0,430.0,0.0,468.0,165.0,165.0,0.0,0,303.0,0.0,545.4,0.0,0.0,0,0.3735616438356164,0.0,0.0,0.0,0.3735616438356164
2025-08-17,Coffee Beans,Manual par-level baseline,15.0,162.0,0.0,177.0,46.0,46.0,0.0,0,131.0,0.0,275.1,0.0,0.0,0,0.1884246575342466,0.0,0.0,0.0,0.1884246575342466
2025-08-17,Cooking Oil,Manual par-level baseline,19.0,116.0,0.0,135.0,44.0,44.0,0.0,0,91.0,0.0,145.6,0.0,0.0,0,0.09972602739726029,0.0,0.0,0.0,0.09972602739726029
2025-08-17,Eggs,Manual par-level baseline,140.0,210.0,0.0,350.0,96.0,96.0,0.0,0,254.0,0.0,40.64,0.3464566929133858,0.0,0,0.027835616438356164,0.0,0.0,0.0,0.027835616438356164
2025-08-17,Fries (Potatoes),Manual par-level baseline,139.0,540.0,0.0,679.0,226.0,226.0,0.0,0,453.0,0.0,135.9,0.0,0.0,0,0.09308219178082192,0.0,0.0,0.0,0.09308219178082192
2025-08-17,Gluten-free Buns,Manual par-level baseline,22.0,12.0,0.0,34.0,0.0,0.0,0.0,0,34.0,0.0,18.700000000000003,1.2941176470588236,0.0,0,0.012808219178082192,0.0,0.0,0.0,0.012808219178082192
2025-08-17,Lettuce,Manual par-level baseline,130.0,300.0,0.0,430.0,129.0,129.0,0.0,0,301.0,0.0,180.6,0.006644518272425249,0.0,0,0.12369863013698629,0.0,0.0,0.0,0.12369863013698629
2025-08-17,Milk,Manual par-level baseline,58.0,348.0,0.0,406.0,110.0,110.0,0.0,0,296.0,0.0,222.0,0.0,0.0,0,0.15205479452054793,0.0,0.0,0.0,0.15205479452054793
2025-08-17,Mushrooms,Manual par-level baseline,23.0,150.0,0.0,173.0,64.0,64.0,0.0,0,109.0,0.0,59.95,0.0,0.0,0,0.04106164383561644,0.0,0.0,0.0,0.04106164383561644
2025-08-17,Onions,Manual par-level baseline,88.0,240.0,0.0,328.0,80.0,80.0,0.0,0,248.0,0.0,62.0,0.06451612903225806,0.0,0,0.04246575342465753,0.0,0.0,0.0,0.04246575342465753
2025-08-17,Salmon Fillet,Manual par-level baseline,0.0,150.0,0.0,150.0,54.0,54.0,0.0,0,96.0,0.0,307.20000000000005,0.0,0.0,0,0.2104109589041096,0.0,0.0,0.0,0.2104109589041096
2025-08-17,Seasonal Berries,Manual par-level baseline,30.0,24.0,0.0,54.0,12.0,12.0,0.0,0,42.0,0.0,58.8,0.8571428571428571,0.0,0,0.040273972602739724,0.0,0.0,0.0,0.040273972602739724
2025-08-17,Soft Drinks,Manual par-level baseline,229.0,624.0,0.0,853.0,241.0,241.0,0.0,0,612.0,0.0,244.8,0.0,0.0,0,0.16767123287671234,0.0,0.0,0.0,0.16767123287671234
2025-08-17,Tomatoes,Manual par-level baseline,71.0,336.0,0.0,407.0,114.0,114.0,0.0,0,293.0,0.0,131.85,0.0,0.0,0,0.09030821917808218,0.0,0.0,0.0,0.09030821917808218
2025-08-17,Truffle Oil,Manual par-level baseline,7.0,6.0,0.0,13.0,0.0,0.0,0.0,0,13.0,0.0,110.5,1.2307692307692308,0.0,0,0.07568493150684932,0.0,0.0,0.0,0.07568493150684932
2025-08-17,Vegan Cheese,Manual par-level baseline,24.0,36.0,0.0,60.0,0.0,0.0,0.0,0,60.0,0.0,39.0,1.2,0.0,0,0.02671232876712329,0.0,0.0,0.0,0.02671232876712329
2025-08-18,Bacon,Manual par-level baseline,283.0,0.0,0.0,283.0,57.0,57.0,0.0,0,226.0,40.0,248.60000000000002,1.0,40.0,1,0.17027397260273974,0.0,0.0,0.6578947368421053,0.8281687094448451
2025-08-18,Burger Buns,Manual par-level baseline,333.0,0.0,0.0,333.0,106.0,106.0,0.0,0,227.0,480.0,40.86,1.0,480.0,1,0.027986301369863013,0.0,0.0,0.6578947368421053,0.6858810382119683
2025-08-18,Butter,Manual par-level baseline,144.0,0.0,0.0,144.0,38.0,38.0,0.0,0,106.0,72.0,100.69999999999999,1.0,72.0,1,0.06897260273972602,0.0,0.0,0.6578947368421053,0.7268673395818314
2025-08-18,Cheese Slices,Manual par-level baseline,329.0,0.0,0.0,329.0,79.0,79.0,0.0,0,250.0,250.0,55.0,1.0,250.0,1,0.037671232876712334,0.0,0.0,0.6578947368421053,0.6955659697188177
2025-08-18,Chicken Breast,Manual par-level baseline,303.0,0.0,0.0,303.0,121.0,121.0,0.0,0,182.0,330.0,327.6,1.0,330.0,1,0.2243835616438356,0.0,0.0,0.6578947368421053,0.882278298485941
2025-08-18,Coffee Beans,Manual par-level baseline,131.0,0.0,0.0,131.0,38.0,38.0,0.0,0,93.0,96.0,195.3,1.0,96.0,1,0.13376712328767124,0.0,0.0,0.6578947368421053,0.7916618601297766
2025-08-18,Cooking Oil,Manual par-level baseline,91.0,0.0,0.0,91.0,29.0,29.0,0.0,0,62.0,88.0,99.2,1.0,88.0,1,0.06794520547945207,0.0,0.0,0.6578947368421053,0.7258399423215574
2025-08-18,Eggs,Manual par-level baseline,254.0,0.0,0.0,254.0,77.0,77.0,0.0,0,177.0,150.0,28.32,1.0,150.0,1,0.019397260273972605,0.0,0.0,0.6578947368421053,0.6772919971160779
2025-08-18,Fries (Potatoes),Manual par-level baseline,453.0,0.0,0.0,453.0,146.0,146.0,0.0,0,307.0,500.0,92.1,1.0,500.0,1,0.06308219178082192,0.0,0.0,0.6578947368421053,0.7209769286229273
2025-08-18,Gluten-free Buns,Manual par-level baseline,34.0,0.0,22.0,12.0,0.0,0.0,0.0,0,12.0,48.0,6.6000000000000005,1.0,48.0,1,0.00452054794520548,13.200000000000001,0.0,0.6578947368421053,13.86241528478731
2025-08-18,Lettuce,Manual par-level baseline,301.0,0.0,0.0,301.0,95.0,95.0,0.0,0,206.0,228.0,123.6,1.0,228.0,1,0.08465753424657534,0.0,0.0,0.6578947368421053,0.7425522710886806
2025-08-18,Milk,Manual par-level baseline,296.0,0.0,0.0,296.0,84.0,84.0,0.0,0,212.0,168.0,159.0,1.0,168.0,1,0.10890410958904108,0.0,0.0,0.6578947368421053,0.7667988464311464
2025-08-18,Mushrooms,Manual par-level baseline,109.0,0.0,0.0,109.0,40.0,40.0,0.0,0,69.0,130.0,37.95,1.0,130.0,1,0.025993150684931507,0.0,0.0,0.6578947368421053,0.6838878875270368
2025-08-18,Onions,Manual par-level baseline,248.0,0.0,0.0,248.0,63.0,63.0,0.0,0,185.0,140.0,46.25,1.0,140.0,1,0.031678082191780824,0.0,0.0,0.6578947368421053,0.6895728190338861
2025-08-18,Salmon Fillet,Manual par-level baseline,96.0,0.0,0.0,96.0,40.0,40.0,0.0,0,56.0,126.0,179.20000000000002,1.0,126.0,1,0.12273972602739727,0.0,0.0,0.6578947368421053,0.7806344628695026
2025-08-18,Seasonal Berries,Manual par-level baseline,42.0,0.0,18.0,24.0,0.0,0.0,0.0,0,24.0,12.0,33.599999999999994,1.0,12.0,1,0.023013698630136987,26.099999999999998,0.0,0.6578947368421053,26.78090843547224
2025-08-18,Soft Drinks,Manual par-level baseline,612.0,0.0,0.0,612.0,148.0,148.0,0.0,0,464.0,456.0,185.60000000000002,1.0,456.0,1,0.1271232876712329,0.0,0.0,0.6578947368421053,0.7850180245133382
2025-08-18,Tomatoes,Manual par-level baseline,293.0,0.0,0.0,293.0,95.0,95.0,0.0,0,198.0,252.0,89.10000000000001,1.0,252.0,1,0.06102739726027397,0.0,0.0,0.6578947368421053,0.7189221341023793
2025-08-18,Truffle Oil,Manual par-level baseline,13.0,0.0,0.0,13.0,0.0,0.0,0.0,0,13.0,6.0,110.5,2.230769230769231,6.0,1,0.07568493150684932,0.0,0.0,0.6578947368421053,0.7335796683489546
2025-08-18,Vegan Cheese,Manual par-level baseline,60.0,0.0,0.0,60.0,8.0,8.0,0.0,0,52.0,0.0,33.800000000000004,1.7692307692307692,0.0,1,0.023150684931506852,0.0,0.0,0.0,0.023150684931506852
2025-08-19,Bacon,Manual par-level baseline,226.0,0.0,0.0,226.0,66.0,66.0,0.0,0,160.0,40.0,176.0,2.0,0.0,0,0.12054794520547946,0.0,0.0,0.0,0.12054794520547946
2025-08-19,Burger Buns,Manual par-level baseline,227.0,0.0,0.0,227.0,122.0,122.0,0.0,0,105.0,480.0,18.9,2.0,0.0,0,0.012945205479452054,0.0,0.0,0.0,0.012945205479452054
2025-08-19,Butter,Manual par-level baseline,106.0,0.0,0.0,106.0,35.0,35.0,0.0,0,71.0,72.0,67.45,2.0,0.0,0,0.0461986301369863,0.0,0.0,0.0,0.0461986301369863
2025-08-19,Cheese Slices,Manual par-level baseline,250.0,0.0,0.0,250.0,95.0,95.0,0.0,0,155.0,250.0,34.1,2.0,0.0,0,0.023356164383561646,0.0,0.0,0.0,0.023356164383561646
2025-08-19,Chicken Breast,Manual par-level baseline,182.0,0.0,0.0,182.0,107.0,107.0,0.0,0,75.0,330.0,135.0,2.0,0.0,0,0.09246575342465753,0.0,0.0,0.0,0.09246575342465753
2025-08-19,Coffee Beans,Manual par-level baseline,93.0,0.0,0.0,93.0,46.0,46.0,0.0,0,47.0,96.0,98.7,2.0,0.0,0,0.0676027397260274,0.0,0.0,0.0,0.0676027397260274
2025-08-19,Cooking Oil,Manual par-level baseline,62.0,0.0,0.0,62.0,38.0,38.0,0.0,0,24.0,88.0,38.400000000000006,2.0,0.0,0,0.0263013698630137,0.0,0.0,0.0,0.0263013698630137
2025-08-19,Eggs,Manual par-level baseline,177.0,0.0,0.0,177.0,68.0,68.0,0.0,0,109.0,150.0,17.44,2.0,0.0,0,0.011945205479452055,0.0,0.0,0.0,0.011945205479452055
2025-08-19,Fries (Potatoes),Manual par-level baseline,307.0,0.0,0.0,307.0,204.0,204.0,0.0,0,103.0,500.0,30.9,2.0,0.0,0,0.021164383561643834,0.0,0.0,0.0,0.021164383561643834
2025-08-19,Gluten-free Buns,Manual par-level baseline,12.0,0.0,0.0,12.0,0.0,0.0,0.0,0,12.0,48.0,6.6000000000000005,2.0,0.0,0,0.00452054794520548,0.0,0.0,0.0,0.00452054794520548
2025-08-19,Lettuce,Manual par-level baseline,206.0,0.0,0.0,206.0,91.0,91.0,0.0,0,115.0,228.0,69.0,2.0,0.0,0,0.04726027397260273,0.0,0.0,0.0,0.04726027397260273
2025-08-19,Milk,Manual par-level baseline,212.0,0.0,0.0,212.0,106.0,106.0,0.0,0,106.0,168.0,79.5,2.0,0.0,0,0.05445205479452054,0.0,0.0,0.0,0.05445205479452054
2025-08-19,Mushrooms,Manual par-level baseline,69.0,0.0,0.0,69.0,38.0,38.0,0.0,0,31.0,130.0,17.05,2.0,0.0,0,0.011678082191780823,0.0,0.0,0.0,0.011678082191780823
2025-08-19,Onions,Manual par-level baseline,185.0,0.0,0.0,185.0,62.0,62.0,0.0,0,123.0,140.0,30.75,2.0,0.0,0,0.02106164383561644,0.0,0.0,0.0,0.02106164383561644
2025-08-19,Salmon Fillet,Manual par-level baseline,56.0,0.0,0.0,56.0,46.0,46.0,0.0,0,10.0,126.0,32.0,2.0,0.0,0,0.021917808219178086,0.0,0.0,0.0,0.021917808219178086
2025-08-19,Seasonal Berries,Manual par-level baseline,24.0,0.0,0.0,24.0,9.0,9.0,0.0,0,15.0,12.0,21.0,2.0,0.0,0,0.014383561643835616,0.0,0.0,0.0,0.014383561643835616
2025-08-19,Soft Drinks,Manual par-level baseline,464.0,0.0,0.0,464.0,153.0,153.0,0.0,0,311.0,456.0,124.4,2.0,0.0,0,0.08520547945205481,0.0,0.0,0.0,0.08520547945205481
2025-08-19,Tomatoes,Manual par-level baseline,198.0,0.0,0.0,198.0,96.0,96.0,0.0,0,102.0,252.0,45.9,2.0,0.0,0,0.03143835616438356,0.0,0.0,0.0,0.03143835616438356
2025-08-19,Truffle Oil,Manual par-level baseline,13.0,0.0,0.0,13.0,3.0,3.0,0.0,0,10.0,6.0,85.0,2.8,0.0,0,0.058219178082191785,0.0,0.0,0.0,0.058219178082191785
2025-08-19,Vegan Cheese,Manual par-level baseline,52.0,0.0,0.0,52.0,6.0,6.0,0.0,0,46.0,0.0,29.900000000000002,2.4347826086956523,0.0,0,0.020479452054794522,0.0,0.0,0.0,0.020479452054794522
2025-08-20,Bacon,Manual par-level baseline,160.0,40.0,0.0,200.0,55.0,55.0,0.0,0,145.0,130.0,159.5,2.1724137931034484,130.0,1,0.10924657534246576,0.0,0.0,0.6578947368421053,0.767141312184571
2025-08-20,Burger Buns,Manual par-level baseline,105.0,480.0,105.0,480.0,133.0,133.0,0.0,0,347.0,336.0,62.46,0.0,336.0,1,0.042780821917808215,24.15,0.0,0.6578947368421053,24.850675558759914
2025-08-20,Butter,Manual par-level baseline,71.0,72.0,0.0,143.0,47.0,47.0,0.0,0,96.0,84.0,91.19999999999999,0.75,84.0,1,0.06246575342465753,0.0,0.0,0.6578947368421053,0.7203604902667629
2025-08-20,Cheese Slices,Manual par-level baseline,155.0,250.0,0.0,405.0,95.0,95.0,0.0,0,310.0,150.0,68.2,0.5806451612903226,150.0,1,0.04671232876712329,0.0,0.0,0.6578947368421053,0.7046070656092286
2025-08-20,Chicken Breast,Manual par-level baseline,75.0,330.0,0.0,405.0,163.0,163.0,0.0,0,242.0,220.0,435.6,0.0,220.0,1,0.29835616438356166,0.0,0.0,0.6578947368421053,0.956250901225667
2025-08-20,Coffee Beans,Manual par-level baseline,47.0,96.0,0.0,143.0,35.0,35.0,0.0,0,108.0,84.0,226.8,0.3333333333333333,84.0,1,0.15534246575342467,0.0,0.0,0.6578947368421053,0.81323720259553
2025-08-20,Cooking Oil,Manual par-level baseline,24.0,88.0,0.0,112.0,30.0,30.0,0.0,0,82.0,68.0,131.20000000000002,0.0,68.0,1,0.08986301369863015,0.0,0.0,0.6578947368421053,0.7477577505407355
2025-08-20,Eggs,Manual par-level baseline,109.0,150.0,0.0,259.0,85.0,85.0,0.0,0,174.0,150.0,27.84,0.41379310344827586,150.0,1,0.019068493150684932,0.0,0.0,0.6578947368421053,0.6769632299927902
2025-08-20,Fries (Potatoes),Manual par-level baseline,103.0,500.0,0.0,603.0,151.0,151.0,0.0,0,452.0,360.0,135.6,0.0,360.0,1,0.09287671232876711,0.0,0.0,0.6578947368421053,0.7507714491708725
2025-08-20,Gluten-free Buns,Manual par-level baseline,12.0,48.0,12.0,48.0,9.0,9.0,0.0,0,39.0,12.0,21.450000000000003,0.0,12.0,1,0.01469178082191781,7.200000000000001,0.0,0.6578947368421053,7.872586517664025
2025-08-20,Lettuce,Manual par-level baseline,115.0,228.0,0.0,343.0,86.0,86.0,0.0,0,257.0,192.0,154.2,0.33852140077821014,192.0,1,0.10561643835616438,0.0,0.0,0.6578947368421053,0.7635111751982697
2025-08-20,Milk,Manual par-level baseline,106.0,168.0,0.0,274.0,96.0,96.0,0.0,0,178.0,192.0,133.5,0.16853932584269662,192.0,1,0.09143835616438355,0.0,0.0,0.6578947368421053,0.7493330930064889
2025-08-20,Mushrooms,Manual par-level baseline,31.0,130.0,0.0,161.0,41.0,41.0,0.0,0,120.0,70.0,66.0,0.0,70.0,1,0.045205479452054796,0.0,0.0,0.6578947368421053,0.7031002162941601
2025-08-20,Onions,Manual par-level baseline,123.0,140.0,0.0,263.0,61.0,61.0,0.0,0,202.0,120.0,50.5,0.9207920792079208,120.0,1,0.034589041095890415,0.0,0.0,0.6578947368421053,0.6924837779379958
2025-08-20,Salmon Fillet,Manual par-level baseline,10.0,126.0,10.0,126.0,46.0,46.0,0.0,0,80.0,96.0,256.0,0.0,96.0,1,0.1753424657534247,32.5,0.0,0.6578947368421053,33.33323720259553
2025-08-20,Seasonal Berries,Manual par-level baseline,15.0,12.0,15.0,12.0,13.0,12.0,1.0,1,0.0,24.0,0.0,0.0,24.0,1,0.0,21.75,2.8,0.6578947368421053,25.207894736842107
2025-08-20,Soft Drinks,Manual par-level baseline,311.0,456.0,0.0,767.0,174.0,174.0,0.0,0,593.0,288.0,237.20000000000002,0.6930860033726813,288.0,1,0.16246575342465755,0.0,0.0,0.6578947368421053,0.8203604902667628
2025-08-20,Tomatoes,Manual par-level baseline,102.0,252.0,0.0,354.0,95.0,95.0,0.0,0,259.0,192.0,116.55000000000001,0.08108108108108109,192.0,1,0.07982876712328767,0.0,0.0,0.6578947368421053,0.737723503965393
2025-08-20,Truffle Oil,Manual par-level baseline,10.0,6.0,0.0,16.0,6.0,6.0,0.0,0,10.0,2.0,85.0,1.2,2.0,1,0.058219178082191785,0.0,0.0,0.6578947368421053,0.7161139149242971
2025-08-20,Vegan Cheese,Manual par-level baseline,46.0,0.0,0.0,46.0,0.0,0.0,0.0,0,46.0,0.0,29.900000000000002,3.4347826086956523,0.0,1,0.020479452054794522,0.0,0.0,0.0,0.020479452054794522
2025-08-21,Bacon,Manual par-level baseline,145.0,0.0,0.0,145.0,66.0,66.0,0.0,0,79.0,130.0,86.9,2.481012658227848,0.0,0,0.05952054794520548,0.0,0.0,0.0,0.05952054794520548
2025-08-21,Burger Buns,Manual par-level baseline,347.0,0.0,0.0,347.0,125.0,125.0,0.0,0,222.0,336.0,39.96,1.0,0.0,0,0.02736986301369863,0.0,0.0,0.0,0.02736986301369863
2025-08-21,Butter,Manual par-level baseline,96.0,0.0,0.0,96.0,45.0,45.0,0.0,0,51.0,84.0,48.449999999999996,1.0,0.0,0,0.03318493150684931,0.0,0.0,0.0,0.03318493150684931
2025-08-21,Cheese Slices,Manual par-level baseline,310.0,0.0,0.0,310.0,93.0,93.0,0.0,0,217.0,150.0,47.74,1.0,0.0,0,0.032698630136986304,0.0,0.0,0.0,0.032698630136986304
2025-08-21,Chicken Breast,Manual par-level baseline,242.0,0.0,0.0,242.0,108.0,108.0,0.0,0,134.0,220.0,241.20000000000002,1.0,0.0,0,0.1652054794520548,0.0,0.0,0.0,0.1652054794520548
2025-08-21,Coffee Beans,Manual par-level baseline,108.0,0.0,0.0,108.0,44.0,44.0,0.0,0,64.0,84.0,134.4,1.0,0.0,0,0.09205479452054795,0.0,0.0,0.0,0.09205479452054795
2025-08-21,Cooking Oil,Manual par-level baseline,82.0,0.0,0.0,82.0,34.0,34.0,0.0,0,48.0,68.0,76.80000000000001,1.0,0.0,0,0.0526027397260274,0.0,0.0,0.0,0.0526027397260274
2025-08-21,Eggs,Manual par-level baseline,174.0,0.0,0.0,174.0,64.0,64.0,0.0,0,110.0,150.0,17.6,1.0,0.0,0,0.012054794520547946,0.0,0.0,0.0,0.012054794520547946
2025-08-21,Fries (Potatoes),Manual par-level baseline,452.0,0.0,0.0,452.0,159.0,159.0,0.0,0,293.0,360.0,87.89999999999999,1.0,0.0,0,0.06020547945205479,0.0,0.0,0.0,0.06020547945205479
2025-08-21,Gluten-free Buns,Manual par-level baseline,39.0,0.0,0.0,39.0,0.0,0.0,0.0,0,39.0,12.0,21.450000000000003,1.0,0.0,0,0.01469178082191781,0.0,0.0,0.0,0.01469178082191781
2025-08-21,Lettuce,Manual par-level baseline,257.0,0.0,29.0,228.0,98.0,98.0,0.0,0,130.0,192.0,78.0,1.0,0.0,0,0.05342465753424657,18.849999999999998,0.0,0.0,18.903424657534245
2025-08-21,Milk,Manual par-level baseline,178.0,0.0,0.0,178.0,89.0,89.0,0.0,0,89.0,192.0,66.75,1.0,0.0,0,0.04571917808219177,0.0,0.0,0.0,0.04571917808219177
2025-08-21,Mushrooms,Manual par-level baseline,120.0,0.0,0.0,120.0,56.0,56.0,0.0,0,64.0,70.0,35.2,1.0,0.0,0,0.02410958904109589,0.0,0.0,0.0,0.02410958904109589
2025-08-21,Onions,Manual par-level baseline,202.0,0.0,0.0,202.0,59.0,59.0,0.0,0,143.0,120.0,35.75,1.062937062937063,0.0,0,0.024486301369863014,0.0,0.0,0.0,0.024486301369863014
2025-08-21,Salmon Fillet,Manual par-level baseline,80.0,0.0,0.0,80.0,31.0,31.0,0.0,0,49.0,96.0,156.8,1.0,0.0,0,0.10739726027397262,0.0,0.0,0.0,0.10739726027397262
2025-08-21,Seasonal Berries,Manual par-level baseline,0.0,0.0,0.0,0.0,14.0,0.0,14.0,1,0.0,24.0,0.0,0.0,0.0,0,0.0,0.0,39.199999999999996,0.0,39.199999999999996
2025-08-21,Soft Drinks,Manual par-level baseline,593.0,0.0,0.0,593.0,162.0,162.0,0.0,0,431.0,288.0,172.4,1.0,0.0,0,0.11808219178082194,0.0,0.0,0.0,0.11808219178082194
2025-08-21,Tomatoes,Manual par-level baseline,259.0,0.0,0.0,259.0,93.0,93.0,0.0,0,166.0,192.0,74.7,1.0,0.0,0,0.051164383561643836,0.0,0.0,0.0,0.051164383561643836
2025-08-21,Truffle Oil,Manual par-level baseline,10.0,0.0,0.0,10.0,0.0,0.0,0.0,0,10.0,2.0,85.0,2.2,0.0,0,0.058219178082191785,0.0,0.0,0.0,0.058219178082191785
2025-08-21,Vegan Cheese,Manual par-level baseline,46.0,0.0,0.0,46.0,0.0,0.0,0.0,0,46.0,0.0,29.900000000000002,4.434782608695652,0.0,0,0.020479452054794522,0.0,0.0,0.0,0.020479452054794522
2025-08-22,Bacon,Manual par-level baseline,79.0,130.0,0.0,209.0,89.0,89.0,0.0,0,120.0,200.0,132.0,0.0,200.0,1,0.09041095890410959,0.0,0.0,0.6578947368421053,0.7483056957462149
2025-08-22,Burger Buns,Manual par-level baseline,222.0,336.0,0.0,558.0,190.0,190.0,0.0,0,368.0,432.0,66.24,0.17391304347826086,432.0,1,0.04536986301369863,0.0,0.0,0.6578947368421053,0.7032645998558039
2025-08-22,Butter,Manual par-level baseline,51.0,84.0,0.0,135.0,57.0,57.0,0.0,0,78.0,144.0,74.1,0.0,144.0,1,0.05075342465753425,0.0,0.0,0.6578947368421053,0.7086481614996396
2025-08-22,Cheese Slices,Manual par-level baseline,217.0,150.0,0.0,367.0,177.0,177.0,0.0,0,190.0,350.0,41.8,0.42105263157894735,350.0,1,0.02863013698630137,0.0,0.0,0.6578947368421053,0.6865248738284067
2025-08-22,Chicken Breast,Manual par-level baseline,134.0,220.0,0.0,354.0,175.0,175.0,0.0,0,179.0,440.0,322.2,0.0,440.0,1,0.2206849315068493,0.0,0.0,0.6578947368421053,0.8785796683489546
2025-08-22,Coffee Beans,Manual par-level baseline,64.0,84.0,0.0,148.0,59.0,59.0,0.0,0,89.0,132.0,186.9,0.11235955056179775,132.0,1,0.12801369863013698,0.0,0.0,0.6578947368421053,0.7859084354722423
2025-08-22,Cooking Oil,Manual par-level baseline,48.0,68.0,0.0,116.0,39.0,39.0,0.0,0,77.0,112.0,123.20000000000002,0.23376623376623376,112.0,1,0.08438356164383563,0.0,0.0,0.6578947368421053,0.742278298485941
2025-08-22,Eggs,Manual par-level baseline,110.0,150.0,0.0,260.0,88.0,88.0,0.0,0,172.0,240.0,27.52,0.2558139534883721,240.0,1,0.01884931506849315,0.0,0.0,0.6578947368421053,0.6767440519105985
2025-08-22,Fries (Potatoes),Manual par-level baseline,293.0,360.0,0.0,653.0,225.0,225.0,0.0,0,428.0,540.0,128.4,0.3177570093457944,540.0,1,0.08794520547945205,0.0,0.0,0.6578947368421053,0.7458399423215574
2025-08-22,Gluten-free Buns,Manual par-level baseline,39.0,12.0,0.0,51.0,21.0,21.0,0.0,0,30.0,24.0,16.5,1.2,24.0,1,0.011301369863013699,0.0,0.0,0.6578947368421053,0.669196106705119
2025-08-22,Lettuce,Manual par-level baseline,130.0,192.0,0.0,322.0,125.0,125.0,0.0,0,197.0,336.0,118.19999999999999,0.050761421319796954,336.0,1,0.08095890410958903,0.0,0.0,0.6578947368421053,0.7388536409516944
2025-08-22,Milk,Manual par-level baseline,89.0,192.0,0.0,281.0,97.0,97.0,0.0,0,184.0,300.0,138.0,0.0,300.0,1,0.09452054794520547,0.0,0.0,0.6578947368421053,0.7524152847873108
2025-08-22,Mushrooms,Manual par-level baseline,64.0,70.0,0.0,134.0,64.0,64.0,0.0,0,70.0,150.0,38.5,0.0,150.0,1,0.026369863013698633,0.0,0.0,0.6578947368421053,0.6842645998558039
2025-08-22,Onions,Manual par-level baseline,143.0,120.0,0.0,263.0,88.0,88.0,0.0,0,175.0,220.0,43.75,0.6285714285714286,220.0,1,0.029965753424657536,0.0,0.0,0.6578947368421053,0.6878604902667629
2025-08-22,Salmon Fillet,Manual par-level baseline,49.0,96.0,0.0,145.0,67.0,67.0,0.0,0,78.0,132.0,249.60000000000002,0.0,132.0,1,0.17095890410958905,0.0,0.0,0.6578947368421053,0.8288536409516943
2025-08-22,Seasonal Berries,Manual par-level baseline,0.0,24.0,0.0,24.0,16.0,16.0,0.0,0,8.0,24.0,11.2,0.0,24.0,1,0.007671232876712329,0.0,0.0,0.6578947368421053,0.6655659697188177
2025-08-22,Soft Drinks,Manual par-level baseline,431.0,288.0,0.0,719.0,218.0,218.0,0.0,0,501.0,600.0,200.4,0.8502994011976048,600.0,1,0.13726027397260276,0.0,0.0,0.6578947368421053,0.7951550108147081
2025-08-22,Tomatoes,Manual par-level baseline,166.0,192.0,0.0,358.0,104.0,104.0,0.0,0,254.0,324.0,114.30000000000001,0.4881889763779528,324.0,1,0.07828767123287671,0.0,0.0,0.6578947368421053,0.736182408074982
2025-08-22,Truffle Oil,Manual par-level baseline,10.0,2.0,0.0,12.0,0.0,0.0,0.0,0,12.0,12.0,102.0,2.6666666666666665,12.0,1,0.06986301369863014,0.0,0.0,0.6578947368421053,0.7277577505407354
2025-08-22,Vegan Cheese,Manual par-level baseline,46.0,0.0,0.0,46.0,10.0,10.0,0.0,0,36.0,0.0,23.400000000000002,5.0,0.0,1,0.016027397260273975,0.0,0.0,0.0,0.016027397260273975
2025-08-23,Bacon,Manual par-level baseline,120.0,0.0,0.0,120.0,76.0,76.0,0.0,0,44.0,200.0,48.400000000000006,1.0,0.0,0,0.03315068493150685,0.0,0.0,0.0,0.03315068493150685
2025-08-23,Burger Buns,Manual par-level baseline,368.0,0.0,32.0,336.0,203.0,203.0,0.0,0,133.0,432.0,23.939999999999998,1.0,0.0,0,0.016397260273972602,7.359999999999999,0.0,0.0,7.376397260273972
2025-08-23,Butter,Manual par-level baseline,78.0,0.0,0.0,78.0,50.0,50.0,0.0,0,28.0,144.0,26.599999999999998,1.0,0.0,0,0.01821917808219178,0.0,0.0,0.0,0.01821917808219178
2025-08-23,Cheese Slices,Manual par-level baseline,190.0,0.0,0.0,190.0,153.0,153.0,0.0,0,37.0,350.0,8.14,1.0,0.0,0,0.005575342465753425,0.0,0.0,0.0,0.005575342465753425
2025-08-23,Chicken Breast,Manual par-level baseline,179.0,0.0,0.0,179.0,145.0,145.0,0.0,0,34.0,440.0,61.2,1.0,0.0,0,0.04191780821917808,0.0,0.0,0.0,0.04191780821917808
2025-08-23,Coffee Beans,Manual par-level baseline,89.0,0.0,0.0,89.0,26.0,26.0,0.0,0,63.0,132.0,132.3,1.0,0.0,0,0.09061643835616438,0.0,0.0,0.0,0.09061643835616438
2025-08-23,Cooking Oil,Manual par-level baseline,77.0,0.0,0.0,77.0,34.0,34.0,0.0,0,43.0,112.0,68.8,1.0,0.0,0,0.04712328767123288,0.0,0.0,0.0,0.04712328767123288
2025-08-23,Eggs,Manual par-level baseline,172.0,0.0,0.0,172.0,124.0,124.0,0.0,0,48.0,240.0,7.68,1.0,0.0,0,0.00526027397260274,0.0,0.0,0.0,0.00526027397260274
2025-08-23,Fries (Potatoes),Manual par-level baseline,428.0,0.0,0.0,428.0,236.0,236.0,0.0,0,192.0,540.0,57.599999999999994,1.0,0.0,0,0.03945205479452055,0.0,0.0,0.0,0.03945205479452055
2025-08-23,Gluten-free Buns,Manual par-level baseline,30.0,0.0,18.0,12.0,0.0,0.0,0.0,0,12.0,24.0,6.6000000000000005,1.0,0.0,0,0.00452054794520548,10.8,0.0,0.0,10.804520547945206
2025-08-23,Lettuce,Manual par-level baseline,197.0,0.0,0.0,197.0,129.0,129.0,0.0,0,68.0,336.0,40.8,1.0,0.0,0,0.02794520547945205,0.0,0.0,0.0,0.02794520547945205
2025-08-23,Milk,Manual par-level baseline,184.0,0.0,0.0,184.0,113.0,113.0,0.0,0,71.0,300.0,53.25,1.0,0.0,0,0.03647260273972602,0.0,0.0,0.0,0.03647260273972602
2025-08-23,Mushrooms,Manual par-level baseline,70.0,0.0,0.0,70.0,74.0,70.0,4.0,1,0.0,150.0,0.0,0.0,0.0,0,0.0,0.0,4.4,0.0,4.4
2025-08-23,Onions,Manual par-level baseline,175.0,0.0,0.0,175.0,84.0,84.0,0.0,0,91.0,220.0,22.75,1.0,0.0,0,0.015582191780821918,0.0,0.0,0.0,0.015582191780821918
2025-08-23,Salmon Fillet,Manual par-level baseline,78.0,0.0,0.0,78.0,61.0,61.0,0.0,0,17.0,132.0,54.400000000000006,1.0,0.0,0,0.037260273972602745,0.0,0.0,0.0,0.037260273972602745
2025-08-23,Seasonal Berries,Manual par-level baseline,8.0,0.0,0.0,8.0,0.0,0.0,0.0,0,8.0,24.0,11.2,1.0,0.0,0,0.007671232876712329,0.0,0.0,0.0,0.007671232876712329
2025-08-23,Soft Drinks,Manual par-level baseline,501.0,0.0,0.0,501.0,281.0,281.0,0.0,0,220.0,600.0,88.0,1.0,0.0,0,0.060273972602739735,0.0,0.0,0.0,0.060273972602739735
2025-08-23,Tomatoes,Manual par-level baseline,254.0,0.0,0.0,254.0,137.0,137.0,0.0,0,117.0,324.0,52.65,1.0,0.0,0,0.036061643835616435,0.0,0.0,0.0,0.036061643835616435
2025-08-23,Truffle Oil,Manual par-level baseline,12.0,0.0,0.0,12.0,0.0,0.0,0.0,0,12.0,12.0,102.0,3.6666666666666665,0.0,0,0.06986301369863014,0.0,0.0,0.0,0.06986301369863014
2025-08-23,Vegan Cheese,Manual par-level baseline,36.0,0.0,0.0,36.0,0.0,0.0,0.0,0,36.0,0.0,23.400000000000002,6.0,0.0,0,0.016027397260273975,0.0,0.0,0.0,0.016027397260273975
2025-08-24,Bacon,Manual par-level baseline,44.0,200.0,0.0,244.0,97.0,97.0,0.0,0,147.0,0.0,161.70000000000002,0.0,0.0,0,0.11075342465753425,0.0,0.0,0.0,0.11075342465753425
2025-08-24,Burger Buns,Manual par-level baseline,133.0,432.0,0.0,565.0,182.0,182.0,0.0,0,383.0,0.0,68.94,0.0,0.0,0,0.04721917808219178,0.0,0.0,0.0,0.04721917808219178
2025-08-24,Butter,Manual par-level baseline,28.0,144.0,0.0,172.0,53.0,53.0,0.0,0,119.0,0.0,113.05,0.0,0.0,0,0.07743150684931507,0.0,0.0,0.0,0.07743150684931507
2025-08-24,Cheese Slices,Manual par-level baseline,37.0,350.0,0.0,387.0,131.0,131.0,0.0,0,256.0,0.0,56.32,0.0,0.0,0,0.03857534246575343,0.0,0.0,0.0,0.03857534246575343
2025-08-24,Chicken Breast,Manual par-level baseline,34.0,440.0,0.0,474.0,147.0,147.0,0.0,0,327.0,0.0,588.6,0.0,0.0,0,0.40315068493150685,0.0,0.0,0.0,0.40315068493150685
2025-08-24,Coffee Beans,Manual par-level baseline,63.0,132.0,0.0,195.0,48.0,48.0,0.0,0,147.0,0.0,308.7,0.20408163265306123,0.0,0,0.21143835616438356,0.0,0.0,0.0,0.21143835616438356
2025-08-24,Cooking Oil,Manual par-level baseline,43.0,112.0,0.0,155.0,39.0,39.0,0.0,0,116.0,0.0,185.60000000000002,0.06896551724137931,0.0,0,0.1271232876712329,0.0,0.0,0.0,0.1271232876712329
2025-08-24,Eggs,Manual par-level baseline,48.0,240.0,0.0,288.0,96.0,96.0,0.0,0,192.0,0.0,30.72,0.0,0.0,0,0.02104109589041096,0.0,0.0,0.0,0.02104109589041096
2025-08-24,Fries (Potatoes),Manual par-level baseline,192.0,540.0,0.0,732.0,232.0,232.0,0.0,0,500.0,0.0,150.0,0.0,0.0,0,0.10273972602739725,0.0,0.0,0.0,0.10273972602739725
2025-08-24,Gluten-free Buns,Manual par-level baseline,12.0,24.0,0.0,36.0,19.0,19.0,0.0,0,17.0,0.0,9.350000000000001,0.0,0.0,0,0.006404109589041096,0.0,0.0,0.0,0.006404109589041096
2025-08-24,Lettuce,Manual par-level baseline,68.0,336.0,0.0,404.0,131.0,131.0,0.0,0,273.0,0.0,163.79999999999998,0.0,0.0,0,0.1121917808219178,0.0,0.0,0.0,0.1121917808219178
2025-08-24,Milk,Manual par-level baseline,71.0,300.0,0.0,371.0,111.0,111.0,0.0,0,260.0,0.0,195.0,0.0,0.0,0,0.13356164383561642,0.0,0.0,0.0,0.13356164383561642
2025-08-24,Mushrooms,Manual par-level baseline,0.0,150.0,0.0,150.0,0.0,0.0,0.0,0,150.0,0.0,82.5,0.0,0.0,0,0.0565068493150685,0.0,0.0,0.0,0.0565068493150685
2025-08-24,Onions,Manual par-level baseline,91.0,220.0,0.0,311.0,78.0,78.0,0.0,0,233.0,0.0,58.25,0.11158798283261803,0.0,0,0.039897260273972605,0.0,0.0,0.0,0.039897260273972605
2025-08-24,Salmon Fillet,Manual par-level baseline,17.0,132.0,0.0,149.0,83.0,83.0,0.0,0,66.0,0.0,211.20000000000002,0.0,0.0,0,0.14465753424657535,0.0,0.0,0.0,0.14465753424657535
2025-08-24,Seasonal Berries,Manual par-level baseline,8.0,24.0,0.0,32.0,0.0,0.0,0.0,0,32.0,0.0,44.8,0.5,0.0,0,0.030684931506849315,0.0,0.0,0.0,0.030684931506849315
2025-08-24,Soft Drinks,Manual par-level baseline,220.0,600.0,0.0,820.0,266.0,266.0,0.0,0,554.0,0.0,221.60000000000002,0.0,0.0,0,0.15178082191780823,0.0,0.0,0.0,0.15178082191780823
2025-08-24,Tomatoes,Manual par-level baseline,117.0,324.0,0.0,441.0,110.0,110.0,0.0,0,331.0,0.0,148.95000000000002,0.04229607250755287,0.0,0,0.10202054794520547,0.0,0.0,0.0,0.10202054794520547
2025-08-24,Truffle Oil,Manual par-level baseline,12.0,12.0,0.0,24.0,17.0,17.0,0.0,0,7.0,0.0,59.5,0.0,0.0,0,0.040753424657534246,0.0,0.0,0.0,0.040753424657534246
2025-08-24,Vegan Cheese,Manual par-level baseline,36.0,0.0,0.0,36.0,9.0,9.0,0.0,0,27.0,0.0,17.55,7.0,0.0,0,0.012020547945205481,0.0,0.0,0.0,0.012020547945205481
2025-08-25,Bacon,Manual par-level baseline,147.0,0.0,0.0,147.0,85.0,85.0,0.0,0,62.0,180.0,68.2,1.0,180.0,1,0.04671232876712329,0.0,0.0,0.625,0.6717123287671233
2025-08-25,Burger Buns,Manual par-level baseline,383.0,0.0,0.0,383.0,228.0,228.0,0.0,0,155.0,384.0,27.9,1.0,384.0,1,0.01910958904109589,0.0,0.0,0.625,0.6441095890410959
2025-08-25,Butter,Manual par-level baseline,119.0,0.0,0.0,119.0,48.0,48.0,0.0,0,71.0,108.0,67.45,1.0,108.0,1,0.0461986301369863,0.0,0.0,0.625,0.6711986301369863
2025-08-25,Cheese Slices,Manual par-level baseline,256.0,0.0,0.0,256.0,128.0,128.0,0.0,0,128.0,300.0,28.16,1.0,300.0,1,0.019287671232876714,0.0,0.0,0.625,0.6442876712328767
2025-08-25,Chicken Breast,Manual par-level baseline,327.0,0.0,0.0,327.0,140.0,140.0,0.0,0,187.0,300.0,336.6,1.0,300.0,1,0.23054794520547944,0.0,0.0,0.625,0.8555479452054795
2025-08-25,Coffee Beans,Manual par-level baseline,147.0,0.0,0.0,147.0,36.0,36.0,0.0,0,111.0,72.0,233.10000000000002,1.0,72.0,1,0.15965753424657533,0.0,0.0,0.625,0.7846575342465754
2025-08-25,Cooking Oil,Manual par-level baseline,116.0,0.0,0.0,116.0,37.0,37.0,0.0,0,79.0,64.0,126.4,1.0,64.0,1,0.08657534246575344,0.0,0.0,0.625,0.7115753424657534
2025-08-25,Eggs,Manual par-level baseline,192.0,0.0,0.0,192.0,79.0,79.0,0.0,0,113.0,210.0,18.080000000000002,1.0,210.0,1,0.012383561643835616,0.0,0.0,0.625,0.6373835616438356
2025-08-25,Fries (Potatoes),Manual par-level baseline,500.0,0.0,0.0,500.0,182.0,182.0,0.0,0,318.0,460.0,95.39999999999999,1.0,460.0,1,0.06534246575342466,0.0,0.0,0.625,0.6903424657534246
2025-08-25,Gluten-free Buns,Manual par-level baseline,17.0,0.0,0.0,17.0,21.0,17.0,4.0,1,0.0,36.0,0.0,0.0,36.0,1,0.0,0.0,4.4,0.625,5.025
2025-08-25,Lettuce,Manual par-level baseline,273.0,0.0,0.0,273.0,119.0,119.0,0.0,0,154.0,252.0,92.39999999999999,1.0,252.0,1,0.06328767123287671,0.0,0.0,0.625,0.6882876712328767
2025-08-25,Milk,Manual par-level baseline,260.0,0.0,0.0,260.0,76.0,76.0,0.0,0,184.0,204.0,138.0,1.0,204.0,1,0.09452054794520547,0.0,0.0,0.625,0.7195205479452055
2025-08-25,Mushrooms,Manual par-level baseline,150.0,0.0,0.0,150.0,42.0,42.0,0.0,0,108.0,70.0,59.400000000000006,1.0,70.0,1,0.04068493150684932,0.0,0.0,0.625,0.6656849315068494
2025-08-25,Onions,Manual par-level baseline,233.0,0.0,0.0,233.0,85.0,85.0,0.0,0,148.0,160.0,37.0,1.0,160.0,1,0.025342465753424658,0.0,0.0,0.625,0.6503424657534247
2025-08-25,Salmon Fillet,Manual par-level baseline,66.0,0.0,0.0,66.0,48.0,48.0,0.0,0,18.0,162.0,57.6,1.0,162.0,1,0.039452054794520554,0.0,0.0,0.625,0.6644520547945205
2025-08-25,Seasonal Berries,Manual par-level baseline,32.0,0.0,8.0,24.0,11.0,11.0,0.0,0,13.0,6.0,18.2,1.0,6.0,1,0.012465753424657534,11.6,0.0,0.625,12.237465753424658
2025-08-25,Soft Drinks,Manual par-level baseline,554.0,0.0,0.0,554.0,228.0,228.0,0.0,0,326.0,480.0,130.4,1.0,480.0,1,0.0893150684931507,0.0,0.0,0.625,0.7143150684931507
2025-08-25,Tomatoes,Manual par-level baseline,331.0,0.0,0.0,331.0,133.0,133.0,0.0,0,198.0,192.0,89.10000000000001,1.0,192.0,1,0.06102739726027397,0.0,0.0,0.625,0.686027397260274
2025-08-25,Truffle Oil,Manual par-level baseline,7.0,0.0,0.0,7.0,10.0,7.0,3.0,1,0.0,12.0,0.0,0.0,12.0,1,0.0,0.0,51.0,0.625,51.625
2025-08-25,Vegan Cheese,Manual par-level baseline,27.0,0.0,0.0,27.0,12.0,12.0,0.0,0,15.0,12.0,9.75,8.0,12.0,1,0.006678082191780822,0.0,0.0,0.625,0.6316780821917808
2025-08-26,Bacon,Manual par-level baseline,62.0,0.0,0.0,62.0,55.0,55.0,0.0,0,7.0,180.0,7.700000000000001,2.0,0.0,0,0.005273972602739726,0.0,0.0,0.0,0.005273972602739726
2025-08-26,Burger Buns,Manual par-level baseline,155.0,0.0,0.0,155.0,108.0,108.0,0.0,0,47.0,384.0,8.459999999999999,2.0,0.0,0,0.005794520547945206,0.0,0.0,0.0,0.005794520547945206
2025-08-26,Butter,Manual par-level baseline,71.0,0.0,0.0,71.0,33.0,33.0,0.0,0,38.0,108.0,36.1,2.0,0.0,0,0.024726027397260274,0.0,0.0,0.0,0.024726027397260274
2025-08-26,Cheese Slices,Manual par-level baseline,128.0,0.0,0.0,128.0,76.0,76.0,0.0,0,52.0,300.0,11.44,2.0,0.0,0,0.007835616438356166,0.0,0.0,0.0,0.007835616438356166
2025-08-26,Chicken Breast,Manual par-level baseline,187.0,0.0,0.0,187.0,78.0,78.0,0.0,0,109.0,300.0,196.20000000000002,2.0,0.0,0,0.1343835616438356,0.0,0.0,0.0,0.1343835616438356
2025-08-26,Coffee Beans,Manual par-level baseline,111.0,0.0,0.0,111.0,31.0,31.0,0.0,0,80.0,72.0,168.0,2.0,0.0,0,0.11506849315068493,0.0,0.0,0.0,0.11506849315068493
2025-08-26,Cooking Oil,Manual par-level baseline,79.0,0.0,0.0,79.0,22.0,22.0,0.0,0,57.0,64.0,91.2,2.0,0.0,0,0.062465753424657544,0.0,0.0,0.0,0.062465753424657544
2025-08-26,Eggs,Manual par-level baseline,113.0,0.0,0.0,113.0,57.0,57.0,0.0,0,56.0,210.0,8.96,2.0,0.0,0,0.006136986301369864,0.0,0.0,0.0,0.006136986301369864
2025-08-26,Fries (Potatoes),Manual par-level baseline,318.0,0.0,0.0,318.0,156.0,156.0,0.0,0,162.0,460.0,48.6,2.0,0.0,0,0.03328767123287671,0.0,0.0,0.0,0.03328767123287671
2025-08-26,Gluten-free Buns,Manual par-level baseline,0.0,0.0,0.0,0.0,10.0,0.0,10.0,1,0.0,36.0,0.0,0.0,0.0,0,0.0,0.0,11.0,0.0,11.0
2025-08-26,Lettuce,Manual par-level baseline,154.0,0.0,0.0,154.0,80.0,80.0,0.0,0,74.0,252.0,44.4,2.0,0.0,0,0.030410958904109588,0.0,0.0,0.0,0.030410958904109588
2025-08-26,Milk,Manual par-level baseline,184.0,0.0,0.0,184.0,87.0,87.0,0.0,0,97.0,204.0,72.75,2.0,0.0,0,0.04982876712328767,0.0,0.0,0.0,0.04982876712328767
2025-08-26,Mushrooms,Manual par-level baseline,108.0,0.0,0.0,108.0,42.0,42.0,0.0,0,66.0,70.0,36.300000000000004,2.0,0.0,0,0.024863013698630136,0.0,0.0,0.0,0.024863013698630136
2025-08-26,Onions,Manual par-level baseline,148.0,0.0,0.0,148.0,63.0,63.0,0.0,0,85.0,160.0,21.25,2.0,0.0,0,0.014554794520547946,0.0,0.0,0.0,0.014554794520547946
2025-08-26,Salmon Fillet,Manual par-level baseline,18.0,0.0,0.0,18.0,44.0,18.0,26.0,1,0.0,162.0,0.0,0.0,0.0,0,0.0,0.0,166.4,0.0,166.4
2025-08-26,Seasonal Berries,Manual par-level baseline,13.0,0.0,0.0,13.0,9.0,9.0,0.0,0,4.0,6.0,5.6,2.0,0.0,0,0.0038356164383561643,0.0,0.0,0.0,0.0038356164383561643
2025-08-26,Soft Drinks,Manual par-level baseline,326.0,0.0,0.0,326.0,150.0,150.0,0.0,0,176.0,480.0,70.4,2.0,0.0,0,0.04821917808219179,0.0,0.0,0.0,0.04821917808219179
2025-08-26,Tomatoes,Manual par-level baseline,198.0,0.0,0.0,198.0,82.0,82.0,0.0,0,116.0,192.0,52.2,2.0,0.0,0,0.03575342465753425,0.0,0.0,0.0,0.03575342465753425
2025-08-26,Truffle Oil,Manual par-level baseline,0.0,0.0,0.0,0.0,6.0,0.0,6.0,1,0.0,12.0,0.0,0.0,0.0,0,0.0,0.0,102.0,0.0,102.0
2025-08-26,Vegan Cheese,Manual par-level baseline,15.0,0.0,0.0,15.0,13.0,13.0,0.0,0,2.0,12.0,1.3,9.0,0.0,0,0.0008904109589041097,0.0,0.0,0.0,0.0008904109589041097
2025-08-27,Bacon,Manual par-level baseline,7.0,180.0,0.0,187.0,49.0,49.0,0.0,0,138.0,150.0,151.8,0.0,150.0,1,0.10397260273972603,0.0,0.0,0.625,0.7289726027397261
2025-08-27,Burger Buns,Manual par-level baseline,47.0,384.0,47.0,384.0,154.0,154.0,0.0,0,230.0,432.0,41.4,0.0,432.0,1,0.028356164383561644,10.809999999999999,0.0,0.625,11.46335616438356
2025-08-27,Butter,Manual par-level baseline,38.0,108.0,0.0,146.0,60.0,60.0,0.0,0,86.0,72.0,81.7,0.0,72.0,1,0.05595890410958904,0.0,0.0,0.625,0.680958904109589
2025-08-27,Cheese Slices,Manual par-level baseline,52.0,300.0,0.0,352.0,100.0,100.0,0.0,0,252.0,200.0,55.44,0.0,200.0,1,0.03797260273972603,0.0,0.0,0.625,0.662972602739726
2025-08-27,Chicken Breast,Manual par-level baseline,109.0,300.0,0.0,409.0,127.0,127.0,0.0,0,282.0,220.0,507.6,0.0,220.0,1,0.3476712328767123,0.0,0.0,0.625,0.9726712328767123
2025-08-27,Coffee Beans,Manual par-level baseline,80.0,72.0,0.0,152.0,43.0,43.0,0.0,0,109.0,66.0,228.90000000000003,1.018348623853211,66.0,1,0.15678082191780823,0.0,0.0,0.625,0.7817808219178082
2025-08-27,Cooking Oil,Manual par-level baseline,57.0,64.0,0.0,121.0,30.0,30.0,0.0,0,91.0,60.0,145.60000000000002,0.8901098901098901,60.0,1,0.09972602739726029,0.0,0.0,0.625,0.7247260273972603
2025-08-27,Eggs,Manual par-level baseline,56.0,210.0,0.0,266.0,76.0,76.0,0.0,0,190.0,150.0,30.400000000000002,0.0,150.0,1,0.020821917808219178,0.0,0.0,0.625,0.6458219178082192
2025-08-27,Fries (Potatoes),Manual par-level baseline,162.0,460.0,0.0,622.0,193.0,193.0,0.0,0,429.0,340.0,128.7,0.0,340.0,1,0.08815068493150684,0.0,0.0,0.625,0.7131506849315068
2025-08-27,Gluten-free Buns,Manual par-level baseline,0.0,36.0,0.0,36.0,15.0,15.0,0.0,0,21.0,24.0,11.55,0.0,24.0,1,0.007910958904109588,0.0,0.0,0.625,0.6329109589041095
2025-08-27,Lettuce,Manual par-level baseline,74.0,252.0,0.0,326.0,108.0,108.0,0.0,0,218.0,204.0,130.79999999999998,0.0,204.0,1,0.0895890410958904,0.0,0.0,0.625,0.7145890410958904
2025-08-27,Milk,Manual par-level baseline,97.0,204.0,0.0,301.0,92.0,92.0,0.0,0,209.0,168.0,156.75,0.07177033492822966,168.0,1,0.10736301369863013,0.0,0.0,0.625,0.7323630136986301
2025-08-27,Mushrooms,Manual par-level baseline,66.0,70.0,0.0,136.0,39.0,39.0,0.0,0,97.0,90.0,53.35,0.8350515463917526,90.0,1,0.03654109589041096,0.0,0.0,0.625,0.661541095890411
2025-08-27,Onions,Manual par-level baseline,85.0,160.0,0.0,245.0,46.0,46.0,0.0,0,199.0,140.0,49.75,0.5879396984924623,140.0,1,0.03407534246575342,0.0,0.0,0.625,0.6590753424657534
2025-08-27,Salmon Fillet,Manual par-level baseline,0.0,162.0,0.0,162.0,34.0,34.0,0.0,0,128.0,78.0,409.6,0.0,78.0,1,0.2805479452054795,0.0,0.0,0.625,0.9055479452054795
2025-08-27,Seasonal Berries,Manual par-level baseline,4.0,6.0,4.0,6.0,12.0,6.0,6.0,1,0.0,30.0,0.0,0.0,30.0,1,0.0,5.8,16.799999999999997,0.625,23.224999999999998
2025-08-27,Soft Drinks,Manual par-level baseline,176.0,480.0,0.0,656.0,144.0,144.0,0.0,0,512.0,384.0,204.8,0.1875,384.0,1,0.14027397260273974,0.0,0.0,0.625,0.7652739726027398
2025-08-27,Tomatoes,Manual par-level baseline,116.0,192.0,0.0,308.0,99.0,99.0,0.0,0,209.0,228.0,94.05000000000001,0.24401913875598086,228.0,1,0.06441780821917809,0.0,0.0,0.625,0.6894178082191781
2025-08-27,Truffle Oil,Manual par-level baseline,0.0,12.0,0.0,12.0,6.0,6.0,0.0,0,6.0,8.0,51.0,0.0,8.0,1,0.03493150684931507,0.0,0.0,0.625,0.6599315068493151
2025-08-27,Vegan Cheese,Manual par-level baseline,2.0,12.0,0.0,14.0,0.0,0.0,0.0,0,14.0,24.0,9.100000000000001,1.4285714285714286,24.0,1,0.006232876712328767,0.0,0.0,0.625,0.6312328767123287
2025-08-28,Bacon,Manual par-level baseline,138.0,0.0,0.0,138.0,61.0,61.0,0.0,0,77.0,150.0,84.7,1.0,0.0,0,0.05801369863013699,0.0,0.0,0.0,0.05801369863013699
2025-08-28,Burger Buns,Manual par-level baseline,230.0,0.0,0.0,230.0,117.0,117.0,0.0,0,113.0,432.0,20.34,1.0,0.0,0,0.013931506849315068,0.0,0.0,0.0,0.013931506849315068
2025-08-28,Butter,Manual par-level baseline,86.0,0.0,0.0,86.0,38.0,38.0,0.0,0,48.0,72.0,45.599999999999994,1.0,0.0,0,0.031232876712328765,0.0,0.0,0.0,0.031232876712328765
2025-08-28,Cheese Slices,Manual par-level baseline,252.0,0.0,0.0,252.0,84.0,84.0,0.0,0,168.0,200.0,36.96,1.0,0.0,0,0.025315068493150687,0.0,0.0,0.0,0.025315068493150687
2025-08-28,Chicken Breast,Manual par-level baseline,282.0,0.0,0.0,282.0,102.0,102.0,0.0,0,180.0,220.0,324.0,1.0,0.0,0,0.2219178082191781,0.0,0.0,0.0,0.2219178082191781
2025-08-28,Coffee Beans,Manual par-level baseline,109.0,0.0,0.0,109.0,40.0,40.0,0.0,0,69.0,66.0,144.9,1.0,0.0,0,0.09924657534246575,0.0,0.0,0.0,0.09924657534246575
2025-08-28,Cooking Oil,Manual par-level baseline,91.0,0.0,0.0,91.0,36.0,36.0,0.0,0,55.0,60.0,88.0,1.0,0.0,0,0.060273972602739735,0.0,0.0,0.0,0.060273972602739735
2025-08-28,Eggs,Manual par-level baseline,190.0,0.0,0.0,190.0,60.0,60.0,0.0,0,130.0,150.0,20.8,1.0,0.0,0,0.014246575342465755,0.0,0.0,0.0,0.014246575342465755
2025-08-28,Fries (Potatoes),Manual par-level baseline,429.0,0.0,0.0,429.0,163.0,163.0,0.0,0,266.0,340.0,79.8,1.0,0.0,0,0.05465753424657534,0.0,0.0,0.0,0.05465753424657534
2025-08-28,Gluten-free Buns,Manual par-level baseline,21.0,0.0,0.0,21.0,9.0,9.0,0.0,0,12.0,24.0,6.6000000000000005,1.0,0.0,0,0.00452054794520548,0.0,0.0,0.0,0.00452054794520548
2025-08-28,Lettuce,Manual par-level baseline,218.0,0.0,0.0,218.0,98.0,98.0,0.0,0,120.0,204.0,72.0,1.0,0.0,0,0.049315068493150684,0.0,0.0,0.0,0.049315068493150684
2025-08-28,Milk,Manual par-level baseline,209.0,0.0,0.0,209.0,95.0,95.0,0.0,0,114.0,168.0,85.5,1.0,0.0,0,0.058561643835616434,0.0,0.0,0.0,0.058561643835616434
2025-08-28,Mushrooms,Manual par-level baseline,97.0,0.0,0.0,97.0,46.0,46.0,0.0,0,51.0,90.0,28.05,1.0,0.0,0,0.01921232876712329,0.0,0.0,0.0,0.01921232876712329
2025-08-28,Onions,Manual par-level baseline,199.0,0.0,0.0,199.0,54.0,54.0,0.0,0,145.0,140.0,36.25,1.0,0.0,0,0.02482876712328767,0.0,0.0,0.0,0.02482876712328767
2025-08-28,Salmon Fillet,Manual par-level baseline,128.0,0.0,0.0,128.0,35.0,35.0,0.0,0,93.0,78.0,297.6,1.0,0.0,0,0.20383561643835618,0.0,0.0,0.0,0.20383561643835618
2025-08-28,Seasonal Berries,Manual par-level baseline,0.0,0.0,0.0,0.0,9.0,0.0,9.0,1,0.0,30.0,0.0,0.0,0.0,0,0.0,0.0,25.2,0.0,25.2
2025-08-28,Soft Drinks,Manual par-level baseline,512.0,0.0,0.0,512.0,173.0,173.0,0.0,0,339.0,384.0,135.6,1.0,0.0,0,0.09287671232876714,0.0,0.0,0.0,0.09287671232876714
2025-08-28,Tomatoes,Manual par-level baseline,209.0,0.0,0.0,209.0,108.0,108.0,0.0,0,101.0,228.0,45.45,1.0,0.0,0,0.03113013698630137,0.0,0.0,0.0,0.03113013698630137
2025-08-28,Truffle Oil,Manual par-level baseline,6.0,0.0,0.0,6.0,0.0,0.0,0.0,0,6.0,8.0,51.0,1.0,0.0,0,0.03493150684931507,0.0,0.0,0.0,0.03493150684931507
2025-08-28,Vegan Cheese,Manual par-level baseline,14.0,0.0,0.0,14.0,7.0,7.0,0.0,0,7.0,24.0,4.55,1.0,0.0,0,0.0031164383561643836,0.0,0.0,0.0,0.0031164383561643836
2025-08-29,Bacon,Manual par-level baseline,77.0,150.0,0.0,227.0,67.0,67.0,0.0,0,160.0,190.0,176.0,0.125,190.0,1,0.12054794520547946,0.0,0.0,0.625,0.7455479452054794
2025-08-29,Burger Buns,Manual par-level baseline,113.0,432.0,0.0,545.0,191.0,191.0,0.0,0,354.0,432.0,63.72,0.0,432.0,1,0.04364383561643836,0.0,0.0,0.625,0.6686438356164384
2025-08-29,Butter,Manual par-level baseline,48.0,72.0,0.0,120.0,50.0,50.0,0.0,0,70.0,156.0,66.5,0.0,156.0,1,0.04554794520547945,0.0,0.0,0.625,0.6705479452054794
2025-08-29,Cheese Slices,Manual par-level baseline,168.0,200.0,0.0,368.0,123.0,123.0,0.0,0,245.0,350.0,53.9,0.3673469387755102,350.0,1,0.03691780821917808,0.0,0.0,0.625,0.6619178082191781
2025-08-29,Chicken Breast,Manual par-level baseline,180.0,220.0,0.0,400.0,168.0,168.0,0.0,0,232.0,390.0,417.6,0.10344827586206896,390.0,1,0.286027397260274,0.0,0.0,0.625,0.911027397260274
2025-08-29,Coffee Beans,Manual par-level baseline,69.0,66.0,0.0,135.0,44.0,44.0,0.0,0,91.0,132.0,191.1,0.5494505494505495,132.0,1,0.1308904109589041,0.0,0.0,0.625,0.7558904109589041
2025-08-29,Cooking Oil,Manual par-level baseline,55.0,60.0,0.0,115.0,35.0,35.0,0.0,0,80.0,104.0,128.0,0.5,104.0,1,0.08767123287671234,0.0,0.0,0.625,0.7126712328767123
2025-08-29,Eggs,Manual par-level baseline,130.0,150.0,0.0,280.0,95.0,95.0,0.0,0,185.0,240.0,29.6,0.3783783783783784,240.0,1,0.020273972602739727,0.0,0.0,0.625,0.6452739726027398
2025-08-29,Fries (Potatoes),Manual par-level baseline,266.0,340.0,0.0,606.0,237.0,237.0,0.0,0,369.0,600.0,110.7,0.15718157181571815,600.0,1,0.07582191780821917,0.0,0.0,0.625,0.7008219178082191
2025-08-29,Gluten-free Buns,Manual par-level baseline,12.0,24.0,0.0,36.0,0.0,0.0,0.0,0,36.0,36.0,19.8,0.6666666666666666,36.0,1,0.013561643835616439,0.0,0.0,0.625,0.6385616438356164
2025-08-29,Lettuce,Manual par-level baseline,120.0,204.0,0.0,324.0,127.0,127.0,0.0,0,197.0,324.0,118.19999999999999,0.0,324.0,1,0.08095890410958903,0.0,0.0,0.625,0.7059589041095891
2025-08-29,Milk,Manual par-level baseline,114.0,168.0,0.0,282.0,113.0,113.0,0.0,0,169.0,300.0,126.75,0.011834319526627219,300.0,1,0.08681506849315068,0.0,0.0,0.625,0.7118150684931507
2025-08-29,Mushrooms,Manual par-level baseline,51.0,90.0,0.0,141.0,79.0,79.0,0.0,0,62.0,140.0,34.1,0.0,140.0,1,0.023356164383561646,0.0,0.0,0.625,0.6483561643835617
2025-08-29,Onions,Manual par-level baseline,145.0,140.0,0.0,285.0,90.0,90.0,0.0,0,195.0,180.0,48.75,0.5641025641025641,180.0,1,0.03339041095890411,0.0,0.0,0.625,0.6583904109589042
2025-08-29,Salmon Fillet,Manual par-level baseline,93.0,78.0,0.0,171.0,60.0,60.0,0.0,0,111.0,126.0,355.20000000000005,0.5945945945945946,126.0,1,0.24328767123287676,0.0,0.0,0.625,0.8682876712328768
2025-08-29,Seasonal Berries,Manual par-level baseline,0.0,30.0,0.0,30.0,16.0,16.0,0.0,0,14.0,12.0,19.599999999999998,0.0,12.0,1,0.013424657534246575,0.0,0.0,0.625,0.6384246575342466
2025-08-29,Soft Drinks,Manual par-level baseline,339.0,384.0,0.0,723.0,251.0,251.0,0.0,0,472.0,576.0,188.8,0.3728813559322034,576.0,1,0.1293150684931507,0.0,0.0,0.625,0.7543150684931507
2025-08-29,Tomatoes,Manual par-level baseline,101.0,228.0,0.0,329.0,135.0,135.0,0.0,0,194.0,336.0,87.3,0.0,336.0,1,0.05979452054794521,0.0,0.0,0.625,0.6847945205479452
2025-08-29,Truffle Oil,Manual par-level baseline,6.0,8.0,0.0,14.0,12.0,12.0,0.0,0,2.0,10.0,17.0,0.0,10.0,1,0.011643835616438357,0.0,0.0,0.625,0.6366438356164383
2025-08-29,Vegan Cheese,Manual par-level baseline,7.0,24.0,0.0,31.0,0.0,0.0,0.0,0,31.0,12.0,20.150000000000002,0.45161290322580644,12.0,1,0.0138013698630137,0.0,0.0,0.625,0.6388013698630137
2025-08-30,Bacon,Manual par-level baseline,160.0,0.0,0.0,160.0,89.0,89.0,0.0,0,71.0,190.0,78.10000000000001,1.0,0.0,0,0.05349315068493151,0.0,0.0,0.0,0.05349315068493151
2025-08-30,Burger Buns,Manual par-level baseline,354.0,0.0,0.0,354.0,200.0,200.0,0.0,0,154.0,432.0,27.72,1.0,0.0,0,0.018986301369863012,0.0,0.0,0.0,0.018986301369863012
2025-08-30,Butter,Manual par-level baseline,70.0,0.0,0.0,70.0,49.0,49.0,0.0,0,21.0,156.0,19.95,1.0,0.0,0,0.013664383561643836,0.0,0.0,0.0,0.013664383561643836
2025-08-30,Cheese Slices,Manual par-level baseline,245.0,0.0,0.0,245.0,130.0,130.0,0.0,0,115.0,350.0,25.3,1.0,0.0,0,0.017328767123287674,0.0,0.0,0.0,0.017328767123287674
2025-08-30,Chicken Breast,Manual par-level baseline,232.0,0.0,0.0,232.0,158.0,158.0,0.0,0,74.0,390.0,133.20000000000002,1.0,0.0,0,0.09123287671232877,0.0,0.0,0.0,0.09123287671232877
2025-08-30,Coffee Beans,Manual par-level baseline,91.0,0.0,0.0,91.0,43.0,43.0,0.0,0,48.0,132.0,100.80000000000001,1.0,0.0,0,0.06904109589041096,0.0,0.0,0.0,0.06904109589041096
2025-08-30,Cooking Oil,Manual par-level baseline,80.0,0.0,0.0,80.0,29.0,29.0,0.0,0,51.0,104.0,81.60000000000001,1.0,0.0,0,0.05589041095890412,0.0,0.0,0.0,0.05589041095890412
2025-08-30,Eggs,Manual par-level baseline,185.0,0.0,0.0,185.0,101.0,101.0,0.0,0,84.0,240.0,13.44,1.0,0.0,0,0.009205479452054795,0.0,0.0,0.0,0.009205479452054795
2025-08-30,Fries (Potatoes),Manual par-level baseline,369.0,0.0,0.0,369.0,251.0,251.0,0.0,0,118.0,600.0,35.4,1.0,0.0,0,0.024246575342465753,0.0,0.0,0.0,0.024246575342465753
2025-08-30,Gluten-free Buns,Manual par-level baseline,36.0,0.0,12.0,24.0,0.0,0.0,0.0,0,24.0,36.0,13.200000000000001,1.0,0.0,0,0.00904109589041096,7.200000000000001,0.0,0.0,7.209041095890412
2025-08-30,Lettuce,Manual par-level baseline,197.0,0.0,0.0,197.0,131.0,131.0,0.0,0,66.0,324.0,39.6,1.0,0.0,0,0.027123287671232874,0.0,0.0,0.0,0.027123287671232874
2025-08-30,Milk,Manual par-level baseline,169.0,0.0,0.0,169.0,85.0,85.0,0.0,0,84.0,300.0,63.0,1.0,0.0,0,0.043150684931506846,0.0,0.0,0.0,0.043150684931506846
2025-08-30,Mushrooms,Manual par-level baseline,62.0,0.0,0.0,62.0,70.0,62.0,8.0,1,0.0,140.0,0.0,0.0,0.0,0,0.0,0.0,8.8,0.0,8.8
2025-08-30,Onions,Manual par-level baseline,195.0,0.0,0.0,195.0,84.0,84.0,0.0,0,111.0,180.0,27.75,1.0,0.0,0,0.019006849315068495,0.0,0.0,0.0,0.019006849315068495
2025-08-30,Salmon Fillet,Manual par-level baseline,111.0,0.0,33.0,78.0,45.0,45.0,0.0,0,33.0,126.0,105.60000000000001,1.0,0.0,0,0.07232876712328767,107.25000000000001,0.0,0.0,107.3223287671233
2025-08-30,Seasonal Berries,Manual par-level baseline,14.0,0.0,0.0,14.0,0.0,0.0,0.0,0,14.0,12.0,19.599999999999998,1.0,0.0,0,0.013424657534246575,0.0,0.0,0.0,0.013424657534246575
2025-08-30,Soft Drinks,Manual par-level baseline,472.0,0.0,0.0,472.0,272.0,272.0,0.0,0,200.0,576.0,80.0,1.0,0.0,0,0.05479452054794521,0.0,0.0,0.0,0.05479452054794521
2025-08-30,Tomatoes,Manual par-level baseline,194.0,0.0,0.0,194.0,131.0,131.0,0.0,0,63.0,336.0,28.35,1.0,0.0,0,0.01941780821917808,0.0,0.0,0.0,0.01941780821917808
2025-08-30,Truffle Oil,Manual par-level baseline,2.0,0.0,0.0,2.0,7.0,2.0,5.0,1,0.0,10.0,0.0,0.0,0.0,0,0.0,0.0,85.0,0.0,85.0
2025-08-30,Vegan Cheese,Manual par-level baseline,31.0,0.0,0.0,31.0,15.0,15.0,0.0,0,16.0,12.0,10.4,1.0,0.0,0,0.007123287671232877,0.0,0.0,0.0,0.007123287671232877
2025-08-31,Bacon,Manual par-level baseline,71.0,190.0,0.0,261.0,71.0,71.0,0.0,0,190.0,0.0,209.00000000000003,0.0,0.0,0,0.14315068493150684,0.0,0.0,0.0,0.14315068493150684
2025-08-31,Burger Buns,Manual par-level baseline,154.0,432.0,0.0,586.0,225.0,225.0,0.0,0,361.0,0.0,64.98,0.0,0.0,0,0.04450684931506849,0.0,0.0,0.0,0.04450684931506849
2025-08-31,Butter,Manual par-level baseline,21.0,156.0,0.0,177.0,67.0,67.0,0.0,0,110.0,0.0,104.5,0.0,0.0,0,0.07157534246575342,0.0,0.0,0.0,0.07157534246575342
2025-08-31,Cheese Slices,Manual par-level baseline,115.0,350.0,0.0,465.0,117.0,117.0,0.0,0,348.0,0.0,76.56,0.0,0.0,0,0.05243835616438357,0.0,0.0,0.0,0.05243835616438357
2025-08-31,Chicken Breast,Manual par-level baseline,74.0,390.0,0.0,464.0,139.0,139.0,0.0,0,325.0,0.0,585.0,0.0,0.0,0,0.4006849315068493,0.0,0.0,0.0,0.4006849315068493
2025-08-31,Coffee Beans,Manual par-level baseline,48.0,132.0,0.0,180.0,58.0,58.0,0.0,0,122.0,0.0,256.2,0.0,0.0,0,0.17547945205479454,0.0,0.0,0.0,0.17547945205479454
2025-08-31,Cooking Oil,Manual par-level baseline,51.0,104.0,0.0,155.0,43.0,43.0,0.0,0,112.0,0.0,179.20000000000002,0.14285714285714285,0.0,0,0.12273972602739727,0.0,0.0,0.0,0.12273972602739727
2025-08-31,Eggs,Manual par-level baseline,84.0,240.0,0.0,324.0,92.0,92.0,0.0,0,232.0,0.0,37.12,0.0,0.0,0,0.025424657534246577,0.0,0.0,0.0,0.025424657534246577
2025-08-31,Fries (Potatoes),Manual par-level baseline,118.0,600.0,0.0,718.0,293.0,293.0,0.0,0,425.0,0.0,127.5,0.0,0.0,0,0.08732876712328766,0.0,0.0,0.0,0.08732876712328766
2025-08-31,Gluten-free Buns,Manual par-level baseline,24.0,36.0,0.0,60.0,11.0,11.0,0.0,0,49.0,0.0,26.950000000000003,0.5306122448979592,0.0,0,0.01845890410958904,0.0,0.0,0.0,0.01845890410958904
2025-08-31,Lettuce,Manual par-level baseline,66.0,324.0,0.0,390.0,120.0,120.0,0.0,0,270.0,0.0,162.0,0.0,0.0,0,0.11095890410958903,0.0,0.0,0.0,0.11095890410958903
2025-08-31,Milk,Manual par-level baseline,84.0,300.0,0.0,384.0,103.0,103.0,0.0,0,281.0,0.0,210.75,0.0,0.0,0,0.14434931506849313,0.0,0.0,0.0,0.14434931506849313
2025-08-31,Mushrooms,Manual par-level baseline,0.0,140.0,0.0,140.0,62.0,62.0,0.0,0,78.0,0.0,42.900000000000006,0.0,0.0,0,0.02938356164383562,0.0,0.0,0.0,0.02938356164383562
2025-08-31,Onions,Manual par-level baseline,111.0,180.0,0.0,291.0,90.0,90.0,0.0,0,201.0,0.0,50.25,0.208955223880597,0.0,0,0.03441780821917808,0.0,0.0,0.0,0.03441780821917808
2025-08-31,Salmon Fillet,Manual par-level baseline,33.0,126.0,0.0,159.0,63.0,63.0,0.0,0,96.0,0.0,307.20000000000005,0.0,0.0,0,0.2104109589041096,0.0,0.0,0.0,0.2104109589041096
2025-08-31,Seasonal Berries,Manual par-level baseline,14.0,12.0,0.0,26.0,0.0,0.0,0.0,0,26.0,0.0,36.39999999999999,1.0769230769230769,0.0,0,0.02493150684931507,0.0,0.0,0.0,0.02493150684931507
2025-08-31,Soft Drinks,Manual par-level baseline,200.0,576.0,0.0,776.0,220.0,220.0,0.0,0,556.0,0.0,222.4,0.0,0.0,0,0.1523287671232877,0.0,0.0,0.0,0.1523287671232877
2025-08-31,Tomatoes,Manual par-level baseline,63.0,336.0,0.0,399.0,129.0,129.0,0.0,0,270.0,0.0,121.5,0.0,0.0,0,0.08321917808219177,0.0,0.0,0.0,0.08321917808219177
2025-08-31,Truffle Oil,Manual par-level baseline,0.0,10.0,0.0,10.0,11.0,10.0,1.0,1,0.0,0.0,0.0,0.0,0.0,0,0.0,0.0,17.0,0.0,17.0
2025-08-31,Vegan Cheese,Manual par-level baseline,16.0,12.0,0.0,28.0,16.0,16.0,0.0,0,12.0,0.0,7.800000000000001,0.0,0.0,0,0.005342465753424658,0.0,0.0,0.0,0.005342465753424658
2025-09-01,Bacon,Manual par-level baseline,190.0,0.0,0.0,190.0,59.0,59.0,0.0,0,131.0,140.0,144.10000000000002,1.0,140.0,1,0.0986986301369863,0.0,0.0,0.625,0.7236986301369863
2025-09-01,Burger Buns,Manual par-level baseline,361.0,0.0,0.0,361.0,120.0,120.0,0.0,0,241.0,432.0,43.379999999999995,1.0,432.0,1,0.029712328767123288,0.0,0.0,0.625,0.6547123287671233
2025-09-01,Butter,Manual par-level baseline,110.0,0.0,0.0,110.0,41.0,41.0,0.0,0,69.0,108.0,65.55,1.0,108.0,1,0.0448972602739726,0.0,0.0,0.625,0.6698972602739726
2025-09-01,Cheese Slices,Manual par-level baseline,348.0,0.0,0.0,348.0,91.0,91.0,0.0,0,257.0,200.0,56.54,1.0,200.0,1,0.038726027397260276,0.0,0.0,0.625,0.6637260273972603
2025-09-01,Chicken Breast,Manual par-level baseline,325.0,0.0,0.0,325.0,85.0,85.0,0.0,0,240.0,300.0,432.0,1.0,300.0,1,0.2958904109589041,0.0,0.0,0.625,0.9208904109589041
2025-09-01,Coffee Beans,Manual par-level baseline,122.0,0.0,0.0,122.0,31.0,31.0,0.0,0,91.0,96.0,191.1,1.0,96.0,1,0.1308904109589041,0.0,0.0,0.625,0.7558904109589041
2025-09-01,Cooking Oil,Manual par-level baseline,112.0,0.0,0.0,112.0,29.0,29.0,0.0,0,83.0,56.0,132.8,1.0,56.0,1,0.09095890410958905,0.0,0.0,0.625,0.7159589041095891
2025-09-01,Eggs,Manual par-level baseline,232.0,0.0,0.0,232.0,80.0,80.0,0.0,0,152.0,180.0,24.32,1.0,180.0,1,0.01665753424657534,0.0,0.0,0.625,0.6416575342465753
2025-09-01,Fries (Potatoes),Manual par-level baseline,425.0,0.0,0.0,425.0,137.0,137.0,0.0,0,288.0,540.0,86.39999999999999,1.0,540.0,1,0.05917808219178082,0.0,0.0,0.625,0.6841780821917808
2025-09-01,Gluten-free Buns,Manual par-level baseline,49.0,0.0,13.0,36.0,8.0,8.0,0.0,0,28.0,12.0,15.400000000000002,1.0,12.0,1,0.010547945205479452,7.800000000000001,0.0,0.625,8.43554794520548
2025-09-01,Lettuce,Manual par-level baseline,270.0,0.0,0.0,270.0,80.0,80.0,0.0,0,190.0,252.0,114.0,1.0,252.0,1,0.07808219178082192,0.0,0.0,0.625,0.7030821917808219
2025-09-01,Milk,Manual par-level baseline,281.0,0.0,0.0,281.0,74.0,74.0,0.0,0,207.0,180.0,155.25,1.0,180.0,1,0.10633561643835615,0.0,0.0,0.625,0.7313356164383562
2025-09-01,Mushrooms,Manual par-level baseline,78.0,0.0,0.0,78.0,43.0,43.0,0.0,0,35.0,160.0,19.25,1.0,160.0,1,0.013184931506849316,0.0,0.0,0.625,0.6381849315068493
2025-09-01,Onions,Manual par-level baseline,201.0,0.0,0.0,201.0,61.0,61.0,0.0,0,140.0,160.0,35.0,1.0,160.0,1,0.023972602739726026,0.0,0.0,0.625,0.648972602739726
2025-09-01,Salmon Fillet,Manual par-level baseline,96.0,0.0,0.0,96.0,40.0,40.0,0.0,0,56.0,150.0,179.20000000000002,1.0,150.0,1,0.12273972602739727,0.0,0.0,0.625,0.7477397260273972
2025-09-01,Seasonal Berries,Manual par-level baseline,26.0,0.0,14.0,12.0,10.0,10.0,0.0,0,2.0,24.0,2.8,1.0,24.0,1,0.0019178082191780822,20.299999999999997,0.0,0.625,20.926917808219176
2025-09-01,Soft Drinks,Manual par-level baseline,556.0,0.0,0.0,556.0,142.0,142.0,0.0,0,414.0,456.0,165.60000000000002,1.0,456.0,1,0.11342465753424659,0.0,0.0,0.625,0.7384246575342466
2025-09-01,Tomatoes,Manual par-level baseline,270.0,0.0,0.0,270.0,63.0,63.0,0.0,0,207.0,264.0,93.15,1.0,264.0,1,0.0638013698630137,0.0,0.0,0.625,0.6888013698630137
2025-09-01,Truffle Oil,Manual par-level baseline,0.0,0.0,0.0,0.0,6.0,0.0,6.0,1,0.0,22.0,0.0,0.0,22.0,1,0.0,0.0,102.0,0.625,102.625
2025-09-01,Vegan Cheese,Manual par-level baseline,12.0,0.0,0.0,12.0,9.0,9.0,0.0,0,3.0,24.0,1.9500000000000002,1.0,24.0,1,0.0013356164383561645,0.0,0.0,0.625,0.6263356164383561
2025-09-02,Bacon,Manual par-level baseline,131.0,0.0,0.0,131.0,52.0,52.0,0.0,0,79.0,140.0,86.9,2.0,0.0,0,0.05952054794520548,0.0,0.0,0.0,0.05952054794520548
2025-09-02,Burger Buns,Manual par-level baseline,241.0,0.0,0.0,241.0,103.0,103.0,0.0,0,138.0,432.0,24.84,2.0,0.0,0,0.017013698630136985,0.0,0.0,0.0,0.017013698630136985
2025-09-02,Butter,Manual par-level baseline,69.0,0.0,0.0,69.0,55.0,55.0,0.0,0,14.0,108.0,13.299999999999999,2.0,0.0,0,0.00910958904109589,0.0,0.0,0.0,0.00910958904109589
2025-09-02,Cheese Slices,Manual par-level baseline,257.0,0.0,0.0,257.0,71.0,71.0,0.0,0,186.0,200.0,40.92,2.0,0.0,0,0.028027397260273975,0.0,0.0,0.0,0.028027397260273975
2025-09-02,Chicken Breast,Manual par-level baseline,240.0,0.0,0.0,240.0,103.0,103.0,0.0,0,137.0,300.0,246.6,2.0,0.0,0,0.1689041095890411,0.0,0.0,0.0,0.1689041095890411
2025-09-02,Coffee Beans,Manual par-level baseline,91.0,0.0,0.0,91.0,41.0,41.0,0.0,0,50.0,96.0,105.0,2.0,0.0,0,0.07191780821917808,0.0,0.0,0.0,0.07191780821917808
2025-09-02,Cooking Oil,Manual par-level baseline,83.0,0.0,0.0,83.0,31.0,31.0,0.0,0,52.0,56.0,83.2,2.0,0.0,0,0.05698630136986302,0.0,0.0,0.0,0.05698630136986302
2025-09-02,Eggs,Manual par-level baseline,152.0,0.0,0.0,152.0,66.0,66.0,0.0,0,86.0,180.0,13.76,2.0,0.0,0,0.009424657534246575,0.0,0.0,0.0,0.009424657534246575
2025-09-02,Fries (Potatoes),Manual par-level baseline,288.0,0.0,0.0,288.0,144.0,144.0,0.0,0,144.0,540.0,43.199999999999996,2.0,0.0,0,0.02958904109589041,0.0,0.0,0.0,0.02958904109589041
2025-09-02,Gluten-free Buns,Manual par-level baseline,28.0,0.0,0.0,28.0,9.0,9.0,0.0,0,19.0,12.0,10.450000000000001,2.0,0.0,0,0.007157534246575343,0.0,0.0,0.0,0.007157534246575343
2025-09-02,Lettuce,Manual par-level baseline,190.0,0.0,0.0,190.0,74.0,74.0,0.0,0,116.0,252.0,69.6,2.0,0.0,0,0.04767123287671233,0.0,0.0,0.0,0.04767123287671233
2025-09-02,Milk,Manual par-level baseline,207.0,0.0,0.0,207.0,85.0,85.0,0.0,0,122.0,180.0,91.5,2.0,0.0,0,0.06267123287671232,0.0,0.0,0.0,0.06267123287671232
2025-09-02,Mushrooms,Manual par-level baseline,35.0,0.0,0.0,35.0,0.0,0.0,0.0,0,35.0,160.0,19.25,2.0,0.0,0,0.013184931506849316,0.0,0.0,0.0,0.013184931506849316
2025-09-02,Onions,Manual par-level baseline,140.0,0.0,0.0,140.0,51.0,51.0,0.0,0,89.0,160.0,22.25,2.0,0.0,0,0.01523972602739726,0.0,0.0,0.0,0.01523972602739726
2025-09-02,Salmon Fillet,Manual par-level baseline,56.0,0.0,0.0,56.0,23.0,23.0,0.0,0,33.0,150.0,105.60000000000001,2.0,0.0,0,0.07232876712328767,0.0,0.0,0.0,0.07232876712328767
2025-09-02,Seasonal Berries,Manual par-level baseline,2.0,0.0,0.0,2.0,6.0,2.0,4.0,1,0.0,24.0,0.0,0.0,0.0,0,0.0,0.0,11.2,0.0,11.2
2025-09-02,Soft Drinks,Manual par-level baseline,414.0,0.0,0.0,414.0,111.0,111.0,0.0,0,303.0,456.0,121.2,2.0,0.0,0,0.083013698630137,0.0,0.0,0.0,0.083013698630137
2025-09-02,Tomatoes,Manual par-level baseline,207.0,0.0,0.0,207.0,68.0,68.0,0.0,0,139.0,264.0,62.550000000000004,2.0,0.0,0,0.04284246575342466,0.0,0.0,0.0,0.04284246575342466
2025-09-02,Truffle Oil,Manual par-level baseline,0.0,0.0,0.0,0.0,0.0,0.0,0.0,0,0.0,22.0,0.0,0.0,0.0,0,0.0,0.0,0.0,0.0,0.0
2025-09-02,Vegan Cheese,Manual par-level baseline,3.0,0.0,0.0,3.0,10.0,3.0,7.0,1,0.0,24.0,0.0,0.0,0.0,0,0.0,0.0,9.1,0.0,9.1
2025-09-03,Bacon,Manual par-level baseline,79.0,140.0,0.0,219.0,56.0,56.0,0.0,0,163.0,110.0,179.3,0.4233128834355828,110.0,1,0.1228082191780822,0.0,0.0,0.6578947368421053,0.7807029560201875
2025-09-03,Burger Buns,Manual par-level baseline,138.0,432.0,138.0,432.0,136.0,136.0,0.0,0,296.0,336.0,53.28,0.0,336.0,1,0.0364931506849315,31.740000000000002,0.0,0.6578947368421053,32.43438788752704
2025-09-03,Butter,Manual par-level baseline,14.0,108.0,0.0,122.0,26.0,26.0,0.0,0,96.0,108.0,91.19999999999999,0.0,108.0,1,0.06246575342465753,0.0,0.0,0.6578947368421053,0.7203604902667629
2025-09-03,Cheese Slices,Manual par-level baseline,186.0,200.0,0.0,386.0,80.0,80.0,0.0,0,306.0,150.0,67.32,1.0392156862745099,150.0,1,0.0461095890410959,0.0,0.0,0.6578947368421053,0.7040043258832012
2025-09-03,Chicken Breast,Manual par-level baseline,137.0,300.0,0.0,437.0,94.0,94.0,0.0,0,343.0,180.0,617.4,0.3760932944606414,180.0,1,0.4228767123287671,0.0,0.0,0.6578947368421053,1.0807714491708724
2025-09-03,Coffee Beans,Manual par-level baseline,50.0,96.0,0.0,146.0,47.0,47.0,0.0,0,99.0,66.0,207.90000000000003,0.09090909090909091,66.0,1,0.1423972602739726,0.0,0.0,0.6578947368421053,0.8002919971160779
2025-09-03,Cooking Oil,Manual par-level baseline,52.0,56.0,0.0,108.0,26.0,26.0,0.0,0,82.0,60.0,131.20000000000002,0.9512195121951219,60.0,1,0.08986301369863015,0.0,0.0,0.6578947368421053,0.7477577505407355
2025-09-03,Eggs,Manual par-level baseline,86.0,180.0,0.0,266.0,78.0,78.0,0.0,0,188.0,120.0,30.080000000000002,0.1276595744680851,120.0,1,0.020602739726027396,0.0,0.0,0.6578947368421053,0.6784974765681328
2025-09-03,Fries (Potatoes),Manual par-level baseline,144.0,540.0,0.0,684.0,170.0,170.0,0.0,0,514.0,280.0,154.2,0.0,280.0,1,0.10561643835616438,0.0,0.0,0.6578947368421053,0.7635111751982697
2025-09-03,Gluten-free Buns,Manual par-level baseline,19.0,12.0,19.0,12.0,18.0,12.0,6.0,1,0.0,36.0,0.0,0.0,36.0,1,0.0,11.4,6.6000000000000005,0.6578947368421053,18.657894736842106
2025-09-03,Lettuce,Manual par-level baseline,116.0,252.0,0.0,368.0,81.0,81.0,0.0,0,287.0,144.0,172.2,0.36585365853658536,144.0,1,0.11794520547945204,0.0,0.0,0.6578947368421053,0.7758399423215574
2025-09-03,Milk,Manual par-level baseline,122.0,180.0,0.0,302.0,96.0,96.0,0.0,0,206.0,156.0,154.5,0.3786407766990291,156.0,1,0.10582191780821917,0.0,0.0,0.6578947368421053,0.7637166546503245
2025-09-03,Mushrooms,Manual par-level baseline,35.0,160.0,0.0,195.0,69.0,69.0,0.0,0,126.0,40.0,69.30000000000001,0.0,40.0,1,0.04746575342465754,0.0,0.0,0.6578947368421053,0.7053604902667628
2025-09-03,Onions,Manual par-level baseline,89.0,160.0,0.0,249.0,60.0,60.0,0.0,0,189.0,100.0,47.25,0.4603174603174603,100.0,1,0.032363013698630136,0.0,0.0,0.6578947368421053,0.6902577505407355
2025-09-03,Salmon Fillet,Manual par-level baseline,33.0,150.0,33.0,150.0,42.0,42.0,0.0,0,108.0,90.0,345.6,0.0,90.0,1,0.2367123287671233,107.25000000000001,0.0,0.6578947368421053,108.14460706560925
2025-09-03,Seasonal Berries,Manual par-level baseline,0.0,24.0,0.0,24.0,12.0,12.0,0.0,0,12.0,12.0,16.799999999999997,0.0,12.0,1,0.011506849315068493,0.0,0.0,0.6578947368421053,0.6694015861571738
2025-09-03,Soft Drinks,Manual par-level baseline,303.0,456.0,0.0,759.0,173.0,173.0,0.0,0,586.0,240.0,234.4,0.6655290102389079,240.0,1,0.16054794520547946,0.0,0.0,0.6578947368421053,0.8184426820475847
2025-09-03,Tomatoes,Manual par-level baseline,139.0,264.0,0.0,403.0,125.0,125.0,0.0,0,278.0,120.0,125.1,0.1510791366906475,120.0,1,0.08568493150684932,0.0,0.0,0.6578947368421053,0.7435796683489546
2025-09-03,Truffle Oil,Manual par-level baseline,0.0,22.0,0.0,22.0,6.0,6.0,0.0,0,16.0,0.0,136.0,0.0,0.0,1,0.09315068493150686,0.0,0.0,0.0,0.09315068493150686
2025-09-03,Vegan Cheese,Manual par-level baseline,0.0,24.0,0.0,24.0,9.0,9.0,0.0,0,15.0,12.0,9.75,0.0,12.0,1,0.006678082191780822,0.0,0.0,0.6578947368421053,0.6645728190338861
2025-09-04,Bacon,Manual par-level baseline,163.0,0.0,0.0,163.0,63.0,63.0,0.0,0,100.0,110.0,110.00000000000001,1.0,0.0,0,0.07534246575342465,0.0,0.0,0.0,0.07534246575342465
2025-09-04,Burger Buns,Manual par-level baseline,296.0,0.0,0.0,296.0,114.0,114.0,0.0,0,182.0,336.0,32.76,1.0,0.0,0,0.022438356164383562,0.0,0.0,0.0,0.022438356164383562
2025-09-04,Butter,Manual par-level baseline,96.0,0.0,0.0,96.0,50.0,50.0,0.0,0,46.0,108.0,43.699999999999996,1.0,0.0,0,0.02993150684931507,0.0,0.0,0.0,0.02993150684931507
2025-09-04,Cheese Slices,Manual par-level baseline,306.0,0.0,0.0,306.0,87.0,87.0,0.0,0,219.0,150.0,48.18,1.2602739726027397,0.0,0,0.033,0.0,0.0,0.0,0.033
2025-09-04,Chicken Breast,Manual par-level baseline,343.0,0.0,43.0,300.0,101.0,101.0,0.0,0,199.0,180.0,358.2,1.0,0.0,0,0.24534246575342464,79.55000000000001,0.0,0.0,79.79534246575344
2025-09-04,Coffee Beans,Manual par-level baseline,99.0,0.0,0.0,99.0,50.0,50.0,0.0,0,49.0,66.0,102.9,1.0,0.0,0,0.07047945205479453,0.0,0.0,0.0,0.07047945205479453
2025-09-04,Cooking Oil,Manual par-level baseline,82.0,0.0,0.0,82.0,39.0,39.0,0.0,0,43.0,60.0,68.8,1.0,0.0,0,0.04712328767123288,0.0,0.0,0.0,0.04712328767123288
2025-09-04,Eggs,Manual par-level baseline,188.0,0.0,0.0,188.0,77.0,77.0,0.0,0,111.0,120.0,17.76,1.0,0.0,0,0.012164383561643836,0.0,0.0,0.0,0.012164383561643836
2025-09-04,Fries (Potatoes),Manual par-level baseline,514.0,0.0,0.0,514.0,145.0,145.0,0.0,0,369.0,280.0,110.7,1.0,0.0,0,0.07582191780821917,0.0,0.0,0.0,0.07582191780821917
2025-09-04,Gluten-free Buns,Manual par-level baseline,0.0,0.0,0.0,0.0,18.0,0.0,18.0,1,0.0,36.0,0.0,0.0,0.0,0,0.0,0.0,19.8,0.0,19.8
2025-09-04,Lettuce,Manual par-level baseline,287.0,0.0,35.0,252.0,92.0,92.0,0.0,0,160.0,144.0,96.0,1.0,0.0,0,0.06575342465753424,22.75,0.0,0.0,22.815753424657533
2025-09-04,Milk,Manual par-level baseline,206.0,0.0,0.0,206.0,81.0,81.0,0.0,0,125.0,156.0,93.75,1.0,0.0,0,0.06421232876712328,0.0,0.0,0.0,0.06421232876712328
2025-09-04,Mushrooms,Manual par-level baseline,126.0,0.0,0.0,126.0,44.0,44.0,0.0,0,82.0,40.0,45.1,1.0,0.0,0,0.03089041095890411,0.0,0.0,0.0,0.03089041095890411
2025-09-04,Onions,Manual par-level baseline,189.0,0.0,0.0,189.0,62.0,62.0,0.0,0,127.0,100.0,31.75,1.0,0.0,0,0.021746575342465754,0.0,0.0,0.0,0.021746575342465754
2025-09-04,Salmon Fillet,Manual par-level baseline,108.0,0.0,0.0,108.0,37.0,37.0,0.0,0,71.0,90.0,227.20000000000002,1.0,0.0,0,0.1556164383561644,0.0,0.0,0.0,0.1556164383561644
2025-09-04,Seasonal Berries,Manual par-level baseline,12.0,0.0,0.0,12.0,12.0,12.0,0.0,0,0.0,12.0,0.0,0.0,0.0,0,0.0,0.0,0.0,0.0,0.0
2025-09-04,Soft Drinks,Manual par-level baseline,586.0,0.0,0.0,586.0,161.0,161.0,0.0,0,425.0,240.0,170.0,1.0,0.0,0,0.11643835616438358,0.0,0.0,0.0,0.11643835616438358
2025-09-04,Tomatoes,Manual par-level baseline,278.0,0.0,0.0,278.0,85.0,85.0,0.0,0,193.0,120.0,86.85000000000001,1.0,0.0,0,0.059486301369863014,0.0,0.0,0.0,0.059486301369863014
2025-09-04,Truffle Oil,Manual par-level baseline,16.0,0.0,0.0,16.0,0.0,0.0,0.0,0,16.0,0.0,136.0,1.0,0.0,0,0.09315068493150686,0.0,0.0,0.0,0.09315068493150686
2025-09-04,Vegan Cheese,Manual par-level baseline,15.0,0.0,0.0,15.0,0.0,0.0,0.0,0,15.0,12.0,9.75,1.0,0.0,0,0.006678082191780822,0.0,0.0,0.0,0.006678082191780822
2025-09-05,Bacon,Manual par-level baseline,100.0,110.0,0.0,210.0,71.0,71.0,0.0,0,139.0,200.0,152.9,0.4172661870503597,200.0,1,0.10472602739726028,0.0,0.0,0.625,0.7297260273972603
2025-09-05,Burger Buns,Manual par-level baseline,182.0,336.0,0.0,518.0,218.0,218.0,0.0,0,300.0,480.0,54.0,0.0,480.0,1,0.036986301369863014,0.0,0.0,0.625,0.661986301369863
2025-09-05,Butter,Manual par-level baseline,46.0,108.0,0.0,154.0,49.0,49.0,0.0,0,105.0,120.0,99.75,0.0,120.0,1,0.06832191780821918,0.0,0.0,0.625,0.6933219178082192
2025-09-05,Cheese Slices,Manual par-level baseline,219.0,150.0,0.0,369.0,149.0,149.0,0.0,0,220.0,300.0,48.4,0.6363636363636364,300.0,1,0.03315068493150685,0.0,0.0,0.625,0.6581506849315069
2025-09-05,Chicken Breast,Manual par-level baseline,199.0,180.0,0.0,379.0,146.0,146.0,0.0,0,233.0,400.0,419.4,0.45493562231759654,400.0,1,0.28726027397260273,0.0,0.0,0.625,0.9122602739726027
2025-09-05,Coffee Beans,Manual par-level baseline,49.0,66.0,0.0,115.0,48.0,48.0,0.0,0,67.0,150.0,140.7,0.029850746268656716,150.0,1,0.09636986301369863,0.0,0.0,0.625,0.7213698630136987
2025-09-05,Cooking Oil,Manual par-level baseline,43.0,60.0,0.0,103.0,25.0,25.0,0.0,0,78.0,108.0,124.8,0.46153846153846156,108.0,1,0.08547945205479453,0.0,0.0,0.625,0.7104794520547946
2025-09-05,Eggs,Manual par-level baseline,111.0,120.0,0.0,231.0,98.0,98.0,0.0,0,133.0,270.0,21.28,0.19548872180451127,270.0,1,0.014575342465753425,0.0,0.0,0.625,0.6395753424657534
2025-09-05,Fries (Potatoes),Manual par-level baseline,369.0,280.0,0.0,649.0,254.0,254.0,0.0,0,395.0,540.0,118.5,0.5822784810126582,540.0,1,0.08116438356164384,0.0,0.0,0.625,0.7061643835616438
2025-09-05,Gluten-free Buns,Manual par-level baseline,0.0,36.0,0.0,36.0,18.0,18.0,0.0,0,18.0,24.0,9.9,0.0,24.0,1,0.006780821917808219,0.0,0.0,0.625,0.6317808219178083
2025-09-05,Lettuce,Manual par-level baseline,160.0,144.0,0.0,304.0,117.0,117.0,0.0,0,187.0,336.0,112.19999999999999,0.45989304812834225,336.0,1,0.07684931506849314,0.0,0.0,0.625,0.7018493150684931
2025-09-05,Milk,Manual par-level baseline,125.0,156.0,0.0,281.0,97.0,97.0,0.0,0,184.0,288.0,138.0,0.30434782608695654,288.0,1,0.09452054794520547,0.0,0.0,0.625,0.7195205479452055
2025-09-05,Mushrooms,Manual par-level baseline,82.0,40.0,0.0,122.0,50.0,50.0,0.0,0,72.0,170.0,39.6,0.8888888888888888,170.0,1,0.027123287671232878,0.0,0.0,0.625,0.6521232876712328
2025-09-05,Onions,Manual par-level baseline,127.0,100.0,0.0,227.0,61.0,61.0,0.0,0,166.0,220.0,41.5,0.7951807228915663,220.0,1,0.028424657534246577,0.0,0.0,0.625,0.6534246575342466
2025-09-05,Salmon Fillet,Manual par-level baseline,71.0,90.0,0.0,161.0,77.0,77.0,0.0,0,84.0,138.0,268.8,0.0,138.0,1,0.18410958904109592,0.0,0.0,0.625,0.809109589041096
2025-09-05,Seasonal Berries,Manual par-level baseline,0.0,12.0,0.0,12.0,18.0,12.0,6.0,1,0.0,36.0,0.0,0.0,36.0,1,0.0,0.0,16.799999999999997,0.625,17.424999999999997
2025-09-05,Soft Drinks,Manual par-level baseline,425.0,240.0,0.0,665.0,332.0,332.0,0.0,0,333.0,576.0,133.2,0.5585585585585585,576.0,1,0.09123287671232878,0.0,0.0,0.625,0.7162328767123288
2025-09-05,Tomatoes,Manual par-level baseline,193.0,120.0,0.0,313.0,132.0,132.0,0.0,0,181.0,348.0,81.45,0.6740331491712708,348.0,1,0.05578767123287671,0.0,0.0,0.625,0.6807876712328768
2025-09-05,Truffle Oil,Manual par-level baseline,16.0,0.0,0.0,16.0,0.0,0.0,0.0,0,16.0,10.0,136.0,2.0,10.0,1,0.09315068493150686,0.0,0.0,0.625,0.7181506849315069
2025-09-05,Vegan Cheese,Manual par-level baseline,15.0,12.0,0.0,27.0,0.0,0.0,0.0,0,27.0,12.0,17.55,1.1111111111111112,12.0,1,0.012020547945205481,0.0,0.0,0.625,0.6370205479452055
2025-09-06,Bacon,Manual par-level baseline,139.0,0.0,0.0,139.0,95.0,95.0,0.0,0,44.0,200.0,48.400000000000006,1.0,0.0,0,0.03315068493150685,0.0,0.0,0.0,0.03315068493150685
2025-09-06,Burger Buns,Manual par-level baseline,300.0,0.0,0.0,300.0,205.0,205.0,0.0,0,95.0,480.0,17.099999999999998,1.0,0.0,0,0.011712328767123288,0.0,0.0,0.0,0.011712328767123288
2025-09-06,Butter,Manual par-level baseline,105.0,0.0,0.0,105.0,55.0,55.0,0.0,0,50.0,120.0,47.5,1.0,0.0,0,0.032534246575342464,0.0,0.0,0.0,0.032534246575342464
2025-09-06,Cheese Slices,Manual par-level baseline,220.0,0.0,0.0,220.0,136.0,136.0,0.0,0,84.0,300.0,18.48,1.0,0.0,0,0.012657534246575343,0.0,0.0,0.0,0.012657534246575343
2025-09-06,Chicken Breast,Manual par-level baseline,233.0,0.0,0.0,233.0,155.0,155.0,0.0,0,78.0,400.0,140.4,1.0,0.0,0,0.09616438356164383,0.0,0.0,0.0,0.09616438356164383
2025-09-06,Coffee Beans,Manual par-level baseline,67.0,0.0,0.0,67.0,44.0,44.0,0.0,0,23.0,150.0,48.300000000000004,1.0,0.0,0,0.03308219178082192,0.0,0.0,0.0,0.03308219178082192
2025-09-06,Cooking Oil,Manual par-level baseline,78.0,0.0,0.0,78.0,40.0,40.0,0.0,0,38.0,108.0,60.800000000000004,1.0,0.0,0,0.04164383561643836,0.0,0.0,0.0,0.04164383561643836
2025-09-06,Eggs,Manual par-level baseline,133.0,0.0,0.0,133.0,83.0,83.0,0.0,0,50.0,270.0,8.0,1.0,0.0,0,0.005479452054794521,0.0,0.0,0.0,0.005479452054794521
2025-09-06,Fries (Potatoes),Manual par-level baseline,395.0,0.0,0.0,395.0,218.0,218.0,0.0,0,177.0,540.0,53.1,1.0,0.0,0,0.03636986301369863,0.0,0.0,0.0,0.03636986301369863
2025-09-06,Gluten-free Buns,Manual par-level baseline,18.0,0.0,0.0,18.0,17.0,17.0,0.0,0,1.0,24.0,0.55,1.0,0.0,0,0.0003767123287671233,0.0,0.0,0.0,0.0003767123287671233
2025-09-06,Lettuce,Manual par-level baseline,187.0,0.0,0.0,187.0,112.0,112.0,0.0,0,75.0,336.0,45.0,1.0,0.0,0,0.030821917808219176,0.0,0.0,0.0,0.030821917808219176
2025-09-06,Milk,Manual par-level baseline,184.0,0.0,0.0,184.0,128.0,128.0,0.0,0,56.0,288.0,42.0,1.0,0.0,0,0.02876712328767123,0.0,0.0,0.0,0.02876712328767123
2025-09-06,Mushrooms,Manual par-level baseline,72.0,0.0,0.0,72.0,58.0,58.0,0.0,0,14.0,170.0,7.700000000000001,1.0,0.0,0,0.005273972602739726,0.0,0.0,0.0,0.005273972602739726
2025-09-06,Onions,Manual par-level baseline,166.0,0.0,0.0,166.0,72.0,72.0,0.0,0,94.0,220.0,23.5,1.0,0.0,0,0.016095890410958904,0.0,0.0,0.0,0.016095890410958904
2025-09-06,Salmon Fillet,Manual par-level baseline,84.0,0.0,0.0,84.0,55.0,55.0,0.0,0,29.0,138.0,92.80000000000001,1.0,0.0,0,0.06356164383561645,0.0,0.0,0.0,0.06356164383561645
2025-09-06,Seasonal Berries,Manual par-level baseline,0.0,0.0,0.0,0.0,11.0,0.0,11.0,1,0.0,36.0,0.0,0.0,0.0,0,0.0,0.0,30.799999999999997,0.0,30.799999999999997
2025-09-06,Soft Drinks,Manual par-level baseline,333.0,0.0,0.0,333.0,239.0,239.0,0.0,0,94.0,576.0,37.6,1.0,0.0,0,0.02575342465753425,0.0,0.0,0.0,0.02575342465753425
2025-09-06,Tomatoes,Manual par-level baseline,181.0,0.0,0.0,181.0,116.0,116.0,0.0,0,65.0,348.0,29.25,1.0,0.0,0,0.020034246575342467,0.0,0.0,0.0,0.020034246575342467
2025-09-06,Truffle Oil,Manual par-level baseline,16.0,0.0,0.0,16.0,0.0,0.0,0.0,0,16.0,10.0,136.0,3.0,0.0,0,0.09315068493150686,0.0,0.0,0.0,0.09315068493150686
2025-09-06,Vegan Cheese,Manual par-level baseline,27.0,0.0,0.0,27.0,20.0,20.0,0.0,0,7.0,12.0,4.55,1.0,0.0,0,0.0031164383561643836,0.0,0.0,0.0,0.0031164383561643836
2025-09-07,Bacon,Manual par-level baseline,44.0,200.0,0.0,244.0,84.0,84.0,0.0,0,160.0,0.0,176.0,0.0,0.0,0,0.12054794520547946,0.0,0.0,0.0,0.12054794520547946
2025-09-07,Burger Buns,Manual par-level baseline,95.0,480.0,0.0,575.0,200.0,200.0,0.0,0,375.0,0.0,67.5,0.0,0.0,0,0.046232876712328765,0.0,0.0,0.0,0.046232876712328765
2025-09-07,Butter,Manual par-level baseline,50.0,120.0,0.0,170.0,45.0,45.0,0.0,0,125.0,0.0,118.75,0.08,0.0,0,0.08133561643835617,0.0,0.0,0.0,0.08133561643835617
2025-09-07,Cheese Slices,Manual par-level baseline,84.0,300.0,0.0,384.0,141.0,141.0,0.0,0,243.0,0.0,53.46,0.0,0.0,0,0.036616438356164384,0.0,0.0,0.0,0.036616438356164384
2025-09-07,Chicken Breast,Manual par-level baseline,78.0,400.0,0.0,478.0,161.0,161.0,0.0,0,317.0,0.0,570.6,0.0,0.0,0,0.3908219178082192,0.0,0.0,0.0,0.3908219178082192
2025-09-07,Coffee Beans,Manual par-level baseline,23.0,150.0,0.0,173.0,42.0,42.0,0.0,0,131.0,0.0,275.1,0.0,0.0,0,0.1884246575342466,0.0,0.0,0.0,0.1884246575342466
2025-09-07,Cooking Oil,Manual par-level baseline,38.0,108.0,0.0,146.0,30.0,30.0,0.0,0,116.0,0.0,185.60000000000002,0.13793103448275862,0.0,0,0.1271232876712329,0.0,0.0,0.0,0.1271232876712329
2025-09-07,Eggs,Manual par-level baseline,50.0,270.0,0.0,320.0,83.0,83.0,0.0,0,237.0,0.0,37.92,0.0,0.0,0,0.025972602739726028,0.0,0.0,0.0,0.025972602739726028
2025-09-07,Fries (Potatoes),Manual par-level baseline,177.0,540.0,0.0,717.0,234.0,234.0,0.0,0,483.0,0.0,144.9,0.0,0.0,0,0.09924657534246574,0.0,0.0,0.0,0.09924657534246574
2025-09-07,Gluten-free Buns,Manual par-level baseline,1.0,24.0,0.0,25.0,24.0,24.0,0.0,0,1.0,0.0,0.55,0.0,0.0,0,0.0003767123287671233,0.0,0.0,0.0,0.0003767123287671233
2025-09-07,Lettuce,Manual par-level baseline,75.0,336.0,0.0,411.0,119.0,119.0,0.0,0,292.0,0.0,175.2,0.0,0.0,0,0.12,0.0,0.0,0.0,0.12
2025-09-07,Milk,Manual par-level baseline,56.0,288.0,0.0,344.0,96.0,96.0,0.0,0,248.0,0.0,186.0,0.0,0.0,0,0.12739726027397258,0.0,0.0,0.0,0.12739726027397258
2025-09-07,Mushrooms,Manual par-level baseline,14.0,170.0,0.0,184.0,48.0,48.0,0.0,0,136.0,0.0,74.80000000000001,0.0,0.0,0,0.05123287671232877,0.0,0.0,0.0,0.05123287671232877
2025-09-07,Onions,Manual par-level baseline,94.0,220.0,0.0,314.0,82.0,82.0,0.0,0,232.0,0.0,58.0,0.10344827586206896,0.0,0,0.03972602739726028,0.0,0.0,0.0,0.03972602739726028
2025-09-07,Salmon Fillet,Manual par-level baseline,29.0,138.0,0.0,167.0,56.0,56.0,0.0,0,111.0,0.0,355.20000000000005,0.0,0.0,0,0.24328767123287676,0.0,0.0,0.0,0.24328767123287676
2025-09-07,Seasonal Berries,Manual par-level baseline,0.0,36.0,0.0,36.0,12.0,12.0,0.0,0,24.0,0.0,33.599999999999994,0.0,0.0,0,0.023013698630136987,0.0,0.0,0.0,0.023013698630136987
2025-09-07,Soft Drinks,Manual par-level baseline,94.0,576.0,0.0,670.0,262.0,262.0,0.0,0,408.0,0.0,163.20000000000002,0.0,0.0,0,0.11178082191780823,0.0,0.0,0.0,0.11178082191780823
2025-09-07,Tomatoes,Manual par-level baseline,65.0,348.0,0.0,413.0,111.0,111.0,0.0,0,302.0,0.0,135.9,0.0,0.0,0,0.09308219178082192,0.0,0.0,0.0,0.09308219178082192
2025-09-07,Truffle Oil,Manual par-level baseline,16.0,10.0,0.0,26.0,7.0,7.0,0.0,0,19.0,0.0,161.5,1.894736842105263,0.0,0,0.11061643835616439,0.0,0.0,0.0,0.11061643835616439
2025-09-07,Vegan Cheese,Manual par-level baseline,7.0,12.0,0.0,19.0,16.0,16.0,0.0,0,3.0,0.0,1.9500000000000002,0.0,0.0,0,0.0013356164383561645,0.0,0.0,0.0,0.0013356164383561645
2025-09-08,Bacon,Manual par-level baseline,160.0,0.0,0.0,160.0,67.0,67.0,0.0,0,93.0,160.0,102.30000000000001,1.0,160.0,1,0.07006849315068493,0.0,0.0,0.6578947368421053,0.7279632299927903
2025-09-08,Burger Buns,Manual par-level baseline,375.0,0.0,0.0,375.0,119.0,119.0,0.0,0,256.0,432.0,46.08,1.0,432.0,1,0.03156164383561644,0.0,0.0,0.6578947368421053,0.6894563806777217
2025-09-08,Butter,Manual par-level baseline,125.0,0.0,0.0,125.0,44.0,44.0,0.0,0,81.0,96.0,76.95,1.0,96.0,1,0.052705479452054796,0.0,0.0,0.6578947368421053,0.7106002162941601
2025-09-08,Cheese Slices,Manual par-level baseline,243.0,0.0,0.0,243.0,85.0,85.0,0.0,0,158.0,300.0,34.76,1.0,300.0,1,0.023808219178082193,0.0,0.0,0.6578947368421053,0.6817029560201875
2025-09-08,Chicken Breast,Manual par-level baseline,317.0,0.0,0.0,317.0,85.0,85.0,0.0,0,232.0,300.0,417.6,1.0,300.0,1,0.286027397260274,0.0,0.0,0.6578947368421053,0.9439221341023794
2025-09-08,Coffee Beans,Manual par-level baseline,131.0,0.0,0.0,131.0,41.0,41.0,0.0,0,90.0,78.0,189.0,1.0,78.0,1,0.12945205479452054,0.0,0.0,0.6578947368421053,0.7873467916366259
2025-09-08,Cooking Oil,Manual par-level baseline,116.0,0.0,0.0,116.0,38.0,38.0,0.0,0,78.0,48.0,124.80000000000001,1.0,48.0,1,0.08547945205479453,0.0,0.0,0.6578947368421053,0.7433741888968999
2025-09-08,Eggs,Manual par-level baseline,237.0,0.0,0.0,237.0,57.0,57.0,0.0,0,180.0,150.0,28.8,1.0,150.0,1,0.019726027397260273,0.0,0.0,0.6578947368421053,0.6776207642393656
2025-09-08,Fries (Potatoes),Manual par-level baseline,483.0,0.0,0.0,483.0,146.0,146.0,0.0,0,337.0,460.0,101.1,1.0,460.0,1,0.06924657534246575,0.0,0.0,0.6578947368421053,0.7271413121845711
2025-09-08,Gluten-free Buns,Manual par-level baseline,1.0,0.0,0.0,1.0,0.0,0.0,0.0,0,1.0,48.0,0.55,1.0,48.0,1,0.0003767123287671233,0.0,0.0,0.6578947368421053,0.6582714491708724
2025-09-08,Lettuce,Manual par-level baseline,292.0,0.0,0.0,292.0,83.0,83.0,0.0,0,209.0,216.0,125.39999999999999,1.0,216.0,1,0.08589041095890411,0.0,0.0,0.6578947368421053,0.7437851478010095
2025-09-08,Milk,Manual par-level baseline,248.0,0.0,0.0,248.0,57.0,57.0,0.0,0,191.0,216.0,143.25,1.0,216.0,1,0.09811643835616438,0.0,0.0,0.6578947368421053,0.7560111751982697
2025-09-08,Mushrooms,Manual par-level baseline,136.0,0.0,0.0,136.0,38.0,38.0,0.0,0,98.0,100.0,53.900000000000006,1.0,100.0,1,0.03691780821917808,0.0,0.0,0.6578947368421053,0.6948125450612834
2025-09-08,Onions,Manual par-level baseline,232.0,0.0,0.0,232.0,60.0,60.0,0.0,0,172.0,100.0,43.0,1.0,100.0,1,0.02945205479452055,0.0,0.0,0.6578947368421053,0.6873467916366258
2025-09-08,Salmon Fillet,Manual par-level baseline,111.0,0.0,0.0,111.0,30.0,30.0,0.0,0,81.0,126.0,259.2,1.0,126.0,1,0.17753424657534247,0.0,0.0,0.6578947368421053,0.8354289834174478
2025-09-08,Seasonal Berries,Manual par-level baseline,24.0,0.0,0.0,24.0,8.0,8.0,0.0,0,16.0,18.0,22.4,1.0,18.0,1,0.015342465753424657,0.0,0.0,0.6578947368421053,0.67323720259553
2025-09-08,Soft Drinks,Manual par-level baseline,408.0,0.0,0.0,408.0,135.0,135.0,0.0,0,273.0,576.0,109.2,1.0,576.0,1,0.07479452054794522,0.0,0.0,0.6578947368421053,0.7326892573900505
2025-09-08,Tomatoes,Manual par-level baseline,302.0,0.0,0.0,302.0,77.0,77.0,0.0,0,225.0,216.0,101.25,1.0,216.0,1,0.06934931506849315,0.0,0.0,0.6578947368421053,0.7272440519105985
2025-09-08,Truffle Oil,Manual par-level baseline,19.0,0.0,0.0,19.0,0.0,0.0,0.0,0,19.0,0.0,161.5,2.8947368421052633,0.0,1,0.11061643835616439,0.0,0.0,0.0,0.11061643835616439
2025-09-08,Vegan Cheese,Manual par-level baseline,3.0,0.0,0.0,3.0,0.0,0.0,0.0,0,3.0,36.0,1.9500000000000002,1.0,36.0,1,0.0013356164383561645,0.0,0.0,0.6578947368421053,0.6592303532804614
2025-09-09,Bacon,Manual par-level baseline,93.0,0.0,0.0,93.0,47.0,47.0,0.0,0,46.0,160.0,50.6,2.0,0.0,0,0.03465753424657535,0.0,0.0,0.0,0.03465753424657535
2025-09-09,Burger Buns,Manual par-level baseline,256.0,0.0,0.0,256.0,122.0,122.0,0.0,0,134.0,432.0,24.119999999999997,2.0,0.0,0,0.01652054794520548,0.0,0.0,0.0,0.01652054794520548
2025-09-09,Butter,Manual par-level baseline,81.0,0.0,0.0,81.0,38.0,38.0,0.0,0,43.0,96.0,40.85,2.0,0.0,0,0.02797945205479452,0.0,0.0,0.0,0.02797945205479452
2025-09-09,Cheese Slices,Manual par-level baseline,158.0,0.0,0.0,158.0,78.0,78.0,0.0,0,80.0,300.0,17.6,2.0,0.0,0,0.012054794520547946,0.0,0.0,0.0,0.012054794520547946
2025-09-09,Chicken Breast,Manual par-level baseline,232.0,0.0,0.0,232.0,101.0,101.0,0.0,0,131.0,300.0,235.8,2.0,0.0,0,0.16150684931506848,0.0,0.0,0.0,0.16150684931506848
2025-09-09,Coffee Beans,Manual par-level baseline,90.0,0.0,0.0,90.0,42.0,42.0,0.0,0,48.0,78.0,100.80000000000001,2.0,0.0,0,0.06904109589041096,0.0,0.0,0.0,0.06904109589041096
2025-09-09,Cooking Oil,Manual par-level baseline,78.0,0.0,0.0,78.0,33.0,33.0,0.0,0,45.0,48.0,72.0,2.0,0.0,0,0.04931506849315069,0.0,0.0,0.0,0.04931506849315069
2025-09-09,Eggs,Manual par-level baseline,180.0,0.0,0.0,180.0,66.0,66.0,0.0,0,114.0,150.0,18.240000000000002,2.0,0.0,0,0.012493150684931507,0.0,0.0,0.0,0.012493150684931507
2025-09-09,Fries (Potatoes),Manual par-level baseline,337.0,0.0,0.0,337.0,209.0,209.0,0.0,0,128.0,460.0,38.4,2.0,0.0,0,0.026301369863013697,0.0,0.0,0.0,0.026301369863013697
2025-09-09,Gluten-free Buns,Manual par-level baseline,1.0,0.0,0.0,1.0,0.0,0.0,0.0,0,1.0,48.0,0.55,2.0,0.0,0,0.0003767123287671233,0.0,0.0,0.0,0.0003767123287671233
2025-09-09,Lettuce,Manual par-level baseline,209.0,0.0,0.0,209.0,76.0,76.0,0.0,0,133.0,216.0,79.8,2.0,0.0,0,0.05465753424657534,0.0,0.0,0.0,0.05465753424657534
2025-09-09,Milk,Manual par-level baseline,191.0,0.0,0.0,191.0,91.0,91.0,0.0,0,100.0,216.0,75.0,2.0,0.0,0,0.05136986301369863,0.0,0.0,0.0,0.05136986301369863
2025-09-09,Mushrooms,Manual par-level baseline,98.0,0.0,0.0,98.0,24.0,24.0,0.0,0,74.0,100.0,40.7,2.0,0.0,0,0.027876712328767123,0.0,0.0,0.0,0.027876712328767123
2025-09-09,Onions,Manual par-level baseline,172.0,0.0,0.0,172.0,64.0,64.0,0.0,0,108.0,100.0,27.0,2.0,0.0,0,0.018493150684931507,0.0,0.0,0.0,0.018493150684931507
2025-09-09,Salmon Fillet,Manual par-level baseline,81.0,0.0,0.0,81.0,35.0,35.0,0.0,0,46.0,126.0,147.20000000000002,2.0,0.0,0,0.1008219178082192,0.0,0.0,0.0,0.1008219178082192
2025-09-09,Seasonal Berries,Manual par-level baseline,16.0,0.0,0.0,16.0,6.0,6.0,0.0,0,10.0,18.0,14.0,2.0,0.0,0,0.009589041095890411,0.0,0.0,0.0,0.009589041095890411
2025-09-09,Soft Drinks,Manual par-level baseline,273.0,0.0,0.0,273.0,148.0,148.0,0.0,0,125.0,576.0,50.0,2.0,0.0,0,0.03424657534246576,0.0,0.0,0.0,0.03424657534246576
2025-09-09,Tomatoes,Manual par-level baseline,225.0,0.0,0.0,225.0,69.0,69.0,0.0,0,156.0,216.0,70.2,2.0,0.0,0,0.04808219178082192,0.0,0.0,0.0,0.04808219178082192
2025-09-09,Truffle Oil,Manual par-level baseline,19.0,0.0,0.0,19.0,0.0,0.0,0.0,0,19.0,0.0,161.5,3.8947368421052633,0.0,0,0.11061643835616439,0.0,0.0,0.0,0.11061643835616439
2025-09-09,Vegan Cheese,Manual par-level baseline,3.0,0.0,0.0,3.0,7.0,3.0,4.0,1,0.0,36.0,0.0,0.0,0.0,0,0.0,0.0,5.2,0.0,5.2
2025-09-10,Bacon,Manual par-level baseline,46.0,160.0,0.0,206.0,56.0,56.0,0.0,0,150.0,110.0,165.0,0.0,110.0,1,0.113013698630137,0.0,0.0,0.7352941176470589,0.8483078162771959
2025-09-10,Burger Buns,Manual par-level baseline,134.0,432.0,134.0,432.0,116.0,116.0,0.0,0,316.0,336.0,56.879999999999995,0.0,336.0,1,0.03895890410958904,30.819999999999997,0.0,0.7352941176470589,31.594253021756643
2025-09-10,Butter,Manual par-level baseline,43.0,96.0,0.0,139.0,33.0,33.0,0.0,0,106.0,84.0,100.69999999999999,0.2830188679245283,84.0,1,0.06897260273972602,0.0,0.0,0.7352941176470589,0.8042667203867849
2025-09-10,Cheese Slices,Manual par-level baseline,80.0,300.0,0.0,380.0,90.0,90.0,0.0,0,290.0,150.0,63.8,0.0,150.0,1,0.043698630136986306,0.0,0.0,0.7352941176470589,0.7789927477840451
2025-09-10,Chicken Breast,Manual par-level baseline,131.0,300.0,0.0,431.0,100.0,100.0,0.0,0,331.0,190.0,595.8,0.2809667673716012,190.0,1,0.4080821917808219,0.0,0.0,0.7352941176470589,1.1433763094278808
2025-09-10,Coffee Beans,Manual par-level baseline,48.0,78.0,0.0,126.0,66.0,66.0,0.0,0,60.0,84.0,126.0,0.0,84.0,1,0.0863013698630137,0.0,0.0,0.7352941176470589,0.8215954875100726
2025-09-10,Cooking Oil,Manual par-level baseline,45.0,48.0,0.0,93.0,34.0,34.0,0.0,0,59.0,72.0,94.4,0.559322033898305,72.0,1,0.06465753424657535,0.0,0.0,0.7352941176470589,0.7999516518936343
2025-09-10,Eggs,Manual par-level baseline,114.0,150.0,0.0,264.0,58.0,58.0,0.0,0,206.0,120.0,32.96,0.8155339805825242,120.0,1,0.022575342465753424,0.0,0.0,0.7352941176470589,0.7578694601128123
2025-09-10,Fries (Potatoes),Manual par-level baseline,128.0,460.0,0.0,588.0,156.0,156.0,0.0,0,432.0,360.0,129.6,0.0,360.0,1,0.08876712328767122,0.0,0.0,0.7352941176470589,0.8240612409347301
2025-09-10,Gluten-free Buns,Manual par-level baseline,1.0,48.0,1.0,48.0,16.0,16.0,0.0,0,32.0,0.0,17.6,0.0,0.0,1,0.012054794520547946,0.6000000000000001,0.0,0.0,0.612054794520548
2025-09-10,Lettuce,Manual par-level baseline,133.0,216.0,0.0,349.0,76.0,76.0,0.0,0,273.0,156.0,163.79999999999998,0.6263736263736264,156.0,1,0.1121917808219178,0.0,0.0,0.7352941176470589,0.8474858984689767
2025-09-10,Milk,Manual par-level baseline,100.0,216.0,0.0,316.0,120.0,120.0,0.0,0,196.0,144.0,147.0,0.0,144.0,1,0.1006849315068493,0.0,0.0,0.7352941176470589,0.8359790491539082
2025-09-10,Mushrooms,Manual par-level baseline,74.0,100.0,0.0,174.0,44.0,44.0,0.0,0,130.0,60.0,71.5,0.6923076923076923,60.0,1,0.04897260273972603,0.0,0.0,0.7352941176470589,0.7842667203867849
2025-09-10,Onions,Manual par-level baseline,108.0,100.0,0.0,208.0,66.0,66.0,0.0,0,142.0,140.0,35.5,0.8873239436619719,140.0,1,0.024315068493150686,0.0,0.0,0.7352941176470589,0.7596091861402096
2025-09-10,Salmon Fillet,Manual par-level baseline,46.0,126.0,46.0,126.0,0.0,0.0,0.0,0,126.0,114.0,403.20000000000005,0.0,114.0,1,0.27616438356164386,149.50000000000003,0.0,0.7352941176470589,150.51145850120875
2025-09-10,Seasonal Berries,Manual par-level baseline,10.0,18.0,10.0,18.0,0.0,0.0,0.0,0,18.0,24.0,25.2,0.0,24.0,1,0.01726027397260274,14.5,0.0,0.7352941176470589,15.252554391619661
2025-09-10,Soft Drinks,Manual par-level baseline,125.0,576.0,0.0,701.0,151.0,151.0,0.0,0,550.0,264.0,220.0,0.0,264.0,1,0.15068493150684933,0.0,0.0,0.7352941176470589,0.8859790491539082
2025-09-10,Tomatoes,Manual par-level baseline,156.0,216.0,0.0,372.0,75.0,75.0,0.0,0,297.0,144.0,133.65,0.8181818181818182,144.0,1,0.09154109589041096,0.0,0.0,0.7352941176470589,0.8268352135374698
2025-09-10,Truffle Oil,Manual par-level baseline,19.0,0.0,0.0,19.0,0.0,0.0,0.0,0,19.0,0.0,161.5,4.894736842105263,0.0,1,0.11061643835616439,0.0,0.0,0.0,0.11061643835616439
2025-09-10,Vegan Cheese,Manual par-level baseline,0.0,36.0,0.0,36.0,0.0,0.0,0.0,0,36.0,0.0,23.400000000000002,0.0,0.0,1,0.016027397260273975,0.0,0.0,0.0,0.016027397260273975
2025-09-11,Bacon,Manual par-level baseline,150.0,0.0,0.0,150.0,56.0,56.0,0.0,0,94.0,110.0,103.4,1.0,0.0,0,0.07082191780821918,0.0,0.0,0.0,0.07082191780821918
2025-09-11,Burger Buns,Manual par-level baseline,316.0,0.0,0.0,316.0,145.0,145.0,0.0,0,171.0,336.0,30.779999999999998,1.0,0.0,0,0.021082191780821918,0.0,0.0,0.0,0.021082191780821918
2025-09-11,Butter,Manual par-level baseline,106.0,0.0,0.0,106.0,39.0,39.0,0.0,0,67.0,84.0,63.65,1.0,0.0,0,0.043595890410958904,0.0,0.0,0.0,0.043595890410958904
2025-09-11,Cheese Slices,Manual par-level baseline,290.0,0.0,0.0,290.0,96.0,96.0,0.0,0,194.0,150.0,42.68,1.0,0.0,0,0.02923287671232877,0.0,0.0,0.0,0.02923287671232877
2025-09-11,Chicken Breast,Manual par-level baseline,331.0,0.0,31.0,300.0,108.0,108.0,0.0,0,192.0,190.0,345.6,1.0,0.0,0,0.23671232876712328,57.35,0.0,0.0,57.58671232876713
2025-09-11,Coffee Beans,Manual par-level baseline,60.0,0.0,0.0,60.0,44.0,44.0,0.0,0,16.0,84.0,33.6,1.0,0.0,0,0.023013698630136987,0.0,0.0,0.0,0.023013698630136987
2025-09-11,Cooking Oil,Manual par-level baseline,59.0,0.0,0.0,59.0,49.0,49.0,0.0,0,10.0,72.0,16.0,1.0,0.0,0,0.010958904109589043,0.0,0.0,0.0,0.010958904109589043
2025-09-11,Eggs,Manual par-level baseline,206.0,0.0,0.0,206.0,84.0,84.0,0.0,0,122.0,120.0,19.52,1.0,0.0,0,0.01336986301369863,0.0,0.0,0.0,0.01336986301369863
2025-09-11,Fries (Potatoes),Manual par-level baseline,432.0,0.0,0.0,432.0,176.0,176.0,0.0,0,256.0,360.0,76.8,1.0,0.0,0,0.052602739726027394,0.0,0.0,0.0,0.052602739726027394
2025-09-11,Gluten-free Buns,Manual par-level baseline,32.0,0.0,0.0,32.0,14.0,14.0,0.0,0,18.0,0.0,9.9,1.0,0.0,0,0.006780821917808219,0.0,0.0,0.0,0.006780821917808219
2025-09-11,Lettuce,Manual par-level baseline,273.0,0.0,57.0,216.0,96.0,96.0,0.0,0,120.0,156.0,72.0,1.0,0.0,0,0.049315068493150684,37.05,0.0,0.0,37.09931506849315
2025-09-11,Milk,Manual par-level baseline,196.0,0.0,0.0,196.0,132.0,132.0,0.0,0,64.0,144.0,48.0,1.0,0.0,0,0.03287671232876712,0.0,0.0,0.0,0.03287671232876712
2025-09-11,Mushrooms,Manual par-level baseline,130.0,0.0,0.0,130.0,41.0,41.0,0.0,0,89.0,60.0,48.95,1.0,0.0,0,0.033527397260273976,0.0,0.0,0.0,0.033527397260273976
2025-09-11,Onions,Manual par-level baseline,142.0,0.0,0.0,142.0,70.0,70.0,0.0,0,72.0,140.0,18.0,1.0,0.0,0,0.012328767123287671,0.0,0.0,0.0,0.012328767123287671
2025-09-11,Salmon Fillet,Manual par-level baseline,126.0,0.0,0.0,126.0,35.0,35.0,0.0,0,91.0,114.0,291.2,1.0,0.0,0,0.19945205479452058,0.0,0.0,0.0,0.19945205479452058
2025-09-11,Seasonal Berries,Manual par-level baseline,18.0,0.0,0.0,18.0,21.0,18.0,3.0,1,0.0,24.0,0.0,0.0,0.0,0,0.0,0.0,8.399999999999999,0.0,8.399999999999999
2025-09-11,Soft Drinks,Manual par-level baseline,550.0,0.0,0.0,550.0,179.0,179.0,0.0,0,371.0,264.0,148.4,1.0,0.0,0,0.10164383561643837,0.0,0.0,0.0,0.10164383561643837
2025-09-11,Tomatoes,Manual par-level baseline,297.0,0.0,0.0,297.0,88.0,88.0,0.0,0,209.0,144.0,94.05,1.0,0.0,0,0.06441780821917809,0.0,0.0,0.0,0.06441780821917809
2025-09-11,Truffle Oil,Manual par-level baseline,19.0,0.0,0.0,19.0,0.0,0.0,0.0,0,19.0,0.0,161.5,5.894736842105263,0.0,0,0.11061643835616439,0.0,0.0,0.0,0.11061643835616439
2025-09-11,Vegan Cheese,Manual par-level baseline,36.0,0.0,0.0,36.0,9.0,9.0,0.0,0,27.0,0.0,17.55,1.0,0.0,0,0.012020547945205481,0.0,0.0,0.0,0.012020547945205481
2025-09-12,Bacon,Manual par-level baseline,94.0,110.0,0.0,204.0,85.0,85.0,0.0,0,119.0,190.0,130.9,0.15126050420168066,190.0,1,0.08965753424657534,0.0,0.0,0.625,0.7146575342465753
2025-09-12,Burger Buns,Manual par-level baseline,171.0,336.0,0.0,507.0,263.0,263.0,0.0,0,244.0,480.0,43.92,0.0,480.0,1,0.030082191780821915,0.0,0.0,0.625,0.6550821917808219
2025-09-12,Butter,Manual par-level baseline,67.0,84.0,0.0,151.0,56.0,56.0,0.0,0,95.0,120.0,90.25,0.23157894736842105,120.0,1,0.06181506849315069,0.0,0.0,0.625,0.6868150684931507
2025-09-12,Cheese Slices,Manual par-level baseline,194.0,150.0,0.0,344.0,118.0,118.0,0.0,0,226.0,300.0,49.72,0.672566371681416,300.0,1,0.034054794520547944,0.0,0.0,0.625,0.6590547945205479
2025-09-12,Chicken Breast,Manual par-level baseline,192.0,190.0,0.0,382.0,139.0,139.0,0.0,0,243.0,390.0,437.4,0.43621399176954734,390.0,1,0.2995890410958904,0.0,0.0,0.625,0.9245890410958904
2025-09-12,Coffee Beans,Manual par-level baseline,16.0,84.0,0.0,100.0,65.0,65.0,0.0,0,35.0,162.0,73.5,0.0,162.0,1,0.05034246575342466,0.0,0.0,0.625,0.6753424657534246
2025-09-12,Cooking Oil,Manual par-level baseline,10.0,72.0,0.0,82.0,32.0,32.0,0.0,0,50.0,128.0,80.0,0.0,128.0,1,0.05479452054794521,0.0,0.0,0.625,0.6797945205479452
2025-09-12,Eggs,Manual par-level baseline,122.0,120.0,0.0,242.0,105.0,105.0,0.0,0,137.0,240.0,21.919999999999998,0.24817518248175183,240.0,1,0.015013698630136987,0.0,0.0,0.625,0.640013698630137
2025-09-12,Fries (Potatoes),Manual par-level baseline,256.0,360.0,0.0,616.0,229.0,229.0,0.0,0,387.0,580.0,116.1,0.13953488372093023,580.0,1,0.07952054794520548,0.0,0.0,0.625,0.7045205479452055
2025-09-12,Gluten-free Buns,Manual par-level baseline,18.0,0.0,0.0,18.0,0.0,0.0,0.0,0,18.0,48.0,9.9,2.0,48.0,1,0.006780821917808219,0.0,0.0,0.625,0.6317808219178083
2025-09-12,Lettuce,Manual par-level baseline,120.0,156.0,0.0,276.0,111.0,111.0,0.0,0,165.0,348.0,99.0,0.10909090909090909,348.0,1,0.06780821917808219,0.0,0.0,0.625,0.6928082191780822
2025-09-12,Milk,Manual par-level baseline,64.0,144.0,0.0,208.0,97.0,97.0,0.0,0,111.0,372.0,83.25,0.0,372.0,1,0.057020547945205474,0.0,0.0,0.625,0.6820205479452055
2025-09-12,Mushrooms,Manual par-level baseline,89.0,60.0,0.0,149.0,57.0,57.0,0.0,0,92.0,140.0,50.6,0.6956521739130435,140.0,1,0.03465753424657535,0.0,0.0,0.625,0.6596575342465754
2025-09-12,Onions,Manual par-level baseline,72.0,140.0,0.0,212.0,97.0,97.0,0.0,0,115.0,220.0,28.75,0.0,220.0,1,0.019691780821917807,0.0,0.0,0.625,0.6446917808219178
2025-09-12,Salmon Fillet,Manual par-level baseline,91.0,114.0,0.0,205.0,45.0,45.0,0.0,0,160.0,78.0,512.0,0.575,78.0,1,0.3506849315068494,0.0,0.0,0.625,0.9756849315068494
2025-09-12,Seasonal Berries,Manual par-level baseline,0.0,24.0,0.0,24.0,9.0,9.0,0.0,0,15.0,24.0,21.0,0.0,24.0,1,0.014383561643835616,0.0,0.0,0.625,0.6393835616438356
2025-09-12,Soft Drinks,Manual par-level baseline,371.0,264.0,0.0,635.0,219.0,219.0,0.0,0,416.0,576.0,166.4,0.7307692307692307,576.0,1,0.11397260273972604,0.0,0.0,0.625,0.7389726027397261
2025-09-12,Tomatoes,Manual par-level baseline,209.0,144.0,0.0,353.0,109.0,109.0,0.0,0,244.0,276.0,109.8,0.819672131147541,276.0,1,0.07520547945205479,0.0,0.0,0.625,0.7002054794520548
2025-09-12,Truffle Oil,Manual par-level baseline,19.0,0.0,0.0,19.0,0.0,0.0,0.0,0,19.0,4.0,161.5,6.894736842105263,4.0,1,0.11061643835616439,0.0,0.0,0.625,0.7356164383561644
2025-09-12,Vegan Cheese,Manual par-level baseline,27.0,0.0,0.0,27.0,7.0,7.0,0.0,0,20.0,12.0,13.0,2.0,12.0,1,0.008904109589041097,0.0,0.0,0.625,0.6339041095890411
2025-09-13,Bacon,Manual par-level baseline,119.0,0.0,0.0,119.0,80.0,80.0,0.0,0,39.0,190.0,42.900000000000006,1.0,0.0,0,0.02938356164383562,0.0,0.0,0.0,0.02938356164383562
2025-09-13,Burger Buns,Manual par-level baseline,244.0,0.0,0.0,244.0,173.0,173.0,0.0,0,71.0,480.0,12.78,1.0,0.0,0,0.008753424657534247,0.0,0.0,0.0,0.008753424657534247
2025-09-13,Butter,Manual par-level baseline,95.0,0.0,0.0,95.0,46.0,46.0,0.0,0,49.0,120.0,46.55,1.0,0.0,0,0.031883561643835615,0.0,0.0,0.0,0.031883561643835615
2025-09-13,Cheese Slices,Manual par-level baseline,226.0,0.0,0.0,226.0,188.0,188.0,0.0,0,38.0,300.0,8.36,1.0,0.0,0,0.005726027397260274,0.0,0.0,0.0,0.005726027397260274
2025-09-13,Chicken Breast,Manual par-level baseline,243.0,0.0,0.0,243.0,108.0,108.0,0.0,0,135.0,390.0,243.0,1.0,0.0,0,0.16643835616438354,0.0,0.0,0.0,0.16643835616438354
2025-09-13,Coffee Beans,Manual par-level baseline,35.0,0.0,0.0,35.0,52.0,35.0,17.0,1,0.0,162.0,0.0,0.0,0.0,0,0.0,0.0,71.4,0.0,71.4
2025-09-13,Cooking Oil,Manual par-level baseline,50.0,0.0,0.0,50.0,55.0,50.0,5.0,1,0.0,128.0,0.0,0.0,0.0,0,0.0,0.0,16.0,0.0,16.0
2025-09-13,Eggs,Manual par-level baseline,137.0,0.0,0.0,137.0,91.0,91.0,0.0,0,46.0,240.0,7.36,1.0,0.0,0,0.005041095890410959,0.0,0.0,0.0,0.005041095890410959
2025-09-13,Fries (Potatoes),Manual par-level baseline,387.0,0.0,0.0,387.0,221.0,221.0,0.0,0,166.0,580.0,49.8,1.0,0.0,0,0.034109589041095886,0.0,0.0,0.0,0.034109589041095886
2025-09-13,Gluten-free Buns,Manual par-level baseline,18.0,0.0,18.0,0.0,19.0,0.0,19.0,1,0.0,48.0,0.0,0.0,0.0,0,0.0,10.8,20.900000000000002,0.0,31.700000000000003
2025-09-13,Lettuce,Manual par-level baseline,165.0,0.0,0.0,165.0,122.0,122.0,0.0,0,43.0,348.0,25.8,1.0,0.0,0,0.017671232876712326,0.0,0.0,0.0,0.017671232876712326
2025-09-13,Milk,Manual par-level baseline,111.0,0.0,0.0,111.0,82.0,82.0,0.0,0,29.0,372.0,21.75,1.0,0.0,0,0.0148972602739726,0.0,0.0,0.0,0.0148972602739726
2025-09-13,Mushrooms,Manual par-level baseline,92.0,0.0,0.0,92.0,48.0,48.0,0.0,0,44.0,140.0,24.200000000000003,1.0,0.0,0,0.016575342465753425,0.0,0.0,0.0,0.016575342465753425
2025-09-13,Onions,Manual par-level baseline,115.0,0.0,0.0,115.0,97.0,97.0,0.0,0,18.0,220.0,4.5,1.0,0.0,0,0.0030821917808219177,0.0,0.0,0.0,0.0030821917808219177
2025-09-13,Salmon Fillet,Manual par-level baseline,160.0,0.0,46.0,114.0,47.0,47.0,0.0,0,67.0,78.0,214.4,1.0,0.0,0,0.14684931506849316,149.50000000000003,0.0,0.0,149.64684931506852
2025-09-13,Seasonal Berries,Manual par-level baseline,15.0,0.0,0.0,15.0,16.0,15.0,1.0,1,0.0,24.0,0.0,0.0,0.0,0,0.0,0.0,2.8,0.0,2.8
2025-09-13,Soft Drinks,Manual par-level baseline,416.0,0.0,0.0,416.0,229.0,229.0,0.0,0,187.0,576.0,74.8,1.0,0.0,0,0.051232876712328776,0.0,0.0,0.0,0.051232876712328776
2025-09-13,Tomatoes,Manual par-level baseline,244.0,0.0,0.0,244.0,124.0,124.0,0.0,0,120.0,276.0,54.0,1.0,0.0,0,0.036986301369863014,0.0,0.0,0.0,0.036986301369863014
2025-09-13,Truffle Oil,Manual par-level baseline,19.0,0.0,0.0,19.0,8.0,8.0,0.0,0,11.0,4.0,93.5,6.363636363636363,0.0,0,0.06404109589041096,0.0,0.0,0.0,0.06404109589041096
2025-09-13,Vegan Cheese,Manual par-level baseline,20.0,0.0,0.0,20.0,16.0,16.0,0.0,0,4.0,12.0,2.6,3.0,0.0,0,0.0017808219178082193,0.0,0.0,0.0,0.0017808219178082193
2025-09-14,Bacon,Manual par-level baseline,39.0,190.0,0.0,229.0,61.0,61.0,0.0,0,168.0,0.0,184.8,0.0,0.0,0,0.12657534246575342,0.0,0.0,0.0,0.12657534246575342
2025-09-14,Burger Buns,Manual par-level baseline,71.0,480.0,0.0,551.0,184.0,184.0,0.0,0,367.0,0.0,66.06,0.0,0.0,0,0.045246575342465754,0.0,0.0,0.0,0.045246575342465754
2025-09-14,Butter,Manual par-level baseline,49.0,120.0,0.0,169.0,72.0,72.0,0.0,0,97.0,0.0,92.14999999999999,0.0,0.0,0,0.06311643835616439,0.0,0.0,0.0,0.06311643835616439
2025-09-14,Cheese Slices,Manual par-level baseline,38.0,300.0,0.0,338.0,131.0,131.0,0.0,0,207.0,0.0,45.54,0.0,0.0,0,0.03119178082191781,0.0,0.0,0.0,0.03119178082191781
2025-09-14,Chicken Breast,Manual par-level baseline,135.0,390.0,0.0,525.0,200.0,200.0,0.0,0,325.0,0.0,585.0,0.0,0.0,0,0.4006849315068493,0.0,0.0,0.0,0.4006849315068493
2025-09-14,Coffee Beans,Manual par-level baseline,0.0,162.0,0.0,162.0,55.0,55.0,0.0,0,107.0,0.0,224.70000000000002,0.0,0.0,0,0.1539041095890411,0.0,0.0,0.0,0.1539041095890411
2025-09-14,Cooking Oil,Manual par-level baseline,0.0,128.0,0.0,128.0,39.0,39.0,0.0,0,89.0,0.0,142.4,0.0,0.0,0,0.09753424657534247,0.0,0.0,0.0,0.09753424657534247
2025-09-14,Eggs,Manual par-level baseline,46.0,240.0,0.0,286.0,71.0,71.0,0.0,0,215.0,0.0,34.4,0.0,0.0,0,0.023561643835616437,0.0,0.0,0.0,0.023561643835616437
2025-09-14,Fries (Potatoes),Manual par-level baseline,166.0,580.0,0.0,746.0,234.0,234.0,0.0,0,512.0,0.0,153.6,0.0,0.0,0,0.10520547945205479,0.0,0.0,0.0,0.10520547945205479
2025-09-14,Gluten-free Buns,Manual par-level baseline,0.0,48.0,0.0,48.0,17.0,17.0,0.0,0,31.0,0.0,17.05,0.0,0.0,0,0.011678082191780823,0.0,0.0,0.0,0.011678082191780823
2025-09-14,Lettuce,Manual par-level baseline,43.0,348.0,0.0,391.0,132.0,132.0,0.0,0,259.0,0.0,155.4,0.0,0.0,0,0.10643835616438356,0.0,0.0,0.0,0.10643835616438356
2025-09-14,Milk,Manual par-level baseline,29.0,372.0,0.0,401.0,95.0,95.0,0.0,0,306.0,0.0,229.5,0.0,0.0,0,0.1571917808219178,0.0,0.0,0.0,0.1571917808219178
2025-09-14,Mushrooms,Manual par-level baseline,44.0,140.0,0.0,184.0,67.0,67.0,0.0,0,117.0,0.0,64.35000000000001,0.0,0.0,0,0.044075342465753425,0.0,0.0,0.0,0.044075342465753425
2025-09-14,Onions,Manual par-level baseline,18.0,220.0,0.0,238.0,77.0,77.0,0.0,0,161.0,0.0,40.25,0.0,0.0,0,0.027568493150684933,0.0,0.0,0.0,0.027568493150684933
2025-09-14,Salmon Fillet,Manual par-level baseline,67.0,78.0,0.0,145.0,54.0,54.0,0.0,0,91.0,0.0,291.20000000000005,0.2857142857142857,0.0,0,0.19945205479452058,0.0,0.0,0.0,0.19945205479452058
2025-09-14,Seasonal Berries,Manual par-level baseline,0.0,24.0,0.0,24.0,0.0,0.0,0.0,0,24.0,0.0,33.599999999999994,0.0,0.0,0,0.023013698630136987,0.0,0.0,0.0,0.023013698630136987
2025-09-14,Soft Drinks,Manual par-level baseline,187.0,576.0,0.0,763.0,232.0,232.0,0.0,0,531.0,0.0,212.4,0.0,0.0,0,0.14547945205479454,0.0,0.0,0.0,0.14547945205479454
2025-09-14,Tomatoes,Manual par-level baseline,120.0,276.0,0.0,396.0,129.0,129.0,0.0,0,267.0,0.0,120.15,0.0,0.0,0,0.0822945205479452,0.0,0.0,0.0,0.0822945205479452
2025-09-14,Truffle Oil,Manual par-level baseline,11.0,4.0,0.0,15.0,12.0,12.0,0.0,0,3.0,0.0,25.5,0.0,0.0,0,0.017465753424657535,0.0,0.0,0.0,0.017465753424657535
2025-09-14,Vegan Cheese,Manual par-level baseline,4.0,12.0,0.0,16.0,14.0,14.0,0.0,0,2.0,0.0,1.3,0.0,0.0,0,0.0008904109589041097,0.0,0.0,0.0,0.0008904109589041097
2025-09-15,Bacon,Manual par-level baseline,168.0,0.0,0.0,168.0,59.0,59.0,0.0,0,109.0,160.0,119.9,1.0,160.0,1,0.08212328767123288,0.0,0.0,0.625,0.7071232876712329
2025-09-15,Burger Buns,Manual par-level baseline,367.0,0.0,0.0,367.0,101.0,101.0,0.0,0,266.0,384.0,47.879999999999995,1.0,384.0,1,0.032794520547945204,0.0,0.0,0.625,0.6577945205479452
2025-09-15,Butter,Manual par-level baseline,97.0,0.0,0.0,97.0,41.0,41.0,0.0,0,56.0,132.0,53.199999999999996,1.0,132.0,1,0.03643835616438356,0.0,0.0,0.625,0.6614383561643835
2025-09-15,Cheese Slices,Manual par-level baseline,207.0,0.0,0.0,207.0,77.0,77.0,0.0,0,130.0,350.0,28.6,1.0,350.0,1,0.01958904109589041,0.0,0.0,0.625,0.6445890410958904
2025-09-15,Chicken Breast,Manual par-level baseline,325.0,0.0,0.0,325.0,82.0,82.0,0.0,0,243.0,290.0,437.40000000000003,1.0,290.0,1,0.2995890410958904,0.0,0.0,0.625,0.9245890410958904
2025-09-15,Coffee Beans,Manual par-level baseline,107.0,0.0,0.0,107.0,38.0,38.0,0.0,0,69.0,108.0,144.9,1.0,108.0,1,0.09924657534246575,0.0,0.0,0.625,0.7242465753424657
2025-09-15,Cooking Oil,Manual par-level baseline,89.0,0.0,0.0,89.0,18.0,18.0,0.0,0,71.0,80.0,113.60000000000001,1.0,80.0,1,0.0778082191780822,0.0,0.0,0.625,0.7028082191780822
2025-09-15,Eggs,Manual par-level baseline,215.0,0.0,0.0,215.0,56.0,56.0,0.0,0,159.0,180.0,25.44,1.0,180.0,1,0.017424657534246577,0.0,0.0,0.625,0.6424246575342466
2025-09-15,Fries (Potatoes),Manual par-level baseline,512.0,0.0,0.0,512.0,131.0,131.0,0.0,0,381.0,440.0,114.3,1.0,440.0,1,0.07828767123287671,0.0,0.0,0.625,0.7032876712328767
2025-09-15,Gluten-free Buns,Manual par-level baseline,31.0,0.0,0.0,31.0,10.0,10.0,0.0,0,21.0,24.0,11.55,1.0,24.0,1,0.007910958904109588,0.0,0.0,0.625,0.6329109589041095
2025-09-15,Lettuce,Manual par-level baseline,259.0,0.0,0.0,259.0,86.0,86.0,0.0,0,173.0,240.0,103.8,1.0,240.0,1,0.0710958904109589,0.0,0.0,0.625,0.6960958904109589
2025-09-15,Milk,Manual par-level baseline,306.0,0.0,0.0,306.0,74.0,74.0,0.0,0,232.0,156.0,174.0,1.0,156.0,1,0.1191780821917808,0.0,0.0,0.625,0.7441780821917808
2025-09-15,Mushrooms,Manual par-level baseline,117.0,0.0,0.0,117.0,38.0,38.0,0.0,0,79.0,110.0,43.45,1.0,110.0,1,0.02976027397260274,0.0,0.0,0.625,0.6547602739726027
2025-09-15,Onions,Manual par-level baseline,161.0,0.0,0.0,161.0,51.0,51.0,0.0,0,110.0,180.0,27.5,1.0,180.0,1,0.018835616438356163,0.0,0.0,0.625,0.6438356164383562
2025-09-15,Salmon Fillet,Manual par-level baseline,91.0,0.0,13.0,78.0,31.0,31.0,0.0,0,47.0,144.0,150.4,1.0,144.0,1,0.103013698630137,42.25,0.0,0.625,42.978013698630136
2025-09-15,Seasonal Berries,Manual par-level baseline,24.0,0.0,0.0,24.0,0.0,0.0,0.0,0,24.0,18.0,33.599999999999994,1.0,18.0,1,0.023013698630136987,0.0,0.0,0.625,0.648013698630137
2025-09-15,Soft Drinks,Manual par-level baseline,531.0,0.0,0.0,531.0,115.0,115.0,0.0,0,416.0,432.0,166.4,1.0,432.0,1,0.11397260273972604,0.0,0.0,0.625,0.7389726027397261
2025-09-15,Tomatoes,Manual par-level baseline,267.0,0.0,0.0,267.0,84.0,84.0,0.0,0,183.0,228.0,82.35000000000001,1.0,228.0,1,0.056404109589041095,0.0,0.0,0.625,0.6814041095890411
2025-09-15,Truffle Oil,Manual par-level baseline,3.0,0.0,0.0,3.0,6.0,3.0,3.0,1,0.0,18.0,0.0,0.0,18.0,1,0.0,0.0,51.0,0.625,51.625
2025-09-15,Vegan Cheese,Manual par-level baseline,2.0,0.0,0.0,2.0,0.0,0.0,0.0,0,2.0,36.0,1.3,1.0,36.0,1,0.0008904109589041097,0.0,0.0,0.625,0.6258904109589041
2025-09-16,Bacon,Manual par-level baseline,109.0,0.0,0.0,109.0,65.0,65.0,0.0,0,44.0,160.0,48.400000000000006,2.0,0.0,0,0.03315068493150685,0.0,0.0,0.0,0.03315068493150685
2025-09-16,Burger Buns,Manual par-level baseline,266.0,0.0,0.0,266.0,151.0,151.0,0.0,0,115.0,384.0,20.7,2.0,0.0,0,0.014178082191780822,0.0,0.0,0.0,0.014178082191780822
2025-09-16,Butter,Manual par-level baseline,56.0,0.0,0.0,56.0,37.0,37.0,0.0,0,19.0,132.0,18.05,2.0,0.0,0,0.012363013698630137,0.0,0.0,0.0,0.012363013698630137
2025-09-16,Cheese Slices,Manual par-level baseline,130.0,0.0,0.0,130.0,76.0,76.0,0.0,0,54.0,350.0,11.88,2.0,0.0,0,0.008136986301369864,0.0,0.0,0.0,0.008136986301369864
2025-09-16,Chicken Breast,Manual par-level baseline,243.0,0.0,0.0,243.0,85.0,85.0,0.0,0,158.0,290.0,284.40000000000003,2.0,0.0,0,0.1947945205479452,0.0,0.0,0.0,0.1947945205479452
2025-09-16,Coffee Beans,Manual par-level baseline,69.0,0.0,0.0,69.0,35.0,35.0,0.0,0,34.0,108.0,71.4,2.0,0.0,0,0.048904109589041095,0.0,0.0,0.0,0.048904109589041095
2025-09-16,Cooking Oil,Manual par-level baseline,71.0,0.0,0.0,71.0,27.0,27.0,0.0,0,44.0,80.0,70.4,2.0,0.0,0,0.04821917808219179,0.0,0.0,0.0,0.04821917808219179
2025-09-16,Eggs,Manual par-level baseline,159.0,0.0,0.0,159.0,79.0,79.0,0.0,0,80.0,180.0,12.8,2.0,0.0,0,0.008767123287671232,0.0,0.0,0.0,0.008767123287671232
2025-09-16,Fries (Potatoes),Manual par-level baseline,381.0,0.0,0.0,381.0,149.0,149.0,0.0,0,232.0,440.0,69.6,2.0,0.0,0,0.04767123287671233,0.0,0.0,0.0,0.04767123287671233
2025-09-16,Gluten-free Buns,Manual par-level baseline,21.0,0.0,0.0,21.0,0.0,0.0,0.0,0,21.0,24.0,11.55,2.0,0.0,0,0.007910958904109588,0.0,0.0,0.0,0.007910958904109588
2025-09-16,Lettuce,Manual par-level baseline,173.0,0.0,0.0,173.0,105.0,105.0,0.0,0,68.0,240.0,40.8,2.0,0.0,0,0.02794520547945205,0.0,0.0,0.0,0.02794520547945205
2025-09-16,Milk,Manual par-level baseline,232.0,0.0,0.0,232.0,84.0,84.0,0.0,0,148.0,156.0,111.0,2.0,0.0,0,0.07602739726027397,0.0,0.0,0.0,0.07602739726027397
2025-09-16,Mushrooms,Manual par-level baseline,79.0,0.0,0.0,79.0,43.0,43.0,0.0,0,36.0,110.0,19.8,2.0,0.0,0,0.013561643835616439,0.0,0.0,0.0,0.013561643835616439
2025-09-16,Onions,Manual par-level baseline,110.0,0.0,0.0,110.0,60.0,60.0,0.0,0,50.0,180.0,12.5,2.0,0.0,0,0.008561643835616438,0.0,0.0,0.0,0.008561643835616438
2025-09-16,Salmon Fillet,Manual par-level baseline,47.0,0.0,0.0,47.0,33.0,33.0,0.0,0,14.0,144.0,44.800000000000004,2.0,0.0,0,0.030684931506849318,0.0,0.0,0.0,0.030684931506849318
2025-09-16,Seasonal Berries,Manual par-level baseline,24.0,0.0,0.0,24.0,0.0,0.0,0.0,0,24.0,18.0,33.599999999999994,2.0,0.0,0,0.023013698630136987,0.0,0.0,0.0,0.023013698630136987
2025-09-16,Soft Drinks,Manual par-level baseline,416.0,0.0,0.0,416.0,123.0,123.0,0.0,0,293.0,432.0,117.2,2.0,0.0,0,0.08027397260273973,0.0,0.0,0.0,0.08027397260273973
2025-09-16,Tomatoes,Manual par-level baseline,183.0,0.0,0.0,183.0,82.0,82.0,0.0,0,101.0,228.0,45.45,2.0,0.0,0,0.03113013698630137,0.0,0.0,0.0,0.03113013698630137
2025-09-16,Truffle Oil,Manual par-level baseline,0.0,0.0,0.0,0.0,3.0,0.0,3.0,1,0.0,18.0,0.0,0.0,0.0,0,0.0,0.0,51.0,0.0,51.0
2025-09-16,Vegan Cheese,Manual par-level baseline,2.0,0.0,0.0,2.0,11.0,2.0,9.0,1,0.0,36.0,0.0,0.0,0.0,0,0.0,0.0,11.700000000000001,0.0,11.700000000000001
2025-09-17,Bacon,Manual par-level baseline,44.0,160.0,0.0,204.0,64.0,64.0,0.0,0,140.0,120.0,154.0,0.0,120.0,1,0.10547945205479453,0.0,0.0,0.6578947368421053,0.7633741888968999
2025-09-17,Burger Buns,Manual par-level baseline,115.0,384.0,115.0,384.0,140.0,140.0,0.0,0,244.0,384.0,43.92,0.0,384.0,1,0.030082191780821915,26.45,0.0,0.6578947368421053,27.137976928622926
2025-09-17,Butter,Manual par-level baseline,19.0,132.0,0.0,151.0,47.0,47.0,0.0,0,104.0,72.0,98.8,0.0,72.0,1,0.06767123287671233,0.0,0.0,0.6578947368421053,0.7255659697188176
2025-09-17,Cheese Slices,Manual par-level baseline,54.0,350.0,0.0,404.0,71.0,71.0,0.0,0,333.0,150.0,73.26,0.0,150.0,1,0.050178082191780826,0.0,0.0,0.6578947368421053,0.7080728190338861
2025-09-17,Chicken Breast,Manual par-level baseline,158.0,290.0,0.0,448.0,97.0,97.0,0.0,0,351.0,150.0,631.8,0.5213675213675214,150.0,1,0.43273972602739724,0.0,0.0,0.6578947368421053,1.0906344628695026
2025-09-17,Coffee Beans,Manual par-level baseline,34.0,108.0,0.0,142.0,36.0,36.0,0.0,0,106.0,72.0,222.60000000000002,0.0,72.0,1,0.15246575342465754,0.0,0.0,0.6578947368421053,0.8103604902667628
2025-09-17,Cooking Oil,Manual par-level baseline,44.0,80.0,0.0,124.0,25.0,25.0,0.0,0,99.0,40.0,158.4,0.5757575757575758,40.0,1,0.10849315068493152,0.0,0.0,0.6578947368421053,0.7663878875270368
2025-09-17,Eggs,Manual par-level baseline,80.0,180.0,0.0,260.0,70.0,70.0,0.0,0,190.0,120.0,30.400000000000002,0.15789473684210525,120.0,1,0.020821917808219178,0.0,0.0,0.6578947368421053,0.6787166546503245
2025-09-17,Fries (Potatoes),Manual par-level baseline,232.0,440.0,0.0,672.0,153.0,153.0,0.0,0,519.0,260.0,155.7,0.45664739884393063,260.0,1,0.10664383561643835,0.0,0.0,0.6578947368421053,0.7645385724585436
2025-09-17,Gluten-free Buns,Manual par-level baseline,21.0,24.0,21.0,24.0,25.0,24.0,1.0,1,0.0,24.0,0.0,0.0,24.0,1,0.0,12.600000000000001,1.1,0.6578947368421053,14.357894736842105
2025-09-17,Lettuce,Manual par-level baseline,68.0,240.0,0.0,308.0,69.0,69.0,0.0,0,239.0,192.0,143.4,0.0,192.0,1,0.09821917808219177,0.0,0.0,0.6578947368421053,0.756113914924297
2025-09-17,Milk,Manual par-level baseline,148.0,156.0,0.0,304.0,89.0,89.0,0.0,0,215.0,144.0,161.25,0.8232558139534883,144.0,1,0.11044520547945204,0.0,0.0,0.6578947368421053,0.7683399423215573
2025-09-17,Mushrooms,Manual par-level baseline,36.0,110.0,0.0,146.0,46.0,46.0,0.0,0,100.0,80.0,55.00000000000001,0.0,80.0,1,0.03767123287671233,0.0,0.0,0.6578947368421053,0.6955659697188177
2025-09-17,Onions,Manual par-level baseline,50.0,180.0,0.0,230.0,50.0,50.0,0.0,0,180.0,100.0,45.0,0.0,100.0,1,0.03082191780821918,0.0,0.0,0.6578947368421053,0.6887166546503245
2025-09-17,Salmon Fillet,Manual par-level baseline,14.0,144.0,14.0,144.0,36.0,36.0,0.0,0,108.0,72.0,345.6,0.0,72.0,1,0.2367123287671233,45.50000000000001,0.0,0.6578947368421053,46.394607065609236
2025-09-17,Seasonal Berries,Manual par-level baseline,24.0,18.0,24.0,18.0,7.0,7.0,0.0,0,11.0,24.0,15.399999999999999,0.0,24.0,1,0.010547945205479452,34.8,0.0,0.6578947368421053,35.46844268204758
2025-09-17,Soft Drinks,Manual par-level baseline,293.0,432.0,0.0,725.0,104.0,104.0,0.0,0,621.0,216.0,248.40000000000003,0.9130434782608695,216.0,1,0.1701369863013699,0.0,0.0,0.6578947368421053,0.8280317231434752
2025-09-17,Tomatoes,Manual par-level baseline,101.0,228.0,0.0,329.0,90.0,90.0,0.0,0,239.0,168.0,107.55000000000001,0.13807531380753138,168.0,1,0.07366438356164383,0.0,0.0,0.6578947368421053,0.7315591204037492
2025-09-17,Truffle Oil,Manual par-level baseline,0.0,18.0,0.0,18.0,0.0,0.0,0.0,0,18.0,4.0,153.0,0.0,4.0,1,0.10479452054794522,0.0,0.0,0.6578947368421053,0.7626892573900506
2025-09-17,Vegan Cheese,Manual par-level baseline,0.0,36.0,0.0,36.0,0.0,0.0,0.0,0,36.0,0.0,23.400000000000002,0.0,0.0,1,0.016027397260273975,0.0,0.0,0.0,0.016027397260273975
2025-09-18,Bacon,Manual par-level baseline,140.0,0.0,0.0,140.0,60.0,60.0,0.0,0,80.0,120.0,88.0,1.0,0.0,0,0.06027397260273973,0.0,0.0,0.0,0.06027397260273973
2025-09-18,Burger Buns,Manual par-level baseline,244.0,0.0,0.0,244.0,134.0,134.0,0.0,0,110.0,384.0,19.8,1.0,0.0,0,0.013561643835616439,0.0,0.0,0.0,0.013561643835616439
2025-09-18,Butter,Manual par-level baseline,104.0,0.0,0.0,104.0,37.0,37.0,0.0,0,67.0,72.0,63.65,1.0,0.0,0,0.043595890410958904,0.0,0.0,0.0,0.043595890410958904
2025-09-18,Cheese Slices,Manual par-level baseline,333.0,0.0,0.0,333.0,77.0,77.0,0.0,0,256.0,150.0,56.32,1.0,0.0,0,0.03857534246575343,0.0,0.0,0.0,0.03857534246575343
2025-09-18,Chicken Breast,Manual par-level baseline,351.0,0.0,61.0,290.0,101.0,101.0,0.0,0,189.0,150.0,340.2,1.0,0.0,0,0.233013698630137,112.85,0.0,0.0,113.08301369863013
2025-09-18,Coffee Beans,Manual par-level baseline,106.0,0.0,0.0,106.0,45.0,45.0,0.0,0,61.0,72.0,128.1,1.0,0.0,0,0.08773972602739727,0.0,0.0,0.0,0.08773972602739727
2025-09-18,Cooking Oil,Manual par-level baseline,99.0,0.0,0.0,99.0,23.0,23.0,0.0,0,76.0,40.0,121.60000000000001,1.0,0.0,0,0.08328767123287673,0.0,0.0,0.0,0.08328767123287673
2025-09-18,Eggs,Manual par-level baseline,190.0,0.0,0.0,190.0,73.0,73.0,0.0,0,117.0,120.0,18.72,1.0,0.0,0,0.012821917808219178,0.0,0.0,0.0,0.012821917808219178
2025-09-18,Fries (Potatoes),Manual par-level baseline,519.0,0.0,0.0,519.0,139.0,139.0,0.0,0,380.0,260.0,114.0,1.0,0.0,0,0.07808219178082192,0.0,0.0,0.0,0.07808219178082192
2025-09-18,Gluten-free Buns,Manual par-level baseline,0.0,0.0,0.0,0.0,0.0,0.0,0.0,0,0.0,24.0,0.0,0.0,0.0,0,0.0,0.0,0.0,0.0,0.0
2025-09-18,Lettuce,Manual par-level baseline,239.0,0.0,0.0,239.0,83.0,83.0,0.0,0,156.0,192.0,93.6,1.0,0.0,0,0.06410958904109589,0.0,0.0,0.0,0.06410958904109589
2025-09-18,Milk,Manual par-level baseline,215.0,0.0,0.0,215.0,86.0,86.0,0.0,0,129.0,144.0,96.75,1.0,0.0,0,0.06626712328767123,0.0,0.0,0.0,0.06626712328767123
2025-09-18,Mushrooms,Manual par-level baseline,100.0,0.0,0.0,100.0,51.0,51.0,0.0,0,49.0,80.0,26.950000000000003,1.0,0.0,0,0.01845890410958904,0.0,0.0,0.0,0.01845890410958904
2025-09-18,Onions,Manual par-level baseline,180.0,0.0,0.0,180.0,80.0,80.0,0.0,0,100.0,100.0,25.0,1.0,0.0,0,0.017123287671232876,0.0,0.0,0.0,0.017123287671232876
2025-09-18,Salmon Fillet,Manual par-level baseline,108.0,0.0,0.0,108.0,28.0,28.0,0.0,0,80.0,72.0,256.0,1.0,0.0,0,0.1753424657534247,0.0,0.0,0.0,0.1753424657534247
2025-09-18,Seasonal Berries,Manual par-level baseline,11.0,0.0,0.0,11.0,2.0,2.0,0.0,0,9.0,24.0,12.6,1.0,0.0,0,0.00863013698630137,0.0,0.0,0.0,0.00863013698630137
2025-09-18,Soft Drinks,Manual par-level baseline,621.0,0.0,0.0,621.0,141.0,141.0,0.0,0,480.0,216.0,192.0,1.3,0.0,0,0.1315068493150685,0.0,0.0,0.0,0.1315068493150685
2025-09-18,Tomatoes,Manual par-level baseline,239.0,0.0,0.0,239.0,81.0,81.0,0.0,0,158.0,168.0,71.10000000000001,1.0,0.0,0,0.0486986301369863,0.0,0.0,0.0,0.0486986301369863
2025-09-18,Truffle Oil,Manual par-level baseline,18.0,0.0,0.0,18.0,0.0,0.0,0.0,0,18.0,4.0,153.0,1.0,0.0,0,0.10479452054794522,0.0,0.0,0.0,0.10479452054794522
2025-09-18,Vegan Cheese,Manual par-level baseline,36.0,0.0,0.0,36.0,0.0,0.0,0.0,0,36.0,0.0,23.400000000000002,1.0,0.0,0,0.016027397260273975,0.0,0.0,0.0,0.016027397260273975
2025-09-19,Bacon,Manual par-level baseline,80.0,120.0,0.0,200.0,70.0,70.0,0.0,0,130.0,210.0,143.0,0.15384615384615385,210.0,1,0.09794520547945205,0.0,0.0,0.625,0.7229452054794521
2025-09-19,Burger Buns,Manual par-level baseline,110.0,384.0,0.0,494.0,220.0,220.0,0.0,0,274.0,480.0,49.32,0.0,480.0,1,0.03378082191780822,0.0,0.0,0.625,0.6587808219178082
2025-09-19,Butter,Manual par-level baseline,67.0,72.0,0.0,139.0,47.0,47.0,0.0,0,92.0,144.0,87.39999999999999,0.43478260869565216,144.0,1,0.05986301369863014,0.0,0.0,0.625,0.6848630136986301
2025-09-19,Cheese Slices,Manual par-level baseline,256.0,150.0,0.0,406.0,130.0,130.0,0.0,0,276.0,250.0,60.72,0.9130434782608695,250.0,1,0.041589041095890414,0.0,0.0,0.625,0.6665890410958905
2025-09-19,Chicken Breast,Manual par-level baseline,189.0,150.0,0.0,339.0,134.0,134.0,0.0,0,205.0,400.0,369.0,0.5365853658536586,400.0,1,0.25273972602739725,0.0,0.0,0.625,0.8777397260273972
2025-09-19,Coffee Beans,Manual par-level baseline,61.0,72.0,0.0,133.0,45.0,45.0,0.0,0,88.0,132.0,184.8,0.36363636363636365,132.0,1,0.12657534246575342,0.0,0.0,0.625,0.7515753424657534
2025-09-19,Cooking Oil,Manual par-level baseline,76.0,40.0,0.0,116.0,38.0,38.0,0.0,0,78.0,84.0,124.80000000000001,0.9743589743589743,84.0,1,0.08547945205479453,0.0,0.0,0.625,0.7104794520547946
2025-09-19,Eggs,Manual par-level baseline,117.0,120.0,0.0,237.0,101.0,101.0,0.0,0,136.0,240.0,21.759999999999998,0.23529411764705882,240.0,1,0.014904109589041096,0.0,0.0,0.625,0.6399041095890411
2025-09-19,Fries (Potatoes),Manual par-level baseline,380.0,260.0,0.0,640.0,294.0,294.0,0.0,0,346.0,520.0,103.8,0.49710982658959535,520.0,1,0.0710958904109589,0.0,0.0,0.625,0.6960958904109589
2025-09-19,Gluten-free Buns,Manual par-level baseline,0.0,24.0,0.0,24.0,0.0,0.0,0.0,0,24.0,48.0,13.200000000000001,0.0,48.0,1,0.00904109589041096,0.0,0.0,0.625,0.6340410958904109
2025-09-19,Lettuce,Manual par-level baseline,156.0,192.0,0.0,348.0,115.0,115.0,0.0,0,233.0,264.0,139.79999999999998,0.351931330472103,264.0,1,0.09575342465753424,0.0,0.0,0.625,0.7207534246575342
2025-09-19,Milk,Manual par-level baseline,129.0,144.0,0.0,273.0,91.0,91.0,0.0,0,182.0,288.0,136.5,0.4175824175824176,288.0,1,0.0934931506849315,0.0,0.0,0.625,0.7184931506849315
2025-09-19,Mushrooms,Manual par-level baseline,49.0,80.0,0.0,129.0,58.0,58.0,0.0,0,71.0,160.0,39.050000000000004,0.0,160.0,1,0.026746575342465755,0.0,0.0,0.625,0.6517465753424657
2025-09-19,Onions,Manual par-level baseline,100.0,100.0,0.0,200.0,82.0,82.0,0.0,0,118.0,220.0,29.5,0.3050847457627119,220.0,1,0.020205479452054795,0.0,0.0,0.625,0.6452054794520548
2025-09-19,Salmon Fillet,Manual par-level baseline,80.0,72.0,0.0,152.0,54.0,54.0,0.0,0,98.0,114.0,313.6,0.5306122448979592,114.0,1,0.21479452054794523,0.0,0.0,0.625,0.8397945205479452
2025-09-19,Seasonal Berries,Manual par-level baseline,9.0,24.0,0.0,33.0,13.0,13.0,0.0,0,20.0,12.0,28.0,0.0,12.0,1,0.019178082191780823,0.0,0.0,0.625,0.6441780821917809
2025-09-19,Soft Drinks,Manual par-level baseline,480.0,216.0,0.0,696.0,258.0,258.0,0.0,0,438.0,456.0,175.20000000000002,1.0136986301369864,456.0,1,0.12000000000000001,0.0,0.0,0.625,0.745
2025-09-19,Tomatoes,Manual par-level baseline,158.0,168.0,0.0,326.0,125.0,125.0,0.0,0,201.0,288.0,90.45,0.3283582089552239,288.0,1,0.061952054794520546,0.0,0.0,0.625,0.6869520547945206
2025-09-19,Truffle Oil,Manual par-level baseline,18.0,4.0,0.0,22.0,12.0,12.0,0.0,0,10.0,4.0,85.0,1.2,4.0,1,0.058219178082191785,0.0,0.0,0.625,0.6832191780821918
2025-09-19,Vegan Cheese,Manual par-level baseline,36.0,0.0,0.0,36.0,18.0,18.0,0.0,0,18.0,12.0,11.700000000000001,2.0,12.0,1,0.008013698630136987,0.0,0.0,0.625,0.633013698630137
2025-09-20,Bacon,Manual par-level baseline,130.0,0.0,0.0,130.0,110.0,110.0,0.0,0,20.0,210.0,22.0,1.0,0.0,0,0.015068493150684932,0.0,0.0,0.0,0.015068493150684932
2025-09-20,Burger Buns,Manual par-level baseline,274.0,0.0,0.0,274.0,250.0,250.0,0.0,0,24.0,480.0,4.32,1.0,0.0,0,0.002958904109589041,0.0,0.0,0.0,0.002958904109589041
2025-09-20,Butter,Manual par-level baseline,92.0,0.0,0.0,92.0,51.0,51.0,0.0,0,41.0,144.0,38.949999999999996,1.0,0.0,0,0.026678082191780823,0.0,0.0,0.0,0.026678082191780823
2025-09-20,Cheese Slices,Manual par-level baseline,276.0,0.0,0.0,276.0,128.0,128.0,0.0,0,148.0,250.0,32.56,1.0,0.0,0,0.0223013698630137,0.0,0.0,0.0,0.0223013698630137
2025-09-20,Chicken Breast,Manual par-level baseline,205.0,0.0,0.0,205.0,127.0,127.0,0.0,0,78.0,400.0,140.4,1.0,0.0,0,0.09616438356164383,0.0,0.0,0.0,0.09616438356164383
2025-09-20,Coffee Beans,Manual par-level baseline,88.0,0.0,0.0,88.0,42.0,42.0,0.0,0,46.0,132.0,96.60000000000001,1.0,0.0,0,0.06616438356164384,0.0,0.0,0.0,0.06616438356164384
2025-09-20,Cooking Oil,Manual par-level baseline,78.0,0.0,0.0,78.0,26.0,26.0,0.0,0,52.0,84.0,83.2,1.4615384615384615,0.0,0,0.05698630136986302,0.0,0.0,0.0,0.05698630136986302
2025-09-20,Eggs,Manual par-level baseline,136.0,0.0,0.0,136.0,94.0,94.0,0.0,0,42.0,240.0,6.72,1.0,0.0,0,0.004602739726027398,0.0,0.0,0.0,0.004602739726027398
2025-09-20,Fries (Potatoes),Manual par-level baseline,346.0,0.0,0.0,346.0,204.0,204.0,0.0,0,142.0,520.0,42.6,1.0,0.0,0,0.02917808219178082,0.0,0.0,0.0,0.02917808219178082
2025-09-20,Gluten-free Buns,Manual par-level baseline,24.0,0.0,0.0,24.0,22.0,22.0,0.0,0,2.0,48.0,1.1,1.0,0.0,0,0.0007534246575342466,0.0,0.0,0.0,0.0007534246575342466
2025-09-20,Lettuce,Manual par-level baseline,233.0,0.0,0.0,233.0,127.0,127.0,0.0,0,106.0,264.0,63.599999999999994,1.0,0.0,0,0.043561643835616434,0.0,0.0,0.0,0.043561643835616434
2025-09-20,Milk,Manual par-level baseline,182.0,0.0,0.0,182.0,106.0,106.0,0.0,0,76.0,288.0,57.0,1.0,0.0,0,0.03904109589041096,0.0,0.0,0.0,0.03904109589041096
2025-09-20,Mushrooms,Manual par-level baseline,71.0,0.0,0.0,71.0,50.0,50.0,0.0,0,21.0,160.0,11.55,1.0,0.0,0,0.007910958904109588,0.0,0.0,0.0,0.007910958904109588
2025-09-20,Onions,Manual par-level baseline,118.0,0.0,0.0,118.0,80.0,80.0,0.0,0,38.0,220.0,9.5,1.0,0.0,0,0.006506849315068493,0.0,0.0,0.0,0.006506849315068493
2025-09-20,Salmon Fillet,Manual par-level baseline,98.0,0.0,26.0,72.0,66.0,66.0,0.0,0,6.0,114.0,19.200000000000003,1.0,0.0,0,0.01315068493150685,84.5,0.0,0.0,84.5131506849315
2025-09-20,Seasonal Berries,Manual par-level baseline,20.0,0.0,0.0,20.0,15.0,15.0,0.0,0,5.0,12.0,7.0,1.0,0.0,0,0.004794520547945206,0.0,0.0,0.0,0.004794520547945206
2025-09-20,Soft Drinks,Manual par-level baseline,438.0,0.0,0.0,438.0,239.0,239.0,0.0,0,199.0,456.0,79.60000000000001,1.0,0.0,0,0.054520547945205486,0.0,0.0,0.0,0.054520547945205486
2025-09-20,Tomatoes,Manual par-level baseline,201.0,0.0,0.0,201.0,110.0,110.0,0.0,0,91.0,288.0,40.95,1.0,0.0,0,0.02804794520547945,0.0,0.0,0.0,0.02804794520547945
2025-09-20,Truffle Oil,Manual par-level baseline,10.0,0.0,0.0,10.0,5.0,5.0,0.0,0,5.0,4.0,42.5,1.4,0.0,0,0.029109589041095892,0.0,0.0,0.0,0.029109589041095892
2025-09-20,Vegan Cheese,Manual par-level baseline,18.0,0.0,0.0,18.0,0.0,0.0,0.0,0,18.0,12.0,11.700000000000001,3.0,0.0,0,0.008013698630136987,0.0,0.0,0.0,0.008013698630136987
2025-09-21,Bacon,Manual par-level baseline,20.0,210.0,0.0,230.0,87.0,87.0,0.0,0,143.0,0.0,157.3,0.0,0.0,0,0.10773972602739726,0.0,0.0,0.0,0.10773972602739726
2025-09-21,Burger Buns,Manual par-level baseline,24.0,480.0,0.0,504.0,210.0,210.0,0.0,0,294.0,0.0,52.919999999999995,0.0,0.0,0,0.03624657534246575,0.0,0.0,0.0,0.03624657534246575
2025-09-21,Butter,Manual par-level baseline,41.0,144.0,0.0,185.0,46.0,46.0,0.0,0,139.0,0.0,132.04999999999998,0.0,0.0,0,0.09044520547945205,0.0,0.0,0.0,0.09044520547945205
2025-09-21,Cheese Slices,Manual par-level baseline,148.0,250.0,0.0,398.0,119.0,119.0,0.0,0,279.0,0.0,61.38,0.2078853046594982,0.0,0,0.04204109589041096,0.0,0.0,0.0,0.04204109589041096
2025-09-21,Chicken Breast,Manual par-level baseline,78.0,400.0,0.0,478.0,195.0,195.0,0.0,0,283.0,0.0,509.40000000000003,0.0,0.0,0,0.3489041095890411,0.0,0.0,0.0,0.3489041095890411
2025-09-21,Coffee Beans,Manual par-level baseline,46.0,132.0,0.0,178.0,57.0,57.0,0.0,0,121.0,0.0,254.10000000000002,0.0,0.0,0,0.17404109589041097,0.0,0.0,0.0,0.17404109589041097
2025-09-21,Cooking Oil,Manual par-level baseline,52.0,84.0,0.0,136.0,57.0,57.0,0.0,0,79.0,0.0,126.4,0.0,0.0,0,0.08657534246575344,0.0,0.0,0.0,0.08657534246575344
2025-09-21,Eggs,Manual par-level baseline,42.0,240.0,0.0,282.0,86.0,86.0,0.0,0,196.0,0.0,31.36,0.0,0.0,0,0.021479452054794523,0.0,0.0,0.0,0.021479452054794523
2025-09-21,Fries (Potatoes),Manual par-level baseline,142.0,520.0,0.0,662.0,223.0,223.0,0.0,0,439.0,0.0,131.7,0.0,0.0,0,0.09020547945205479,0.0,0.0,0.0,0.09020547945205479
2025-09-21,Gluten-free Buns,Manual par-level baseline,2.0,48.0,0.0,50.0,0.0,0.0,0.0,0,50.0,0.0,27.500000000000004,0.08,0.0,0,0.018835616438356163,0.0,0.0,0.0,0.018835616438356163
2025-09-21,Lettuce,Manual par-level baseline,106.0,264.0,0.0,370.0,94.0,94.0,0.0,0,276.0,0.0,165.6,0.08695652173913043,0.0,0,0.11342465753424656,0.0,0.0,0.0,0.11342465753424656
2025-09-21,Milk,Manual par-level baseline,76.0,288.0,0.0,364.0,102.0,102.0,0.0,0,262.0,0.0,196.5,0.0,0.0,0,0.1345890410958904,0.0,0.0,0.0,0.1345890410958904
2025-09-21,Mushrooms,Manual par-level baseline,21.0,160.0,0.0,181.0,60.0,60.0,0.0,0,121.0,0.0,66.55000000000001,0.0,0.0,0,0.04558219178082192,0.0,0.0,0.0,0.04558219178082192
2025-09-21,Onions,Manual par-level baseline,38.0,220.0,0.0,258.0,79.0,79.0,0.0,0,179.0,0.0,44.75,0.0,0.0,0,0.03065068493150685,0.0,0.0,0.0,0.03065068493150685
2025-09-21,Salmon Fillet,Manual par-level baseline,6.0,114.0,0.0,120.0,61.0,61.0,0.0,0,59.0,0.0,188.8,0.0,0.0,0,0.1293150684931507,0.0,0.0,0.0,0.1293150684931507
2025-09-21,Seasonal Berries,Manual par-level baseline,5.0,12.0,0.0,17.0,0.0,0.0,0.0,0,17.0,0.0,23.799999999999997,0.5882352941176471,0.0,0,0.0163013698630137,0.0,0.0,0.0,0.0163013698630137
2025-09-21,Soft Drinks,Manual par-level baseline,199.0,456.0,0.0,655.0,161.0,161.0,0.0,0,494.0,0.0,197.6,0.15384615384615385,0.0,0,0.13534246575342468,0.0,0.0,0.0,0.13534246575342468
2025-09-21,Tomatoes,Manual par-level baseline,91.0,288.0,0.0,379.0,93.0,93.0,0.0,0,286.0,0.0,128.70000000000002,0.0,0.0,0,0.08815068493150685,0.0,0.0,0.0,0.08815068493150685
2025-09-21,Truffle Oil,Manual par-level baseline,5.0,4.0,0.0,9.0,10.0,9.0,1.0,1,0.0,0.0,0.0,0.0,0.0,0,0.0,0.0,17.0,0.0,17.0
2025-09-21,Vegan Cheese,Manual par-level baseline,18.0,12.0,0.0,30.0,10.0,10.0,0.0,0,20.0,0.0,13.0,1.6,0.0,0,0.008904109589041097,0.0,0.0,0.0,0.008904109589041097
2025-09-22,Bacon,Manual par-level baseline,143.0,0.0,0.0,143.0,51.0,51.0,0.0,0,92.0,190.0,101.2,1.0,190.0,1,0.0693150684931507,0.0,0.0,0.6578947368421053,0.727209805335256
2025-09-22,Burger Buns,Manual par-level baseline,294.0,0.0,0.0,294.0,146.0,146.0,0.0,0,148.0,480.0,26.64,1.0,480.0,1,0.01824657534246575,0.0,0.0,0.6578947368421053,0.6761413121845711
2025-09-22,Butter,Manual par-level baseline,139.0,0.0,0.0,139.0,0.0,0.0,0.0,0,139.0,84.0,132.04999999999998,1.0,84.0,1,0.09044520547945205,0.0,0.0,0.6578947368421053,0.7483399423215573
2025-09-22,Cheese Slices,Manual par-level baseline,279.0,0.0,0.0,279.0,100.0,100.0,0.0,0,179.0,250.0,39.38,1.0,250.0,1,0.02697260273972603,0.0,0.0,0.6578947368421053,0.6848673395818313
2025-09-22,Chicken Breast,Manual par-level baseline,283.0,0.0,0.0,283.0,95.0,95.0,0.0,0,188.0,300.0,338.40000000000003,1.0,300.0,1,0.23178082191780822,0.0,0.0,0.6578947368421053,0.8896755587599136
2025-09-22,Coffee Beans,Manual par-level baseline,121.0,0.0,0.0,121.0,34.0,34.0,0.0,0,87.0,96.0,182.70000000000002,1.0,96.0,1,0.12513698630136988,0.0,0.0,0.6578947368421053,0.7830317231434751
2025-09-22,Cooking Oil,Manual par-level baseline,79.0,0.0,0.0,79.0,27.0,27.0,0.0,0,52.0,84.0,83.2,1.0,84.0,1,0.05698630136986302,0.0,0.0,0.6578947368421053,0.7148810382119684
2025-09-22,Eggs,Manual par-level baseline,196.0,0.0,0.0,196.0,45.0,45.0,0.0,0,151.0,180.0,24.16,1.0,180.0,1,0.01654794520547945,0.0,0.0,0.6578947368421053,0.6744426820475847
2025-09-22,Fries (Potatoes),Manual par-level baseline,439.0,0.0,0.0,439.0,128.0,128.0,0.0,0,311.0,500.0,93.3,1.0,500.0,1,0.0639041095890411,0.0,0.0,0.6578947368421053,0.7217988464311464
2025-09-22,Gluten-free Buns,Manual par-level baseline,50.0,0.0,2.0,48.0,9.0,9.0,0.0,0,39.0,0.0,21.450000000000003,1.0,0.0,1,0.01469178082191781,1.2000000000000002,0.0,0.0,1.214691780821918
2025-09-22,Lettuce,Manual par-level baseline,276.0,0.0,0.0,276.0,72.0,72.0,0.0,0,204.0,204.0,122.39999999999999,1.0,204.0,1,0.08383561643835616,0.0,0.0,0.6578947368421053,0.7417303532804614
2025-09-22,Milk,Manual par-level baseline,262.0,0.0,0.0,262.0,74.0,74.0,0.0,0,188.0,192.0,141.0,1.0,192.0,1,0.09657534246575342,0.0,0.0,0.6578947368421053,0.7544700793078587
2025-09-22,Mushrooms,Manual par-level baseline,121.0,0.0,0.0,121.0,45.0,45.0,0.0,0,76.0,110.0,41.800000000000004,1.0,110.0,1,0.02863013698630137,0.0,0.0,0.6578947368421053,0.6865248738284067
2025-09-22,Onions,Manual par-level baseline,179.0,0.0,0.0,179.0,53.0,53.0,0.0,0,126.0,160.0,31.5,1.0,160.0,1,0.021575342465753426,0.0,0.0,0.6578947368421053,0.6794700793078587
2025-09-22,Salmon Fillet,Manual par-level baseline,59.0,0.0,0.0,59.0,44.0,44.0,0.0,0,15.0,150.0,48.0,1.0,150.0,1,0.03287671232876713,0.0,0.0,0.6578947368421053,0.6907714491708724
2025-09-22,Seasonal Berries,Manual par-level baseline,17.0,0.0,5.0,12.0,6.0,6.0,0.0,0,6.0,30.0,8.399999999999999,1.0,30.0,1,0.005753424657534247,7.25,0.0,0.6578947368421053,7.91364816149964
2025-09-22,Soft Drinks,Manual par-level baseline,494.0,0.0,0.0,494.0,150.0,150.0,0.0,0,344.0,408.0,137.6,1.0,408.0,1,0.09424657534246576,0.0,0.0,0.6578947368421053,0.752141312184571
2025-09-22,Tomatoes,Manual par-level baseline,286.0,0.0,0.0,286.0,79.0,79.0,0.0,0,207.0,204.0,93.15,1.0,204.0,1,0.0638013698630137,0.0,0.0,0.6578947368421053,0.721696106705119
2025-09-22,Truffle Oil,Manual par-level baseline,0.0,0.0,0.0,0.0,0.0,0.0,0.0,0,0.0,22.0,0.0,0.0,22.0,1,0.0,0.0,0.0,0.6578947368421053,0.6578947368421053
2025-09-22,Vegan Cheese,Manual par-level baseline,20.0,0.0,0.0,20.0,6.0,6.0,0.0,0,14.0,12.0,9.100000000000001,1.5714285714285714,12.0,1,0.006232876712328767,0.0,0.0,0.6578947368421053,0.6641276135544341
2025-09-23,Bacon,Manual par-level baseline,92.0,0.0,0.0,92.0,58.0,58.0,0.0,0,34.0,190.0,37.400000000000006,2.0,0.0,0,0.025616438356164384,0.0,0.0,0.0,0.025616438356164384
2025-09-23,Burger Buns,Manual par-level baseline,148.0,0.0,0.0,148.0,117.0,117.0,0.0,0,31.0,480.0,5.58,2.0,0.0,0,0.003821917808219178,0.0,0.0,0.0,0.003821917808219178
2025-09-23,Butter,Manual par-level baseline,139.0,0.0,0.0,139.0,31.0,31.0,0.0,0,108.0,84.0,102.6,2.0,0.0,0,0.07027397260273972,0.0,0.0,0.0,0.07027397260273972
2025-09-23,Cheese Slices,Manual par-level baseline,179.0,0.0,0.0,179.0,109.0,109.0,0.0,0,70.0,250.0,15.4,2.0,0.0,0,0.010547945205479452,0.0,0.0,0.0,0.010547945205479452
2025-09-23,Chicken Breast,Manual par-level baseline,188.0,0.0,0.0,188.0,86.0,86.0,0.0,0,102.0,300.0,183.6,2.0,0.0,0,0.12575342465753425,0.0,0.0,0.0,0.12575342465753425
2025-09-23,Coffee Beans,Manual par-level baseline,87.0,0.0,0.0,87.0,29.0,29.0,0.0,0,58.0,96.0,121.80000000000001,2.0,0.0,0,0.08342465753424658,0.0,0.0,0.0,0.08342465753424658
2025-09-23,Cooking Oil,Manual par-level baseline,52.0,0.0,0.0,52.0,24.0,24.0,0.0,0,28.0,84.0,44.800000000000004,2.0,0.0,0,0.030684931506849318,0.0,0.0,0.0,0.030684931506849318
2025-09-23,Eggs,Manual par-level baseline,151.0,0.0,0.0,151.0,76.0,76.0,0.0,0,75.0,180.0,12.0,2.0,0.0,0,0.008219178082191782,0.0,0.0,0.0,0.008219178082191782
2025-09-23,Fries (Potatoes),Manual par-level baseline,311.0,0.0,0.0,311.0,120.0,120.0,0.0,0,191.0,500.0,57.3,2.0,0.0,0,0.03924657534246575,0.0,0.0,0.0,0.03924657534246575
2025-09-23,Gluten-free Buns,Manual par-level baseline,39.0,0.0,0.0,39.0,0.0,0.0,0.0,0,39.0,0.0,21.450000000000003,2.0,0.0,0,0.01469178082191781,0.0,0.0,0.0,0.01469178082191781
2025-09-23,Lettuce,Manual par-level baseline,204.0,0.0,0.0,204.0,85.0,85.0,0.0,0,119.0,204.0,71.39999999999999,2.0,0.0,0,0.048904109589041095,0.0,0.0,0.0,0.048904109589041095
2025-09-23,Milk,Manual par-level baseline,188.0,0.0,0.0,188.0,68.0,68.0,0.0,0,120.0,192.0,90.0,2.0,0.0,0,0.06164383561643835,0.0,0.0,0.0,0.06164383561643835
2025-09-23,Mushrooms,Manual par-level baseline,76.0,0.0,0.0,76.0,35.0,35.0,0.0,0,41.0,110.0,22.55,2.0,0.0,0,0.015445205479452054,0.0,0.0,0.0,0.015445205479452054
2025-09-23,Onions,Manual par-level baseline,126.0,0.0,0.0,126.0,60.0,60.0,0.0,0,66.0,160.0,16.5,2.0,0.0,0,0.011301369863013699,0.0,0.0,0.0,0.011301369863013699
2025-09-23,Salmon Fillet,Manual par-level baseline,15.0,0.0,0.0,15.0,28.0,15.0,13.0,1,0.0,150.0,0.0,0.0,0.0,0,0.0,0.0,83.2,0.0,83.2
2025-09-23,Seasonal Berries,Manual par-level baseline,6.0,0.0,0.0,6.0,0.0,0.0,0.0,0,6.0,30.0,8.399999999999999,2.0,0.0,0,0.005753424657534247,0.0,0.0,0.0,0.005753424657534247
2025-09-23,Soft Drinks,Manual par-level baseline,344.0,0.0,0.0,344.0,151.0,151.0,0.0,0,193.0,408.0,77.2,2.0,0.0,0,0.05287671232876713,0.0,0.0,0.0,0.05287671232876713
2025-09-23,Tomatoes,Manual par-level baseline,207.0,0.0,0.0,207.0,78.0,78.0,0.0,0,129.0,204.0,58.050000000000004,2.0,0.0,0,0.03976027397260274,0.0,0.0,0.0,0.03976027397260274
2025-09-23,Truffle Oil,Manual par-level baseline,0.0,0.0,0.0,0.0,0.0,0.0,0.0,0,0.0,22.0,0.0,0.0,0.0,0,0.0,0.0,0.0,0.0,0.0
2025-09-23,Vegan Cheese,Manual par-level baseline,14.0,0.0,0.0,14.0,12.0,12.0,0.0,0,2.0,12.0,1.3,2.0,0.0,0,0.0008904109589041097,0.0,0.0,0.0,0.0008904109589041097
2025-09-24,Bacon,Manual par-level baseline,34.0,190.0,0.0,224.0,66.0,66.0,0.0,0,158.0,100.0,173.8,0.0,100.0,1,0.11904109589041097,0.0,0.0,0.6578947368421053,0.7769358327325163
2025-09-24,Burger Buns,Manual par-level baseline,31.0,480.0,31.0,480.0,168.0,168.0,0.0,0,312.0,288.0,56.16,0.0,288.0,1,0.03846575342465754,7.13,0.0,0.6578947368421053,7.8263604902667625
2025-09-24,Butter,Manual par-level baseline,108.0,84.0,0.0,192.0,49.0,49.0,0.0,0,143.0,24.0,135.85,1.2377622377622377,24.0,1,0.09304794520547945,0.0,0.0,0.6578947368421053,0.7509426820475847
2025-09-24,Cheese Slices,Manual par-level baseline,70.0,250.0,0.0,320.0,79.0,79.0,0.0,0,241.0,200.0,53.02,0.0,200.0,1,0.036315068493150686,0.0,0.0,0.6578947368421053,0.694209805335256
2025-09-24,Chicken Breast,Manual par-level baseline,102.0,300.0,0.0,402.0,104.0,104.0,0.0,0,298.0,180.0,536.4,0.0,180.0,1,0.36739726027397257,0.0,0.0,0.6578947368421053,1.0252919971160779
2025-09-24,Coffee Beans,Manual par-level baseline,58.0,96.0,0.0,154.0,49.0,49.0,0.0,0,105.0,60.0,220.50000000000003,0.2571428571428571,60.0,1,0.15102739726027398,0.0,0.0,0.6578947368421053,0.8089221341023793
2025-09-24,Cooking Oil,Manual par-level baseline,28.0,84.0,0.0,112.0,17.0,17.0,0.0,0,95.0,48.0,152.0,0.3473684210526316,48.0,1,0.1041095890410959,0.0,0.0,0.6578947368421053,0.7620043258832012
2025-09-24,Eggs,Manual par-level baseline,75.0,180.0,0.0,255.0,53.0,53.0,0.0,0,202.0,120.0,32.32,0.32673267326732675,120.0,1,0.022136986301369864,0.0,0.0,0.6578947368421053,0.6800317231434752
2025-09-24,Fries (Potatoes),Manual par-level baseline,191.0,500.0,0.0,691.0,144.0,144.0,0.0,0,547.0,220.0,164.1,0.2577696526508227,220.0,1,0.1123972602739726,0.0,0.0,0.6578947368421053,0.7702919971160779
2025-09-24,Gluten-free Buns,Manual par-level baseline,39.0,0.0,39.0,0.0,16.0,0.0,16.0,1,0.0,48.0,0.0,0.0,48.0,1,0.0,23.400000000000002,17.6,0.6578947368421053,41.6578947368421
2025-09-24,Lettuce,Manual par-level baseline,119.0,204.0,0.0,323.0,78.0,78.0,0.0,0,245.0,156.0,147.0,0.5020408163265306,156.0,1,0.1006849315068493,0.0,0.0,0.6578947368421053,0.7585796683489546
2025-09-24,Milk,Manual par-level baseline,120.0,192.0,0.0,312.0,95.0,95.0,0.0,0,217.0,132.0,162.75,0.3456221198156682,132.0,1,0.11147260273972602,0.0,0.0,0.6578947368421053,0.7693673395818313
2025-09-24,Mushrooms,Manual par-level baseline,41.0,110.0,0.0,151.0,44.0,44.0,0.0,0,107.0,80.0,58.85,0.0,80.0,1,0.040308219178082194,0.0,0.0,0.6578947368421053,0.6982029560201874
2025-09-24,Onions,Manual par-level baseline,66.0,160.0,0.0,226.0,62.0,62.0,0.0,0,164.0,100.0,41.0,0.07317073170731707,100.0,1,0.028082191780821917,0.0,0.0,0.6578947368421053,0.6859769286229273
2025-09-24,Salmon Fillet,Manual par-level baseline,0.0,150.0,0.0,150.0,46.0,46.0,0.0,0,104.0,54.0,332.8,0.0,54.0,1,0.22794520547945207,0.0,0.0,0.6578947368421053,0.8858399423215574
2025-09-24,Seasonal Berries,Manual par-level baseline,6.0,30.0,6.0,30.0,0.0,0.0,0.0,0,30.0,6.0,42.0,0.0,6.0,1,0.028767123287671233,8.7,0.0,0.6578947368421053,9.386661860129777
2025-09-24,Soft Drinks,Manual par-level baseline,193.0,408.0,0.0,601.0,115.0,115.0,0.0,0,486.0,288.0,194.40000000000003,0.48148148148148145,288.0,1,0.13315068493150686,0.0,0.0,0.6578947368421053,0.7910454217736121
2025-09-24,Tomatoes,Manual par-level baseline,129.0,204.0,0.0,333.0,96.0,96.0,0.0,0,237.0,144.0,106.64999999999999,0.4177215189873418,144.0,1,0.07304794520547946,0.0,0.0,0.6578947368421053,0.7309426820475847
2025-09-24,Truffle Oil,Manual par-level baseline,0.0,22.0,0.0,22.0,0.0,0.0,0.0,0,22.0,0.0,187.0,0.0,0.0,1,0.12808219178082192,0.0,0.0,0.0,0.12808219178082192
2025-09-24,Vegan Cheese,Manual par-level baseline,2.0,12.0,0.0,14.0,9.0,9.0,0.0,0,5.0,24.0,3.25,0.0,24.0,1,0.0022260273972602744,0.0,0.0,0.6578947368421053,0.6601207642393656
2025-09-25,Bacon,Manual par-level baseline,158.0,0.0,0.0,158.0,43.0,43.0,0.0,0,115.0,100.0,126.50000000000001,1.0,0.0,0,0.08664383561643836,0.0,0.0,0.0,0.08664383561643836
2025-09-25,Burger Buns,Manual par-level baseline,312.0,0.0,0.0,312.0,113.0,113.0,0.0,0,199.0,288.0,35.82,1.0,0.0,0,0.024534246575342464,0.0,0.0,0.0,0.024534246575342464
2025-09-25,Butter,Manual par-level baseline,143.0,0.0,0.0,143.0,38.0,38.0,0.0,0,105.0,24.0,99.75,1.6,0.0,0,0.06832191780821918,0.0,0.0,0.0,0.06832191780821918
2025-09-25,Cheese Slices,Manual par-level baseline,241.0,0.0,0.0,241.0,100.0,100.0,0.0,0,141.0,200.0,31.02,1.0,0.0,0,0.021246575342465754,0.0,0.0,0.0,0.021246575342465754
2025-09-25,Chicken Breast,Manual par-level baseline,298.0,0.0,0.0,298.0,90.0,90.0,0.0,0,208.0,180.0,374.40000000000003,1.0,0.0,0,0.25643835616438354,0.0,0.0,0.0,0.25643835616438354
2025-09-25,Coffee Beans,Manual par-level baseline,105.0,0.0,0.0,105.0,41.0,41.0,0.0,0,64.0,60.0,134.4,1.0,0.0,0,0.09205479452054795,0.0,0.0,0.0,0.09205479452054795
2025-09-25,Cooking Oil,Manual par-level baseline,95.0,0.0,0.0,95.0,18.0,18.0,0.0,0,77.0,48.0,123.2,1.0,0.0,0,0.08438356164383563,0.0,0.0,0.0,0.08438356164383563
2025-09-25,Eggs,Manual par-level baseline,202.0,0.0,0.0,202.0,62.0,62.0,0.0,0,140.0,120.0,22.400000000000002,1.0,0.0,0,0.015342465753424657,0.0,0.0,0.0,0.015342465753424657
2025-09-25,Fries (Potatoes),Manual par-level baseline,547.0,0.0,0.0,547.0,142.0,142.0,0.0,0,405.0,220.0,121.5,1.0,0.0,0,0.08321917808219177,0.0,0.0,0.0,0.08321917808219177
2025-09-25,Gluten-free Buns,Manual par-level baseline,0.0,0.0,0.0,0.0,15.0,0.0,15.0,1,0.0,48.0,0.0,0.0,0.0,0,0.0,0.0,16.5,0.0,16.5
2025-09-25,Lettuce,Manual par-level baseline,245.0,0.0,41.0,204.0,64.0,64.0,0.0,0,140.0,156.0,84.0,1.0,0.0,0,0.05753424657534246,26.65,0.0,0.0,26.707534246575342
2025-09-25,Milk,Manual par-level baseline,217.0,0.0,0.0,217.0,109.0,109.0,0.0,0,108.0,132.0,81.0,1.0,0.0,0,0.055479452054794515,0.0,0.0,0.0,0.055479452054794515
2025-09-25,Mushrooms,Manual par-level baseline,107.0,0.0,0.0,107.0,38.0,38.0,0.0,0,69.0,80.0,37.95,1.0,0.0,0,0.025993150684931507,0.0,0.0,0.0,0.025993150684931507
2025-09-25,Onions,Manual par-level baseline,164.0,0.0,0.0,164.0,73.0,73.0,0.0,0,91.0,100.0,22.75,1.0,0.0,0,0.015582191780821918,0.0,0.0,0.0,0.015582191780821918
2025-09-25,Salmon Fillet,Manual par-level baseline,104.0,0.0,0.0,104.0,40.0,40.0,0.0,0,64.0,54.0,204.8,1.0,0.0,0,0.14027397260273974,0.0,0.0,0.0,0.14027397260273974
2025-09-25,Seasonal Berries,Manual par-level baseline,30.0,0.0,0.0,30.0,6.0,6.0,0.0,0,24.0,6.0,33.599999999999994,1.0,0.0,0,0.023013698630136987,0.0,0.0,0.0,0.023013698630136987
2025-09-25,Soft Drinks,Manual par-level baseline,486.0,0.0,0.0,486.0,118.0,118.0,0.0,0,368.0,288.0,147.20000000000002,1.0,0.0,0,0.1008219178082192,0.0,0.0,0.0,0.1008219178082192
2025-09-25,Tomatoes,Manual par-level baseline,237.0,0.0,0.0,237.0,74.0,74.0,0.0,0,163.0,144.0,73.35000000000001,1.0,0.0,0,0.050239726027397257,0.0,0.0,0.0,0.050239726027397257
2025-09-25,Truffle Oil,Manual par-level baseline,22.0,0.0,0.0,22.0,5.0,5.0,0.0,0,17.0,0.0,144.5,1.0,0.0,0,0.09897260273972604,0.0,0.0,0.0,0.09897260273972604
2025-09-25,Vegan Cheese,Manual par-level baseline,5.0,0.0,0.0,5.0,0.0,0.0,0.0,0,5.0,24.0,3.25,1.0,0.0,0,0.0022260273972602744,0.0,0.0,0.0,0.0022260273972602744
2025-09-26,Bacon,Manual par-level baseline,115.0,100.0,0.0,215.0,73.0,73.0,0.0,0,142.0,190.0,156.20000000000002,0.5915492957746479,190.0,1,0.10698630136986302,0.0,0.0,0.625,0.731986301369863
2025-09-26,Burger Buns,Manual par-level baseline,199.0,288.0,0.0,487.0,176.0,176.0,0.0,0,311.0,480.0,55.98,0.14790996784565916,480.0,1,0.038342465753424655,0.0,0.0,0.625,0.6633424657534247
2025-09-26,Butter,Manual par-level baseline,105.0,24.0,0.0,129.0,48.0,48.0,0.0,0,81.0,132.0,76.94999999999999,1.4074074074074074,132.0,1,0.052705479452054796,0.0,0.0,0.625,0.6777054794520548
2025-09-26,Cheese Slices,Manual par-level baseline,141.0,200.0,0.0,341.0,126.0,126.0,0.0,0,215.0,300.0,47.3,0.13953488372093023,300.0,1,0.032397260273972606,0.0,0.0,0.625,0.6573972602739726
2025-09-26,Chicken Breast,Manual par-level baseline,208.0,180.0,0.0,388.0,132.0,132.0,0.0,0,256.0,330.0,460.8,0.59375,330.0,1,0.3156164383561644,0.0,0.0,0.625,0.9406164383561644
2025-09-26,Coffee Beans,Manual par-level baseline,64.0,60.0,0.0,124.0,52.0,52.0,0.0,0,72.0,144.0,151.2,0.3333333333333333,144.0,1,0.10356164383561645,0.0,0.0,0.625,0.7285616438356164
2025-09-26,Cooking Oil,Manual par-level baseline,77.0,48.0,0.0,125.0,39.0,39.0,0.0,0,86.0,68.0,137.60000000000002,0.8837209302325582,68.0,1,0.09424657534246576,0.0,0.0,0.625,0.7192465753424657
2025-09-26,Eggs,Manual par-level baseline,140.0,120.0,0.0,260.0,56.0,56.0,0.0,0,204.0,210.0,32.64,0.8235294117647058,210.0,1,0.022356164383561646,0.0,0.0,0.625,0.6473561643835617
2025-09-26,Fries (Potatoes),Manual par-level baseline,405.0,220.0,0.0,625.0,215.0,215.0,0.0,0,410.0,500.0,123.0,0.926829268292683,500.0,1,0.08424657534246575,0.0,0.0,0.625,0.7092465753424657
2025-09-26,Gluten-free Buns,Manual par-level baseline,0.0,48.0,0.0,48.0,15.0,15.0,0.0,0,33.0,12.0,18.150000000000002,0.0,12.0,1,0.012431506849315068,0.0,0.0,0.625,0.637431506849315
2025-09-26,Lettuce,Manual par-level baseline,140.0,156.0,0.0,296.0,117.0,117.0,0.0,0,179.0,288.0,107.39999999999999,0.2569832402234637,288.0,1,0.07356164383561643,0.0,0.0,0.625,0.6985616438356165
2025-09-26,Milk,Manual par-level baseline,108.0,132.0,0.0,240.0,126.0,126.0,0.0,0,114.0,324.0,85.5,0.0,324.0,1,0.058561643835616434,0.0,0.0,0.625,0.6835616438356165
2025-09-26,Mushrooms,Manual par-level baseline,69.0,80.0,0.0,149.0,83.0,83.0,0.0,0,66.0,140.0,36.300000000000004,0.0,140.0,1,0.024863013698630136,0.0,0.0,0.625,0.6498630136986301
2025-09-26,Onions,Manual par-level baseline,91.0,100.0,0.0,191.0,69.0,69.0,0.0,0,122.0,240.0,30.5,0.36065573770491804,240.0,1,0.02089041095890411,0.0,0.0,0.625,0.6458904109589041
2025-09-26,Salmon Fillet,Manual par-level baseline,64.0,54.0,0.0,118.0,57.0,57.0,0.0,0,61.0,144.0,195.20000000000002,0.22950819672131148,144.0,1,0.13369863013698632,0.0,0.0,0.625,0.7586986301369864
2025-09-26,Seasonal Berries,Manual par-level baseline,24.0,6.0,0.0,30.0,0.0,0.0,0.0,0,30.0,12.0,41.99999999999999,1.6,12.0,1,0.028767123287671233,0.0,0.0,0.625,0.6537671232876713
2025-09-26,Soft Drinks,Manual par-level baseline,368.0,288.0,0.0,656.0,183.0,183.0,0.0,0,473.0,432.0,189.2,0.7822410147991543,432.0,1,0.12958904109589042,0.0,0.0,0.625,0.7545890410958904
2025-09-26,Tomatoes,Manual par-level baseline,163.0,144.0,0.0,307.0,125.0,125.0,0.0,0,182.0,288.0,81.9,0.4175824175824176,288.0,1,0.0560958904109589,0.0,0.0,0.625,0.6810958904109589
2025-09-26,Truffle Oil,Manual par-level baseline,17.0,0.0,0.0,17.0,14.0,14.0,0.0,0,3.0,6.0,25.5,2.0,6.0,1,0.017465753424657535,0.0,0.0,0.625,0.6424657534246575
2025-09-26,Vegan Cheese,Manual par-level baseline,5.0,24.0,0.0,29.0,15.0,15.0,0.0,0,14.0,12.0,9.1,0.0,12.0,1,0.006232876712328767,0.0,0.0,0.625,0.6312328767123287
2025-09-27,Bacon,Manual par-level baseline,142.0,0.0,0.0,142.0,82.0,82.0,0.0,0,60.0,190.0,66.0,1.0,0.0,0,0.045205479452054796,0.0,0.0,0.0,0.045205479452054796
2025-09-27,Burger Buns,Manual par-level baseline,311.0,0.0,23.0,288.0,196.0,196.0,0.0,0,92.0,480.0,16.56,1.0,0.0,0,0.011342465753424657,5.29,0.0,0.0,5.301342465753424
2025-09-27,Butter,Manual par-level baseline,81.0,0.0,0.0,81.0,63.0,63.0,0.0,0,18.0,132.0,17.099999999999998,1.0,0.0,0,0.011712328767123288,0.0,0.0,0.0,0.011712328767123288
2025-09-27,Cheese Slices,Manual par-level baseline,215.0,0.0,0.0,215.0,111.0,111.0,0.0,0,104.0,300.0,22.88,1.0,0.0,0,0.01567123287671233,0.0,0.0,0.0,0.01567123287671233
2025-09-27,Chicken Breast,Manual par-level baseline,256.0,0.0,0.0,256.0,144.0,144.0,0.0,0,112.0,330.0,201.6,1.0,0.0,0,0.13808219178082193,0.0,0.0,0.0,0.13808219178082193
2025-09-27,Coffee Beans,Manual par-level baseline,72.0,0.0,0.0,72.0,49.0,49.0,0.0,0,23.0,144.0,48.300000000000004,1.0,0.0,0,0.03308219178082192,0.0,0.0,0.0,0.03308219178082192
2025-09-27,Cooking Oil,Manual par-level baseline,86.0,0.0,0.0,86.0,33.0,33.0,0.0,0,53.0,68.0,84.80000000000001,1.1886792452830188,0.0,0,0.058082191780821926,0.0,0.0,0.0,0.058082191780821926
2025-09-27,Eggs,Manual par-level baseline,204.0,0.0,0.0,204.0,111.0,111.0,0.0,0,93.0,210.0,14.88,1.0,0.0,0,0.010191780821917809,0.0,0.0,0.0,0.010191780821917809
2025-09-27,Fries (Potatoes),Manual par-level baseline,410.0,0.0,0.0,410.0,209.0,209.0,0.0,0,201.0,500.0,60.3,1.0,0.0,0,0.04130136986301369,0.0,0.0,0.0,0.04130136986301369
2025-09-27,Gluten-free Buns,Manual par-level baseline,33.0,0.0,0.0,33.0,0.0,0.0,0.0,0,33.0,12.0,18.150000000000002,1.0,0.0,0,0.012431506849315068,0.0,0.0,0.0,0.012431506849315068
2025-09-27,Lettuce,Manual par-level baseline,179.0,0.0,0.0,179.0,114.0,114.0,0.0,0,65.0,288.0,39.0,1.0,0.0,0,0.026712328767123285,0.0,0.0,0.0,0.026712328767123285
2025-09-27,Milk,Manual par-level baseline,114.0,0.0,0.0,114.0,110.0,110.0,0.0,0,4.0,324.0,3.0,1.0,0.0,0,0.002054794520547945,0.0,0.0,0.0,0.002054794520547945
2025-09-27,Mushrooms,Manual par-level baseline,66.0,0.0,0.0,66.0,58.0,58.0,0.0,0,8.0,140.0,4.4,1.0,0.0,0,0.0030136986301369864,0.0,0.0,0.0,0.0030136986301369864
2025-09-27,Onions,Manual par-level baseline,122.0,0.0,0.0,122.0,86.0,86.0,0.0,0,36.0,240.0,9.0,1.0,0.0,0,0.0061643835616438354,0.0,0.0,0.0,0.0061643835616438354
2025-09-27,Salmon Fillet,Manual par-level baseline,61.0,0.0,7.0,54.0,63.0,54.0,9.0,1,0.0,144.0,0.0,0.0,0.0,0,0.0,22.750000000000004,57.6,0.0,80.35000000000001
2025-09-27,Seasonal Berries,Manual par-level baseline,30.0,0.0,24.0,6.0,0.0,0.0,0.0,0,6.0,12.0,8.399999999999999,1.0,0.0,0,0.005753424657534247,34.8,0.0,0.0,34.80575342465753
2025-09-27,Soft Drinks,Manual par-level baseline,473.0,0.0,0.0,473.0,194.0,194.0,0.0,0,279.0,432.0,111.60000000000001,1.0,0.0,0,0.07643835616438358,0.0,0.0,0.0,0.07643835616438358
2025-09-27,Tomatoes,Manual par-level baseline,182.0,0.0,0.0,182.0,101.0,101.0,0.0,0,81.0,288.0,36.45,1.0,0.0,0,0.024965753424657535,0.0,0.0,0.0,0.024965753424657535
2025-09-27,Truffle Oil,Manual par-level baseline,3.0,0.0,0.0,3.0,14.0,3.0,11.0,1,0.0,6.0,0.0,0.0,0.0,0,0.0,0.0,187.0,0.0,187.0
2025-09-27,Vegan Cheese,Manual par-level baseline,14.0,0.0,0.0,14.0,0.0,0.0,0.0,0,14.0,12.0,9.1,1.0,0.0,0,0.006232876712328767,0.0,0.0,0.0,0.006232876712328767
2025-09-28,Bacon,Manual par-level baseline,60.0,190.0,0.0,250.0,72.0,72.0,0.0,0,178.0,0.0,195.8,0.0,0.0,0,0.1341095890410959,0.0,0.0,0.0,0.1341095890410959
2025-09-28,Burger Buns,Manual par-level baseline,92.0,480.0,0.0,572.0,215.0,215.0,0.0,0,357.0,0.0,64.25999999999999,0.0,0.0,0,0.04401369863013699,0.0,0.0,0.0,0.04401369863013699
2025-09-28,Butter,Manual par-level baseline,18.0,132.0,0.0,150.0,55.0,55.0,0.0,0,95.0,0.0,90.25,0.0,0.0,0,0.06181506849315069,0.0,0.0,0.0,0.06181506849315069
2025-09-28,Cheese Slices,Manual par-level baseline,104.0,300.0,0.0,404.0,123.0,123.0,0.0,0,281.0,0.0,61.82,0.0,0.0,0,0.04234246575342466,0.0,0.0,0.0,0.04234246575342466
2025-09-28,Chicken Breast,Manual par-level baseline,112.0,330.0,0.0,442.0,132.0,132.0,0.0,0,310.0,0.0,558.0,0.0,0.0,0,0.3821917808219178,0.0,0.0,0.0,0.3821917808219178
2025-09-28,Coffee Beans,Manual par-level baseline,23.0,144.0,0.0,167.0,49.0,49.0,0.0,0,118.0,0.0,247.8,0.0,0.0,0,0.16972602739726028,0.0,0.0,0.0,0.16972602739726028
2025-09-28,Cooking Oil,Manual par-level baseline,53.0,68.0,0.0,121.0,47.0,47.0,0.0,0,74.0,0.0,118.4,0.16216216216216217,0.0,0,0.08109589041095891,0.0,0.0,0.0,0.08109589041095891
2025-09-28,Eggs,Manual par-level baseline,93.0,210.0,0.0,303.0,77.0,77.0,0.0,0,226.0,0.0,36.160000000000004,0.1415929203539823,0.0,0,0.024767123287671233,0.0,0.0,0.0,0.024767123287671233
2025-09-28,Fries (Potatoes),Manual par-level baseline,201.0,500.0,0.0,701.0,225.0,225.0,0.0,0,476.0,0.0,142.79999999999998,0.0,0.0,0,0.09780821917808219,0.0,0.0,0.0,0.09780821917808219
2025-09-28,Gluten-free Buns,Manual par-level baseline,33.0,12.0,0.0,45.0,0.0,0.0,0.0,0,45.0,0.0,24.750000000000004,1.4666666666666666,0.0,0,0.016952054794520548,0.0,0.0,0.0,0.016952054794520548
2025-09-28,Lettuce,Manual par-level baseline,65.0,288.0,0.0,353.0,145.0,145.0,0.0,0,208.0,0.0,124.8,0.0,0.0,0,0.08547945205479451,0.0,0.0,0.0,0.08547945205479451
2025-09-28,Milk,Manual par-level baseline,4.0,324.0,0.0,328.0,78.0,78.0,0.0,0,250.0,0.0,187.5,0.0,0.0,0,0.12842465753424656,0.0,0.0,0.0,0.12842465753424656
2025-09-28,Mushrooms,Manual par-level baseline,8.0,140.0,0.0,148.0,82.0,82.0,0.0,0,66.0,0.0,36.300000000000004,0.0,0.0,0,0.024863013698630136,0.0,0.0,0.0,0.024863013698630136
2025-09-28,Onions,Manual par-level baseline,36.0,240.0,0.0,276.0,75.0,75.0,0.0,0,201.0,0.0,50.25,0.0,0.0,0,0.03441780821917808,0.0,0.0,0.0,0.03441780821917808
2025-09-28,Salmon Fillet,Manual par-level baseline,0.0,144.0,0.0,144.0,55.0,55.0,0.0,0,89.0,0.0,284.8,0.0,0.0,0,0.19506849315068495,0.0,0.0,0.0,0.19506849315068495
2025-09-28,Seasonal Berries,Manual par-level baseline,6.0,12.0,0.0,18.0,9.0,9.0,0.0,0,9.0,0.0,12.6,0.0,0.0,0,0.00863013698630137,0.0,0.0,0.0,0.00863013698630137
2025-09-28,Soft Drinks,Manual par-level baseline,279.0,432.0,0.0,711.0,210.0,210.0,0.0,0,501.0,0.0,200.4,0.2754491017964072,0.0,0,0.13726027397260276,0.0,0.0,0.0,0.13726027397260276
2025-09-28,Tomatoes,Manual par-level baseline,81.0,288.0,0.0,369.0,122.0,122.0,0.0,0,247.0,0.0,111.15,0.0,0.0,0,0.07613013698630136,0.0,0.0,0.0,0.07613013698630136
2025-09-28,Truffle Oil,Manual par-level baseline,0.0,6.0,0.0,6.0,7.0,6.0,1.0,1,0.0,0.0,0.0,0.0,0.0,0,0.0,0.0,17.0,0.0,17.0
2025-09-28,Vegan Cheese,Manual par-level baseline,14.0,12.0,0.0,26.0,10.0,10.0,0.0,0,16.0,0.0,10.4,0.5,0.0,0,0.007123287671232877,0.0,0.0,0.0,0.007123287671232877
2025-09-29,Bacon,Manual par-level baseline,178.0,0.0,0.0,178.0,52.0,52.0,0.0,0,126.0,150.0,138.60000000000002,1.0,150.0,1,0.09493150684931508,0.0,0.0,0.625,0.7199315068493151
2025-09-29,Burger Buns,Manual par-level baseline,357.0,0.0,0.0,357.0,120.0,120.0,0.0,0,237.0,432.0,42.66,1.0,432.0,1,0.02921917808219178,0.0,0.0,0.625,0.6542191780821918
2025-09-29,Butter,Manual par-level baseline,95.0,0.0,0.0,95.0,53.0,53.0,0.0,0,42.0,120.0,39.9,1.0,120.0,1,0.027328767123287672,0.0,0.0,0.625,0.6523287671232877
2025-09-29,Cheese Slices,Manual par-level baseline,281.0,0.0,0.0,281.0,78.0,78.0,0.0,0,203.0,250.0,44.660000000000004,1.0,250.0,1,0.030589041095890415,0.0,0.0,0.625,0.6555890410958904
2025-09-29,Chicken Breast,Manual par-level baseline,310.0,0.0,0.0,310.0,80.0,80.0,0.0,0,230.0,250.0,414.0,1.0,250.0,1,0.28356164383561644,0.0,0.0,0.625,0.9085616438356164
2025-09-29,Coffee Beans,Manual par-level baseline,118.0,0.0,0.0,118.0,46.0,46.0,0.0,0,72.0,102.0,151.20000000000002,1.0,102.0,1,0.10356164383561645,0.0,0.0,0.625,0.7285616438356164
2025-09-29,Cooking Oil,Manual par-level baseline,74.0,0.0,0.0,74.0,23.0,23.0,0.0,0,51.0,84.0,81.60000000000001,1.0,84.0,1,0.05589041095890412,0.0,0.0,0.625,0.6808904109589041
2025-09-29,Eggs,Manual par-level baseline,226.0,0.0,0.0,226.0,52.0,52.0,0.0,0,174.0,150.0,27.84,1.0,150.0,1,0.019068493150684932,0.0,0.0,0.625,0.6440684931506849
2025-09-29,Fries (Potatoes),Manual par-level baseline,476.0,0.0,0.0,476.0,133.0,133.0,0.0,0,343.0,400.0,102.89999999999999,1.0,400.0,1,0.07047945205479451,0.0,0.0,0.625,0.6954794520547946
2025-09-29,Gluten-free Buns,Manual par-level baseline,45.0,0.0,33.0,12.0,0.0,0.0,0.0,0,12.0,36.0,6.6000000000000005,1.0,36.0,1,0.00452054794520548,19.8,0.0,0.625,20.429520547945206
2025-09-29,Lettuce,Manual par-level baseline,208.0,0.0,0.0,208.0,69.0,69.0,0.0,0,139.0,264.0,83.39999999999999,1.0,264.0,1,0.05712328767123287,0.0,0.0,0.625,0.6821232876712329
2025-09-29,Milk,Manual par-level baseline,250.0,0.0,0.0,250.0,79.0,79.0,0.0,0,171.0,204.0,128.25,1.0,204.0,1,0.08784246575342465,0.0,0.0,0.625,0.7128424657534247
2025-09-29,Mushrooms,Manual par-level baseline,66.0,0.0,0.0,66.0,34.0,34.0,0.0,0,32.0,170.0,17.6,1.0,170.0,1,0.012054794520547946,0.0,0.0,0.625,0.6370547945205479
2025-09-29,Onions,Manual par-level baseline,201.0,0.0,0.0,201.0,62.0,62.0,0.0,0,139.0,140.0,34.75,1.0,140.0,1,0.023801369863013698,0.0,0.0,0.625,0.6488013698630137
2025-09-29,Salmon Fillet,Manual par-level baseline,89.0,0.0,0.0,89.0,38.0,38.0,0.0,0,51.0,120.0,163.20000000000002,1.0,120.0,1,0.11178082191780823,0.0,0.0,0.625,0.7367808219178082
2025-09-29,Seasonal Berries,Manual par-level baseline,9.0,0.0,0.0,9.0,4.0,4.0,0.0,0,5.0,24.0,7.0,1.0,24.0,1,0.004794520547945206,0.0,0.0,0.625,0.6297945205479452
2025-09-29,Soft Drinks,Manual par-level baseline,501.0,0.0,0.0,501.0,101.0,101.0,0.0,0,400.0,360.0,160.0,1.0,360.0,1,0.10958904109589042,0.0,0.0,0.625,0.7345890410958904
2025-09-29,Tomatoes,Manual par-level baseline,247.0,0.0,0.0,247.0,76.0,76.0,0.0,0,171.0,216.0,76.95,1.0,216.0,1,0.052705479452054796,0.0,0.0,0.625,0.6777054794520548
2025-09-29,Truffle Oil,Manual par-level baseline,0.0,0.0,0.0,0.0,8.0,0.0,8.0,1,0.0,20.0,0.0,0.0,20.0,1,0.0,0.0,136.0,0.625,136.625
2025-09-29,Vegan Cheese,Manual par-level baseline,16.0,0.0,0.0,16.0,6.0,6.0,0.0,0,10.0,24.0,6.5,1.0,24.0,1,0.004452054794520549,0.0,0.0,0.625,0.6294520547945206
2025-09-30,Bacon,Manual par-level baseline,126.0,0.0,0.0,126.0,44.0,44.0,0.0,0,82.0,150.0,90.2,2.0,0.0,0,0.06178082191780822,0.0,0.0,0.0,0.06178082191780822
2025-09-30,Burger Buns,Manual par-level baseline,237.0,0.0,0.0,237.0,117.0,117.0,0.0,0,120.0,432.0,21.599999999999998,2.0,0.0,0,0.014794520547945205,0.0,0.0,0.0,0.014794520547945205
2025-09-30,Butter,Manual par-level baseline,42.0,0.0,0.0,42.0,37.0,37.0,0.0,0,5.0,120.0,4.75,2.0,0.0,0,0.0032534246575342467,0.0,0.0,0.0,0.0032534246575342467
2025-09-30,Cheese Slices,Manual par-level baseline,203.0,0.0,0.0,203.0,81.0,81.0,0.0,0,122.0,250.0,26.84,2.0,0.0,0,0.018383561643835616,0.0,0.0,0.0,0.018383561643835616
2025-09-30,Chicken Breast,Manual par-level baseline,230.0,0.0,0.0,230.0,93.0,93.0,0.0,0,137.0,250.0,246.6,2.0,0.0,0,0.1689041095890411,0.0,0.0,0.0,0.1689041095890411
2025-09-30,Coffee Beans,Manual par-level baseline,72.0,0.0,0.0,72.0,46.0,46.0,0.0,0,26.0,102.0,54.6,2.0,0.0,0,0.0373972602739726,0.0,0.0,0.0,0.0373972602739726
2025-09-30,Cooking Oil,Manual par-level baseline,51.0,0.0,0.0,51.0,29.0,29.0,0.0,0,22.0,84.0,35.2,2.0,0.0,0,0.024109589041095895,0.0,0.0,0.0,0.024109589041095895
2025-09-30,Eggs,Manual par-level baseline,174.0,0.0,0.0,174.0,62.0,62.0,0.0,0,112.0,150.0,17.92,2.0,0.0,0,0.012273972602739727,0.0,0.0,0.0,0.012273972602739727
2025-09-30,Fries (Potatoes),Manual par-level baseline,343.0,0.0,0.0,343.0,128.0,128.0,0.0,0,215.0,400.0,64.5,2.0,0.0,0,0.04417808219178082,0.0,0.0,0.0,0.04417808219178082
2025-09-30,Gluten-free Buns,Manual par-level baseline,12.0,0.0,0.0,12.0,7.0,7.0,0.0,0,5.0,36.0,2.75,2.0,0.0,0,0.0018835616438356165,0.0,0.0,0.0,0.0018835616438356165
2025-09-30,Lettuce,Manual par-level baseline,139.0,0.0,0.0,139.0,75.0,75.0,0.0,0,64.0,264.0,38.4,2.0,0.0,0,0.026301369863013697,0.0,0.0,0.0,0.026301369863013697
2025-09-30,Milk,Manual par-level baseline,171.0,0.0,0.0,171.0,67.0,67.0,0.0,0,104.0,204.0,78.0,2.0,0.0,0,0.05342465753424657,0.0,0.0,0.0,0.05342465753424657
2025-09-30,Mushrooms,Manual par-level baseline,32.0,0.0,0.0,32.0,44.0,32.0,12.0,1,0.0,170.0,0.0,0.0,0.0,0,0.0,0.0,13.200000000000001,0.0,13.200000000000001
2025-09-30,Onions,Manual par-level baseline,139.0,0.0,0.0,139.0,51.0,51.0,0.0,0,88.0,140.0,22.0,2.0,0.0,0,0.015068493150684932,0.0,0.0,0.0,0.015068493150684932
2025-09-30,Salmon Fillet,Manual par-level baseline,51.0,0.0,0.0,51.0,42.0,42.0,0.0,0,9.0,120.0,28.8,2.0,0.0,0,0.019726027397260277,0.0,0.0,0.0,0.019726027397260277
2025-09-30,Seasonal Berries,Manual par-level baseline,5.0,0.0,0.0,5.0,8.0,5.0,3.0,1,0.0,24.0,0.0,0.0,0.0,0,0.0,0.0,8.399999999999999,0.0,8.399999999999999
2025-09-30,Soft Drinks,Manual par-level baseline,400.0,0.0,0.0,400.0,127.0,127.0,0.0,0,273.0,360.0,109.2,2.0,0.0,0,0.07479452054794522,0.0,0.0,0.0,0.07479452054794522
2025-09-30,Tomatoes,Manual par-level baseline,171.0,0.0,0.0,171.0,76.0,76.0,0.0,0,95.0,216.0,42.75,2.0,0.0,0,0.029280821917808217,0.0,0.0,0.0,0.029280821917808217
2025-09-30,Truffle Oil,Manual par-level baseline,0.0,0.0,0.0,0.0,9.0,0.0,9.0,1,0.0,20.0,0.0,0.0,0.0,0,0.0,0.0,153.0,0.0,153.0
2025-09-30,Vegan Cheese,Manual par-level baseline,10.0,0.0,0.0,10.0,0.0,0.0,0.0,0,10.0,24.0,6.5,2.0,0.0,0,0.004452054794520549,0.0,0.0,0.0,0.004452054794520549
2025-10-01,Bacon,Manual par-level baseline,82.0,150.0,0.0,232.0,58.0,58.0,0.0,0,174.0,90.0,191.4,0.41379310344827586,90.0,1,0.1310958904109589,0.0,0.0,0.6578947368421053,0.7889906272530642
2025-10-01,Burger Buns,Manual par-level baseline,120.0,432.0,120.0,432.0,137.0,137.0,0.0,0,295.0,336.0,53.1,0.0,336.0,1,0.03636986301369863,27.599999999999998,0.0,0.6578947368421053,28.294264599855804
2025-10-01,Butter,Manual par-level baseline,5.0,120.0,0.0,125.0,57.0,57.0,0.0,0,68.0,84.0,64.6,0.0,84.0,1,0.04424657534246575,0.0,0.0,0.6578947368421053,0.7021413121845711
2025-10-01,Cheese Slices,Manual par-level baseline,122.0,250.0,0.0,372.0,91.0,91.0,0.0,0,281.0,150.0,61.82,0.3309608540925267,150.0,1,0.04234246575342466,0.0,0.0,0.6578947368421053,0.70023720259553
2025-10-01,Chicken Breast,Manual par-level baseline,137.0,250.0,0.0,387.0,108.0,108.0,0.0,0,279.0,170.0,502.2,0.3118279569892473,170.0,1,0.343972602739726,0.0,0.0,0.6578947368421053,1.0018673395818314
2025-10-01,Coffee Beans,Manual par-level baseline,26.0,102.0,0.0,128.0,55.0,55.0,0.0,0,73.0,90.0,153.3,0.0,90.0,1,0.105,0.0,0.0,0.6578947368421053,0.7628947368421053
2025-10-01,Cooking Oil,Manual par-level baseline,22.0,84.0,0.0,106.0,27.0,27.0,0.0,0,79.0,52.0,126.4,0.0,52.0,1,0.08657534246575344,0.0,0.0,0.6578947368421053,0.7444700793078587
2025-10-01,Eggs,Manual par-level baseline,112.0,150.0,0.0,262.0,70.0,70.0,0.0,0,192.0,90.0,30.72,0.65625,90.0,1,0.02104109589041096,0.0,0.0,0.6578947368421053,0.6789358327325162
2025-10-01,Fries (Potatoes),Manual par-level baseline,215.0,400.0,0.0,615.0,147.0,147.0,0.0,0,468.0,260.0,140.4,0.4358974358974359,260.0,1,0.09616438356164383,0.0,0.0,0.6578947368421053,0.7540591204037491
2025-10-01,Gluten-free Buns,Manual par-level baseline,5.0,36.0,5.0,36.0,0.0,0.0,0.0,0,36.0,12.0,19.8,0.0,12.0,1,0.013561643835616439,3.0,0.0,0.6578947368421053,3.671456380677722
2025-10-01,Lettuce,Manual par-level baseline,64.0,264.0,0.0,328.0,88.0,88.0,0.0,0,240.0,132.0,144.0,0.0,132.0,1,0.09863013698630137,0.0,0.0,0.6578947368421053,0.7565248738284067
2025-10-01,Milk,Manual par-level baseline,104.0,204.0,0.0,308.0,85.0,85.0,0.0,0,223.0,144.0,167.25,0.2556053811659193,144.0,1,0.11455479452054794,0.0,0.0,0.6578947368421053,0.7724495313626533
2025-10-01,Mushrooms,Manual par-level baseline,0.0,170.0,0.0,170.0,37.0,37.0,0.0,0,133.0,70.0,73.15,0.0,70.0,1,0.0501027397260274,0.0,0.0,0.6578947368421053,0.7079974765681327
2025-10-01,Onions,Manual par-level baseline,88.0,140.0,0.0,228.0,58.0,58.0,0.0,0,170.0,100.0,42.5,0.5294117647058824,100.0,1,0.029109589041095892,0.0,0.0,0.6578947368421053,0.6870043258832012
2025-10-01,Salmon Fillet,Manual par-level baseline,9.0,120.0,9.0,120.0,34.0,34.0,0.0,0,86.0,90.0,275.2,0.0,90.0,1,0.18849315068493153,29.25,0.0,0.6578947368421053,30.096387887527037
2025-10-01,Seasonal Berries,Manual par-level baseline,0.0,24.0,0.0,24.0,6.0,6.0,0.0,0,18.0,12.0,25.2,0.0,12.0,1,0.01726027397260274,0.0,0.0,0.6578947368421053,0.6751550108147081
2025-10-01,Soft Drinks,Manual par-level baseline,273.0,360.0,0.0,633.0,152.0,152.0,0.0,0,481.0,216.0,192.4,0.7546777546777547,216.0,1,0.13178082191780824,0.0,0.0,0.6578947368421053,0.7896755587599136
2025-10-01,Tomatoes,Manual par-level baseline,95.0,216.0,0.0,311.0,63.0,63.0,0.0,0,248.0,156.0,111.60000000000001,0.3870967741935484,156.0,1,0.07643835616438356,0.0,0.0,0.6578947368421053,0.7343330930064889
2025-10-01,Truffle Oil,Manual par-level baseline,0.0,20.0,0.0,20.0,4.0,4.0,0.0,0,16.0,2.0,136.0,0.0,2.0,1,0.09315068493150686,0.0,0.0,0.6578947368421053,0.7510454217736122
2025-10-01,Vegan Cheese,Manual par-level baseline,10.0,24.0,0.0,34.0,9.0,9.0,0.0,0,25.0,0.0,16.25,0.12,0.0,1,0.011130136986301371,0.0,0.0,0.0,0.011130136986301371
2025-10-02,Bacon,Manual par-level baseline,174.0,0.0,0.0,174.0,50.0,50.0,0.0,0,124.0,90.0,136.4,1.0,0.0,0,0.09342465753424659,0.0,0.0,0.0,0.09342465753424659
2025-10-02,Burger Buns,Manual par-level baseline,295.0,0.0,0.0,295.0,153.0,153.0,0.0,0,142.0,336.0,25.56,1.0,0.0,0,0.017506849315068494,0.0,0.0,0.0,0.017506849315068494
2025-10-02,Butter,Manual par-level baseline,68.0,0.0,0.0,68.0,40.0,40.0,0.0,0,28.0,84.0,26.599999999999998,1.0,0.0,0,0.01821917808219178,0.0,0.0,0.0,0.01821917808219178
2025-10-02,Cheese Slices,Manual par-level baseline,281.0,0.0,0.0,281.0,76.0,76.0,0.0,0,205.0,150.0,45.1,1.0,0.0,0,0.030890410958904112,0.0,0.0,0.0,0.030890410958904112
2025-10-02,Chicken Breast,Manual par-level baseline,279.0,0.0,29.0,250.0,94.0,94.0,0.0,0,156.0,170.0,280.8,1.0,0.0,0,0.19232876712328767,53.650000000000006,0.0,0.0,53.84232876712329
2025-10-02,Coffee Beans,Manual par-level baseline,73.0,0.0,0.0,73.0,45.0,45.0,0.0,0,28.0,90.0,58.800000000000004,1.0,0.0,0,0.040273972602739724,0.0,0.0,0.0,0.040273972602739724
2025-10-02,Cooking Oil,Manual par-level baseline,79.0,0.0,0.0,79.0,28.0,28.0,0.0,0,51.0,52.0,81.60000000000001,1.0,0.0,0,0.05589041095890412,0.0,0.0,0.0,0.05589041095890412
2025-10-02,Eggs,Manual par-level baseline,192.0,0.0,0.0,192.0,72.0,72.0,0.0,0,120.0,90.0,19.2,1.0,0.0,0,0.01315068493150685,0.0,0.0,0.0,0.01315068493150685
2025-10-02,Fries (Potatoes),Manual par-level baseline,468.0,0.0,0.0,468.0,134.0,134.0,0.0,0,334.0,260.0,100.2,1.0,0.0,0,0.06863013698630137,0.0,0.0,0.0,0.06863013698630137
2025-10-02,Gluten-free Buns,Manual par-level baseline,36.0,0.0,0.0,36.0,10.0,10.0,0.0,0,26.0,12.0,14.3,1.0,0.0,0,0.009794520547945206,0.0,0.0,0.0,0.009794520547945206
2025-10-02,Lettuce,Manual par-level baseline,240.0,0.0,0.0,240.0,59.0,59.0,0.0,0,181.0,132.0,108.6,1.0,0.0,0,0.07438356164383561,0.0,0.0,0.0,0.07438356164383561
2025-10-02,Milk,Manual par-level baseline,223.0,0.0,0.0,223.0,121.0,121.0,0.0,0,102.0,144.0,76.5,1.0,0.0,0,0.052397260273972596,0.0,0.0,0.0,0.052397260273972596
2025-10-02,Mushrooms,Manual par-level baseline,133.0,0.0,0.0,133.0,34.0,34.0,0.0,0,99.0,70.0,54.45,1.0,0.0,0,0.03729452054794521,0.0,0.0,0.0,0.03729452054794521
2025-10-02,Onions,Manual par-level baseline,170.0,0.0,0.0,170.0,62.0,62.0,0.0,0,108.0,100.0,27.0,1.0,0.0,0,0.018493150684931507,0.0,0.0,0.0,0.018493150684931507
2025-10-02,Salmon Fillet,Manual par-level baseline,86.0,0.0,0.0,86.0,36.0,36.0,0.0,0,50.0,90.0,160.0,1.0,0.0,0,0.10958904109589042,0.0,0.0,0.0,0.10958904109589042
2025-10-02,Seasonal Berries,Manual par-level baseline,18.0,0.0,0.0,18.0,0.0,0.0,0.0,0,18.0,12.0,25.2,1.0,0.0,0,0.01726027397260274,0.0,0.0,0.0,0.01726027397260274
2025-10-02,Soft Drinks,Manual par-level baseline,481.0,0.0,0.0,481.0,101.0,101.0,0.0,0,380.0,216.0,152.0,1.1578947368421053,0.0,0,0.1041095890410959,0.0,0.0,0.0,0.1041095890410959
2025-10-02,Tomatoes,Manual par-level baseline,248.0,0.0,0.0,248.0,107.0,107.0,0.0,0,141.0,156.0,63.45,1.0,0.0,0,0.04345890410958904,0.0,0.0,0.0,0.04345890410958904
2025-10-02,Truffle Oil,Manual par-level baseline,16.0,0.0,0.0,16.0,0.0,0.0,0.0,0,16.0,2.0,136.0,1.0,0.0,0,0.09315068493150686,0.0,0.0,0.0,0.09315068493150686
2025-10-02,Vegan Cheese,Manual par-level baseline,25.0,0.0,0.0,25.0,0.0,0.0,0.0,0,25.0,0.0,16.25,1.12,0.0,0,0.011130136986301371,0.0,0.0,0.0,0.011130136986301371
2025-10-03,Bacon,Manual par-level baseline,124.0,90.0,0.0,214.0,84.0,84.0,0.0,0,130.0,190.0,143.0,0.6153846153846154,190.0,1,0.09794520547945205,0.0,0.0,0.625,0.7229452054794521
2025-10-03,Burger Buns,Manual par-level baseline,142.0,336.0,0.0,478.0,194.0,194.0,0.0,0,284.0,528.0,51.12,0.0,528.0,1,0.03501369863013699,0.0,0.0,0.625,0.660013698630137
2025-10-03,Butter,Manual par-level baseline,28.0,84.0,0.0,112.0,49.0,49.0,0.0,0,63.0,156.0,59.849999999999994,0.0,156.0,1,0.040993150684931506,0.0,0.0,0.625,0.6659931506849315
2025-10-03,Cheese Slices,Manual par-level baseline,205.0,150.0,0.0,355.0,157.0,157.0,0.0,0,198.0,300.0,43.56,0.48484848484848486,300.0,1,0.029835616438356166,0.0,0.0,0.625,0.6548356164383562
2025-10-03,Chicken Breast,Manual par-level baseline,156.0,170.0,0.0,326.0,151.0,151.0,0.0,0,175.0,380.0,315.0,0.05714285714285714,380.0,1,0.21575342465753425,0.0,0.0,0.625,0.8407534246575342
2025-10-03,Coffee Beans,Manual par-level baseline,28.0,90.0,0.0,118.0,37.0,37.0,0.0,0,81.0,156.0,170.1,0.0,156.0,1,0.1165068493150685,0.0,0.0,0.625,0.7415068493150685
2025-10-03,Cooking Oil,Manual par-level baseline,51.0,52.0,0.0,103.0,42.0,42.0,0.0,0,61.0,92.0,97.60000000000001,0.29508196721311475,92.0,1,0.06684931506849316,0.0,0.0,0.625,0.6918493150684931
2025-10-03,Eggs,Manual par-level baseline,120.0,90.0,0.0,210.0,112.0,112.0,0.0,0,98.0,240.0,15.68,0.16326530612244897,240.0,1,0.010739726027397261,0.0,0.0,0.625,0.6357397260273973
2025-10-03,Fries (Potatoes),Manual par-level baseline,334.0,260.0,0.0,594.0,280.0,280.0,0.0,0,314.0,500.0,94.2,0.34394904458598724,500.0,1,0.06452054794520548,0.0,0.0,0.625,0.6895205479452055
2025-10-03,Gluten-free Buns,Manual par-level baseline,26.0,12.0,0.0,38.0,18.0,18.0,0.0,0,20.0,12.0,11.0,0.8,12.0,1,0.007534246575342466,0.0,0.0,0.625,0.6325342465753425
2025-10-03,Lettuce,Manual par-level baseline,181.0,132.0,0.0,313.0,101.0,101.0,0.0,0,212.0,264.0,127.2,0.7547169811320755,264.0,1,0.08712328767123287,0.0,0.0,0.625,0.7121232876712329
2025-10-03,Milk,Manual par-level baseline,102.0,144.0,0.0,246.0,132.0,132.0,0.0,0,114.0,324.0,85.5,0.0,324.0,1,0.058561643835616434,0.0,0.0,0.625,0.6835616438356165
2025-10-03,Mushrooms,Manual par-level baseline,99.0,70.0,0.0,169.0,56.0,56.0,0.0,0,113.0,120.0,62.150000000000006,0.7610619469026548,120.0,1,0.042568493150684936,0.0,0.0,0.625,0.6675684931506849
2025-10-03,Onions,Manual par-level baseline,108.0,100.0,0.0,208.0,73.0,73.0,0.0,0,135.0,200.0,33.75,0.5185185185185185,200.0,1,0.023116438356164382,0.0,0.0,0.625,0.6481164383561644
2025-10-03,Salmon Fillet,Manual par-level baseline,50.0,90.0,0.0,140.0,0.0,0.0,0.0,0,140.0,120.0,448.0,0.7142857142857143,120.0,1,0.30684931506849317,0.0,0.0,0.625,0.9318493150684932
2025-10-03,Seasonal Berries,Manual par-level baseline,18.0,12.0,0.0,30.0,0.0,0.0,0.0,0,30.0,6.0,42.0,1.2,6.0,1,0.028767123287671233,0.0,0.0,0.625,0.6537671232876713
2025-10-03,Soft Drinks,Manual par-level baseline,380.0,216.0,0.0,596.0,222.0,222.0,0.0,0,374.0,456.0,149.60000000000002,0.8449197860962567,456.0,1,0.10246575342465755,0.0,0.0,0.625,0.7274657534246576
2025-10-03,Tomatoes,Manual par-level baseline,141.0,156.0,0.0,297.0,158.0,158.0,0.0,0,139.0,276.0,62.550000000000004,0.0,276.0,1,0.04284246575342466,0.0,0.0,0.625,0.6678424657534247
2025-10-03,Truffle Oil,Manual par-level baseline,16.0,2.0,0.0,18.0,0.0,0.0,0.0,0,18.0,8.0,153.0,1.7777777777777777,8.0,1,0.10479452054794522,0.0,0.0,0.625,0.7297945205479452
2025-10-03,Vegan Cheese,Manual par-level baseline,25.0,0.0,0.0,25.0,13.0,13.0,0.0,0,12.0,12.0,7.800000000000001,2.0,12.0,1,0.005342465753424658,0.0,0.0,0.625,0.6303424657534247
2025-10-04,Bacon,Manual par-level baseline,130.0,0.0,0.0,130.0,77.0,77.0,0.0,0,53.0,190.0,58.300000000000004,1.0,0.0,0,0.03993150684931507,0.0,0.0,0.0,0.03993150684931507
2025-10-04,Burger Buns,Manual par-level baseline,284.0,0.0,0.0,284.0,181.0,181.0,0.0,0,103.0,528.0,18.54,1.0,0.0,0,0.012698630136986301,0.0,0.0,0.0,0.012698630136986301
2025-10-04,Butter,Manual par-level baseline,63.0,0.0,0.0,63.0,55.0,55.0,0.0,0,8.0,156.0,7.6,1.0,0.0,0,0.0052054794520547945,0.0,0.0,0.0,0.0052054794520547945
2025-10-04,Cheese Slices,Manual par-level baseline,198.0,0.0,0.0,198.0,134.0,134.0,0.0,0,64.0,300.0,14.08,1.0,0.0,0,0.009643835616438357,0.0,0.0,0.0,0.009643835616438357
2025-10-04,Chicken Breast,Manual par-level baseline,175.0,0.0,0.0,175.0,133.0,133.0,0.0,0,42.0,380.0,75.60000000000001,1.0,0.0,0,0.051780821917808216,0.0,0.0,0.0,0.051780821917808216
2025-10-04,Coffee Beans,Manual par-level baseline,81.0,0.0,0.0,81.0,28.0,28.0,0.0,0,53.0,156.0,111.30000000000001,1.0,0.0,0,0.07623287671232877,0.0,0.0,0.0,0.07623287671232877
2025-10-04,Cooking Oil,Manual par-level baseline,61.0,0.0,0.0,61.0,31.0,31.0,0.0,0,30.0,92.0,48.0,1.0,0.0,0,0.03287671232876713,0.0,0.0,0.0,0.03287671232876713
2025-10-04,Eggs,Manual par-level baseline,98.0,0.0,0.0,98.0,79.0,79.0,0.0,0,19.0,240.0,3.04,1.0,0.0,0,0.0020821917808219177,0.0,0.0,0.0,0.0020821917808219177
2025-10-04,Fries (Potatoes),Manual par-level baseline,314.0,0.0,0.0,314.0,213.0,213.0,0.0,0,101.0,500.0,30.299999999999997,1.0,0.0,0,0.020753424657534245,0.0,0.0,0.0,0.020753424657534245
2025-10-04,Gluten-free Buns,Manual par-level baseline,20.0,0.0,8.0,12.0,23.0,12.0,11.0,1,0.0,12.0,0.0,0.0,0.0,0,0.0,4.800000000000001,12.100000000000001,0.0,16.900000000000002
2025-10-04,Lettuce,Manual par-level baseline,212.0,0.0,0.0,212.0,108.0,108.0,0.0,0,104.0,264.0,62.4,1.0,0.0,0,0.04273972602739726,0.0,0.0,0.0,0.04273972602739726
2025-10-04,Milk,Manual par-level baseline,114.0,0.0,0.0,114.0,105.0,105.0,0.0,0,9.0,324.0,6.75,1.0,0.0,0,0.004623287671232876,0.0,0.0,0.0,0.004623287671232876
2025-10-04,Mushrooms,Manual par-level baseline,113.0,0.0,0.0,113.0,71.0,71.0,0.0,0,42.0,120.0,23.1,1.0,0.0,0,0.015821917808219177,0.0,0.0,0.0,0.015821917808219177
2025-10-04,Onions,Manual par-level baseline,135.0,0.0,0.0,135.0,79.0,79.0,0.0,0,56.0,200.0,14.0,1.0,0.0,0,0.009589041095890411,0.0,0.0,0.0,0.009589041095890411
2025-10-04,Salmon Fillet,Manual par-level baseline,140.0,0.0,50.0,90.0,65.0,65.0,0.0,0,25.0,120.0,80.0,1.0,0.0,0,0.05479452054794521,162.5,0.0,0.0,162.55479452054794
2025-10-04,Seasonal Berries,Manual par-level baseline,30.0,0.0,18.0,12.0,20.0,12.0,8.0,1,0.0,6.0,0.0,0.0,0.0,0,0.0,26.099999999999998,22.4,0.0,48.5
2025-10-04,Soft Drinks,Manual par-level baseline,374.0,0.0,0.0,374.0,235.0,235.0,0.0,0,139.0,456.0,55.6,1.0,0.0,0,0.03808219178082192,0.0,0.0,0.0,0.03808219178082192
2025-10-04,Tomatoes,Manual par-level baseline,139.0,0.0,0.0,139.0,96.0,96.0,0.0,0,43.0,276.0,19.35,1.0,0.0,0,0.013253424657534246,0.0,0.0,0.0,0.013253424657534246
2025-10-04,Truffle Oil,Manual par-level baseline,18.0,0.0,0.0,18.0,17.0,17.0,0.0,0,1.0,8.0,8.5,1.0,0.0,0,0.0058219178082191785,0.0,0.0,0.0,0.0058219178082191785
2025-10-04,Vegan Cheese,Manual par-level baseline,12.0,0.0,0.0,12.0,10.0,10.0,0.0,0,2.0,12.0,1.3,3.0,0.0,0,0.0008904109589041097,0.0,0.0,0.0,0.0008904109589041097
2025-10-05,Bacon,Manual par-level baseline,53.0,190.0,0.0,243.0,72.0,72.0,0.0,0,171.0,0.0,188.10000000000002,0.0,0.0,0,0.12883561643835617,0.0,0.0,0.0,0.12883561643835617
2025-10-05,Burger Buns,Manual par-level baseline,103.0,528.0,0.0,631.0,190.0,190.0,0.0,0,441.0,0.0,79.38,0.0,0.0,0,0.05436986301369863,0.0,0.0,0.0,0.05436986301369863
2025-10-05,Butter,Manual par-level baseline,8.0,156.0,0.0,164.0,46.0,46.0,0.0,0,118.0,0.0,112.1,0.0,0.0,0,0.07678082191780822,0.0,0.0,0.0,0.07678082191780822
2025-10-05,Cheese Slices,Manual par-level baseline,64.0,300.0,0.0,364.0,135.0,135.0,0.0,0,229.0,0.0,50.38,0.0,0.0,0,0.0345068493150685,0.0,0.0,0.0,0.0345068493150685
2025-10-05,Chicken Breast,Manual par-level baseline,42.0,380.0,0.0,422.0,148.0,148.0,0.0,0,274.0,0.0,493.2,0.0,0.0,0,0.3378082191780822,0.0,0.0,0.0,0.3378082191780822
2025-10-05,Coffee Beans,Manual par-level baseline,53.0,156.0,0.0,209.0,44.0,44.0,0.0,0,165.0,0.0,346.5,0.10909090909090909,0.0,0,0.23732876712328768,0.0,0.0,0.0,0.23732876712328768
2025-10-05,Cooking Oil,Manual par-level baseline,30.0,92.0,0.0,122.0,36.0,36.0,0.0,0,86.0,0.0,137.6,0.0,0.0,0,0.09424657534246576,0.0,0.0,0.0,0.09424657534246576
2025-10-05,Eggs,Manual par-level baseline,19.0,240.0,0.0,259.0,89.0,89.0,0.0,0,170.0,0.0,27.2,0.0,0.0,0,0.01863013698630137,0.0,0.0,0.0,0.01863013698630137
2025-10-05,Fries (Potatoes),Manual par-level baseline,101.0,500.0,0.0,601.0,207.0,207.0,0.0,0,394.0,0.0,118.19999999999999,0.0,0.0,0,0.08095890410958903,0.0,0.0,0.0,0.08095890410958903
2025-10-05,Gluten-free Buns,Manual par-level baseline,0.0,12.0,0.0,12.0,20.0,12.0,8.0,1,0.0,0.0,0.0,0.0,0.0,0,0.0,0.0,8.8,0.0,8.8
2025-10-05,Lettuce,Manual par-level baseline,104.0,264.0,0.0,368.0,105.0,105.0,0.0,0,263.0,0.0,157.79999999999998,0.0,0.0,0,0.10808219178082192,0.0,0.0,0.0,0.10808219178082192
2025-10-05,Milk,Manual par-level baseline,9.0,324.0,0.0,333.0,138.0,138.0,0.0,0,195.0,0.0,146.25,0.0,0.0,0,0.10017123287671231,0.0,0.0,0.0,0.10017123287671231
2025-10-05,Mushrooms,Manual par-level baseline,42.0,120.0,0.0,162.0,59.0,59.0,0.0,0,103.0,0.0,56.650000000000006,0.0,0.0,0,0.0388013698630137,0.0,0.0,0.0,0.0388013698630137
2025-10-05,Onions,Manual par-level baseline,56.0,200.0,0.0,256.0,73.0,73.0,0.0,0,183.0,0.0,45.75,0.0,0.0,0,0.03133561643835617,0.0,0.0,0.0,0.03133561643835617
2025-10-05,Salmon Fillet,Manual par-level baseline,25.0,120.0,0.0,145.0,61.0,61.0,0.0,0,84.0,0.0,268.8,0.0,0.0,0,0.18410958904109592,0.0,0.0,0.0,0.18410958904109592
2025-10-05,Seasonal Berries,Manual par-level baseline,0.0,6.0,0.0,6.0,21.0,6.0,15.0,1,0.0,0.0,0.0,0.0,0.0,0,0.0,0.0,42.0,0.0,42.0
2025-10-05,Soft Drinks,Manual par-level baseline,139.0,456.0,0.0,595.0,196.0,196.0,0.0,0,399.0,0.0,159.60000000000002,0.0,0.0,0,0.1093150684931507,0.0,0.0,0.0,0.1093150684931507
2025-10-05,Tomatoes,Manual par-level baseline,43.0,276.0,0.0,319.0,107.0,107.0,0.0,0,212.0,0.0,95.4,0.0,0.0,0,0.06534246575342466,0.0,0.0,0.0,0.06534246575342466
2025-10-05,Truffle Oil,Manual par-level baseline,1.0,8.0,0.0,9.0,16.0,9.0,7.0,1,0.0,0.0,0.0,0.0,0.0,0,0.0,0.0,119.0,0.0,119.0
2025-10-05,Vegan Cheese,Manual par-level baseline,2.0,12.0,0.0,14.0,0.0,0.0,0.0,0,14.0,0.0,9.100000000000001,0.5714285714285714,0.0,0,0.006232876712328767,0.0,0.0,0.0,0.006232876712328767
2025-10-06,Bacon,Manual par-level baseline,171.0,0.0,0.0,171.0,46.0,46.0,0.0,0,125.0,150.0,137.5,1.0,150.0,1,0.09417808219178082,0.0,0.0,0.625,0.7191780821917808
2025-10-06,Burger Buns,Manual par-level baseline,441.0,0.0,0.0,441.0,112.0,112.0,0.0,0,329.0,336.0,59.22,1.0,336.0,1,0.04056164383561644,0.0,0.0,0.625,0.6655616438356164
2025-10-06,Butter,Manual par-level baseline,118.0,0.0,0.0,118.0,30.0,30.0,0.0,0,88.0,96.0,83.6,1.0,96.0,1,0.05726027397260274,0.0,0.0,0.625,0.6822602739726027
2025-10-06,Cheese Slices,Manual par-level baseline,229.0,0.0,0.0,229.0,86.0,86.0,0.0,0,143.0,300.0,31.46,1.0,300.0,1,0.021547945205479455,0.0,0.0,0.625,0.6465479452054794
2025-10-06,Chicken Breast,Manual par-level baseline,274.0,0.0,0.0,274.0,61.0,61.0,0.0,0,213.0,280.0,383.40000000000003,1.0,280.0,1,0.2626027397260274,0.0,0.0,0.625,0.8876027397260273
2025-10-06,Coffee Beans,Manual par-level baseline,165.0,0.0,0.0,165.0,37.0,37.0,0.0,0,128.0,54.0,268.8,1.0,54.0,1,0.1841095890410959,0.0,0.0,0.625,0.8091095890410959
2025-10-06,Cooking Oil,Manual par-level baseline,86.0,0.0,0.0,86.0,29.0,29.0,0.0,0,57.0,72.0,91.2,1.0,72.0,1,0.062465753424657544,0.0,0.0,0.625,0.6874657534246575
2025-10-06,Eggs,Manual par-level baseline,170.0,0.0,0.0,170.0,68.0,68.0,0.0,0,102.0,180.0,16.32,1.0,180.0,1,0.011178082191780823,0.0,0.0,0.625,0.6361780821917808
2025-10-06,Fries (Potatoes),Manual par-level baseline,394.0,0.0,0.0,394.0,135.0,135.0,0.0,0,259.0,480.0,77.7,1.0,480.0,1,0.05321917808219178,0.0,0.0,0.625,0.6782191780821918
2025-10-06,Gluten-free Buns,Manual par-level baseline,0.0,0.0,0.0,0.0,8.0,0.0,8.0,1,0.0,48.0,0.0,0.0,48.0,1,0.0,0.0,8.8,0.625,9.425
2025-10-06,Lettuce,Manual par-level baseline,263.0,0.0,0.0,263.0,59.0,59.0,0.0,0,204.0,192.0,122.39999999999999,1.0,192.0,1,0.08383561643835616,0.0,0.0,0.625,0.7088356164383561
2025-10-06,Milk,Manual par-level baseline,195.0,0.0,0.0,195.0,68.0,68.0,0.0,0,127.0,264.0,95.25,1.0,264.0,1,0.06523972602739725,0.0,0.0,0.625,0.6902397260273972
2025-10-06,Mushrooms,Manual par-level baseline,103.0,0.0,0.0,103.0,32.0,32.0,0.0,0,71.0,130.0,39.050000000000004,1.0,130.0,1,0.026746575342465755,0.0,0.0,0.625,0.6517465753424657
2025-10-06,Onions,Manual par-level baseline,183.0,0.0,0.0,183.0,78.0,78.0,0.0,0,105.0,160.0,26.25,1.0,160.0,1,0.01797945205479452,0.0,0.0,0.625,0.6429794520547946
2025-10-06,Salmon Fillet,Manual par-level baseline,84.0,0.0,0.0,84.0,31.0,31.0,0.0,0,53.0,114.0,169.60000000000002,1.0,114.0,1,0.11616438356164385,0.0,0.0,0.625,0.7411643835616438
2025-10-06,Seasonal Berries,Manual par-level baseline,0.0,0.0,0.0,0.0,5.0,0.0,5.0,1,0.0,30.0,0.0,0.0,30.0,1,0.0,0.0,14.0,0.625,14.625
2025-10-06,Soft Drinks,Manual par-level baseline,399.0,0.0,0.0,399.0,118.0,118.0,0.0,0,281.0,408.0,112.4,1.0,408.0,1,0.07698630136986302,0.0,0.0,0.625,0.7019863013698631
2025-10-06,Tomatoes,Manual par-level baseline,212.0,0.0,0.0,212.0,65.0,65.0,0.0,0,147.0,252.0,66.15,1.0,252.0,1,0.04530821917808219,0.0,0.0,0.625,0.6703082191780821
2025-10-06,Truffle Oil,Manual par-level baseline,0.0,0.0,0.0,0.0,0.0,0.0,0.0,0,0.0,26.0,0.0,0.0,26.0,1,0.0,0.0,0.0,0.625,0.625
2025-10-06,Vegan Cheese,Manual par-level baseline,14.0,0.0,0.0,14.0,0.0,0.0,0.0,0,14.0,12.0,9.100000000000001,1.5714285714285714,12.0,1,0.006232876712328767,0.0,0.0,0.625,0.6312328767123287
2025-10-07,Bacon,Manual par-level baseline,125.0,0.0,0.0,125.0,45.0,45.0,0.0,0,80.0,150.0,88.0,2.0,0.0,0,0.06027397260273973,0.0,0.0,0.0,0.06027397260273973
2025-10-07,Burger Buns,Manual par-level baseline,329.0,0.0,0.0,329.0,119.0,119.0,0.0,0,210.0,336.0,37.8,2.0,0.0,0,0.025890410958904108,0.0,0.0,0.0,0.025890410958904108
2025-10-07,Butter,Manual par-level baseline,88.0,0.0,0.0,88.0,30.0,30.0,0.0,0,58.0,96.0,55.099999999999994,2.0,0.0,0,0.03773972602739726,0.0,0.0,0.0,0.03773972602739726
2025-10-07,Cheese Slices,Manual par-level baseline,143.0,0.0,0.0,143.0,81.0,81.0,0.0,0,62.0,300.0,13.64,2.0,0.0,0,0.009342465753424659,0.0,0.0,0.0,0.009342465753424659
2025-10-07,Chicken Breast,Manual par-level baseline,213.0,0.0,0.0,213.0,86.0,86.0,0.0,0,127.0,280.0,228.6,2.0,0.0,0,0.15657534246575341,0.0,0.0,0.0,0.15657534246575341
2025-10-07,Coffee Beans,Manual par-level baseline,128.0,0.0,0.0,128.0,36.0,36.0,0.0,0,92.0,54.0,193.20000000000002,2.0,0.0,0,0.13232876712328767,0.0,0.0,0.0,0.13232876712328767
2025-10-07,Cooking Oil,Manual par-level baseline,57.0,0.0,0.0,57.0,22.0,22.0,0.0,0,35.0,72.0,56.0,2.0,0.0,0,0.038356164383561646,0.0,0.0,0.0,0.038356164383561646
2025-10-07,Eggs,Manual par-level baseline,102.0,0.0,0.0,102.0,95.0,95.0,0.0,0,7.0,180.0,1.12,2.0,0.0,0,0.000767123287671233,0.0,0.0,0.0,0.000767123287671233
2025-10-07,Fries (Potatoes),Manual par-level baseline,259.0,0.0,0.0,259.0,114.0,114.0,0.0,0,145.0,480.0,43.5,2.0,0.0,0,0.029794520547945205,0.0,0.0,0.0,0.029794520547945205
2025-10-07,Gluten-free Buns,Manual par-level baseline,0.0,0.0,0.0,0.0,15.0,0.0,15.0,1,0.0,48.0,0.0,0.0,0.0,0,0.0,0.0,16.5,0.0,16.5
2025-10-07,Lettuce,Manual par-level baseline,204.0,0.0,0.0,204.0,71.0,71.0,0.0,0,133.0,192.0,79.8,2.0,0.0,0,0.05465753424657534,0.0,0.0,0.0,0.05465753424657534
2025-10-07,Milk,Manual par-level baseline,127.0,0.0,0.0,127.0,107.0,107.0,0.0,0,20.0,264.0,15.0,2.0,0.0,0,0.010273972602739725,0.0,0.0,0.0,0.010273972602739725
2025-10-07,Mushrooms,Manual par-level baseline,71.0,0.0,0.0,71.0,28.0,28.0,0.0,0,43.0,130.0,23.650000000000002,2.0,0.0,0,0.016198630136986303,0.0,0.0,0.0,0.016198630136986303
2025-10-07,Onions,Manual par-level baseline,105.0,0.0,0.0,105.0,58.0,58.0,0.0,0,47.0,160.0,11.75,2.0,0.0,0,0.008047945205479452,0.0,0.0,0.0,0.008047945205479452
2025-10-07,Salmon Fillet,Manual par-level baseline,53.0,0.0,0.0,53.0,37.0,37.0,0.0,0,16.0,114.0,51.2,2.0,0.0,0,0.035068493150684936,0.0,0.0,0.0,0.035068493150684936
2025-10-07,Seasonal Berries,Manual par-level baseline,0.0,0.0,0.0,0.0,0.0,0.0,0.0,0,0.0,30.0,0.0,0.0,0.0,0,0.0,0.0,0.0,0.0,0.0
2025-10-07,Soft Drinks,Manual par-level baseline,281.0,0.0,0.0,281.0,98.0,98.0,0.0,0,183.0,408.0,73.2,2.0,0.0,0,0.05013698630136987,0.0,0.0,0.0,0.05013698630136987
2025-10-07,Tomatoes,Manual par-level baseline,147.0,0.0,0.0,147.0,79.0,79.0,0.0,0,68.0,252.0,30.6,2.0,0.0,0,0.02095890410958904,0.0,0.0,0.0,0.02095890410958904
2025-10-07,Truffle Oil,Manual par-level baseline,0.0,0.0,0.0,0.0,6.0,0.0,6.0,1,0.0,26.0,0.0,0.0,0.0,0,0.0,0.0,102.0,0.0,102.0
2025-10-07,Vegan Cheese,Manual par-level baseline,14.0,0.0,0.0,14.0,9.0,9.0,0.0,0,5.0,12.0,3.25,2.0,0.0,0,0.0022260273972602744,0.0,0.0,0.0,0.0022260273972602744
2025-10-08,Bacon,Manual par-level baseline,80.0,150.0,0.0,230.0,57.0,57.0,0.0,0,173.0,80.0,190.3,0.3988439306358382,80.0,1,0.13034246575342467,0.0,0.0,0.7352941176470589,0.8656365834004836
2025-10-08,Burger Buns,Manual par-level baseline,210.0,336.0,210.0,336.0,123.0,123.0,0.0,0,213.0,432.0,38.339999999999996,0.0,432.0,1,0.02626027397260274,48.3,0.0,0.7352941176470589,49.06155439161966
2025-10-08,Butter,Manual par-level baseline,58.0,96.0,0.0,154.0,36.0,36.0,0.0,0,118.0,60.0,112.1,0.559322033898305,60.0,1,0.07678082191780822,0.0,0.0,0.7352941176470589,0.8120749395648671
2025-10-08,Cheese Slices,Manual par-level baseline,62.0,300.0,0.0,362.0,98.0,98.0,0.0,0,264.0,150.0,58.08,0.0,150.0,1,0.03978082191780822,0.0,0.0,0.7352941176470589,0.7750749395648671
2025-10-08,Chicken Breast,Manual par-level baseline,127.0,280.0,0.0,407.0,95.0,95.0,0.0,0,312.0,140.0,561.6,0.3076923076923077,140.0,1,0.38465753424657534,0.0,0.0,0.7352941176470589,1.119951651893634
2025-10-08,Coffee Beans,Manual par-level baseline,92.0,54.0,0.0,146.0,44.0,44.0,0.0,0,102.0,72.0,214.20000000000002,1.411764705882353,72.0,1,0.14671232876712328,0.0,0.0,0.7352941176470589,0.8820064464141821
2025-10-08,Cooking Oil,Manual par-level baseline,35.0,72.0,0.0,107.0,30.0,30.0,0.0,0,77.0,48.0,123.2,0.19480519480519481,48.0,1,0.08438356164383563,0.0,0.0,0.7352941176470589,0.8196776792908945
2025-10-08,Eggs,Manual par-level baseline,7.0,180.0,0.0,187.0,80.0,80.0,0.0,0,107.0,180.0,17.12,0.0,180.0,1,0.011726027397260275,0.0,0.0,0.7352941176470589,0.7470201450443191
2025-10-08,Fries (Potatoes),Manual par-level baseline,145.0,480.0,0.0,625.0,139.0,139.0,0.0,0,486.0,220.0,145.8,0.037037037037037035,220.0,1,0.09986301369863013,0.0,0.0,0.7352941176470589,0.835157131345689
2025-10-08,Gluten-free Buns,Manual par-level baseline,0.0,48.0,0.0,48.0,14.0,14.0,0.0,0,34.0,0.0,18.700000000000003,0.0,0.0,1,0.012808219178082192,0.0,0.0,0.0,0.012808219178082192
2025-10-08,Lettuce,Manual par-level baseline,133.0,192.0,0.0,325.0,69.0,69.0,0.0,0,256.0,120.0,153.6,0.75,120.0,1,0.10520547945205479,0.0,0.0,0.7352941176470589,0.8404995970991137
2025-10-08,Milk,Manual par-level baseline,20.0,264.0,0.0,284.0,73.0,73.0,0.0,0,211.0,180.0,158.25,0.0,180.0,1,0.1083904109589041,0.0,0.0,0.7352941176470589,0.843684528605963
2025-10-08,Mushrooms,Manual par-level baseline,43.0,130.0,0.0,173.0,47.0,47.0,0.0,0,126.0,60.0,69.30000000000001,0.0,60.0,1,0.04746575342465754,0.0,0.0,0.7352941176470589,0.7827598710717164
2025-10-08,Onions,Manual par-level baseline,47.0,160.0,0.0,207.0,79.0,79.0,0.0,0,128.0,120.0,32.0,0.0,120.0,1,0.021917808219178082,0.0,0.0,0.7352941176470589,0.757211925866237
2025-10-08,Salmon Fillet,Manual par-level baseline,16.0,114.0,16.0,114.0,36.0,36.0,0.0,0,78.0,84.0,249.60000000000002,0.0,84.0,1,0.17095890410958905,52.0,0.0,0.7352941176470589,52.90625302175665
2025-10-08,Seasonal Berries,Manual par-level baseline,0.0,30.0,0.0,30.0,0.0,0.0,0.0,0,30.0,0.0,42.0,0.0,0.0,1,0.028767123287671233,0.0,0.0,0.0,0.028767123287671233
2025-10-08,Soft Drinks,Manual par-level baseline,183.0,408.0,0.0,591.0,99.0,99.0,0.0,0,492.0,192.0,196.8,0.5121951219512195,192.0,1,0.13479452054794522,0.0,0.0,0.7352941176470589,0.8700886381950041
2025-10-08,Tomatoes,Manual par-level baseline,68.0,252.0,0.0,320.0,83.0,83.0,0.0,0,237.0,144.0,106.65,0.0,144.0,1,0.07304794520547946,0.0,0.0,0.7352941176470589,0.8083420628525383
2025-10-08,Truffle Oil,Manual par-level baseline,0.0,26.0,0.0,26.0,0.0,0.0,0.0,0,26.0,0.0,221.0,0.0,0.0,1,0.15136986301369865,0.0,0.0,0.0,0.15136986301369865
2025-10-08,Vegan Cheese,Manual par-level baseline,5.0,12.0,0.0,17.0,5.0,5.0,0.0,0,12.0,12.0,7.800000000000001,0.0,12.0,1,0.005342465753424658,0.0,0.0,0.7352941176470589,0.7406365834004836
2025-10-09,Bacon,Manual par-level baseline,173.0,0.0,0.0,173.0,57.0,57.0,0.0,0,116.0,80.0,127.60000000000001,1.0,0.0,0,0.0873972602739726,0.0,0.0,0.0,0.0873972602739726
2025-10-09,Burger Buns,Manual par-level baseline,213.0,0.0,0.0,213.0,117.0,117.0,0.0,0,96.0,432.0,17.28,1.0,0.0,0,0.011835616438356164,0.0,0.0,0.0,0.011835616438356164
2025-10-09,Butter,Manual par-level baseline,118.0,0.0,0.0,118.0,36.0,36.0,0.0,0,82.0,60.0,77.89999999999999,1.0,0.0,0,0.053356164383561645,0.0,0.0,0.0,0.053356164383561645
2025-10-09,Cheese Slices,Manual par-level baseline,264.0,0.0,0.0,264.0,104.0,104.0,0.0,0,160.0,150.0,35.2,1.0,0.0,0,0.02410958904109589,0.0,0.0,0.0,0.02410958904109589
2025-10-09,Chicken Breast,Manual par-level baseline,312.0,0.0,32.0,280.0,83.0,83.0,0.0,0,197.0,140.0,354.6,1.0,0.0,0,0.24287671232876712,59.2,0.0,0.0,59.44287671232877
2025-10-09,Coffee Beans,Manual par-level baseline,102.0,0.0,0.0,102.0,54.0,54.0,0.0,0,48.0,72.0,100.80000000000001,1.0,0.0,0,0.06904109589041096,0.0,0.0,0.0,0.06904109589041096
2025-10-09,Cooking Oil,Manual par-level baseline,77.0,0.0,0.0,77.0,29.0,29.0,0.0,0,48.0,48.0,76.80000000000001,1.0,0.0,0,0.0526027397260274,0.0,0.0,0.0,0.0526027397260274
2025-10-09,Eggs,Manual par-level baseline,107.0,0.0,0.0,107.0,64.0,64.0,0.0,0,43.0,180.0,6.88,1.0,0.0,0,0.004712328767123288,0.0,0.0,0.0,0.004712328767123288
2025-10-09,Fries (Potatoes),Manual par-level baseline,486.0,0.0,0.0,486.0,146.0,146.0,0.0,0,340.0,220.0,102.0,1.0,0.0,0,0.06986301369863013,0.0,0.0,0.0,0.06986301369863013
2025-10-09,Gluten-free Buns,Manual par-level baseline,34.0,0.0,0.0,34.0,0.0,0.0,0.0,0,34.0,0.0,18.700000000000003,1.0,0.0,0,0.012808219178082192,0.0,0.0,0.0,0.012808219178082192
2025-10-09,Lettuce,Manual par-level baseline,256.0,0.0,64.0,192.0,73.0,73.0,0.0,0,119.0,120.0,71.39999999999999,1.0,0.0,0,0.048904109589041095,41.6,0.0,0.0,41.64890410958904
2025-10-09,Milk,Manual par-level baseline,211.0,0.0,0.0,211.0,71.0,71.0,0.0,0,140.0,180.0,105.0,1.0,0.0,0,0.07191780821917808,0.0,0.0,0.0,0.07191780821917808
2025-10-09,Mushrooms,Manual par-level baseline,126.0,0.0,0.0,126.0,42.0,42.0,0.0,0,84.0,60.0,46.2,1.0,0.0,0,0.031643835616438354,0.0,0.0,0.0,0.031643835616438354
2025-10-09,Onions,Manual par-level baseline,128.0,0.0,0.0,128.0,55.0,55.0,0.0,0,73.0,120.0,18.25,1.0,0.0,0,0.0125,0.0,0.0,0.0,0.0125
2025-10-09,Salmon Fillet,Manual par-level baseline,78.0,0.0,0.0,78.0,35.0,35.0,0.0,0,43.0,84.0,137.6,1.0,0.0,0,0.09424657534246576,0.0,0.0,0.0,0.09424657534246576
2025-10-09,Seasonal Berries,Manual par-level baseline,30.0,0.0,0.0,30.0,0.0,0.0,0.0,0,30.0,0.0,42.0,1.0,0.0,0,0.028767123287671233,0.0,0.0,0.0,0.028767123287671233
2025-10-09,Soft Drinks,Manual par-level baseline,492.0,0.0,0.0,492.0,92.0,92.0,0.0,0,400.0,192.0,160.0,1.0,0.0,0,0.10958904109589042,0.0,0.0,0.0,0.10958904109589042
2025-10-09,Tomatoes,Manual par-level baseline,237.0,0.0,0.0,237.0,66.0,66.0,0.0,0,171.0,144.0,76.95,1.0,0.0,0,0.052705479452054796,0.0,0.0,0.0,0.052705479452054796
2025-10-09,Truffle Oil,Manual par-level baseline,26.0,0.0,0.0,26.0,7.0,7.0,0.0,0,19.0,0.0,161.5,1.0,0.0,0,0.11061643835616439,0.0,0.0,0.0,0.11061643835616439
2025-10-09,Vegan Cheese,Manual par-level baseline,12.0,0.0,0.0,12.0,7.0,7.0,0.0,0,5.0,12.0,3.25,1.0,0.0,0,0.0022260273972602744,0.0,0.0,0.0,0.0022260273972602744
2025-10-10,Bacon,Manual par-level baseline,116.0,80.0,0.0,196.0,70.0,70.0,0.0,0,126.0,200.0,138.6,0.7301587301587301,200.0,1,0.09493150684931508,0.0,0.0,0.6578947368421053,0.7528262436914204
2025-10-10,Burger Buns,Manual par-level baseline,96.0,432.0,0.0,528.0,165.0,165.0,0.0,0,363.0,432.0,65.34,0.0,432.0,1,0.04475342465753424,0.0,0.0,0.6578947368421053,0.7026481614996396
2025-10-10,Butter,Manual par-level baseline,82.0,60.0,0.0,142.0,43.0,43.0,0.0,0,99.0,120.0,94.05,0.7878787878787878,120.0,1,0.06441780821917809,0.0,0.0,0.6578947368421053,0.7223125450612834
2025-10-10,Cheese Slices,Manual par-level baseline,160.0,150.0,0.0,310.0,139.0,139.0,0.0,0,171.0,350.0,37.62,0.24561403508771928,350.0,1,0.025767123287671233,0.0,0.0,0.6578947368421053,0.6836618601297766
2025-10-10,Chicken Breast,Manual par-level baseline,197.0,140.0,0.0,337.0,145.0,145.0,0.0,0,192.0,350.0,345.6,0.5416666666666666,350.0,1,0.23671232876712328,0.0,0.0,0.6578947368421053,0.8946070656092286
2025-10-10,Coffee Beans,Manual par-level baseline,48.0,72.0,0.0,120.0,55.0,55.0,0.0,0,65.0,144.0,136.5,0.0,144.0,1,0.09349315068493151,0.0,0.0,0.6578947368421053,0.7513878875270368
2025-10-10,Cooking Oil,Manual par-level baseline,48.0,48.0,0.0,96.0,39.0,39.0,0.0,0,57.0,92.0,91.20000000000002,0.3157894736842105,92.0,1,0.062465753424657544,0.0,0.0,0.6578947368421053,0.7203604902667629
2025-10-10,Eggs,Manual par-level baseline,43.0,180.0,0.0,223.0,107.0,107.0,0.0,0,116.0,240.0,18.56,0.0,240.0,1,0.012712328767123289,0.0,0.0,0.6578947368421053,0.6706070656092286
2025-10-10,Fries (Potatoes),Manual par-level baseline,340.0,220.0,0.0,560.0,240.0,240.0,0.0,0,320.0,500.0,96.0,0.625,500.0,1,0.06575342465753424,0.0,0.0,0.6578947368421053,0.7236481614996395
2025-10-10,Gluten-free Buns,Manual par-level baseline,34.0,0.0,0.0,34.0,0.0,0.0,0.0,0,34.0,24.0,18.700000000000003,2.0,24.0,1,0.012808219178082192,0.0,0.0,0.6578947368421053,0.6707029560201875
2025-10-10,Lettuce,Manual par-level baseline,119.0,120.0,0.0,239.0,136.0,136.0,0.0,0,103.0,312.0,61.8,0.0,312.0,1,0.04232876712328767,0.0,0.0,0.6578947368421053,0.700223503965393
2025-10-10,Milk,Manual par-level baseline,140.0,180.0,0.0,320.0,88.0,88.0,0.0,0,232.0,240.0,174.0,0.4482758620689655,240.0,1,0.1191780821917808,0.0,0.0,0.6578947368421053,0.7770728190338861
2025-10-10,Mushrooms,Manual par-level baseline,84.0,60.0,0.0,144.0,58.0,58.0,0.0,0,86.0,150.0,47.3,0.6046511627906976,150.0,1,0.032397260273972606,0.0,0.0,0.6578947368421053,0.6902919971160779
2025-10-10,Onions,Manual par-level baseline,73.0,120.0,0.0,193.0,86.0,86.0,0.0,0,107.0,220.0,26.75,0.0,220.0,1,0.01832191780821918,0.0,0.0,0.6578947368421053,0.6762166546503245
2025-10-10,Salmon Fillet,Manual par-level baseline,43.0,84.0,0.0,127.0,54.0,54.0,0.0,0,73.0,132.0,233.60000000000002,0.0,132.0,1,0.16000000000000003,0.0,0.0,0.6578947368421053,0.8178947368421053
2025-10-10,Seasonal Berries,Manual par-level baseline,30.0,0.0,0.0,30.0,0.0,0.0,0.0,0,30.0,0.0,42.0,2.0,0.0,1,0.028767123287671233,0.0,0.0,0.0,0.028767123287671233
2025-10-10,Soft Drinks,Manual par-level baseline,400.0,192.0,0.0,592.0,207.0,207.0,0.0,0,385.0,360.0,154.0,1.0025974025974025,360.0,1,0.10547945205479453,0.0,0.0,0.6578947368421053,0.7633741888968999
2025-10-10,Tomatoes,Manual par-level baseline,171.0,144.0,0.0,315.0,113.0,113.0,0.0,0,202.0,264.0,90.9,0.5742574257425742,264.0,1,0.06226027397260274,0.0,0.0,0.6578947368421053,0.720155010814708
2025-10-10,Truffle Oil,Manual par-level baseline,19.0,0.0,0.0,19.0,4.0,4.0,0.0,0,15.0,16.0,127.5,2.0,16.0,1,0.08732876712328767,0.0,0.0,0.6578947368421053,0.7452235039653929
2025-10-10,Vegan Cheese,Manual par-level baseline,5.0,12.0,0.0,17.0,13.0,13.0,0.0,0,4.0,24.0,2.6,0.0,24.0,1,0.0017808219178082193,0.0,0.0,0.6578947368421053,0.6596755587599136
2025-10-11,Bacon,Manual par-level baseline,126.0,0.0,0.0,126.0,70.0,70.0,0.0,0,56.0,200.0,61.60000000000001,1.0,0.0,0,0.04219178082191781,0.0,0.0,0.0,0.04219178082191781
2025-10-11,Burger Buns,Manual par-level baseline,363.0,0.0,0.0,363.0,188.0,188.0,0.0,0,175.0,432.0,31.5,1.0,0.0,0,0.021575342465753423,0.0,0.0,0.0,0.021575342465753423
2025-10-11,Butter,Manual par-level baseline,99.0,0.0,0.0,99.0,0.0,0.0,0.0,0,99.0,120.0,94.05,1.7878787878787878,0.0,0,0.06441780821917809,0.0,0.0,0.0,0.06441780821917809
2025-10-11,Cheese Slices,Manual par-level baseline,171.0,0.0,0.0,171.0,111.0,111.0,0.0,0,60.0,350.0,13.2,1.0,0.0,0,0.00904109589041096,0.0,0.0,0.0,0.00904109589041096
2025-10-11,Chicken Breast,Manual par-level baseline,192.0,0.0,0.0,192.0,151.0,151.0,0.0,0,41.0,350.0,73.8,1.0,0.0,0,0.05054794520547945,0.0,0.0,0.0,0.05054794520547945
2025-10-11,Coffee Beans,Manual par-level baseline,65.0,0.0,0.0,65.0,56.0,56.0,0.0,0,9.0,144.0,18.900000000000002,1.0,0.0,0,0.012945205479452056,0.0,0.0,0.0,0.012945205479452056
2025-10-11,Cooking Oil,Manual par-level baseline,57.0,0.0,0.0,57.0,36.0,36.0,0.0,0,21.0,92.0,33.6,1.0,0.0,0,0.02301369863013699,0.0,0.0,0.0,0.02301369863013699
2025-10-11,Eggs,Manual par-level baseline,116.0,0.0,0.0,116.0,84.0,84.0,0.0,0,32.0,240.0,5.12,1.0,0.0,0,0.0035068493150684932,0.0,0.0,0.0,0.0035068493150684932
2025-10-11,Fries (Potatoes),Manual par-level baseline,320.0,0.0,0.0,320.0,235.0,235.0,0.0,0,85.0,500.0,25.5,1.0,0.0,0,0.017465753424657532,0.0,0.0,0.0,0.017465753424657532
2025-10-11,Gluten-free Buns,Manual par-level baseline,34.0,0.0,34.0,0.0,0.0,0.0,0.0,0,0.0,24.0,0.0,0.0,0.0,0,0.0,20.400000000000002,0.0,0.0,20.400000000000002
2025-10-11,Lettuce,Manual par-level baseline,103.0,0.0,0.0,103.0,85.0,85.0,0.0,0,18.0,312.0,10.799999999999999,1.0,0.0,0,0.0073972602739726025,0.0,0.0,0.0,0.0073972602739726025
2025-10-11,Milk,Manual par-level baseline,232.0,0.0,0.0,232.0,92.0,92.0,0.0,0,140.0,240.0,105.0,1.0,0.0,0,0.07191780821917808,0.0,0.0,0.0,0.07191780821917808
2025-10-11,Mushrooms,Manual par-level baseline,86.0,0.0,0.0,86.0,49.0,49.0,0.0,0,37.0,150.0,20.35,1.0,0.0,0,0.013938356164383561,0.0,0.0,0.0,0.013938356164383561
2025-10-11,Onions,Manual par-level baseline,107.0,0.0,0.0,107.0,91.0,91.0,0.0,0,16.0,220.0,4.0,1.0,0.0,0,0.0027397260273972603,0.0,0.0,0.0,0.0027397260273972603
2025-10-11,Salmon Fillet,Manual par-level baseline,73.0,0.0,0.0,73.0,61.0,61.0,0.0,0,12.0,132.0,38.400000000000006,1.0,0.0,0,0.0263013698630137,0.0,0.0,0.0,0.0263013698630137
2025-10-11,Seasonal Berries,Manual par-level baseline,30.0,0.0,30.0,0.0,0.0,0.0,0.0,0,0.0,0.0,0.0,0.0,0.0,0,0.0,43.5,0.0,0.0,43.5
2025-10-11,Soft Drinks,Manual par-level baseline,385.0,0.0,0.0,385.0,189.0,189.0,0.0,0,196.0,360.0,78.4,1.0408163265306123,0.0,0,0.05369863013698631,0.0,0.0,0.0,0.05369863013698631
2025-10-11,Tomatoes,Manual par-level baseline,202.0,0.0,0.0,202.0,91.0,91.0,0.0,0,111.0,264.0,49.95,1.0,0.0,0,0.03421232876712329,0.0,0.0,0.0,0.03421232876712329
2025-10-11,Truffle Oil,Manual par-level baseline,15.0,0.0,0.0,15.0,10.0,10.0,0.0,0,5.0,16.0,42.5,3.0,0.0,0,0.029109589041095892,0.0,0.0,0.0,0.029109589041095892
2025-10-11,Vegan Cheese,Manual par-level baseline,4.0,0.0,0.0,4.0,12.0,4.0,8.0,1,0.0,24.0,0.0,0.0,0.0,0,0.0,0.0,10.4,0.0,10.4
2025-10-12,Bacon,Manual par-level baseline,56.0,200.0,0.0,256.0,79.0,79.0,0.0,0,177.0,0.0,194.70000000000002,0.0,0.0,0,0.13335616438356165,0.0,0.0,0.0,0.13335616438356165
2025-10-12,Burger Buns,Manual par-level baseline,175.0,432.0,0.0,607.0,199.0,199.0,0.0,0,408.0,0.0,73.44,0.0,0.0,0,0.0503013698630137,0.0,0.0,0.0,0.0503013698630137
2025-10-12,Butter,Manual par-level baseline,99.0,120.0,0.0,219.0,41.0,41.0,0.0,0,178.0,0.0,169.1,0.651685393258427,0.0,0,0.11582191780821918,0.0,0.0,0.0,0.11582191780821918
2025-10-12,Cheese Slices,Manual par-level baseline,60.0,350.0,0.0,410.0,120.0,120.0,0.0,0,290.0,0.0,63.8,0.0,0.0,0,0.043698630136986306,0.0,0.0,0.0,0.043698630136986306
2025-10-12,Chicken Breast,Manual par-level baseline,41.0,350.0,0.0,391.0,120.0,120.0,0.0,0,271.0,0.0,487.8,0.0,0.0,0,0.3341095890410959,0.0,0.0,0.0,0.3341095890410959
2025-10-12,Coffee Beans,Manual par-level baseline,9.0,144.0,0.0,153.0,44.0,44.0,0.0,0,109.0,0.0,228.9,0.0,0.0,0,0.15678082191780823,0.0,0.0,0.0,0.15678082191780823
2025-10-12,Cooking Oil,Manual par-level baseline,21.0,92.0,0.0,113.0,31.0,31.0,0.0,0,82.0,0.0,131.20000000000002,0.0,0.0,0,0.08986301369863015,0.0,0.0,0.0,0.08986301369863015
2025-10-12,Eggs,Manual par-level baseline,32.0,240.0,0.0,272.0,90.0,90.0,0.0,0,182.0,0.0,29.12,0.0,0.0,0,0.019945205479452055,0.0,0.0,0.0,0.019945205479452055
2025-10-12,Fries (Potatoes),Manual par-level baseline,85.0,500.0,0.0,585.0,213.0,213.0,0.0,0,372.0,0.0,111.6,0.0,0.0,0,0.07643835616438356,0.0,0.0,0.0,0.07643835616438356
2025-10-12,Gluten-free Buns,Manual par-level baseline,0.0,24.0,0.0,24.0,19.0,19.0,0.0,0,5.0,0.0,2.75,0.0,0.0,0,0.0018835616438356165,0.0,0.0,0.0,0.0018835616438356165
2025-10-12,Lettuce,Manual par-level baseline,18.0,312.0,0.0,330.0,117.0,117.0,0.0,0,213.0,0.0,127.8,0.0,0.0,0,0.08753424657534246,0.0,0.0,0.0,0.08753424657534246
2025-10-12,Milk,Manual par-level baseline,140.0,240.0,0.0,380.0,94.0,94.0,0.0,0,286.0,0.0,214.5,0.32167832167832167,0.0,0,0.14691780821917808,0.0,0.0,0.0,0.14691780821917808
2025-10-12,Mushrooms,Manual par-level baseline,37.0,150.0,0.0,187.0,53.0,53.0,0.0,0,134.0,0.0,73.7,0.0,0.0,0,0.050479452054794524,0.0,0.0,0.0,0.050479452054794524
2025-10-12,Onions,Manual par-level baseline,16.0,220.0,0.0,236.0,79.0,79.0,0.0,0,157.0,0.0,39.25,0.0,0.0,0,0.026883561643835617,0.0,0.0,0.0,0.026883561643835617
2025-10-12,Salmon Fillet,Manual par-level baseline,12.0,132.0,0.0,144.0,51.0,51.0,0.0,0,93.0,0.0,297.6,0.0,0.0,0,0.20383561643835618,0.0,0.0,0.0,0.20383561643835618
2025-10-12,Seasonal Berries,Manual par-level baseline,0.0,0.0,0.0,0.0,20.0,0.0,20.0,1,0.0,0.0,0.0,0.0,0.0,0,0.0,0.0,56.0,0.0,56.0
2025-10-12,Soft Drinks,Manual par-level baseline,196.0,360.0,0.0,556.0,228.0,228.0,0.0,0,328.0,0.0,131.20000000000002,0.0,0.0,0,0.08986301369863015,0.0,0.0,0.0,0.08986301369863015
2025-10-12,Tomatoes,Manual par-level baseline,111.0,264.0,0.0,375.0,126.0,126.0,0.0,0,249.0,0.0,112.05,0.0,0.0,0,0.07674657534246575,0.0,0.0,0.0,0.07674657534246575
2025-10-12,Truffle Oil,Manual par-level baseline,5.0,16.0,0.0,21.0,12.0,12.0,0.0,0,9.0,0.0,76.5,0.0,0.0,0,0.05239726027397261,0.0,0.0,0.0,0.05239726027397261
2025-10-12,Vegan Cheese,Manual par-level baseline,0.0,24.0,0.0,24.0,3.0,3.0,0.0,0,21.0,0.0,13.65,0.0,0.0,0,0.00934931506849315,0.0,0.0,0.0,0.00934931506849315
2025-10-13,Bacon,Manual par-level baseline,177.0,0.0,0.0,177.0,56.0,56.0,0.0,0,121.0,140.0,133.10000000000002,1.0,140.0,1,0.09116438356164384,0.0,0.0,0.625,0.7161643835616438
2025-10-13,Burger Buns,Manual par-level baseline,408.0,0.0,0.0,408.0,116.0,116.0,0.0,0,292.0,336.0,52.559999999999995,1.0,336.0,1,0.036,0.0,0.0,0.625,0.661
2025-10-13,Butter,Manual par-level baseline,178.0,0.0,0.0,178.0,35.0,35.0,0.0,0,143.0,12.0,135.85,1.3216783216783217,12.0,1,0.09304794520547945,0.0,0.0,0.625,0.7180479452054794
2025-10-13,Cheese Slices,Manual par-level baseline,290.0,0.0,0.0,290.0,84.0,84.0,0.0,0,206.0,200.0,45.32,1.0,200.0,1,0.03104109589041096,0.0,0.0,0.625,0.6560410958904109
2025-10-13,Chicken Breast,Manual par-level baseline,271.0,0.0,0.0,271.0,72.0,72.0,0.0,0,199.0,270.0,358.2,1.0,270.0,1,0.24534246575342464,0.0,0.0,0.625,0.8703424657534247
2025-10-13,Coffee Beans,Manual par-level baseline,109.0,0.0,0.0,109.0,40.0,40.0,0.0,0,69.0,102.0,144.9,1.0,102.0,1,0.09924657534246575,0.0,0.0,0.625,0.7242465753424657
2025-10-13,Cooking Oil,Manual par-level baseline,82.0,0.0,0.0,82.0,27.0,27.0,0.0,0,55.0,64.0,88.0,1.0,64.0,1,0.060273972602739735,0.0,0.0,0.625,0.6852739726027397
2025-10-13,Eggs,Manual par-level baseline,182.0,0.0,0.0,182.0,82.0,82.0,0.0,0,100.0,180.0,16.0,1.0,180.0,1,0.010958904109589041,0.0,0.0,0.625,0.635958904109589
2025-10-13,Fries (Potatoes),Manual par-level baseline,372.0,0.0,0.0,372.0,131.0,131.0,0.0,0,241.0,480.0,72.3,1.0,480.0,1,0.049520547945205474,0.0,0.0,0.625,0.6745205479452054
2025-10-13,Gluten-free Buns,Manual par-level baseline,5.0,0.0,0.0,5.0,0.0,0.0,0.0,0,5.0,36.0,2.75,1.0,36.0,1,0.0018835616438356165,0.0,0.0,0.625,0.6268835616438356
2025-10-13,Lettuce,Manual par-level baseline,213.0,0.0,0.0,213.0,72.0,72.0,0.0,0,141.0,228.0,84.6,1.0,228.0,1,0.057945205479452054,0.0,0.0,0.625,0.682945205479452
2025-10-13,Milk,Manual par-level baseline,286.0,0.0,0.0,286.0,73.0,73.0,0.0,0,213.0,156.0,159.75,1.0,156.0,1,0.10941780821917807,0.0,0.0,0.625,0.7344178082191781
2025-10-13,Mushrooms,Manual par-level baseline,134.0,0.0,0.0,134.0,35.0,35.0,0.0,0,99.0,100.0,54.45,1.0,100.0,1,0.03729452054794521,0.0,0.0,0.625,0.6622945205479452
2025-10-13,Onions,Manual par-level baseline,157.0,0.0,0.0,157.0,50.0,50.0,0.0,0,107.0,180.0,26.75,1.0,180.0,1,0.01832191780821918,0.0,0.0,0.625,0.6433219178082192
2025-10-13,Salmon Fillet,Manual par-level baseline,93.0,0.0,0.0,93.0,35.0,35.0,0.0,0,58.0,114.0,185.60000000000002,1.0,114.0,1,0.1271232876712329,0.0,0.0,0.625,0.7521232876712329
2025-10-13,Seasonal Berries,Manual par-level baseline,0.0,0.0,0.0,0.0,12.0,0.0,12.0,1,0.0,24.0,0.0,0.0,24.0,1,0.0,0.0,33.599999999999994,0.625,34.224999999999994
2025-10-13,Soft Drinks,Manual par-level baseline,328.0,0.0,0.0,328.0,94.0,94.0,0.0,0,234.0,432.0,93.60000000000001,1.0,432.0,1,0.0641095890410959,0.0,0.0,0.625,0.6891095890410959
2025-10-13,Tomatoes,Manual par-level baseline,249.0,0.0,0.0,249.0,92.0,92.0,0.0,0,157.0,204.0,70.65,1.0,204.0,1,0.04839041095890411,0.0,0.0,0.625,0.6733904109589041
2025-10-13,Truffle Oil,Manual par-level baseline,9.0,0.0,0.0,9.0,0.0,0.0,0.0,0,9.0,20.0,76.5,1.0,20.0,1,0.05239726027397261,0.0,0.0,0.625,0.6773972602739726
2025-10-13,Vegan Cheese,Manual par-level baseline,21.0,0.0,0.0,21.0,0.0,0.0,0.0,0,21.0,12.0,13.65,1.0,12.0,1,0.00934931506849315,0.0,0.0,0.625,0.6343493150684931
2025-10-14,Bacon,Manual par-level baseline,121.0,0.0,0.0,121.0,45.0,45.0,0.0,0,76.0,140.0,83.60000000000001,2.0,0.0,0,0.05726027397260274,0.0,0.0,0.0,0.05726027397260274
2025-10-14,Burger Buns,Manual par-level baseline,292.0,0.0,0.0,292.0,94.0,94.0,0.0,0,198.0,336.0,35.64,2.0,0.0,0,0.02441095890410959,0.0,0.0,0.0,0.02441095890410959
2025-10-14,Butter,Manual par-level baseline,143.0,0.0,0.0,143.0,29.0,29.0,0.0,0,114.0,12.0,108.3,2.0,0.0,0,0.07417808219178082,0.0,0.0,0.0,0.07417808219178082
2025-10-14,Cheese Slices,Manual par-level baseline,206.0,0.0,0.0,206.0,83.0,83.0,0.0,0,123.0,200.0,27.06,2.0,0.0,0,0.018534246575342465,0.0,0.0,0.0,0.018534246575342465
2025-10-14,Chicken Breast,Manual par-level baseline,199.0,0.0,0.0,199.0,107.0,107.0,0.0,0,92.0,270.0,165.6,2.0,0.0,0,0.11342465753424658,0.0,0.0,0.0,0.11342465753424658
2025-10-14,Coffee Beans,Manual par-level baseline,69.0,0.0,0.0,69.0,36.0,36.0,0.0,0,33.0,102.0,69.3,2.0,0.0,0,0.04746575342465754,0.0,0.0,0.0,0.04746575342465754
2025-10-14,Cooking Oil,Manual par-level baseline,55.0,0.0,0.0,55.0,27.0,27.0,0.0,0,28.0,64.0,44.800000000000004,2.0,0.0,0,0.030684931506849318,0.0,0.0,0.0,0.030684931506849318
2025-10-14,Eggs,Manual par-level baseline,100.0,0.0,0.0,100.0,64.0,64.0,0.0,0,36.0,180.0,5.76,2.0,0.0,0,0.003945205479452055,0.0,0.0,0.0,0.003945205479452055
2025-10-14,Fries (Potatoes),Manual par-level baseline,241.0,0.0,0.0,241.0,138.0,138.0,0.0,0,103.0,480.0,30.9,2.0,0.0,0,0.021164383561643834,0.0,0.0,0.0,0.021164383561643834
2025-10-14,Gluten-free Buns,Manual par-level baseline,5.0,0.0,0.0,5.0,22.0,5.0,17.0,1,0.0,36.0,0.0,0.0,0.0,0,0.0,0.0,18.700000000000003,0.0,18.700000000000003
2025-10-14,Lettuce,Manual par-level baseline,141.0,0.0,0.0,141.0,81.0,81.0,0.0,0,60.0,228.0,36.0,2.0,0.0,0,0.024657534246575342,0.0,0.0,0.0,0.024657534246575342
2025-10-14,Milk,Manual par-level baseline,213.0,0.0,0.0,213.0,75.0,75.0,0.0,0,138.0,156.0,103.5,2.0,0.0,0,0.0708904109589041,0.0,0.0,0.0,0.0708904109589041
2025-10-14,Mushrooms,Manual par-level baseline,99.0,0.0,0.0,99.0,28.0,28.0,0.0,0,71.0,100.0,39.050000000000004,2.0,0.0,0,0.026746575342465755,0.0,0.0,0.0,0.026746575342465755
2025-10-14,Onions,Manual par-level baseline,107.0,0.0,0.0,107.0,55.0,55.0,0.0,0,52.0,180.0,13.0,2.0,0.0,0,0.008904109589041096,0.0,0.0,0.0,0.008904109589041096
2025-10-14,Salmon Fillet,Manual par-level baseline,58.0,0.0,0.0,58.0,48.0,48.0,0.0,0,10.0,114.0,32.0,2.0,0.0,0,0.021917808219178086,0.0,0.0,0.0,0.021917808219178086
2025-10-14,Seasonal Berries,Manual par-level baseline,0.0,0.0,0.0,0.0,7.0,0.0,7.0,1,0.0,24.0,0.0,0.0,0.0,0,0.0,0.0,19.599999999999998,0.0,19.599999999999998
2025-10-14,Soft Drinks,Manual par-level baseline,234.0,0.0,0.0,234.0,124.0,124.0,0.0,0,110.0,432.0,44.0,2.0,0.0,0,0.030136986301369868,0.0,0.0,0.0,0.030136986301369868
2025-10-14,Tomatoes,Manual par-level baseline,157.0,0.0,0.0,157.0,66.0,66.0,0.0,0,91.0,204.0,40.95,2.0,0.0,0,0.02804794520547945,0.0,0.0,0.0,0.02804794520547945
2025-10-14,Truffle Oil,Manual par-level baseline,9.0,0.0,0.0,9.0,3.0,3.0,0.0,0,6.0,20.0,51.0,2.0,0.0,0,0.03493150684931507,0.0,0.0,0.0,0.03493150684931507
2025-10-14,Vegan Cheese,Manual par-level baseline,21.0,0.0,0.0,21.0,0.0,0.0,0.0,0,21.0,12.0,13.65,2.0,0.0,0,0.00934931506849315,0.0,0.0,0.0,0.00934931506849315
2025-10-15,Bacon,Manual par-level baseline,76.0,140.0,0.0,216.0,56.0,56.0,0.0,0,160.0,90.0,176.0,0.375,90.0,1,0.12054794520547946,0.0,0.0,0.6578947368421053,0.7784426820475847
2025-10-15,Burger Buns,Manual par-level baseline,198.0,336.0,198.0,336.0,126.0,126.0,0.0,0,210.0,432.0,37.8,0.0,432.0,1,0.025890410958904108,45.54,0.0,0.6578947368421053,46.223785147801
2025-10-15,Butter,Manual par-level baseline,114.0,12.0,0.0,126.0,40.0,40.0,0.0,0,86.0,72.0,81.69999999999999,2.5813953488372094,72.0,1,0.05595890410958904,0.0,0.0,0.6578947368421053,0.7138536409516943
2025-10-15,Cheese Slices,Manual par-level baseline,123.0,200.0,0.0,323.0,94.0,94.0,0.0,0,229.0,200.0,50.38,0.3799126637554585,200.0,1,0.0345068493150685,0.0,0.0,0.6578947368421053,0.6924015861571738
2025-10-15,Chicken Breast,Manual par-level baseline,92.0,270.0,0.0,362.0,133.0,133.0,0.0,0,229.0,180.0,412.2,0.0,180.0,1,0.28232876712328764,0.0,0.0,0.6578947368421053,0.940223503965393
2025-10-15,Coffee Beans,Manual par-level baseline,33.0,102.0,0.0,135.0,46.0,46.0,0.0,0,89.0,78.0,186.9,0.0,78.0,1,0.12801369863013698,0.0,0.0,0.6578947368421053,0.7859084354722423
2025-10-15,Cooking Oil,Manual par-level baseline,28.0,64.0,0.0,92.0,27.0,27.0,0.0,0,65.0,56.0,104.0,0.046153846153846156,56.0,1,0.07123287671232878,0.0,0.0,0.6578947368421053,0.7291276135544341
2025-10-15,Eggs,Manual par-level baseline,36.0,180.0,0.0,216.0,54.0,54.0,0.0,0,162.0,150.0,25.92,0.0,150.0,1,0.017753424657534246,0.0,0.0,0.6578947368421053,0.6756481614996396
2025-10-15,Fries (Potatoes),Manual par-level baseline,103.0,480.0,0.0,583.0,149.0,149.0,0.0,0,434.0,260.0,130.2,0.0,260.0,1,0.08917808219178082,0.0,0.0,0.6578947368421053,0.7470728190338861
2025-10-15,Gluten-free Buns,Manual par-level baseline,0.0,36.0,0.0,36.0,0.0,0.0,0.0,0,36.0,12.0,19.8,0.0,12.0,1,0.013561643835616439,0.0,0.0,0.6578947368421053,0.6714563806777217
2025-10-15,Lettuce,Manual par-level baseline,60.0,228.0,0.0,288.0,83.0,83.0,0.0,0,205.0,144.0,123.0,0.0,144.0,1,0.08424657534246575,0.0,0.0,0.6578947368421053,0.742141312184571
2025-10-15,Milk,Manual par-level baseline,138.0,156.0,0.0,294.0,73.0,73.0,0.0,0,221.0,156.0,165.75,0.8823529411764706,156.0,1,0.11352739726027396,0.0,0.0,0.6578947368421053,0.7714221341023793
2025-10-15,Mushrooms,Manual par-level baseline,71.0,100.0,0.0,171.0,37.0,37.0,0.0,0,134.0,60.0,73.70000000000002,0.7611940298507462,60.0,1,0.050479452054794524,0.0,0.0,0.6578947368421053,0.7083741888968998
2025-10-15,Onions,Manual par-level baseline,52.0,180.0,0.0,232.0,74.0,74.0,0.0,0,158.0,100.0,39.5,0.0,100.0,1,0.027054794520547945,0.0,0.0,0.6578947368421053,0.6849495313626532
2025-10-15,Salmon Fillet,Manual par-level baseline,10.0,114.0,10.0,114.0,42.0,42.0,0.0,0,72.0,96.0,230.4,0.0,96.0,1,0.15780821917808222,32.5,0.0,0.6578947368421053,33.31570295602018
2025-10-15,Seasonal Berries,Manual par-level baseline,0.0,24.0,0.0,24.0,0.0,0.0,0.0,0,24.0,6.0,33.599999999999994,0.0,6.0,1,0.023013698630136987,0.0,0.0,0.6578947368421053,0.6809084354722423
2025-10-15,Soft Drinks,Manual par-level baseline,110.0,432.0,0.0,542.0,80.0,80.0,0.0,0,462.0,216.0,184.8,0.19480519480519481,216.0,1,0.12657534246575344,0.0,0.0,0.6578947368421053,0.7844700793078587
2025-10-15,Tomatoes,Manual par-level baseline,91.0,204.0,0.0,295.0,59.0,59.0,0.0,0,236.0,156.0,106.2,0.4067796610169492,156.0,1,0.07273972602739726,0.0,0.0,0.6578947368421053,0.7306344628695025
2025-10-15,Truffle Oil,Manual par-level baseline,6.0,20.0,0.0,26.0,0.0,0.0,0.0,0,26.0,2.0,221.0,0.6923076923076923,2.0,1,0.15136986301369865,0.0,0.0,0.6578947368421053,0.8092645998558039
2025-10-15,Vegan Cheese,Manual par-level baseline,21.0,12.0,0.0,33.0,0.0,0.0,0.0,0,33.0,0.0,21.450000000000003,1.9090909090909092,0.0,1,0.01469178082191781,0.0,0.0,0.0,0.01469178082191781
2025-10-16,Bacon,Manual par-level baseline,160.0,0.0,0.0,160.0,59.0,59.0,0.0,0,101.0,90.0,111.10000000000001,1.0,0.0,0,0.0760958904109589,0.0,0.0,0.0,0.0760958904109589
2025-10-16,Burger Buns,Manual par-level baseline,210.0,0.0,0.0,210.0,135.0,135.0,0.0,0,75.0,432.0,13.5,1.0,0.0,0,0.009246575342465754,0.0,0.0,0.0,0.009246575342465754
2025-10-16,Butter,Manual par-level baseline,86.0,0.0,0.0,86.0,43.0,43.0,0.0,0,43.0,72.0,40.849999999999994,3.1627906976744184,0.0,0,0.02797945205479452,0.0,0.0,0.0,0.02797945205479452
2025-10-16,Cheese Slices,Manual par-level baseline,229.0,0.0,0.0,229.0,91.0,91.0,0.0,0,138.0,200.0,30.36,1.0,0.0,0,0.020794520547945207,0.0,0.0,0.0,0.020794520547945207
2025-10-16,Chicken Breast,Manual par-level baseline,229.0,0.0,0.0,229.0,91.0,91.0,0.0,0,138.0,180.0,248.4,1.0,0.0,0,0.17013698630136986,0.0,0.0,0.0,0.17013698630136986
2025-10-16,Coffee Beans,Manual par-level baseline,89.0,0.0,0.0,89.0,45.0,45.0,0.0,0,44.0,78.0,92.4,1.0,0.0,0,0.06328767123287671,0.0,0.0,0.0,0.06328767123287671
2025-10-16,Cooking Oil,Manual par-level baseline,65.0,0.0,0.0,65.0,28.0,28.0,0.0,0,37.0,56.0,59.2,1.0,0.0,0,0.040547945205479455,0.0,0.0,0.0,0.040547945205479455
2025-10-16,Eggs,Manual par-level baseline,162.0,0.0,0.0,162.0,67.0,67.0,0.0,0,95.0,150.0,15.200000000000001,1.0,0.0,0,0.010410958904109589,0.0,0.0,0.0,0.010410958904109589
2025-10-16,Fries (Potatoes),Manual par-level baseline,434.0,0.0,0.0,434.0,166.0,166.0,0.0,0,268.0,260.0,80.39999999999999,1.0,0.0,0,0.055068493150684926,0.0,0.0,0.0,0.055068493150684926
2025-10-16,Gluten-free Buns,Manual par-level baseline,36.0,0.0,0.0,36.0,13.0,13.0,0.0,0,23.0,12.0,12.65,1.0,0.0,0,0.008664383561643837,0.0,0.0,0.0,0.008664383561643837
2025-10-16,Lettuce,Manual par-level baseline,205.0,0.0,0.0,205.0,64.0,64.0,0.0,0,141.0,144.0,84.6,1.0,0.0,0,0.057945205479452054,0.0,0.0,0.0,0.057945205479452054
2025-10-16,Milk,Manual par-level baseline,221.0,0.0,0.0,221.0,77.0,77.0,0.0,0,144.0,156.0,108.0,1.0,0.0,0,0.07397260273972601,0.0,0.0,0.0,0.07397260273972601
2025-10-16,Mushrooms,Manual par-level baseline,134.0,0.0,0.0,134.0,48.0,48.0,0.0,0,86.0,60.0,47.300000000000004,1.0,0.0,0,0.032397260273972606,0.0,0.0,0.0,0.032397260273972606
2025-10-16,Onions,Manual par-level baseline,158.0,0.0,0.0,158.0,56.0,56.0,0.0,0,102.0,100.0,25.5,1.0,0.0,0,0.017465753424657535,0.0,0.0,0.0,0.017465753424657535
2025-10-16,Salmon Fillet,Manual par-level baseline,72.0,0.0,0.0,72.0,0.0,0.0,0.0,0,72.0,96.0,230.4,1.0,0.0,0,0.15780821917808222,0.0,0.0,0.0,0.15780821917808222
2025-10-16,Seasonal Berries,Manual par-level baseline,24.0,0.0,0.0,24.0,0.0,0.0,0.0,0,24.0,6.0,33.599999999999994,1.0,0.0,0,0.023013698630136987,0.0,0.0,0.0,0.023013698630136987
2025-10-16,Soft Drinks,Manual par-level baseline,462.0,0.0,0.0,462.0,124.0,124.0,0.0,0,338.0,216.0,135.20000000000002,1.0,0.0,0,0.09260273972602741,0.0,0.0,0.0,0.09260273972602741
2025-10-16,Tomatoes,Manual par-level baseline,236.0,0.0,0.0,236.0,75.0,75.0,0.0,0,161.0,156.0,72.45,1.0,0.0,0,0.04962328767123288,0.0,0.0,0.0,0.04962328767123288
2025-10-16,Truffle Oil,Manual par-level baseline,26.0,0.0,0.0,26.0,2.0,2.0,0.0,0,24.0,2.0,204.0,1.5,0.0,0,0.13972602739726028,0.0,0.0,0.0,0.13972602739726028
2025-10-16,Vegan Cheese,Manual par-level baseline,33.0,0.0,0.0,33.0,9.0,9.0,0.0,0,24.0,0.0,15.600000000000001,2.5,0.0,0,0.010684931506849316,0.0,0.0,0.0,0.010684931506849316
2025-10-17,Bacon,Manual par-level baseline,101.0,90.0,0.0,191.0,75.0,75.0,0.0,0,116.0,190.0,127.60000000000002,0.4482758620689655,190.0,1,0.0873972602739726,0.0,0.0,0.6578947368421053,0.7452919971160779
2025-10-17,Burger Buns,Manual par-level baseline,75.0,432.0,0.0,507.0,192.0,192.0,0.0,0,315.0,432.0,56.699999999999996,0.0,432.0,1,0.03883561643835616,0.0,0.0,0.6578947368421053,0.6967303532804615
2025-10-17,Butter,Manual par-level baseline,43.0,72.0,0.0,115.0,81.0,81.0,0.0,0,34.0,132.0,32.3,0.0,132.0,1,0.022123287671232877,0.0,0.0,0.6578947368421053,0.6800180245133381
2025-10-17,Cheese Slices,Manual par-level baseline,138.0,200.0,0.0,338.0,118.0,118.0,0.0,0,220.0,300.0,48.4,0.18181818181818182,300.0,1,0.03315068493150685,0.0,0.0,0.6578947368421053,0.6910454217736122
2025-10-17,Chicken Breast,Manual par-level baseline,138.0,180.0,0.0,318.0,172.0,172.0,0.0,0,146.0,370.0,262.8,0.0,370.0,1,0.18,0.0,0.0,0.6578947368421053,0.8378947368421052
2025-10-17,Coffee Beans,Manual par-level baseline,44.0,78.0,0.0,122.0,41.0,41.0,0.0,0,81.0,144.0,170.10000000000002,0.07407407407407407,144.0,1,0.1165068493150685,0.0,0.0,0.6578947368421053,0.7744015861571738
2025-10-17,Cooking Oil,Manual par-level baseline,37.0,56.0,0.0,93.0,39.0,39.0,0.0,0,54.0,92.0,86.4,0.0,92.0,1,0.05917808219178083,0.0,0.0,0.6578947368421053,0.7170728190338861
2025-10-17,Eggs,Manual par-level baseline,95.0,150.0,0.0,245.0,71.0,71.0,0.0,0,174.0,210.0,27.84,0.27586206896551724,210.0,1,0.019068493150684932,0.0,0.0,0.6578947368421053,0.6769632299927902
2025-10-17,Fries (Potatoes),Manual par-level baseline,268.0,260.0,0.0,528.0,190.0,190.0,0.0,0,338.0,540.0,101.4,0.46153846153846156,540.0,1,0.06945205479452055,0.0,0.0,0.6578947368421053,0.7273467916366259
2025-10-17,Gluten-free Buns,Manual par-level baseline,23.0,12.0,0.0,35.0,17.0,17.0,0.0,0,18.0,12.0,9.9,0.6666666666666666,12.0,1,0.006780821917808219,0.0,0.0,0.6578947368421053,0.6646755587599136
2025-10-17,Lettuce,Manual par-level baseline,141.0,144.0,0.0,285.0,102.0,102.0,0.0,0,183.0,252.0,109.79999999999998,0.4262295081967213,252.0,1,0.07520547945205479,0.0,0.0,0.6578947368421053,0.7331002162941601
2025-10-17,Milk,Manual par-level baseline,144.0,156.0,0.0,300.0,96.0,96.0,0.0,0,204.0,252.0,153.0,0.47058823529411764,252.0,1,0.10479452054794519,0.0,0.0,0.6578947368421053,0.7626892573900506
2025-10-17,Mushrooms,Manual par-level baseline,86.0,60.0,0.0,146.0,56.0,56.0,0.0,0,90.0,140.0,49.5,0.6666666666666666,140.0,1,0.033904109589041095,0.0,0.0,0.6578947368421053,0.6917988464311464
2025-10-17,Onions,Manual par-level baseline,102.0,100.0,0.0,202.0,107.0,107.0,0.0,0,95.0,220.0,23.75,0.0,220.0,1,0.016267123287671232,0.0,0.0,0.6578947368421053,0.6741618601297765
2025-10-17,Salmon Fillet,Manual par-level baseline,72.0,96.0,0.0,168.0,44.0,44.0,0.0,0,124.0,96.0,396.80000000000007,0.45161290322580644,96.0,1,0.2717808219178083,0.0,0.0,0.6578947368421053,0.9296755587599136
2025-10-17,Seasonal Berries,Manual par-level baseline,24.0,6.0,0.0,30.0,13.0,13.0,0.0,0,17.0,0.0,23.799999999999997,1.2941176470588236,0.0,1,0.0163013698630137,0.0,0.0,0.0,0.0163013698630137
2025-10-17,Soft Drinks,Manual par-level baseline,338.0,216.0,0.0,554.0,184.0,184.0,0.0,0,370.0,384.0,148.0,0.8324324324324325,384.0,1,0.10136986301369864,0.0,0.0,0.6578947368421053,0.759264599855804
2025-10-17,Tomatoes,Manual par-level baseline,161.0,156.0,0.0,317.0,103.0,103.0,0.0,0,214.0,240.0,96.30000000000001,0.5420560747663551,240.0,1,0.06595890410958904,0.0,0.0,0.6578947368421053,0.7238536409516944
2025-10-17,Truffle Oil,Manual par-level baseline,24.0,2.0,0.0,26.0,0.0,0.0,0.0,0,26.0,10.0,221.0,2.3076923076923075,10.0,1,0.15136986301369865,0.0,0.0,0.6578947368421053,0.8092645998558039
2025-10-17,Vegan Cheese,Manual par-level baseline,24.0,0.0,0.0,24.0,20.0,20.0,0.0,0,4.0,12.0,2.6,2.0,12.0,1,0.0017808219178082193,0.0,0.0,0.6578947368421053,0.6596755587599136
2025-10-18,Bacon,Manual par-level baseline,116.0,0.0,0.0,116.0,67.0,67.0,0.0,0,49.0,190.0,53.900000000000006,1.0,0.0,0,0.03691780821917808,0.0,0.0,0.0,0.03691780821917808
2025-10-18,Burger Buns,Manual par-level baseline,315.0,0.0,0.0,315.0,160.0,160.0,0.0,0,155.0,432.0,27.9,1.0,0.0,0,0.01910958904109589,0.0,0.0,0.0,0.01910958904109589
2025-10-18,Butter,Manual par-level baseline,34.0,0.0,0.0,34.0,56.0,34.0,22.0,1,0.0,132.0,0.0,0.0,0.0,0,0.0,0.0,41.8,0.0,41.8
2025-10-18,Cheese Slices,Manual par-level baseline,220.0,0.0,0.0,220.0,98.0,98.0,0.0,0,122.0,300.0,26.84,1.0,0.0,0,0.018383561643835616,0.0,0.0,0.0,0.018383561643835616
2025-10-18,Chicken Breast,Manual par-level baseline,146.0,0.0,0.0,146.0,188.0,146.0,42.0,1,0.0,370.0,0.0,0.0,0.0,0,0.0,0.0,151.20000000000002,0.0,151.20000000000002
2025-10-18,Coffee Beans,Manual par-level baseline,81.0,0.0,0.0,81.0,63.0,63.0,0.0,0,18.0,144.0,37.800000000000004,1.0,0.0,0,0.02589041095890411,0.0,0.0,0.0,0.02589041095890411
2025-10-18,Cooking Oil,Manual par-level baseline,54.0,0.0,0.0,54.0,35.0,35.0,0.0,0,19.0,92.0,30.400000000000002,1.0,0.0,0,0.02082191780821918,0.0,0.0,0.0,0.02082191780821918
2025-10-18,Eggs,Manual par-level baseline,174.0,0.0,0.0,174.0,130.0,130.0,0.0,0,44.0,210.0,7.04,1.0,0.0,0,0.004821917808219178,0.0,0.0,0.0,0.004821917808219178
2025-10-18,Fries (Potatoes),Manual par-level baseline,338.0,0.0,0.0,338.0,218.0,218.0,0.0,0,120.0,540.0,36.0,1.0,0.0,0,0.024657534246575342,0.0,0.0,0.0,0.024657534246575342
2025-10-18,Gluten-free Buns,Manual par-level baseline,18.0,0.0,6.0,12.0,0.0,0.0,0.0,0,12.0,12.0,6.6000000000000005,1.0,0.0,0,0.00452054794520548,3.6000000000000005,0.0,0.0,3.604520547945206
2025-10-18,Lettuce,Manual par-level baseline,183.0,0.0,0.0,183.0,75.0,75.0,0.0,0,108.0,252.0,64.8,1.0,0.0,0,0.04438356164383561,0.0,0.0,0.0,0.04438356164383561
2025-10-18,Milk,Manual par-level baseline,204.0,0.0,0.0,204.0,90.0,90.0,0.0,0,114.0,252.0,85.5,1.0,0.0,0,0.058561643835616434,0.0,0.0,0.0,0.058561643835616434
2025-10-18,Mushrooms,Manual par-level baseline,90.0,0.0,0.0,90.0,47.0,47.0,0.0,0,43.0,140.0,23.650000000000002,1.0,0.0,0,0.016198630136986303,0.0,0.0,0.0,0.016198630136986303
2025-10-18,Onions,Manual par-level baseline,95.0,0.0,0.0,95.0,101.0,95.0,6.0,1,0.0,220.0,0.0,0.0,0.0,0,0.0,0.0,3.0,0.0,3.0
2025-10-18,Salmon Fillet,Manual par-level baseline,124.0,0.0,28.0,96.0,0.0,0.0,0.0,0,96.0,96.0,307.20000000000005,1.0,0.0,0,0.2104109589041096,91.00000000000001,0.0,0.0,91.21041095890412
2025-10-18,Seasonal Berries,Manual par-level baseline,17.0,0.0,11.0,6.0,0.0,0.0,0.0,0,6.0,0.0,8.399999999999999,1.0,0.0,0,0.005753424657534247,15.95,0.0,0.0,15.955753424657534
2025-10-18,Soft Drinks,Manual par-level baseline,370.0,0.0,0.0,370.0,174.0,174.0,0.0,0,196.0,384.0,78.4,1.0,0.0,0,0.05369863013698631,0.0,0.0,0.0,0.05369863013698631
2025-10-18,Tomatoes,Manual par-level baseline,214.0,0.0,0.0,214.0,92.0,92.0,0.0,0,122.0,240.0,54.9,1.0,0.0,0,0.037602739726027394,0.0,0.0,0.0,0.037602739726027394
2025-10-18,Truffle Oil,Manual par-level baseline,26.0,0.0,0.0,26.0,0.0,0.0,0.0,0,26.0,10.0,221.0,3.3076923076923075,0.0,0,0.15136986301369865,0.0,0.0,0.0,0.15136986301369865
2025-10-18,Vegan Cheese,Manual par-level baseline,4.0,0.0,0.0,4.0,0.0,0.0,0.0,0,4.0,12.0,2.6,3.0,0.0,0,0.0017808219178082193,0.0,0.0,0.0,0.0017808219178082193
2025-10-19,Bacon,Manual par-level baseline,49.0,190.0,0.0,239.0,80.0,80.0,0.0,0,159.0,0.0,174.9,0.0,0.0,0,0.1197945205479452,0.0,0.0,0.0,0.1197945205479452
2025-10-19,Burger Buns,Manual par-level baseline,155.0,432.0,0.0,587.0,172.0,172.0,0.0,0,415.0,0.0,74.7,0.0,0.0,0,0.051164383561643836,0.0,0.0,0.0,0.051164383561643836
2025-10-19,Butter,Manual par-level baseline,0.0,132.0,0.0,132.0,39.0,39.0,0.0,0,93.0,0.0,88.35,0.0,0.0,0,0.06051369863013699,0.0,0.0,0.0,0.06051369863013699
2025-10-19,Cheese Slices,Manual par-level baseline,122.0,300.0,0.0,422.0,111.0,111.0,0.0,0,311.0,0.0,68.42,0.0707395498392283,0.0,0,0.04686301369863014,0.0,0.0,0.0,0.04686301369863014
2025-10-19,Chicken Breast,Manual par-level baseline,0.0,370.0,0.0,370.0,155.0,155.0,0.0,0,215.0,0.0,387.0,0.0,0.0,0,0.2650684931506849,0.0,0.0,0.0,0.2650684931506849
2025-10-19,Coffee Beans,Manual par-level baseline,18.0,144.0,0.0,162.0,51.0,51.0,0.0,0,111.0,0.0,233.10000000000002,0.0,0.0,0,0.15965753424657533,0.0,0.0,0.0,0.15965753424657533
2025-10-19,Cooking Oil,Manual par-level baseline,19.0,92.0,0.0,111.0,40.0,40.0,0.0,0,71.0,0.0,113.60000000000001,0.0,0.0,0,0.0778082191780822,0.0,0.0,0.0,0.0778082191780822
2025-10-19,Eggs,Manual par-level baseline,44.0,210.0,0.0,254.0,76.0,76.0,0.0,0,178.0,0.0,28.48,0.0,0.0,0,0.019506849315068495,0.0,0.0,0.0,0.019506849315068495
2025-10-19,Fries (Potatoes),Manual par-level baseline,120.0,540.0,0.0,660.0,245.0,245.0,0.0,0,415.0,0.0,124.5,0.0,0.0,0,0.08527397260273972,0.0,0.0,0.0,0.08527397260273972
2025-10-19,Gluten-free Buns,Manual par-level baseline,12.0,12.0,0.0,24.0,0.0,0.0,0.0,0,24.0,0.0,13.200000000000001,1.0,0.0,0,0.00904109589041096,0.0,0.0,0.0,0.00904109589041096
2025-10-19,Lettuce,Manual par-level baseline,108.0,252.0,0.0,360.0,93.0,93.0,0.0,0,267.0,0.0,160.2,0.11235955056179775,0.0,0,0.10972602739726027,0.0,0.0,0.0,0.10972602739726027
2025-10-19,Milk,Manual par-level baseline,114.0,252.0,0.0,366.0,88.0,88.0,0.0,0,278.0,0.0,208.5,0.18705035971223022,0.0,0,0.14280821917808217,0.0,0.0,0.0,0.14280821917808217
2025-10-19,Mushrooms,Manual par-level baseline,43.0,140.0,0.0,183.0,52.0,52.0,0.0,0,131.0,0.0,72.05000000000001,0.0,0.0,0,0.04934931506849315,0.0,0.0,0.0,0.04934931506849315
2025-10-19,Onions,Manual par-level baseline,0.0,220.0,0.0,220.0,73.0,73.0,0.0,0,147.0,0.0,36.75,0.0,0.0,0,0.02517123287671233,0.0,0.0,0.0,0.02517123287671233
2025-10-19,Salmon Fillet,Manual par-level baseline,96.0,96.0,0.0,192.0,58.0,58.0,0.0,0,134.0,0.0,428.80000000000007,0.5671641791044776,0.0,0,0.2936986301369863,0.0,0.0,0.0,0.2936986301369863
2025-10-19,Seasonal Berries,Manual par-level baseline,6.0,0.0,0.0,6.0,6.0,6.0,0.0,0,0.0,0.0,0.0,0.0,0.0,0,0.0,0.0,0.0,0.0,0.0
2025-10-19,Soft Drinks,Manual par-level baseline,196.0,384.0,0.0,580.0,188.0,188.0,0.0,0,392.0,0.0,156.8,0.04081632653061224,0.0,0,0.10739726027397262,0.0,0.0,0.0,0.10739726027397262
2025-10-19,Tomatoes,Manual par-level baseline,122.0,240.0,0.0,362.0,107.0,107.0,0.0,0,255.0,0.0,114.75,0.11764705882352941,0.0,0,0.07859589041095891,0.0,0.0,0.0,0.07859589041095891
2025-10-19,Truffle Oil,Manual par-level baseline,26.0,10.0,0.0,36.0,7.0,7.0,0.0,0,29.0,0.0,246.5,2.4827586206896552,0.0,0,0.16883561643835618,0.0,0.0,0.0,0.16883561643835618
2025-10-19,Vegan Cheese,Manual par-level baseline,4.0,12.0,0.0,16.0,13.0,13.0,0.0,0,3.0,0.0,1.9500000000000002,0.0,0.0,0,0.0013356164383561645,0.0,0.0,0.0,0.0013356164383561645
2025-10-20,Bacon,Manual par-level baseline,159.0,0.0,0.0,159.0,44.0,44.0,0.0,0,115.0,140.0,126.50000000000001,1.0,140.0,1,0.08664383561643836,0.0,0.0,0.6578947368421053,0.7445385724585437
2025-10-20,Burger Buns,Manual par-level baseline,415.0,0.0,0.0,415.0,115.0,115.0,0.0,0,300.0,336.0,54.0,1.0,336.0,1,0.036986301369863014,0.0,0.0,0.6578947368421053,0.6948810382119683
2025-10-20,Butter,Manual par-level baseline,93.0,0.0,0.0,93.0,41.0,41.0,0.0,0,52.0,108.0,49.4,1.0,108.0,1,0.03383561643835616,0.0,0.0,0.6578947368421053,0.6917303532804615
2025-10-20,Cheese Slices,Manual par-level baseline,311.0,0.0,0.0,311.0,83.0,83.0,0.0,0,228.0,200.0,50.160000000000004,1.0,200.0,1,0.03435616438356165,0.0,0.0,0.6578947368421053,0.692250901225667
2025-10-20,Chicken Breast,Manual par-level baseline,215.0,0.0,0.0,215.0,74.0,74.0,0.0,0,141.0,340.0,253.8,1.0,340.0,1,0.17383561643835616,0.0,0.0,0.6578947368421053,0.8317303532804614
2025-10-20,Coffee Beans,Manual par-level baseline,111.0,0.0,0.0,111.0,40.0,40.0,0.0,0,71.0,102.0,149.1,1.0,102.0,1,0.10212328767123288,0.0,0.0,0.6578947368421053,0.7600180245133382
2025-10-20,Cooking Oil,Manual par-level baseline,71.0,0.0,0.0,71.0,24.0,24.0,0.0,0,47.0,76.0,75.2,1.0,76.0,1,0.0515068493150685,0.0,0.0,0.6578947368421053,0.7094015861571739
2025-10-20,Eggs,Manual par-level baseline,178.0,0.0,0.0,178.0,55.0,55.0,0.0,0,123.0,180.0,19.68,1.0,180.0,1,0.01347945205479452,0.0,0.0,0.6578947368421053,0.6713741888968998
2025-10-20,Fries (Potatoes),Manual par-level baseline,415.0,0.0,0.0,415.0,139.0,139.0,0.0,0,276.0,420.0,82.8,1.0,420.0,1,0.05671232876712328,0.0,0.0,0.6578947368421053,0.7146070656092286
2025-10-20,Gluten-free Buns,Manual par-level baseline,24.0,0.0,12.0,12.0,8.0,8.0,0.0,0,4.0,24.0,2.2,1.0,24.0,1,0.0015068493150684932,7.200000000000001,0.0,0.6578947368421053,7.859401586157174
2025-10-20,Lettuce,Manual par-level baseline,267.0,0.0,0.0,267.0,63.0,63.0,0.0,0,204.0,156.0,122.39999999999999,1.0,156.0,1,0.08383561643835616,0.0,0.0,0.6578947368421053,0.7417303532804614
2025-10-20,Milk,Manual par-level baseline,278.0,0.0,0.0,278.0,73.0,73.0,0.0,0,205.0,156.0,153.75,1.0,156.0,1,0.10530821917808218,0.0,0.0,0.6578947368421053,0.7632029560201875
2025-10-20,Mushrooms,Manual par-level baseline,131.0,0.0,0.0,131.0,34.0,34.0,0.0,0,97.0,100.0,53.35,1.0,100.0,1,0.03654109589041096,0.0,0.0,0.6578947368421053,0.6944358327325163
2025-10-20,Onions,Manual par-level baseline,147.0,0.0,0.0,147.0,51.0,51.0,0.0,0,96.0,200.0,24.0,1.0,200.0,1,0.016438356164383564,0.0,0.0,0.6578947368421053,0.6743330930064889
2025-10-20,Salmon Fillet,Manual par-level baseline,134.0,0.0,38.0,96.0,0.0,0.0,0.0,0,96.0,102.0,307.20000000000005,1.0,102.0,1,0.2104109589041096,123.50000000000001,0.0,0.6578947368421053,124.36830569574623
2025-10-20,Seasonal Berries,Manual par-level baseline,0.0,0.0,0.0,0.0,9.0,0.0,9.0,1,0.0,24.0,0.0,0.0,24.0,1,0.0,0.0,25.2,0.6578947368421053,25.857894736842105
2025-10-20,Soft Drinks,Manual par-level baseline,392.0,0.0,0.0,392.0,98.0,98.0,0.0,0,294.0,336.0,117.60000000000001,1.0,336.0,1,0.08054794520547946,0.0,0.0,0.6578947368421053,0.7384426820475848
2025-10-20,Tomatoes,Manual par-level baseline,255.0,0.0,0.0,255.0,70.0,70.0,0.0,0,185.0,192.0,83.25,1.0,192.0,1,0.05702054794520548,0.0,0.0,0.6578947368421053,0.7149152847873108
2025-10-20,Truffle Oil,Manual par-level baseline,29.0,0.0,0.0,29.0,10.0,10.0,0.0,0,19.0,0.0,161.5,2.6842105263157894,0.0,1,0.11061643835616439,0.0,0.0,0.0,0.11061643835616439
2025-10-20,Vegan Cheese,Manual par-level baseline,3.0,0.0,0.0,3.0,6.0,3.0,3.0,1,0.0,24.0,0.0,0.0,24.0,1,0.0,0.0,3.9000000000000004,0.6578947368421053,4.557894736842106
2025-10-21,Bacon,Manual par-level baseline,115.0,0.0,0.0,115.0,59.0,59.0,0.0,0,56.0,140.0,61.60000000000001,2.0,0.0,0,0.04219178082191781,0.0,0.0,0.0,0.04219178082191781
2025-10-21,Burger Buns,Manual par-level baseline,300.0,0.0,0.0,300.0,108.0,108.0,0.0,0,192.0,336.0,34.56,2.0,0.0,0,0.023671232876712328,0.0,0.0,0.0,0.023671232876712328
2025-10-21,Butter,Manual par-level baseline,52.0,0.0,0.0,52.0,34.0,34.0,0.0,0,18.0,108.0,17.099999999999998,2.0,0.0,0,0.011712328767123288,0.0,0.0,0.0,0.011712328767123288
2025-10-21,Cheese Slices,Manual par-level baseline,228.0,0.0,0.0,228.0,67.0,67.0,0.0,0,161.0,200.0,35.42,2.0,0.0,0,0.02426027397260274,0.0,0.0,0.0,0.02426027397260274
2025-10-21,Chicken Breast,Manual par-level baseline,141.0,0.0,0.0,141.0,88.0,88.0,0.0,0,53.0,340.0,95.4,2.0,0.0,0,0.06534246575342466,0.0,0.0,0.0,0.06534246575342466
2025-10-21,Coffee Beans,Manual par-level baseline,71.0,0.0,0.0,71.0,43.0,43.0,0.0,0,28.0,102.0,58.800000000000004,2.0,0.0,0,0.040273972602739724,0.0,0.0,0.0,0.040273972602739724
2025-10-21,Cooking Oil,Manual par-level baseline,47.0,0.0,0.0,47.0,23.0,23.0,0.0,0,24.0,76.0,38.400000000000006,2.0,0.0,0,0.0263013698630137,0.0,0.0,0.0,0.0263013698630137
2025-10-21,Eggs,Manual par-level baseline,123.0,0.0,0.0,123.0,57.0,57.0,0.0,0,66.0,180.0,10.56,2.0,0.0,0,0.007232876712328767,0.0,0.0,0.0,0.007232876712328767
2025-10-21,Fries (Potatoes),Manual par-level baseline,276.0,0.0,0.0,276.0,124.0,124.0,0.0,0,152.0,420.0,45.6,2.0,0.0,0,0.031232876712328765,0.0,0.0,0.0,0.031232876712328765
2025-10-21,Gluten-free Buns,Manual par-level baseline,4.0,0.0,0.0,4.0,15.0,4.0,11.0,1,0.0,24.0,0.0,0.0,0.0,0,0.0,0.0,12.100000000000001,0.0,12.100000000000001
2025-10-21,Lettuce,Manual par-level baseline,204.0,0.0,0.0,204.0,50.0,50.0,0.0,0,154.0,156.0,92.39999999999999,2.0,0.0,0,0.06328767123287671,0.0,0.0,0.0,0.06328767123287671
2025-10-21,Milk,Manual par-level baseline,205.0,0.0,0.0,205.0,70.0,70.0,0.0,0,135.0,156.0,101.25,2.0,0.0,0,0.06934931506849315,0.0,0.0,0.0,0.06934931506849315
2025-10-21,Mushrooms,Manual par-level baseline,97.0,0.0,0.0,97.0,24.0,24.0,0.0,0,73.0,100.0,40.150000000000006,2.0,0.0,0,0.0275,0.0,0.0,0.0,0.0275
2025-10-21,Onions,Manual par-level baseline,96.0,0.0,0.0,96.0,54.0,54.0,0.0,0,42.0,200.0,10.5,2.0,0.0,0,0.007191780821917808,0.0,0.0,0.0,0.007191780821917808
2025-10-21,Salmon Fillet,Manual par-level baseline,96.0,0.0,0.0,96.0,20.0,20.0,0.0,0,76.0,102.0,243.20000000000002,2.0,0.0,0,0.16657534246575345,0.0,0.0,0.0,0.16657534246575345
2025-10-21,Seasonal Berries,Manual par-level baseline,0.0,0.0,0.0,0.0,2.0,0.0,2.0,1,0.0,24.0,0.0,0.0,0.0,0,0.0,0.0,5.6,0.0,5.6
2025-10-21,Soft Drinks,Manual par-level baseline,294.0,0.0,0.0,294.0,88.0,88.0,0.0,0,206.0,336.0,82.4,2.0,0.0,0,0.05643835616438357,0.0,0.0,0.0,0.05643835616438357
2025-10-21,Tomatoes,Manual par-level baseline,185.0,0.0,0.0,185.0,73.0,73.0,0.0,0,112.0,192.0,50.4,2.0,0.0,0,0.03452054794520548,0.0,0.0,0.0,0.03452054794520548
2025-10-21,Truffle Oil,Manual par-level baseline,19.0,0.0,0.0,19.0,6.0,6.0,0.0,0,13.0,0.0,110.5,2.6153846153846154,0.0,0,0.07568493150684932,0.0,0.0,0.0,0.07568493150684932
2025-10-21,Vegan Cheese,Manual par-level baseline,0.0,0.0,0.0,0.0,0.0,0.0,0.0,0,0.0,24.0,0.0,0.0,0.0,0,0.0,0.0,0.0,0.0,0.0
2025-10-22,Bacon,Manual par-level baseline,56.0,140.0,0.0,196.0,70.0,70.0,0.0,0,126.0,100.0,138.60000000000002,0.0,100.0,1,0.09493150684931508,0.0,0.0,0.6944444444444444,0.7893759512937595
2025-10-22,Burger Buns,Manual par-level baseline,192.0,336.0,192.0,336.0,102.0,102.0,0.0,0,234.0,384.0,42.12,0.0,384.0,1,0.02884931506849315,44.160000000000004,0.0,0.6944444444444444,44.88329375951294
2025-10-22,Butter,Manual par-level baseline,18.0,108.0,0.0,126.0,43.0,43.0,0.0,0,83.0,84.0,78.85,0.0,84.0,1,0.054006849315068495,0.0,0.0,0.6944444444444444,0.7484512937595129
2025-10-22,Cheese Slices,Manual par-level baseline,161.0,200.0,0.0,361.0,81.0,81.0,0.0,0,280.0,150.0,61.6,0.8571428571428571,150.0,1,0.04219178082191781,0.0,0.0,0.6944444444444444,0.7366362252663622
2025-10-22,Chicken Breast,Manual par-level baseline,53.0,340.0,0.0,393.0,117.0,117.0,0.0,0,276.0,160.0,496.8,0.0,160.0,1,0.3402739726027397,0.0,0.0,0.6944444444444444,1.0347184170471841
2025-10-22,Coffee Beans,Manual par-level baseline,28.0,102.0,0.0,130.0,49.0,49.0,0.0,0,81.0,90.0,170.1,0.0,90.0,1,0.1165068493150685,0.0,0.0,0.6944444444444444,0.8109512937595129
2025-10-22,Cooking Oil,Manual par-level baseline,24.0,76.0,0.0,100.0,23.0,23.0,0.0,0,77.0,48.0,123.2,0.03896103896103896,48.0,1,0.08438356164383563,0.0,0.0,0.6944444444444444,0.7788280060882801
2025-10-22,Eggs,Manual par-level baseline,66.0,180.0,0.0,246.0,61.0,61.0,0.0,0,185.0,120.0,29.6,0.08108108108108109,120.0,1,0.020273972602739727,0.0,0.0,0.6944444444444444,0.7147184170471842
2025-10-22,Fries (Potatoes),Manual par-level baseline,152.0,420.0,0.0,572.0,141.0,141.0,0.0,0,431.0,260.0,129.3,0.0765661252900232,260.0,1,0.08856164383561643,0.0,0.0,0.6944444444444444,0.7830060882800609
2025-10-22,Gluten-free Buns,Manual par-level baseline,0.0,24.0,0.0,24.0,6.0,6.0,0.0,0,18.0,24.0,9.9,0.0,24.0,1,0.006780821917808219,0.0,0.0,0.6944444444444444,0.7012252663622527
2025-10-22,Lettuce,Manual par-level baseline,154.0,156.0,0.0,310.0,68.0,68.0,0.0,0,242.0,108.0,145.2,1.0661157024793388,108.0,1,0.09945205479452054,0.0,0.0,0.6944444444444444,0.793896499238965
2025-10-22,Milk,Manual par-level baseline,135.0,156.0,0.0,291.0,77.0,77.0,0.0,0,214.0,144.0,160.5,0.8130841121495327,144.0,1,0.10993150684931506,0.0,0.0,0.6944444444444444,0.8043759512937595
2025-10-22,Mushrooms,Manual par-level baseline,73.0,100.0,0.0,173.0,25.0,25.0,0.0,0,148.0,50.0,81.4,0.972972972972973,50.0,1,0.055753424657534245,0.0,0.0,0.6944444444444444,0.7501978691019786
2025-10-22,Onions,Manual par-level baseline,42.0,200.0,0.0,242.0,51.0,51.0,0.0,0,191.0,100.0,47.75,0.0,100.0,1,0.03270547945205479,0.0,0.0,0.6944444444444444,0.7271499238964992
2025-10-22,Salmon Fillet,Manual par-level baseline,76.0,102.0,76.0,102.0,0.0,0.0,0.0,0,102.0,84.0,326.40000000000003,0.0,84.0,1,0.22356164383561647,247.00000000000003,0.0,0.6944444444444444,247.9180060882801
2025-10-22,Seasonal Berries,Manual par-level baseline,0.0,24.0,0.0,24.0,0.0,0.0,0.0,0,24.0,0.0,33.599999999999994,0.0,0.0,1,0.023013698630136987,0.0,0.0,0.0,0.023013698630136987
2025-10-22,Soft Drinks,Manual par-level baseline,206.0,336.0,0.0,542.0,110.0,110.0,0.0,0,432.0,168.0,172.8,0.6666666666666666,168.0,1,0.11835616438356165,0.0,0.0,0.6944444444444444,0.8128006088280061
2025-10-22,Tomatoes,Manual par-level baseline,112.0,192.0,0.0,304.0,59.0,59.0,0.0,0,245.0,132.0,110.25,0.6489795918367347,132.0,1,0.07551369863013699,0.0,0.0,0.6944444444444444,0.7699581430745814
2025-10-22,Truffle Oil,Manual par-level baseline,13.0,0.0,0.0,13.0,7.0,7.0,0.0,0,6.0,14.0,51.0,3.0,14.0,1,0.03493150684931507,0.0,0.0,0.6944444444444444,0.7293759512937595
2025-10-22,Vegan Cheese,Manual par-level baseline,0.0,24.0,0.0,24.0,4.0,4.0,0.0,0,20.0,0.0,13.0,0.0,0.0,1,0.008904109589041097,0.0,0.0,0.0,0.008904109589041097
2025-10-23,Bacon,Manual par-level baseline,126.0,0.0,0.0,126.0,79.0,79.0,0.0,0,47.0,100.0,51.7,1.0,0.0,0,0.03541095890410959,0.0,0.0,0.0,0.03541095890410959
2025-10-23,Burger Buns,Manual par-level baseline,234.0,0.0,0.0,234.0,131.0,131.0,0.0,0,103.0,384.0,18.54,1.0,0.0,0,0.012698630136986301,0.0,0.0,0.0,0.012698630136986301
2025-10-23,Butter,Manual par-level baseline,83.0,0.0,0.0,83.0,35.0,35.0,0.0,0,48.0,84.0,45.599999999999994,1.0,0.0,0,0.031232876712328765,0.0,0.0,0.0,0.031232876712328765
2025-10-23,Cheese Slices,Manual par-level baseline,280.0,0.0,0.0,280.0,88.0,88.0,0.0,0,192.0,150.0,42.24,1.0,0.0,0,0.028931506849315072,0.0,0.0,0.0,0.028931506849315072
2025-10-23,Chicken Breast,Manual par-level baseline,276.0,0.0,0.0,276.0,130.0,130.0,0.0,0,146.0,160.0,262.8,1.0,0.0,0,0.18,0.0,0.0,0.0,0.18
2025-10-23,Coffee Beans,Manual par-level baseline,81.0,0.0,0.0,81.0,56.0,56.0,0.0,0,25.0,90.0,52.5,1.0,0.0,0,0.03595890410958904,0.0,0.0,0.0,0.03595890410958904
2025-10-23,Cooking Oil,Manual par-level baseline,77.0,0.0,0.0,77.0,35.0,35.0,0.0,0,42.0,48.0,67.2,1.0,0.0,0,0.04602739726027398,0.0,0.0,0.0,0.04602739726027398
2025-10-23,Eggs,Manual par-level baseline,185.0,0.0,0.0,185.0,68.0,68.0,0.0,0,117.0,120.0,18.72,1.0,0.0,0,0.012821917808219178,0.0,0.0,0.0,0.012821917808219178
2025-10-23,Fries (Potatoes),Manual par-level baseline,431.0,0.0,0.0,431.0,159.0,159.0,0.0,0,272.0,260.0,81.6,1.0,0.0,0,0.0558904109589041,0.0,0.0,0.0,0.0558904109589041
2025-10-23,Gluten-free Buns,Manual par-level baseline,18.0,0.0,0.0,18.0,0.0,0.0,0.0,0,18.0,24.0,9.9,1.0,0.0,0,0.006780821917808219,0.0,0.0,0.0,0.006780821917808219
2025-10-23,Lettuce,Manual par-level baseline,242.0,0.0,86.0,156.0,63.0,63.0,0.0,0,93.0,108.0,55.8,1.0,0.0,0,0.03821917808219178,55.9,0.0,0.0,55.93821917808219
2025-10-23,Milk,Manual par-level baseline,214.0,0.0,0.0,214.0,83.0,83.0,0.0,0,131.0,144.0,98.25,1.0,0.0,0,0.0672945205479452,0.0,0.0,0.0,0.0672945205479452
2025-10-23,Mushrooms,Manual par-level baseline,148.0,0.0,0.0,148.0,33.0,33.0,0.0,0,115.0,50.0,63.25000000000001,1.391304347826087,0.0,0,0.04332191780821918,0.0,0.0,0.0,0.04332191780821918
2025-10-23,Onions,Manual par-level baseline,191.0,0.0,0.0,191.0,60.0,60.0,0.0,0,131.0,100.0,32.75,1.0,0.0,0,0.02243150684931507,0.0,0.0,0.0,0.02243150684931507
2025-10-23,Salmon Fillet,Manual par-level baseline,102.0,0.0,0.0,102.0,49.0,49.0,0.0,0,53.0,84.0,169.60000000000002,1.0,0.0,0,0.11616438356164385,0.0,0.0,0.0,0.11616438356164385
2025-10-23,Seasonal Berries,Manual par-level baseline,24.0,0.0,0.0,24.0,0.0,0.0,0.0,0,24.0,0.0,33.599999999999994,1.0,0.0,0,0.023013698630136987,0.0,0.0,0.0,0.023013698630136987
2025-10-23,Soft Drinks,Manual par-level baseline,432.0,0.0,0.0,432.0,103.0,103.0,0.0,0,329.0,168.0,131.6,1.0,0.0,0,0.09013698630136988,0.0,0.0,0.0,0.09013698630136988
2025-10-23,Tomatoes,Manual par-level baseline,245.0,0.0,0.0,245.0,57.0,57.0,0.0,0,188.0,132.0,84.60000000000001,1.0,0.0,0,0.057945205479452054,0.0,0.0,0.0,0.057945205479452054
2025-10-23,Truffle Oil,Manual par-level baseline,6.0,0.0,0.0,6.0,0.0,0.0,0.0,0,6.0,14.0,51.0,4.0,0.0,0,0.03493150684931507,0.0,0.0,0.0,0.03493150684931507
2025-10-23,Vegan Cheese,Manual par-level baseline,20.0,0.0,0.0,20.0,16.0,16.0,0.0,0,4.0,0.0,2.6,1.0,0.0,0,0.0017808219178082193,0.0,0.0,0.0,0.0017808219178082193
2025-10-24,Bacon,Manual par-level baseline,47.0,100.0,0.0,147.0,71.0,71.0,0.0,0,76.0,230.0,83.60000000000001,0.0,230.0,1,0.05726027397260274,0.0,0.0,0.625,0.6822602739726027
2025-10-24,Burger Buns,Manual par-level baseline,103.0,384.0,0.0,487.0,175.0,175.0,0.0,0,312.0,384.0,56.16,0.0,384.0,1,0.03846575342465754,0.0,0.0,0.625,0.6634657534246575
2025-10-24,Butter,Manual par-level baseline,48.0,84.0,0.0,132.0,38.0,38.0,0.0,0,94.0,120.0,89.3,0.2127659574468085,120.0,1,0.06116438356164384,0.0,0.0,0.625,0.6861643835616439
2025-10-24,Cheese Slices,Manual par-level baseline,192.0,150.0,0.0,342.0,119.0,119.0,0.0,0,223.0,250.0,49.06,0.6547085201793722,250.0,1,0.0336027397260274,0.0,0.0,0.625,0.6586027397260275
2025-10-24,Chicken Breast,Manual par-level baseline,146.0,160.0,0.0,306.0,122.0,122.0,0.0,0,184.0,400.0,331.2,0.2608695652173913,400.0,1,0.22684931506849315,0.0,0.0,0.625,0.8518493150684932
2025-10-24,Coffee Beans,Manual par-level baseline,25.0,90.0,0.0,115.0,45.0,45.0,0.0,0,70.0,162.0,147.0,0.0,162.0,1,0.10068493150684932,0.0,0.0,0.625,0.7256849315068493
2025-10-24,Cooking Oil,Manual par-level baseline,42.0,48.0,0.0,90.0,25.0,25.0,0.0,0,65.0,100.0,104.00000000000001,0.5230769230769231,100.0,1,0.07123287671232878,0.0,0.0,0.625,0.6962328767123288
2025-10-24,Eggs,Manual par-level baseline,117.0,120.0,0.0,237.0,66.0,66.0,0.0,0,171.0,210.0,27.36,0.5964912280701754,210.0,1,0.01873972602739726,0.0,0.0,0.625,0.6437397260273973
2025-10-24,Fries (Potatoes),Manual par-level baseline,272.0,260.0,0.0,532.0,186.0,186.0,0.0,0,346.0,520.0,103.8,0.49710982658959535,520.0,1,0.0710958904109589,0.0,0.0,0.625,0.6960958904109589
2025-10-24,Gluten-free Buns,Manual par-level baseline,18.0,24.0,0.0,42.0,14.0,14.0,0.0,0,28.0,12.0,15.400000000000002,0.2857142857142857,12.0,1,0.010547945205479452,0.0,0.0,0.625,0.6355479452054794
2025-10-24,Lettuce,Manual par-level baseline,93.0,108.0,0.0,201.0,117.0,117.0,0.0,0,84.0,312.0,50.4,0.0,312.0,1,0.034520547945205475,0.0,0.0,0.625,0.6595205479452054
2025-10-24,Milk,Manual par-level baseline,131.0,144.0,0.0,275.0,103.0,103.0,0.0,0,172.0,264.0,129.0,0.32558139534883723,264.0,1,0.08835616438356164,0.0,0.0,0.625,0.7133561643835616
2025-10-24,Mushrooms,Manual par-level baseline,115.0,50.0,15.0,150.0,54.0,54.0,0.0,0,96.0,130.0,52.800000000000004,0.9583333333333334,130.0,1,0.03616438356164384,9.0,0.0,0.625,9.661164383561644
2025-10-24,Onions,Manual par-level baseline,131.0,100.0,0.0,231.0,76.0,76.0,0.0,0,155.0,180.0,38.75,0.7096774193548387,180.0,1,0.026541095890410957,0.0,0.0,0.625,0.651541095890411
2025-10-24,Salmon Fillet,Manual par-level baseline,53.0,84.0,0.0,137.0,49.0,49.0,0.0,0,88.0,90.0,281.6,0.09090909090909091,90.0,1,0.19287671232876716,0.0,0.0,0.625,0.8178767123287671
2025-10-24,Seasonal Berries,Manual par-level baseline,24.0,0.0,0.0,24.0,0.0,0.0,0.0,0,24.0,6.0,33.599999999999994,2.0,6.0,1,0.023013698630136987,0.0,0.0,0.625,0.648013698630137
2025-10-24,Soft Drinks,Manual par-level baseline,329.0,168.0,0.0,497.0,149.0,149.0,0.0,0,348.0,384.0,139.2,1.0344827586206897,384.0,1,0.09534246575342467,0.0,0.0,0.625,0.7203424657534246
2025-10-24,Tomatoes,Manual par-level baseline,188.0,132.0,0.0,320.0,91.0,91.0,0.0,0,229.0,216.0,103.05,0.8471615720524017,216.0,1,0.07058219178082191,0.0,0.0,0.625,0.6955821917808219
2025-10-24,Truffle Oil,Manual par-level baseline,6.0,14.0,0.0,20.0,11.0,11.0,0.0,0,9.0,14.0,76.5,0.0,14.0,1,0.05239726027397261,0.0,0.0,0.625,0.6773972602739726
2025-10-24,Vegan Cheese,Manual par-level baseline,4.0,0.0,0.0,4.0,17.0,4.0,13.0,1,0.0,36.0,0.0,0.0,36.0,1,0.0,0.0,16.900000000000002,0.625,17.525000000000002
2025-10-25,Bacon,Manual par-level baseline,76.0,0.0,0.0,76.0,69.0,69.0,0.0,0,7.0,230.0,7.700000000000001,1.0,0.0,0,0.005273972602739726,0.0,0.0,0.0,0.005273972602739726
2025-10-25,Burger Buns,Manual par-level baseline,312.0,0.0,0.0,312.0,155.0,155.0,0.0,0,157.0,384.0,28.259999999999998,1.0,0.0,0,0.019356164383561643,0.0,0.0,0.0,0.019356164383561643
2025-10-25,Butter,Manual par-level baseline,94.0,0.0,0.0,94.0,51.0,51.0,0.0,0,43.0,120.0,40.85,1.0,0.0,0,0.02797945205479452,0.0,0.0,0.0,0.02797945205479452
2025-10-25,Cheese Slices,Manual par-level baseline,223.0,0.0,0.0,223.0,112.0,112.0,0.0,0,111.0,250.0,24.42,1.0,0.0,0,0.016726027397260274,0.0,0.0,0.0,0.016726027397260274
2025-10-25,Chicken Breast,Manual par-level baseline,184.0,0.0,0.0,184.0,147.0,147.0,0.0,0,37.0,400.0,66.60000000000001,1.0,0.0,0,0.045616438356164385,0.0,0.0,0.0,0.045616438356164385
2025-10-25,Coffee Beans,Manual par-level baseline,70.0,0.0,0.0,70.0,38.0,38.0,0.0,0,32.0,162.0,67.2,1.0,0.0,0,0.046027397260273974,0.0,0.0,0.0,0.046027397260273974
2025-10-25,Cooking Oil,Manual par-level baseline,65.0,0.0,0.0,65.0,46.0,46.0,0.0,0,19.0,100.0,30.400000000000002,1.0,0.0,0,0.02082191780821918,0.0,0.0,0.0,0.02082191780821918
2025-10-25,Eggs,Manual par-level baseline,171.0,0.0,0.0,171.0,105.0,105.0,0.0,0,66.0,210.0,10.56,1.0,0.0,0,0.007232876712328767,0.0,0.0,0.0,0.007232876712328767
2025-10-25,Fries (Potatoes),Manual par-level baseline,346.0,0.0,0.0,346.0,189.0,189.0,0.0,0,157.0,520.0,47.1,1.0,0.0,0,0.03226027397260274,0.0,0.0,0.0,0.03226027397260274
2025-10-25,Gluten-free Buns,Manual par-level baseline,28.0,0.0,4.0,24.0,0.0,0.0,0.0,0,24.0,12.0,13.200000000000001,1.0,0.0,0,0.00904109589041096,2.4000000000000004,0.0,0.0,2.4090410958904114
2025-10-25,Lettuce,Manual par-level baseline,84.0,0.0,0.0,84.0,94.0,84.0,10.0,1,0.0,312.0,0.0,0.0,0.0,0,0.0,0.0,12.0,0.0,12.0
2025-10-25,Milk,Manual par-level baseline,172.0,0.0,0.0,172.0,84.0,84.0,0.0,0,88.0,264.0,66.0,1.0,0.0,0,0.04520547945205479,0.0,0.0,0.0,0.04520547945205479
2025-10-25,Mushrooms,Manual par-level baseline,96.0,0.0,0.0,96.0,64.0,64.0,0.0,0,32.0,130.0,17.6,1.0,0.0,0,0.012054794520547946,0.0,0.0,0.0,0.012054794520547946
2025-10-25,Onions,Manual par-level baseline,155.0,0.0,0.0,155.0,70.0,70.0,0.0,0,85.0,180.0,21.25,1.0,0.0,0,0.014554794520547946,0.0,0.0,0.0,0.014554794520547946
2025-10-25,Salmon Fillet,Manual par-level baseline,88.0,0.0,4.0,84.0,52.0,52.0,0.0,0,32.0,90.0,102.4,1.0,0.0,0,0.07013698630136987,13.0,0.0,0.0,13.07013698630137
2025-10-25,Seasonal Berries,Manual par-level baseline,24.0,0.0,24.0,0.0,10.0,0.0,10.0,1,0.0,6.0,0.0,0.0,0.0,0,0.0,34.8,28.0,0.0,62.8
2025-10-25,Soft Drinks,Manual par-level baseline,348.0,0.0,0.0,348.0,124.0,124.0,0.0,0,224.0,384.0,89.60000000000001,1.5,0.0,0,0.061369863013698636,0.0,0.0,0.0,0.061369863013698636
2025-10-25,Tomatoes,Manual par-level baseline,229.0,0.0,0.0,229.0,102.0,102.0,0.0,0,127.0,216.0,57.15,1.0,0.0,0,0.039143835616438354,0.0,0.0,0.0,0.039143835616438354
2025-10-25,Truffle Oil,Manual par-level baseline,9.0,0.0,0.0,9.0,5.0,5.0,0.0,0,4.0,14.0,34.0,1.0,0.0,0,0.023287671232876714,0.0,0.0,0.0,0.023287671232876714
2025-10-25,Vegan Cheese,Manual par-level baseline,0.0,0.0,0.0,0.0,18.0,0.0,18.0,1,0.0,36.0,0.0,0.0,0.0,0,0.0,0.0,23.400000000000002,0.0,23.400000000000002
2025-10-26,Bacon,Manual par-level baseline,7.0,230.0,0.0,237.0,67.0,67.0,0.0,0,170.0,0.0,187.00000000000003,0.0,0.0,0,0.12808219178082192,0.0,0.0,0.0,0.12808219178082192
2025-10-26,Burger Buns,Manual par-level baseline,157.0,384.0,0.0,541.0,190.0,190.0,0.0,0,351.0,0.0,63.18,0.0,0.0,0,0.04327397260273973,0.0,0.0,0.0,0.04327397260273973
2025-10-26,Butter,Manual par-level baseline,43.0,120.0,0.0,163.0,44.0,44.0,0.0,0,119.0,0.0,113.05,0.0,0.0,0,0.07743150684931507,0.0,0.0,0.0,0.07743150684931507
2025-10-26,Cheese Slices,Manual par-level baseline,111.0,250.0,0.0,361.0,114.0,114.0,0.0,0,247.0,0.0,54.34,0.0,0.0,0,0.03721917808219179,0.0,0.0,0.0,0.03721917808219179
2025-10-26,Chicken Breast,Manual par-level baseline,37.0,400.0,0.0,437.0,130.0,130.0,0.0,0,307.0,0.0,552.6,0.0,0.0,0,0.3784931506849315,0.0,0.0,0.0,0.3784931506849315
2025-10-26,Coffee Beans,Manual par-level baseline,32.0,162.0,0.0,194.0,58.0,58.0,0.0,0,136.0,0.0,285.6,0.0,0.0,0,0.19561643835616438,0.0,0.0,0.0,0.19561643835616438
2025-10-26,Cooking Oil,Manual par-level baseline,19.0,100.0,0.0,119.0,29.0,29.0,0.0,0,90.0,0.0,144.0,0.0,0.0,0,0.09863013698630138,0.0,0.0,0.0,0.09863013698630138
2025-10-26,Eggs,Manual par-level baseline,66.0,210.0,0.0,276.0,77.0,77.0,0.0,0,199.0,0.0,31.84,0.0,0.0,0,0.02180821917808219,0.0,0.0,0.0,0.02180821917808219
2025-10-26,Fries (Potatoes),Manual par-level baseline,157.0,520.0,0.0,677.0,212.0,212.0,0.0,0,465.0,0.0,139.5,0.0,0.0,0,0.09554794520547945,0.0,0.0,0.0,0.09554794520547945
2025-10-26,Gluten-free Buns,Manual par-level baseline,24.0,12.0,0.0,36.0,19.0,19.0,0.0,0,17.0,0.0,9.350000000000001,0.5882352941176471,0.0,0,0.006404109589041096,0.0,0.0,0.0,0.006404109589041096
2025-10-26,Lettuce,Manual par-level baseline,0.0,312.0,0.0,312.0,100.0,100.0,0.0,0,212.0,0.0,127.19999999999999,0.0,0.0,0,0.08712328767123287,0.0,0.0,0.0,0.08712328767123287
2025-10-26,Milk,Manual par-level baseline,88.0,264.0,0.0,352.0,77.0,77.0,0.0,0,275.0,0.0,206.25,0.08,0.0,0,0.14126712328767121,0.0,0.0,0.0,0.14126712328767121
2025-10-26,Mushrooms,Manual par-level baseline,32.0,130.0,0.0,162.0,71.0,71.0,0.0,0,91.0,0.0,50.050000000000004,0.0,0.0,0,0.03428082191780822,0.0,0.0,0.0,0.03428082191780822
2025-10-26,Onions,Manual par-level baseline,85.0,180.0,0.0,265.0,104.0,104.0,0.0,0,161.0,0.0,40.25,0.0,0.0,0,0.027568493150684933,0.0,0.0,0.0,0.027568493150684933
2025-10-26,Salmon Fillet,Manual par-level baseline,32.0,90.0,0.0,122.0,59.0,59.0,0.0,0,63.0,0.0,201.60000000000002,0.0,0.0,0,0.13808219178082193,0.0,0.0,0.0,0.13808219178082193
2025-10-26,Seasonal Berries,Manual par-level baseline,0.0,6.0,0.0,6.0,0.0,0.0,0.0,0,6.0,0.0,8.399999999999999,0.0,0.0,0,0.005753424657534247,0.0,0.0,0.0,0.005753424657534247
2025-10-26,Soft Drinks,Manual par-level baseline,224.0,384.0,0.0,608.0,166.0,166.0,0.0,0,442.0,0.0,176.8,0.26244343891402716,0.0,0,0.12109589041095892,0.0,0.0,0.0,0.12109589041095892
2025-10-26,Tomatoes,Manual par-level baseline,127.0,216.0,0.0,343.0,120.0,120.0,0.0,0,223.0,0.0,100.35000000000001,0.06278026905829596,0.0,0,0.06873287671232876,0.0,0.0,0.0,0.06873287671232876
2025-10-26,Truffle Oil,Manual par-level baseline,4.0,14.0,0.0,18.0,7.0,7.0,0.0,0,11.0,0.0,93.5,0.0,0.0,0,0.06404109589041096,0.0,0.0,0.0,0.06404109589041096
2025-10-26,Vegan Cheese,Manual par-level baseline,0.0,36.0,0.0,36.0,21.0,21.0,0.0,0,15.0,0.0,9.75,0.0,0.0,0,0.006678082191780822,0.0,0.0,0.0,0.006678082191780822
2025-10-27,Bacon,Manual par-level baseline,170.0,0.0,0.0,170.0,39.0,39.0,0.0,0,131.0,130.0,144.10000000000002,1.0,130.0,1,0.0986986301369863,0.0,0.0,0.625,0.7236986301369863
2025-10-27,Burger Buns,Manual par-level baseline,351.0,0.0,0.0,351.0,107.0,107.0,0.0,0,244.0,336.0,43.92,1.0,336.0,1,0.030082191780821915,0.0,0.0,0.625,0.6550821917808219
2025-10-27,Butter,Manual par-level baseline,119.0,0.0,0.0,119.0,33.0,33.0,0.0,0,86.0,84.0,81.7,1.0,84.0,1,0.05595890410958904,0.0,0.0,0.625,0.680958904109589
2025-10-27,Cheese Slices,Manual par-level baseline,247.0,0.0,0.0,247.0,75.0,75.0,0.0,0,172.0,250.0,37.84,1.0,250.0,1,0.025917808219178082,0.0,0.0,0.625,0.6509178082191781
2025-10-27,Chicken Breast,Manual par-level baseline,307.0,0.0,0.0,307.0,71.0,71.0,0.0,0,236.0,250.0,424.8,1.0,250.0,1,0.290958904109589,0.0,0.0,0.625,0.915958904109589
2025-10-27,Coffee Beans,Manual par-level baseline,136.0,0.0,0.0,136.0,47.0,47.0,0.0,0,89.0,84.0,186.9,1.0,84.0,1,0.12801369863013698,0.0,0.0,0.625,0.753013698630137
2025-10-27,Cooking Oil,Manual par-level baseline,90.0,0.0,0.0,90.0,23.0,23.0,0.0,0,67.0,56.0,107.2,1.0,56.0,1,0.07342465753424658,0.0,0.0,0.625,0.6984246575342465
2025-10-27,Eggs,Manual par-level baseline,199.0,0.0,0.0,199.0,51.0,51.0,0.0,0,148.0,180.0,23.68,1.0,180.0,1,0.016219178082191782,0.0,0.0,0.625,0.6412191780821918
2025-10-27,Fries (Potatoes),Manual par-level baseline,465.0,0.0,0.0,465.0,140.0,140.0,0.0,0,325.0,360.0,97.5,1.0,360.0,1,0.06678082191780821,0.0,0.0,0.625,0.6917808219178082
2025-10-27,Gluten-free Buns,Manual par-level baseline,17.0,0.0,5.0,12.0,10.0,10.0,0.0,0,2.0,36.0,1.1,1.0,36.0,1,0.0007534246575342466,3.0,0.0,0.625,3.625753424657534
2025-10-27,Lettuce,Manual par-level baseline,212.0,0.0,0.0,212.0,60.0,60.0,0.0,0,152.0,192.0,91.2,1.0,192.0,1,0.06246575342465753,0.0,0.0,0.625,0.6874657534246575
2025-10-27,Milk,Manual par-level baseline,275.0,0.0,0.0,275.0,77.0,77.0,0.0,0,198.0,144.0,148.5,1.0,144.0,1,0.10171232876712327,0.0,0.0,0.625,0.7267123287671233
2025-10-27,Mushrooms,Manual par-level baseline,91.0,0.0,0.0,91.0,0.0,0.0,0.0,0,91.0,120.0,50.050000000000004,1.0,120.0,1,0.03428082191780822,0.0,0.0,0.625,0.6592808219178082
2025-10-27,Onions,Manual par-level baseline,161.0,0.0,0.0,161.0,45.0,45.0,0.0,0,116.0,180.0,29.0,1.0,180.0,1,0.01986301369863014,0.0,0.0,0.625,0.6448630136986302
2025-10-27,Salmon Fillet,Manual par-level baseline,63.0,0.0,0.0,63.0,32.0,32.0,0.0,0,31.0,114.0,99.2,1.0,114.0,1,0.06794520547945207,0.0,0.0,0.625,0.692945205479452
2025-10-27,Seasonal Berries,Manual par-level baseline,6.0,0.0,0.0,6.0,0.0,0.0,0.0,0,6.0,18.0,8.399999999999999,1.0,18.0,1,0.005753424657534247,0.0,0.0,0.625,0.6307534246575343
2025-10-27,Soft Drinks,Manual par-level baseline,442.0,0.0,0.0,442.0,76.0,76.0,0.0,0,366.0,240.0,146.4,1.0,240.0,1,0.10027397260273974,0.0,0.0,0.625,0.7252739726027397
2025-10-27,Tomatoes,Manual par-level baseline,223.0,0.0,0.0,223.0,49.0,49.0,0.0,0,174.0,204.0,78.3,1.0,204.0,1,0.05363013698630137,0.0,0.0,0.625,0.6786301369863014
2025-10-27,Truffle Oil,Manual par-level baseline,11.0,0.0,0.0,11.0,3.0,3.0,0.0,0,8.0,14.0,68.0,1.0,14.0,1,0.04657534246575343,0.0,0.0,0.625,0.6715753424657535
2025-10-27,Vegan Cheese,Manual par-level baseline,15.0,0.0,0.0,15.0,6.0,6.0,0.0,0,9.0,24.0,5.8500000000000005,1.0,24.0,1,0.004006849315068494,0.0,0.0,0.625,0.6290068493150685
2025-10-28,Bacon,Manual par-level baseline,131.0,0.0,0.0,131.0,36.0,36.0,0.0,0,95.0,130.0,104.50000000000001,2.0,0.0,0,0.07157534246575342,0.0,0.0,0.0,0.07157534246575342
2025-10-28,Burger Buns,Manual par-level baseline,244.0,0.0,0.0,244.0,160.0,160.0,0.0,0,84.0,336.0,15.12,2.0,0.0,0,0.010356164383561644,0.0,0.0,0.0,0.010356164383561644
2025-10-28,Butter,Manual par-level baseline,86.0,0.0,0.0,86.0,39.0,39.0,0.0,0,47.0,84.0,44.65,2.0,0.0,0,0.03058219178082192,0.0,0.0,0.0,0.03058219178082192
2025-10-28,Cheese Slices,Manual par-level baseline,172.0,0.0,0.0,172.0,73.0,73.0,0.0,0,99.0,250.0,21.78,2.0,0.0,0,0.014917808219178083,0.0,0.0,0.0,0.014917808219178083
2025-10-28,Chicken Breast,Manual par-level baseline,236.0,0.0,0.0,236.0,124.0,124.0,0.0,0,112.0,250.0,201.6,2.0,0.0,0,0.13808219178082193,0.0,0.0,0.0,0.13808219178082193
2025-10-28,Coffee Beans,Manual par-level baseline,89.0,0.0,0.0,89.0,42.0,42.0,0.0,0,47.0,84.0,98.7,2.0,0.0,0,0.0676027397260274,0.0,0.0,0.0,0.0676027397260274
2025-10-28,Cooking Oil,Manual par-level baseline,67.0,0.0,0.0,67.0,33.0,33.0,0.0,0,34.0,56.0,54.400000000000006,2.0,0.0,0,0.037260273972602745,0.0,0.0,0.0,0.037260273972602745
2025-10-28,Eggs,Manual par-level baseline,148.0,0.0,0.0,148.0,48.0,48.0,0.0,0,100.0,180.0,16.0,2.0,0.0,0,0.010958904109589041,0.0,0.0,0.0,0.010958904109589041
2025-10-28,Fries (Potatoes),Manual par-level baseline,325.0,0.0,0.0,325.0,128.0,128.0,0.0,0,197.0,360.0,59.099999999999994,2.0,0.0,0,0.040479452054794515,0.0,0.0,0.0,0.040479452054794515
2025-10-28,Gluten-free Buns,Manual par-level baseline,2.0,0.0,0.0,2.0,0.0,0.0,0.0,0,2.0,36.0,1.1,2.0,0.0,0,0.0007534246575342466,0.0,0.0,0.0,0.0007534246575342466
2025-10-28,Lettuce,Manual par-level baseline,152.0,0.0,0.0,152.0,49.0,49.0,0.0,0,103.0,192.0,61.8,2.0,0.0,0,0.04232876712328767,0.0,0.0,0.0,0.04232876712328767
2025-10-28,Milk,Manual par-level baseline,198.0,0.0,0.0,198.0,85.0,85.0,0.0,0,113.0,144.0,84.75,2.0,0.0,0,0.05804794520547945,0.0,0.0,0.0,0.05804794520547945
2025-10-28,Mushrooms,Manual par-level baseline,91.0,0.0,0.0,91.0,36.0,36.0,0.0,0,55.0,120.0,30.250000000000004,2.0,0.0,0,0.020719178082191782,0.0,0.0,0.0,0.020719178082191782
2025-10-28,Onions,Manual par-level baseline,116.0,0.0,0.0,116.0,50.0,50.0,0.0,0,66.0,180.0,16.5,2.0,0.0,0,0.011301369863013699,0.0,0.0,0.0,0.011301369863013699
2025-10-28,Salmon Fillet,Manual par-level baseline,31.0,0.0,0.0,31.0,34.0,31.0,3.0,1,0.0,114.0,0.0,0.0,0.0,0,0.0,0.0,19.200000000000003,0.0,19.200000000000003
2025-10-28,Seasonal Berries,Manual par-level baseline,6.0,0.0,0.0,6.0,0.0,0.0,0.0,0,6.0,18.0,8.399999999999999,2.0,0.0,0,0.005753424657534247,0.0,0.0,0.0,0.005753424657534247
2025-10-28,Soft Drinks,Manual par-level baseline,366.0,0.0,0.0,366.0,73.0,73.0,0.0,0,293.0,240.0,117.2,2.0,0.0,0,0.08027397260273973,0.0,0.0,0.0,0.08027397260273973
2025-10-28,Tomatoes,Manual par-level baseline,174.0,0.0,0.0,174.0,47.0,47.0,0.0,0,127.0,204.0,57.15,2.0,0.0,0,0.039143835616438354,0.0,0.0,0.0,0.039143835616438354
2025-10-28,Truffle Oil,Manual par-level baseline,8.0,0.0,0.0,8.0,7.0,7.0,0.0,0,1.0,14.0,8.5,2.0,0.0,0,0.0058219178082191785,0.0,0.0,0.0,0.0058219178082191785
2025-10-28,Vegan Cheese,Manual par-level baseline,9.0,0.0,0.0,9.0,7.0,7.0,0.0,0,2.0,24.0,1.3,2.0,0.0,0,0.0008904109589041097,0.0,0.0,0.0,0.0008904109589041097
2025-10-29,Bacon,Manual par-level baseline,95.0,130.0,0.0,225.0,38.0,38.0,0.0,0,187.0,70.0,205.7,0.9144385026737968,70.0,1,0.14089041095890412,0.0,0.0,0.625,0.7658904109589041
2025-10-29,Burger Buns,Manual par-level baseline,84.0,336.0,84.0,336.0,116.0,116.0,0.0,0,220.0,384.0,39.6,0.0,384.0,1,0.027123287671232878,19.32,0.0,0.625,19.972123287671234
2025-10-29,Butter,Manual par-level baseline,47.0,84.0,0.0,131.0,36.0,36.0,0.0,0,95.0,60.0,90.25,0.3473684210526316,60.0,1,0.06181506849315069,0.0,0.0,0.625,0.6868150684931507
2025-10-29,Cheese Slices,Manual par-level baseline,99.0,250.0,0.0,349.0,81.0,81.0,0.0,0,268.0,150.0,58.96,0.20149253731343283,150.0,1,0.04038356164383562,0.0,0.0,0.625,0.6653835616438356
2025-10-29,Chicken Breast,Manual par-level baseline,112.0,250.0,0.0,362.0,91.0,91.0,0.0,0,271.0,200.0,487.8,0.23247232472324722,200.0,1,0.3341095890410959,0.0,0.0,0.625,0.9591095890410959
2025-10-29,Coffee Beans,Manual par-level baseline,47.0,84.0,0.0,131.0,46.0,46.0,0.0,0,85.0,90.0,178.5,0.03529411764705882,90.0,1,0.12226027397260274,0.0,0.0,0.625,0.7472602739726028
2025-10-29,Cooking Oil,Manual par-level baseline,34.0,56.0,0.0,90.0,45.0,45.0,0.0,0,45.0,60.0,72.0,0.0,60.0,1,0.04931506849315069,0.0,0.0,0.625,0.6743150684931507
2025-10-29,Eggs,Manual par-level baseline,100.0,180.0,0.0,280.0,52.0,52.0,0.0,0,228.0,90.0,36.480000000000004,0.631578947368421,90.0,1,0.024986301369863014,0.0,0.0,0.625,0.649986301369863
2025-10-29,Fries (Potatoes),Manual par-level baseline,197.0,360.0,0.0,557.0,137.0,137.0,0.0,0,420.0,280.0,126.0,0.42857142857142855,280.0,1,0.08630136986301369,0.0,0.0,0.625,0.7113013698630137
2025-10-29,Gluten-free Buns,Manual par-level baseline,2.0,36.0,2.0,36.0,12.0,12.0,0.0,0,24.0,12.0,13.200000000000001,0.0,12.0,1,0.00904109589041096,1.2000000000000002,0.0,0.625,1.8340410958904112
2025-10-29,Lettuce,Manual par-level baseline,103.0,192.0,0.0,295.0,58.0,58.0,0.0,0,237.0,96.0,142.2,0.569620253164557,96.0,1,0.0973972602739726,0.0,0.0,0.625,0.7223972602739726
2025-10-29,Milk,Manual par-level baseline,113.0,144.0,0.0,257.0,66.0,66.0,0.0,0,191.0,168.0,143.25,0.7382198952879581,168.0,1,0.09811643835616438,0.0,0.0,0.625,0.7231164383561643
2025-10-29,Mushrooms,Manual par-level baseline,55.0,120.0,0.0,175.0,45.0,45.0,0.0,0,130.0,30.0,71.5,0.23076923076923078,30.0,1,0.04897260273972603,0.0,0.0,0.625,0.673972602739726
2025-10-29,Onions,Manual par-level baseline,66.0,180.0,0.0,246.0,61.0,61.0,0.0,0,185.0,80.0,46.25,0.08108108108108109,80.0,1,0.031678082191780824,0.0,0.0,0.625,0.6566780821917808
2025-10-29,Salmon Fillet,Manual par-level baseline,0.0,114.0,0.0,114.0,34.0,34.0,0.0,0,80.0,60.0,256.0,0.0,60.0,1,0.1753424657534247,0.0,0.0,0.625,0.8003424657534247
2025-10-29,Seasonal Berries,Manual par-level baseline,6.0,18.0,6.0,18.0,0.0,0.0,0.0,0,18.0,6.0,25.2,0.0,6.0,1,0.01726027397260274,8.7,0.0,0.625,9.342260273972602
2025-10-29,Soft Drinks,Manual par-level baseline,293.0,240.0,0.0,533.0,112.0,112.0,0.0,0,421.0,144.0,168.4,1.2897862232779098,144.0,1,0.11534246575342468,0.0,0.0,0.625,0.7403424657534247
2025-10-29,Tomatoes,Manual par-level baseline,127.0,204.0,0.0,331.0,76.0,76.0,0.0,0,255.0,84.0,114.75,0.6,84.0,1,0.07859589041095891,0.0,0.0,0.625,0.7035958904109589
2025-10-29,Truffle Oil,Manual par-level baseline,1.0,14.0,0.0,15.0,4.0,4.0,0.0,0,11.0,10.0,93.5,0.0,10.0,1,0.06404109589041096,0.0,0.0,0.625,0.689041095890411
2025-10-29,Vegan Cheese,Manual par-level baseline,2.0,24.0,0.0,26.0,4.0,4.0,0.0,0,22.0,12.0,14.3,0.0,12.0,1,0.009794520547945206,0.0,0.0,0.625,0.6347945205479452
2025-10-30,Bacon,Manual par-level baseline,187.0,0.0,0.0,187.0,52.0,52.0,0.0,0,135.0,70.0,148.5,1.1111111111111112,0.0,0,0.10171232876712329,0.0,0.0,0.0,0.10171232876712329
2025-10-30,Burger Buns,Manual par-level baseline,220.0,0.0,0.0,220.0,120.0,120.0,0.0,0,100.0,384.0,18.0,1.0,0.0,0,0.012328767123287671,0.0,0.0,0.0,0.012328767123287671
2025-10-30,Butter,Manual par-level baseline,95.0,0.0,0.0,95.0,32.0,32.0,0.0,0,63.0,60.0,59.849999999999994,1.0,0.0,0,0.040993150684931506,0.0,0.0,0.0,0.040993150684931506
2025-10-30,Cheese Slices,Manual par-level baseline,268.0,0.0,0.0,268.0,95.0,95.0,0.0,0,173.0,150.0,38.06,1.0,0.0,0,0.026068493150684935,0.0,0.0,0.0,0.026068493150684935
2025-10-30,Chicken Breast,Manual par-level baseline,271.0,0.0,21.0,250.0,89.0,89.0,0.0,0,161.0,200.0,289.8,1.0,0.0,0,0.1984931506849315,38.85,0.0,0.0,39.04849315068493
2025-10-30,Coffee Beans,Manual par-level baseline,85.0,0.0,0.0,85.0,46.0,46.0,0.0,0,39.0,90.0,81.9,1.0,0.0,0,0.05609589041095891,0.0,0.0,0.0,0.05609589041095891
2025-10-30,Cooking Oil,Manual par-level baseline,45.0,0.0,0.0,45.0,34.0,34.0,0.0,0,11.0,60.0,17.6,1.0,0.0,0,0.012054794520547947,0.0,0.0,0.0,0.012054794520547947
2025-10-30,Eggs,Manual par-level baseline,228.0,0.0,0.0,228.0,51.0,51.0,0.0,0,177.0,90.0,28.32,1.0,0.0,0,0.019397260273972605,0.0,0.0,0.0,0.019397260273972605
2025-10-30,Fries (Potatoes),Manual par-level baseline,420.0,0.0,0.0,420.0,138.0,138.0,0.0,0,282.0,280.0,84.6,1.0,0.0,0,0.057945205479452054,0.0,0.0,0.0,0.057945205479452054
2025-10-30,Gluten-free Buns,Manual par-level baseline,24.0,0.0,0.0,24.0,0.0,0.0,0.0,0,24.0,12.0,13.200000000000001,1.0,0.0,0,0.00904109589041096,0.0,0.0,0.0,0.00904109589041096
2025-10-30,Lettuce,Manual par-level baseline,237.0,0.0,45.0,192.0,58.0,58.0,0.0,0,134.0,96.0,80.39999999999999,1.0,0.0,0,0.055068493150684926,29.25,0.0,0.0,29.305068493150685
2025-10-30,Milk,Manual par-level baseline,191.0,0.0,0.0,191.0,83.0,83.0,0.0,0,108.0,168.0,81.0,1.0,0.0,0,0.055479452054794515,0.0,0.0,0.0,0.055479452054794515
2025-10-30,Mushrooms,Manual par-level baseline,130.0,0.0,0.0,130.0,48.0,48.0,0.0,0,82.0,30.0,45.1,1.0,0.0,0,0.03089041095890411,0.0,0.0,0.0,0.03089041095890411
2025-10-30,Onions,Manual par-level baseline,185.0,0.0,0.0,185.0,53.0,53.0,0.0,0,132.0,80.0,33.0,1.0,0.0,0,0.022602739726027398,0.0,0.0,0.0,0.022602739726027398
2025-10-30,Salmon Fillet,Manual par-level baseline,80.0,0.0,0.0,80.0,38.0,38.0,0.0,0,42.0,60.0,134.4,1.0,0.0,0,0.09205479452054796,0.0,0.0,0.0,0.09205479452054796
2025-10-30,Seasonal Berries,Manual par-level baseline,18.0,0.0,0.0,18.0,10.0,10.0,0.0,0,8.0,6.0,11.2,1.0,0.0,0,0.007671232876712329,0.0,0.0,0.0,0.007671232876712329
2025-10-30,Soft Drinks,Manual par-level baseline,421.0,0.0,0.0,421.0,87.0,87.0,0.0,0,334.0,144.0,133.6,1.844311377245509,0.0,0,0.0915068493150685,0.0,0.0,0.0,0.0915068493150685
2025-10-30,Tomatoes,Manual par-level baseline,255.0,0.0,0.0,255.0,61.0,61.0,0.0,0,194.0,84.0,87.3,1.0,0.0,0,0.05979452054794521,0.0,0.0,0.0,0.05979452054794521
2025-10-30,Truffle Oil,Manual par-level baseline,11.0,0.0,0.0,11.0,7.0,7.0,0.0,0,4.0,10.0,34.0,1.0,0.0,0,0.023287671232876714,0.0,0.0,0.0,0.023287671232876714
2025-10-30,Vegan Cheese,Manual par-level baseline,22.0,0.0,0.0,22.0,0.0,0.0,0.0,0,22.0,12.0,14.3,1.0,0.0,0,0.009794520547945206,0.0,0.0,0.0,0.009794520547945206
2025-10-31,Bacon,Manual par-level baseline,135.0,70.0,0.0,205.0,74.0,74.0,0.0,0,131.0,160.0,144.10000000000002,0.9312977099236641,160.0,1,0.0986986301369863,0.0,0.0,0.625,0.7236986301369863
2025-10-31,Burger Buns,Manual par-level baseline,100.0,384.0,0.0,484.0,165.0,165.0,0.0,0,319.0,384.0,57.419999999999995,0.0,384.0,1,0.03932876712328767,0.0,0.0,0.625,0.6643287671232877
2025-10-31,Butter,Manual par-level baseline,63.0,60.0,0.0,123.0,51.0,51.0,0.0,0,72.0,120.0,68.4,0.3333333333333333,120.0,1,0.04684931506849315,0.0,0.0,0.625,0.6718493150684931
2025-10-31,Cheese Slices,Manual par-level baseline,173.0,150.0,0.0,323.0,155.0,155.0,0.0,0,168.0,300.0,36.96,0.21428571428571427,300.0,1,0.025315068493150687,0.0,0.0,0.625,0.6503150684931507
2025-10-31,Chicken Breast,Manual par-level baseline,161.0,200.0,0.0,361.0,132.0,132.0,0.0,0,229.0,340.0,412.2,0.25327510917030566,340.0,1,0.28232876712328764,0.0,0.0,0.625,0.9073287671232877
2025-10-31,Coffee Beans,Manual par-level baseline,39.0,90.0,0.0,129.0,48.0,48.0,0.0,0,81.0,144.0,170.1,0.0,144.0,1,0.1165068493150685,0.0,0.0,0.625,0.7415068493150685
2025-10-31,Cooking Oil,Manual par-level baseline,11.0,60.0,0.0,71.0,32.0,32.0,0.0,0,39.0,120.0,62.400000000000006,0.0,120.0,1,0.042739726027397264,0.0,0.0,0.625,0.6677397260273973
2025-10-31,Eggs,Manual par-level baseline,177.0,90.0,0.0,267.0,82.0,82.0,0.0,0,185.0,180.0,29.6,1.027027027027027,180.0,1,0.020273972602739727,0.0,0.0,0.625,0.6452739726027398
2025-10-31,Fries (Potatoes),Manual par-level baseline,282.0,280.0,0.0,562.0,220.0,220.0,0.0,0,342.0,480.0,102.6,0.36257309941520466,480.0,1,0.07027397260273972,0.0,0.0,0.625,0.6952739726027397
2025-10-31,Gluten-free Buns,Manual par-level baseline,24.0,12.0,0.0,36.0,0.0,0.0,0.0,0,36.0,24.0,19.8,1.3333333333333333,24.0,1,0.013561643835616439,0.0,0.0,0.625,0.6385616438356164
2025-10-31,Lettuce,Manual par-level baseline,134.0,96.0,0.0,230.0,56.0,56.0,0.0,0,174.0,252.0,104.39999999999999,0.896551724137931,252.0,1,0.07150684931506848,0.0,0.0,0.625,0.6965068493150685
2025-10-31,Milk,Manual par-level baseline,108.0,168.0,0.0,276.0,92.0,92.0,0.0,0,184.0,240.0,138.0,0.17391304347826086,240.0,1,0.09452054794520547,0.0,0.0,0.625,0.7195205479452055
2025-10-31,Mushrooms,Manual par-level baseline,82.0,30.0,0.0,112.0,58.0,58.0,0.0,0,54.0,150.0,29.700000000000003,0.8888888888888888,150.0,1,0.02034246575342466,0.0,0.0,0.625,0.6453424657534247
2025-10-31,Onions,Manual par-level baseline,132.0,80.0,0.0,212.0,61.0,61.0,0.0,0,151.0,200.0,37.75,0.9403973509933775,200.0,1,0.025856164383561645,0.0,0.0,0.625,0.6508561643835616
2025-10-31,Salmon Fillet,Manual par-level baseline,42.0,60.0,0.0,102.0,62.0,62.0,0.0,0,40.0,120.0,128.0,0.0,120.0,1,0.08767123287671234,0.0,0.0,0.625,0.7126712328767123
2025-10-31,Seasonal Berries,Manual par-level baseline,8.0,6.0,0.0,14.0,9.0,9.0,0.0,0,5.0,12.0,7.0,0.0,12.0,1,0.004794520547945206,0.0,0.0,0.625,0.6297945205479452
2025-10-31,Soft Drinks,Manual par-level baseline,334.0,144.0,0.0,478.0,92.0,92.0,0.0,0,386.0,336.0,154.4,1.2694300518134716,336.0,1,0.10575342465753426,0.0,0.0,0.625,0.7307534246575342
2025-10-31,Tomatoes,Manual par-level baseline,194.0,84.0,0.0,278.0,88.0,88.0,0.0,0,190.0,228.0,85.5,1.1157894736842104,228.0,1,0.058561643835616434,0.0,0.0,0.625,0.6835616438356165
2025-10-31,Truffle Oil,Manual par-level baseline,4.0,10.0,0.0,14.0,0.0,0.0,0.0,0,14.0,18.0,119.0,0.5714285714285714,18.0,1,0.08150684931506849,0.0,0.0,0.625,0.7065068493150685
2025-10-31,Vegan Cheese,Manual par-level baseline,22.0,12.0,0.0,34.0,11.0,11.0,0.0,0,23.0,12.0,14.950000000000001,0.9565217391304348,12.0,1,0.010239726027397261,0.0,0.0,0.625,0.6352397260273973
2025-11-01,Bacon,Manual par-level baseline,131.0,0.0,0.0,131.0,70.0,70.0,0.0,0,61.0,160.0,67.10000000000001,1.0,0.0,0,0.04595890410958904,0.0,0.0,0.0,0.04595890410958904
2025-11-01,Burger Buns,Manual par-level baseline,319.0,0.0,0.0,319.0,161.0,161.0,0.0,0,158.0,384.0,28.439999999999998,1.0,0.0,0,0.01947945205479452,0.0,0.0,0.0,0.01947945205479452
2025-11-01,Butter,Manual par-level baseline,72.0,0.0,0.0,72.0,49.0,49.0,0.0,0,23.0,120.0,21.849999999999998,1.0,0.0,0,0.014965753424657535,0.0,0.0,0.0,0.014965753424657535
2025-11-01,Cheese Slices,Manual par-level baseline,168.0,0.0,0.0,168.0,112.0,112.0,0.0,0,56.0,300.0,12.32,1.0,0.0,0,0.008438356164383562,0.0,0.0,0.0,0.008438356164383562
2025-11-01,Chicken Breast,Manual par-level baseline,229.0,0.0,0.0,229.0,123.0,123.0,0.0,0,106.0,340.0,190.8,1.0,0.0,0,0.13068493150684932,0.0,0.0,0.0,0.13068493150684932
2025-11-01,Coffee Beans,Manual par-level baseline,81.0,0.0,0.0,81.0,55.0,55.0,0.0,0,26.0,144.0,54.6,1.0,0.0,0,0.0373972602739726,0.0,0.0,0.0,0.0373972602739726
2025-11-01,Cooking Oil,Manual par-level baseline,39.0,0.0,0.0,39.0,39.0,39.0,0.0,0,0.0,120.0,0.0,0.0,0.0,0,0.0,0.0,0.0,0.0,0.0
2025-11-01,Eggs,Manual par-level baseline,185.0,0.0,0.0,185.0,87.0,87.0,0.0,0,98.0,180.0,15.68,1.163265306122449,0.0,0,0.010739726027397261,0.0,0.0,0.0,0.010739726027397261
2025-11-01,Fries (Potatoes),Manual par-level baseline,342.0,0.0,0.0,342.0,214.0,214.0,0.0,0,128.0,480.0,38.4,1.0,0.0,0,0.026301369863013697,0.0,0.0,0.0,0.026301369863013697
2025-11-01,Gluten-free Buns,Manual par-level baseline,36.0,0.0,24.0,12.0,17.0,12.0,5.0,1,0.0,24.0,0.0,0.0,0.0,0,0.0,14.400000000000002,5.5,0.0,19.900000000000002
2025-11-01,Lettuce,Manual par-level baseline,174.0,0.0,0.0,174.0,104.0,104.0,0.0,0,70.0,252.0,42.0,1.0,0.0,0,0.02876712328767123,0.0,0.0,0.0,0.02876712328767123
2025-11-01,Milk,Manual par-level baseline,184.0,0.0,0.0,184.0,95.0,95.0,0.0,0,89.0,240.0,66.75,1.0,0.0,0,0.04571917808219177,0.0,0.0,0.0,0.04571917808219177
2025-11-01,Mushrooms,Manual par-level baseline,54.0,0.0,0.0,54.0,53.0,53.0,0.0,0,1.0,150.0,0.55,1.0,0.0,0,0.0003767123287671233,0.0,0.0,0.0,0.0003767123287671233
2025-11-01,Onions,Manual par-level baseline,151.0,0.0,0.0,151.0,82.0,82.0,0.0,0,69.0,200.0,17.25,1.0,0.0,0,0.011815068493150685,0.0,0.0,0.0,0.011815068493150685
2025-11-01,Salmon Fillet,Manual par-level baseline,40.0,0.0,0.0,40.0,53.0,40.0,13.0,1,0.0,120.0,0.0,0.0,0.0,0,0.0,0.0,83.2,0.0,83.2
2025-11-01,Seasonal Berries,Manual par-level baseline,5.0,0.0,0.0,5.0,13.0,5.0,8.0,1,0.0,12.0,0.0,0.0,0.0,0,0.0,0.0,22.4,0.0,22.4
2025-11-01,Soft Drinks,Manual par-level baseline,386.0,0.0,0.0,386.0,155.0,155.0,0.0,0,231.0,336.0,92.4,1.7532467532467533,0.0,0,0.06328767123287672,0.0,0.0,0.0,0.06328767123287672
2025-11-01,Tomatoes,Manual par-level baseline,190.0,0.0,0.0,190.0,133.0,133.0,0.0,0,57.0,228.0,25.650000000000002,1.0,0.0,0,0.01756849315068493,0.0,0.0,0.0,0.01756849315068493
2025-11-01,Truffle Oil,Manual par-level baseline,14.0,0.0,0.0,14.0,7.0,7.0,0.0,0,7.0,18.0,59.5,1.0,0.0,0,0.040753424657534246,0.0,0.0,0.0,0.040753424657534246
2025-11-01,Vegan Cheese,Manual par-level baseline,23.0,0.0,0.0,23.0,0.0,0.0,0.0,0,23.0,12.0,14.950000000000001,1.9565217391304348,0.0,0,0.010239726027397261,0.0,0.0,0.0,0.010239726027397261
2025-11-02,Bacon,Manual par-level baseline,61.0,160.0,0.0,221.0,84.0,84.0,0.0,0,137.0,0.0,150.70000000000002,0.0,0.0,0,0.10321917808219179,0.0,0.0,0.0,0.10321917808219179
2025-11-02,Burger Buns,Manual par-level baseline,158.0,384.0,0.0,542.0,258.0,258.0,0.0,0,284.0,0.0,51.12,0.0,0.0,0,0.03501369863013699,0.0,0.0,0.0,0.03501369863013699
2025-11-02,Butter,Manual par-level baseline,23.0,120.0,0.0,143.0,42.0,42.0,0.0,0,101.0,0.0,95.94999999999999,0.0,0.0,0,0.06571917808219178,0.0,0.0,0.0,0.06571917808219178
2025-11-02,Cheese Slices,Manual par-level baseline,56.0,300.0,0.0,356.0,112.0,112.0,0.0,0,244.0,0.0,53.68,0.0,0.0,0,0.03676712328767123,0.0,0.0,0.0,0.03676712328767123
2025-11-02,Chicken Breast,Manual par-level baseline,106.0,340.0,0.0,446.0,132.0,132.0,0.0,0,314.0,0.0,565.2,0.0,0.0,0,0.3871232876712329,0.0,0.0,0.0,0.3871232876712329
2025-11-02,Coffee Beans,Manual par-level baseline,26.0,144.0,0.0,170.0,45.0,45.0,0.0,0,125.0,0.0,262.5,0.0,0.0,0,0.1797945205479452,0.0,0.0,0.0,0.1797945205479452
2025-11-02,Cooking Oil,Manual par-level baseline,0.0,120.0,0.0,120.0,36.0,36.0,0.0,0,84.0,0.0,134.4,0.0,0.0,0,0.09205479452054796,0.0,0.0,0.0,0.09205479452054796
2025-11-02,Eggs,Manual par-level baseline,98.0,180.0,0.0,278.0,83.0,83.0,0.0,0,195.0,0.0,31.2,0.15384615384615385,0.0,0,0.021369863013698632,0.0,0.0,0.0,0.021369863013698632
2025-11-02,Fries (Potatoes),Manual par-level baseline,128.0,480.0,0.0,608.0,190.0,190.0,0.0,0,418.0,0.0,125.39999999999999,0.0,0.0,0,0.08589041095890411,0.0,0.0,0.0,0.08589041095890411
2025-11-02,Gluten-free Buns,Manual par-level baseline,0.0,24.0,0.0,24.0,0.0,0.0,0.0,0,24.0,0.0,13.200000000000001,0.0,0.0,0,0.00904109589041096,0.0,0.0,0.0,0.00904109589041096
2025-11-02,Lettuce,Manual par-level baseline,70.0,252.0,0.0,322.0,100.0,100.0,0.0,0,222.0,0.0,133.2,0.0,0.0,0,0.09123287671232876,0.0,0.0,0.0,0.09123287671232876
2025-11-02,Milk,Manual par-level baseline,89.0,240.0,0.0,329.0,99.0,99.0,0.0,0,230.0,0.0,172.5,0.0,0.0,0,0.11815068493150684,0.0,0.0,0.0,0.11815068493150684
2025-11-02,Mushrooms,Manual par-level baseline,1.0,150.0,0.0,151.0,44.0,44.0,0.0,0,107.0,0.0,58.85,0.0,0.0,0,0.040308219178082194,0.0,0.0,0.0,0.040308219178082194
2025-11-02,Onions,Manual par-level baseline,69.0,200.0,0.0,269.0,67.0,67.0,0.0,0,202.0,0.0,50.5,0.019801980198019802,0.0,0,0.034589041095890415,0.0,0.0,0.0,0.034589041095890415
2025-11-02,Salmon Fillet,Manual par-level baseline,0.0,120.0,0.0,120.0,57.0,57.0,0.0,0,63.0,0.0,201.60000000000002,0.0,0.0,0,0.13808219178082193,0.0,0.0,0.0,0.13808219178082193
2025-11-02,Seasonal Berries,Manual par-level baseline,0.0,12.0,0.0,12.0,18.0,12.0,6.0,1,0.0,0.0,0.0,0.0,0.0,0,0.0,0.0,16.799999999999997,0.0,16.799999999999997
2025-11-02,Soft Drinks,Manual par-level baseline,231.0,336.0,0.0,567.0,143.0,143.0,0.0,0,424.0,0.0,169.60000000000002,0.41509433962264153,0.0,0,0.11616438356164385,0.0,0.0,0.0,0.11616438356164385
2025-11-02,Tomatoes,Manual par-level baseline,57.0,228.0,0.0,285.0,108.0,108.0,0.0,0,177.0,0.0,79.65,0.0,0.0,0,0.05455479452054794,0.0,0.0,0.0,0.05455479452054794
2025-11-02,Truffle Oil,Manual par-level baseline,7.0,18.0,0.0,25.0,0.0,0.0,0.0,0,25.0,0.0,212.5,0.56,0.0,0,0.14554794520547945,0.0,0.0,0.0,0.14554794520547945
2025-11-02,Vegan Cheese,Manual par-level baseline,23.0,12.0,0.0,35.0,8.0,8.0,0.0,0,27.0,0.0,17.55,1.3333333333333333,0.0,0,0.012020547945205481,0.0,0.0,0.0,0.012020547945205481
2025-11-03,Bacon,Manual par-level baseline,137.0,0.0,0.0,137.0,54.0,54.0,0.0,0,83.0,160.0,91.30000000000001,1.0,160.0,1,0.06253424657534247,0.0,0.0,0.6578947368421053,0.7204289834174478
2025-11-03,Burger Buns,Manual par-level baseline,284.0,0.0,0.0,284.0,104.0,104.0,0.0,0,180.0,432.0,32.4,1.0,432.0,1,0.022191780821917806,0.0,0.0,0.6578947368421053,0.6800865176640232
2025-11-03,Butter,Manual par-level baseline,101.0,0.0,0.0,101.0,40.0,40.0,0.0,0,61.0,84.0,57.949999999999996,1.0,84.0,1,0.03969178082191781,0.0,0.0,0.6578947368421053,0.6975865176640231
2025-11-03,Cheese Slices,Manual par-level baseline,244.0,0.0,0.0,244.0,75.0,75.0,0.0,0,169.0,250.0,37.18,1.0,250.0,1,0.025465753424657536,0.0,0.0,0.6578947368421053,0.6833604902667628
2025-11-03,Chicken Breast,Manual par-level baseline,314.0,0.0,0.0,314.0,87.0,87.0,0.0,0,227.0,240.0,408.6,1.0,240.0,1,0.27986301369863015,0.0,0.0,0.6578947368421053,0.9377577505407355
2025-11-03,Coffee Beans,Manual par-level baseline,125.0,0.0,0.0,125.0,37.0,37.0,0.0,0,88.0,96.0,184.8,1.0,96.0,1,0.12657534246575342,0.0,0.0,0.6578947368421053,0.7844700793078587
2025-11-03,Cooking Oil,Manual par-level baseline,84.0,0.0,0.0,84.0,21.0,21.0,0.0,0,63.0,68.0,100.80000000000001,1.0,68.0,1,0.06904109589041096,0.0,0.0,0.6578947368421053,0.7269358327325163
2025-11-03,Eggs,Manual par-level baseline,195.0,0.0,0.0,195.0,45.0,45.0,0.0,0,150.0,150.0,24.0,1.0,150.0,1,0.016438356164383564,0.0,0.0,0.6578947368421053,0.6743330930064889
2025-11-03,Fries (Potatoes),Manual par-level baseline,418.0,0.0,0.0,418.0,82.0,82.0,0.0,0,336.0,400.0,100.8,1.0,400.0,1,0.06904109589041095,0.0,0.0,0.6578947368421053,0.7269358327325163
2025-11-03,Gluten-free Buns,Manual par-level baseline,24.0,0.0,0.0,24.0,12.0,12.0,0.0,0,12.0,12.0,6.6000000000000005,1.0,12.0,1,0.00452054794520548,0.0,0.0,0.6578947368421053,0.6624152847873108
2025-11-03,Lettuce,Manual par-level baseline,222.0,0.0,0.0,222.0,55.0,55.0,0.0,0,167.0,156.0,100.2,1.0,156.0,1,0.06863013698630137,0.0,0.0,0.6578947368421053,0.7265248738284067
2025-11-03,Milk,Manual par-level baseline,230.0,0.0,0.0,230.0,76.0,76.0,0.0,0,154.0,168.0,115.5,1.0,168.0,1,0.07910958904109588,0.0,0.0,0.6578947368421053,0.7370043258832012
2025-11-03,Mushrooms,Manual par-level baseline,107.0,0.0,0.0,107.0,25.0,25.0,0.0,0,82.0,100.0,45.1,1.0,100.0,1,0.03089041095890411,0.0,0.0,0.6578947368421053,0.6887851478010094
2025-11-03,Onions,Manual par-level baseline,202.0,0.0,0.0,202.0,46.0,46.0,0.0,0,156.0,120.0,39.0,1.0,120.0,1,0.02671232876712329,0.0,0.0,0.6578947368421053,0.6846070656092286
2025-11-03,Salmon Fillet,Manual par-level baseline,63.0,0.0,0.0,63.0,29.0,29.0,0.0,0,34.0,120.0,108.80000000000001,1.0,120.0,1,0.07452054794520549,0.0,0.0,0.6578947368421053,0.7324152847873108
2025-11-03,Seasonal Berries,Manual par-level baseline,0.0,0.0,0.0,0.0,0.0,0.0,0.0,0,0.0,24.0,0.0,0.0,24.0,1,0.0,0.0,0.0,0.6578947368421053,0.6578947368421053
2025-11-03,Soft Drinks,Manual par-level baseline,424.0,0.0,0.0,424.0,83.0,83.0,0.0,0,341.0,192.0,136.4,1.029325513196481,192.0,1,0.09342465753424659,0.0,0.0,0.6578947368421053,0.7513193943763519
2025-11-03,Tomatoes,Manual par-level baseline,177.0,0.0,0.0,177.0,63.0,63.0,0.0,0,114.0,228.0,51.300000000000004,1.0,228.0,1,0.03513698630136986,0.0,0.0,0.6578947368421053,0.6930317231434752
2025-11-03,Truffle Oil,Manual par-level baseline,25.0,0.0,0.0,25.0,0.0,0.0,0.0,0,25.0,0.0,212.5,1.56,0.0,1,0.14554794520547945,0.0,0.0,0.0,0.14554794520547945
2025-11-03,Vegan Cheese,Manual par-level baseline,27.0,0.0,0.0,27.0,0.0,0.0,0.0,0,27.0,12.0,17.55,2.3333333333333335,12.0,1,0.012020547945205481,0.0,0.0,0.6578947368421053,0.6699152847873108
2025-11-04,Bacon,Manual par-level baseline,83.0,0.0,0.0,83.0,43.0,43.0,0.0,0,40.0,160.0,44.0,2.0,0.0,0,0.030136986301369864,0.0,0.0,0.0,0.030136986301369864
2025-11-04,Burger Buns,Manual par-level baseline,180.0,0.0,0.0,180.0,91.0,91.0,0.0,0,89.0,432.0,16.02,2.0,0.0,0,0.010972602739726027,0.0,0.0,0.0,0.010972602739726027
2025-11-04,Butter,Manual par-level baseline,61.0,0.0,0.0,61.0,21.0,21.0,0.0,0,40.0,84.0,38.0,2.0,0.0,0,0.026027397260273973,0.0,0.0,0.0,0.026027397260273973
2025-11-04,Cheese Slices,Manual par-level baseline,169.0,0.0,0.0,169.0,87.0,87.0,0.0,0,82.0,250.0,18.04,2.0,0.0,0,0.012356164383561645,0.0,0.0,0.0,0.012356164383561645
2025-11-04,Chicken Breast,Manual par-level baseline,227.0,0.0,0.0,227.0,83.0,83.0,0.0,0,144.0,240.0,259.2,2.0,0.0,0,0.17753424657534245,0.0,0.0,0.0,0.17753424657534245
2025-11-04,Coffee Beans,Manual par-level baseline,88.0,0.0,0.0,88.0,42.0,42.0,0.0,0,46.0,96.0,96.60000000000001,2.0,0.0,0,0.06616438356164384,0.0,0.0,0.0,0.06616438356164384
2025-11-04,Cooking Oil,Manual par-level baseline,63.0,0.0,0.0,63.0,42.0,42.0,0.0,0,21.0,68.0,33.6,2.0,0.0,0,0.02301369863013699,0.0,0.0,0.0,0.02301369863013699
2025-11-04,Eggs,Manual par-level baseline,150.0,0.0,0.0,150.0,45.0,45.0,0.0,0,105.0,150.0,16.8,2.0,0.0,0,0.011506849315068493,0.0,0.0,0.0,0.011506849315068493
2025-11-04,Fries (Potatoes),Manual par-level baseline,336.0,0.0,0.0,336.0,112.0,112.0,0.0,0,224.0,400.0,67.2,2.0,0.0,0,0.04602739726027397,0.0,0.0,0.0,0.04602739726027397
2025-11-04,Gluten-free Buns,Manual par-level baseline,12.0,0.0,0.0,12.0,6.0,6.0,0.0,0,6.0,12.0,3.3000000000000003,2.0,0.0,0,0.00226027397260274,0.0,0.0,0.0,0.00226027397260274
2025-11-04,Lettuce,Manual par-level baseline,167.0,0.0,0.0,167.0,49.0,49.0,0.0,0,118.0,156.0,70.8,2.0,0.0,0,0.048493150684931506,0.0,0.0,0.0,0.048493150684931506
2025-11-04,Milk,Manual par-level baseline,154.0,0.0,0.0,154.0,72.0,72.0,0.0,0,82.0,168.0,61.5,2.0,0.0,0,0.04212328767123287,0.0,0.0,0.0,0.04212328767123287
2025-11-04,Mushrooms,Manual par-level baseline,82.0,0.0,0.0,82.0,22.0,22.0,0.0,0,60.0,100.0,33.0,2.0,0.0,0,0.022602739726027398,0.0,0.0,0.0,0.022602739726027398
2025-11-04,Onions,Manual par-level baseline,156.0,0.0,0.0,156.0,46.0,46.0,0.0,0,110.0,120.0,27.5,2.0,0.0,0,0.018835616438356163,0.0,0.0,0.0,0.018835616438356163
2025-11-04,Salmon Fillet,Manual par-level baseline,34.0,0.0,0.0,34.0,28.0,28.0,0.0,0,6.0,120.0,19.200000000000003,2.0,0.0,0,0.01315068493150685,0.0,0.0,0.0,0.01315068493150685
2025-11-04,Seasonal Berries,Manual par-level baseline,0.0,0.0,0.0,0.0,8.0,0.0,8.0,1,0.0,24.0,0.0,0.0,0.0,0,0.0,0.0,22.4,0.0,22.4
2025-11-04,Soft Drinks,Manual par-level baseline,341.0,0.0,0.0,341.0,67.0,67.0,0.0,0,274.0,192.0,109.60000000000001,2.0,0.0,0,0.07506849315068494,0.0,0.0,0.0,0.07506849315068494
2025-11-04,Tomatoes,Manual par-level baseline,114.0,0.0,0.0,114.0,53.0,53.0,0.0,0,61.0,228.0,27.45,2.0,0.0,0,0.018801369863013697,0.0,0.0,0.0,0.018801369863013697
2025-11-04,Truffle Oil,Manual par-level baseline,25.0,0.0,0.0,25.0,0.0,0.0,0.0,0,25.0,0.0,212.5,2.56,0.0,0,0.14554794520547945,0.0,0.0,0.0,0.14554794520547945
2025-11-04,Vegan Cheese,Manual par-level baseline,27.0,0.0,0.0,27.0,8.0,8.0,0.0,0,19.0,12.0,12.350000000000001,2.736842105263158,0.0,0,0.008458904109589042,0.0,0.0,0.0,0.008458904109589042
2025-11-05,Bacon,Manual par-level baseline,40.0,160.0,0.0,200.0,51.0,51.0,0.0,0,149.0,90.0,163.9,0.0,90.0,1,0.11226027397260274,0.0,0.0,0.7352941176470589,0.8475543916196616
2025-11-05,Burger Buns,Manual par-level baseline,89.0,432.0,89.0,432.0,110.0,110.0,0.0,0,322.0,240.0,57.96,0.0,240.0,1,0.0396986301369863,20.47,0.0,0.7352941176470589,21.244992747784043
2025-11-05,Butter,Manual par-level baseline,40.0,84.0,0.0,124.0,43.0,43.0,0.0,0,81.0,60.0,76.95,0.0,60.0,1,0.052705479452054796,0.0,0.0,0.7352941176470589,0.7879995970991137
2025-11-05,Cheese Slices,Manual par-level baseline,82.0,250.0,0.0,332.0,92.0,92.0,0.0,0,240.0,150.0,52.8,0.0,150.0,1,0.03616438356164384,0.0,0.0,0.7352941176470589,0.7714585012087027
2025-11-05,Chicken Breast,Manual par-level baseline,144.0,240.0,0.0,384.0,82.0,82.0,0.0,0,302.0,170.0,543.6,0.6158940397350994,170.0,1,0.37232876712328766,0.0,0.0,0.7352941176470589,1.1076228847703464
2025-11-05,Coffee Beans,Manual par-level baseline,46.0,96.0,0.0,142.0,42.0,42.0,0.0,0,100.0,84.0,210.00000000000003,0.12,84.0,1,0.14383561643835616,0.0,0.0,0.7352941176470589,0.8791297340854151
2025-11-05,Cooking Oil,Manual par-level baseline,21.0,68.0,0.0,89.0,25.0,25.0,0.0,0,64.0,64.0,102.4,0.0,64.0,1,0.07013698630136987,0.0,0.0,0.7352941176470589,0.8054311039484288
2025-11-05,Eggs,Manual par-level baseline,105.0,150.0,0.0,255.0,57.0,57.0,0.0,0,198.0,90.0,31.68,0.7272727272727273,90.0,1,0.0216986301369863,0.0,0.0,0.7352941176470589,0.7569927477840451
2025-11-05,Fries (Potatoes),Manual par-level baseline,224.0,400.0,0.0,624.0,153.0,153.0,0.0,0,471.0,180.0,141.3,0.45222929936305734,180.0,1,0.09678082191780821,0.0,0.0,0.7352941176470589,0.8320749395648671
2025-11-05,Gluten-free Buns,Manual par-level baseline,6.0,12.0,6.0,12.0,9.0,9.0,0.0,0,3.0,24.0,1.6500000000000001,0.0,24.0,1,0.00113013698630137,3.6000000000000005,0.0,0.7352941176470589,4.336424254633361
2025-11-05,Lettuce,Manual par-level baseline,118.0,156.0,0.0,274.0,75.0,75.0,0.0,0,199.0,108.0,119.39999999999999,0.6482412060301508,108.0,1,0.08178082191780821,0.0,0.0,0.7352941176470589,0.8170749395648671
2025-11-05,Milk,Manual par-level baseline,82.0,168.0,0.0,250.0,67.0,67.0,0.0,0,183.0,144.0,137.25,0.2459016393442623,144.0,1,0.09400684931506849,0.0,0.0,0.7352941176470589,0.8293009669621274
2025-11-05,Mushrooms,Manual par-level baseline,60.0,100.0,0.0,160.0,41.0,41.0,0.0,0,119.0,40.0,65.45,0.4789915966386555,40.0,1,0.04482876712328767,0.0,0.0,0.7352941176470589,0.7801228847703465
2025-11-05,Onions,Manual par-level baseline,110.0,120.0,0.0,230.0,57.0,57.0,0.0,0,173.0,100.0,43.25,0.9190751445086706,100.0,1,0.029623287671232876,0.0,0.0,0.7352941176470589,0.7649174053182918
2025-11-05,Salmon Fillet,Manual par-level baseline,6.0,120.0,6.0,120.0,0.0,0.0,0.0,0,120.0,60.0,384.0,0.0,60.0,1,0.263013698630137,19.500000000000004,0.0,0.7352941176470589,20.498307816277197
2025-11-05,Seasonal Berries,Manual par-level baseline,0.0,24.0,0.0,24.0,10.0,10.0,0.0,0,14.0,0.0,19.599999999999998,0.0,0.0,1,0.013424657534246575,0.0,0.0,0.0,0.013424657534246575
2025-11-05,Soft Drinks,Manual par-level baseline,274.0,192.0,0.0,466.0,111.0,111.0,0.0,0,355.0,144.0,142.0,1.3774647887323943,144.0,1,0.09726027397260276,0.0,0.0,0.7352941176470589,0.8325543916196616
2025-11-05,Tomatoes,Manual par-level baseline,61.0,228.0,0.0,289.0,71.0,71.0,0.0,0,218.0,108.0,98.10000000000001,0.0,108.0,1,0.0671917808219178,0.0,0.0,0.7352941176470589,0.8024858984689767
2025-11-05,Truffle Oil,Manual par-level baseline,25.0,0.0,0.0,25.0,0.0,0.0,0.0,0,25.0,0.0,212.5,3.56,0.0,1,0.14554794520547945,0.0,0.0,0.0,0.14554794520547945
2025-11-05,Vegan Cheese,Manual par-level baseline,19.0,12.0,0.0,31.0,9.0,9.0,0.0,0,22.0,0.0,14.3,1.3636363636363635,0.0,1,0.009794520547945206,0.0,0.0,0.0,0.009794520547945206
2025-11-06,Bacon,Manual par-level baseline,149.0,0.0,0.0,149.0,68.0,68.0,0.0,0,81.0,90.0,89.10000000000001,1.0,0.0,0,0.06102739726027397,0.0,0.0,0.0,0.06102739726027397
2025-11-06,Burger Buns,Manual par-level baseline,322.0,0.0,0.0,322.0,115.0,115.0,0.0,0,207.0,240.0,37.26,1.0,0.0,0,0.025520547945205477,0.0,0.0,0.0,0.025520547945205477
2025-11-06,Butter,Manual par-level baseline,81.0,0.0,0.0,81.0,45.0,45.0,0.0,0,36.0,60.0,34.199999999999996,1.0,0.0,0,0.023424657534246576,0.0,0.0,0.0,0.023424657534246576
2025-11-06,Cheese Slices,Manual par-level baseline,240.0,0.0,0.0,240.0,82.0,82.0,0.0,0,158.0,150.0,34.76,1.0,0.0,0,0.023808219178082193,0.0,0.0,0.0,0.023808219178082193
2025-11-06,Chicken Breast,Manual par-level baseline,302.0,0.0,62.0,240.0,87.0,87.0,0.0,0,153.0,170.0,275.40000000000003,1.0,0.0,0,0.18863013698630138,114.7,0.0,0.0,114.88863013698631
2025-11-06,Coffee Beans,Manual par-level baseline,100.0,0.0,0.0,100.0,62.0,62.0,0.0,0,38.0,84.0,79.8,1.0,0.0,0,0.054657534246575344,0.0,0.0,0.0,0.054657534246575344
2025-11-06,Cooking Oil,Manual par-level baseline,64.0,0.0,0.0,64.0,29.0,29.0,0.0,0,35.0,64.0,56.0,1.0,0.0,0,0.038356164383561646,0.0,0.0,0.0,0.038356164383561646
2025-11-06,Eggs,Manual par-level baseline,198.0,0.0,0.0,198.0,96.0,96.0,0.0,0,102.0,90.0,16.32,1.0,0.0,0,0.011178082191780823,0.0,0.0,0.0,0.011178082191780823
2025-11-06,Fries (Potatoes),Manual par-level baseline,471.0,0.0,0.0,471.0,132.0,132.0,0.0,0,339.0,180.0,101.7,1.0,0.0,0,0.06965753424657534,0.0,0.0,0.0,0.06965753424657534
2025-11-06,Gluten-free Buns,Manual par-level baseline,3.0,0.0,0.0,3.0,0.0,0.0,0.0,0,3.0,24.0,1.6500000000000001,1.0,0.0,0,0.00113013698630137,0.0,0.0,0.0,0.00113013698630137
2025-11-06,Lettuce,Manual par-level baseline,199.0,0.0,43.0,156.0,60.0,60.0,0.0,0,96.0,108.0,57.599999999999994,1.0,0.0,0,0.03945205479452055,27.95,0.0,0.0,27.98945205479452
2025-11-06,Milk,Manual par-level baseline,183.0,0.0,0.0,183.0,82.0,82.0,0.0,0,101.0,144.0,75.75,1.0,0.0,0,0.05188356164383561,0.0,0.0,0.0,0.05188356164383561
2025-11-06,Mushrooms,Manual par-level baseline,119.0,0.0,0.0,119.0,46.0,46.0,0.0,0,73.0,40.0,40.150000000000006,1.0,0.0,0,0.0275,0.0,0.0,0.0,0.0275
2025-11-06,Onions,Manual par-level baseline,173.0,0.0,0.0,173.0,51.0,51.0,0.0,0,122.0,100.0,30.5,1.0491803278688525,0.0,0,0.02089041095890411,0.0,0.0,0.0,0.02089041095890411
2025-11-06,Salmon Fillet,Manual par-level baseline,120.0,0.0,0.0,120.0,34.0,34.0,0.0,0,86.0,60.0,275.2,1.0,0.0,0,0.18849315068493153,0.0,0.0,0.0,0.18849315068493153
2025-11-06,Seasonal Berries,Manual par-level baseline,14.0,0.0,0.0,14.0,0.0,0.0,0.0,0,14.0,0.0,19.599999999999998,1.0,0.0,0,0.013424657534246575,0.0,0.0,0.0,0.013424657534246575
2025-11-06,Soft Drinks,Manual par-level baseline,355.0,0.0,0.0,355.0,100.0,100.0,0.0,0,255.0,144.0,102.00000000000001,1.7411764705882353,0.0,0,0.06986301369863014,0.0,0.0,0.0,0.06986301369863014
2025-11-06,Tomatoes,Manual par-level baseline,218.0,0.0,0.0,218.0,62.0,62.0,0.0,0,156.0,108.0,70.2,1.0,0.0,0,0.04808219178082192,0.0,0.0,0.0,0.04808219178082192
2025-11-06,Truffle Oil,Manual par-level baseline,25.0,0.0,0.0,25.0,4.0,4.0,0.0,0,21.0,0.0,178.5,4.285714285714286,0.0,0,0.12226027397260275,0.0,0.0,0.0,0.12226027397260275
2025-11-06,Vegan Cheese,Manual par-level baseline,22.0,0.0,0.0,22.0,6.0,6.0,0.0,0,16.0,0.0,10.4,1.75,0.0,0,0.007123287671232877,0.0,0.0,0.0,0.007123287671232877
2025-11-07,Bacon,Manual par-level baseline,81.0,90.0,0.0,171.0,64.0,64.0,0.0,0,107.0,200.0,117.70000000000002,0.3177570093457944,200.0,1,0.08061643835616439,0.0,0.0,0.625,0.7056164383561644
2025-11-07,Burger Buns,Manual par-level baseline,207.0,240.0,0.0,447.0,203.0,203.0,0.0,0,244.0,432.0,43.919999999999995,0.03278688524590164,432.0,1,0.030082191780821915,0.0,0.0,0.625,0.6550821917808219
2025-11-07,Butter,Manual par-level baseline,36.0,60.0,0.0,96.0,62.0,62.0,0.0,0,34.0,144.0,32.3,0.0,144.0,1,0.022123287671232877,0.0,0.0,0.625,0.6471232876712328
2025-11-07,Cheese Slices,Manual par-level baseline,158.0,150.0,0.0,308.0,154.0,154.0,0.0,0,154.0,300.0,33.88,0.05194805194805195,300.0,1,0.023205479452054797,0.0,0.0,0.625,0.6482054794520548
2025-11-07,Chicken Breast,Manual par-level baseline,153.0,170.0,0.0,323.0,127.0,127.0,0.0,0,196.0,370.0,352.8,0.2653061224489796,370.0,1,0.24164383561643835,0.0,0.0,0.625,0.8666438356164383
2025-11-07,Coffee Beans,Manual par-level baseline,38.0,84.0,0.0,122.0,41.0,41.0,0.0,0,81.0,162.0,170.1,0.0,162.0,1,0.1165068493150685,0.0,0.0,0.625,0.7415068493150685
2025-11-07,Cooking Oil,Manual par-level baseline,35.0,64.0,0.0,99.0,37.0,37.0,0.0,0,62.0,92.0,99.2,0.0,92.0,1,0.06794520547945207,0.0,0.0,0.625,0.692945205479452
2025-11-07,Eggs,Manual par-level baseline,102.0,90.0,0.0,192.0,76.0,76.0,0.0,0,116.0,240.0,18.560000000000002,0.4482758620689655,240.0,1,0.012712328767123289,0.0,0.0,0.625,0.6377123287671232
2025-11-07,Fries (Potatoes),Manual par-level baseline,339.0,180.0,0.0,519.0,203.0,203.0,0.0,0,316.0,500.0,94.8,0.8607594936708861,500.0,1,0.06493150684931506,0.0,0.0,0.625,0.689931506849315
2025-11-07,Gluten-free Buns,Manual par-level baseline,3.0,24.0,0.0,27.0,0.0,0.0,0.0,0,27.0,12.0,14.850000000000001,0.2222222222222222,12.0,1,0.01017123287671233,0.0,0.0,0.625,0.6351712328767123
2025-11-07,Lettuce,Manual par-level baseline,96.0,108.0,0.0,204.0,92.0,92.0,0.0,0,112.0,264.0,67.2,0.07142857142857142,264.0,1,0.04602739726027397,0.0,0.0,0.625,0.6710273972602739
2025-11-07,Milk,Manual par-level baseline,101.0,144.0,0.0,245.0,97.0,97.0,0.0,0,148.0,252.0,111.0,0.05405405405405406,252.0,1,0.07602739726027397,0.0,0.0,0.625,0.701027397260274
2025-11-07,Mushrooms,Manual par-level baseline,73.0,40.0,0.0,113.0,54.0,54.0,0.0,0,59.0,140.0,32.45,0.6440677966101694,140.0,1,0.022226027397260276,0.0,0.0,0.625,0.6472260273972603
2025-11-07,Onions,Manual par-level baseline,122.0,100.0,0.0,222.0,82.0,82.0,0.0,0,140.0,180.0,35.0,0.5714285714285714,180.0,1,0.023972602739726026,0.0,0.0,0.625,0.648972602739726
2025-11-07,Salmon Fillet,Manual par-level baseline,86.0,60.0,0.0,146.0,47.0,47.0,0.0,0,99.0,72.0,316.8,0.7878787878787878,72.0,1,0.21698630136986305,0.0,0.0,0.625,0.8419863013698631
2025-11-07,Seasonal Berries,Manual par-level baseline,14.0,0.0,0.0,14.0,12.0,12.0,0.0,0,2.0,18.0,2.8,2.0,18.0,1,0.0019178082191780822,0.0,0.0,0.625,0.6269178082191781
2025-11-07,Soft Drinks,Manual par-level baseline,255.0,144.0,0.0,399.0,195.0,195.0,0.0,0,204.0,360.0,81.6,0.5882352941176471,360.0,1,0.05589041095890412,0.0,0.0,0.625,0.6808904109589041
2025-11-07,Tomatoes,Manual par-level baseline,156.0,108.0,0.0,264.0,116.0,116.0,0.0,0,148.0,228.0,66.6,0.5405405405405406,228.0,1,0.045616438356164385,0.0,0.0,0.625,0.6706164383561644
2025-11-07,Truffle Oil,Manual par-level baseline,21.0,0.0,0.0,21.0,12.0,12.0,0.0,0,9.0,4.0,76.5,5.0,4.0,1,0.05239726027397261,0.0,0.0,0.625,0.6773972602739726
2025-11-07,Vegan Cheese,Manual par-level baseline,16.0,0.0,0.0,16.0,0.0,0.0,0.0,0,16.0,24.0,10.4,2.75,24.0,1,0.007123287671232877,0.0,0.0,0.625,0.6321232876712328
2025-11-08,Bacon,Manual par-level baseline,107.0,0.0,0.0,107.0,83.0,83.0,0.0,0,24.0,200.0,26.400000000000002,1.0,0.0,0,0.01808219178082192,0.0,0.0,0.0,0.01808219178082192
2025-11-08,Burger Buns,Manual par-level baseline,244.0,0.0,4.0,240.0,178.0,178.0,0.0,0,62.0,432.0,11.16,1.0,0.0,0,0.007643835616438356,0.9199999999999999,0.0,0.0,0.9276438356164383
2025-11-08,Butter,Manual par-level baseline,34.0,0.0,0.0,34.0,43.0,34.0,9.0,1,0.0,144.0,0.0,0.0,0.0,0,0.0,0.0,17.099999999999998,0.0,17.099999999999998
2025-11-08,Cheese Slices,Manual par-level baseline,154.0,0.0,0.0,154.0,116.0,116.0,0.0,0,38.0,300.0,8.36,1.0,0.0,0,0.005726027397260274,0.0,0.0,0.0,0.005726027397260274
2025-11-08,Chicken Breast,Manual par-level baseline,196.0,0.0,0.0,196.0,138.0,138.0,0.0,0,58.0,370.0,104.4,1.0,0.0,0,0.0715068493150685,0.0,0.0,0.0,0.0715068493150685
2025-11-08,Coffee Beans,Manual par-level baseline,81.0,0.0,0.0,81.0,42.0,42.0,0.0,0,39.0,162.0,81.9,1.0,0.0,0,0.05609589041095891,0.0,0.0,0.0,0.05609589041095891
2025-11-08,Cooking Oil,Manual par-level baseline,62.0,0.0,0.0,62.0,29.0,29.0,0.0,0,33.0,92.0,52.800000000000004,1.0,0.0,0,0.03616438356164384,0.0,0.0,0.0,0.03616438356164384
2025-11-08,Eggs,Manual par-level baseline,116.0,0.0,0.0,116.0,101.0,101.0,0.0,0,15.0,240.0,2.4,1.0,0.0,0,0.0016438356164383563,0.0,0.0,0.0,0.0016438356164383563
2025-11-08,Fries (Potatoes),Manual par-level baseline,316.0,0.0,0.0,316.0,190.0,190.0,0.0,0,126.0,500.0,37.8,1.0,0.0,0,0.025890410958904108,0.0,0.0,0.0,0.025890410958904108
2025-11-08,Gluten-free Buns,Manual par-level baseline,27.0,0.0,3.0,24.0,10.0,10.0,0.0,0,14.0,12.0,7.700000000000001,1.0,0.0,0,0.005273972602739726,1.8000000000000003,0.0,0.0,1.80527397260274
2025-11-08,Lettuce,Manual par-level baseline,112.0,0.0,0.0,112.0,127.0,112.0,15.0,1,0.0,264.0,0.0,0.0,0.0,0,0.0,0.0,18.0,0.0,18.0
2025-11-08,Milk,Manual par-level baseline,148.0,0.0,0.0,148.0,97.0,97.0,0.0,0,51.0,252.0,38.25,1.0,0.0,0,0.026198630136986298,0.0,0.0,0.0,0.026198630136986298
2025-11-08,Mushrooms,Manual par-level baseline,59.0,0.0,0.0,59.0,49.0,49.0,0.0,0,10.0,140.0,5.5,1.0,0.0,0,0.003767123287671233,0.0,0.0,0.0,0.003767123287671233
2025-11-08,Onions,Manual par-level baseline,140.0,0.0,0.0,140.0,95.0,95.0,0.0,0,45.0,180.0,11.25,1.0,0.0,0,0.007705479452054795,0.0,0.0,0.0,0.007705479452054795
2025-11-08,Salmon Fillet,Manual par-level baseline,99.0,0.0,39.0,60.0,62.0,60.0,2.0,1,0.0,72.0,0.0,0.0,0.0,0,0.0,126.75000000000001,12.8,0.0,139.55
2025-11-08,Seasonal Berries,Manual par-level baseline,2.0,0.0,2.0,0.0,8.0,0.0,8.0,1,0.0,18.0,0.0,0.0,0.0,0,0.0,2.9,22.4,0.0,25.299999999999997
2025-11-08,Soft Drinks,Manual par-level baseline,204.0,0.0,0.0,204.0,158.0,158.0,0.0,0,46.0,360.0,18.400000000000002,1.0,0.0,0,0.0126027397260274,0.0,0.0,0.0,0.0126027397260274
2025-11-08,Tomatoes,Manual par-level baseline,148.0,0.0,0.0,148.0,100.0,100.0,0.0,0,48.0,228.0,21.6,1.0,0.0,0,0.014794520547945205,0.0,0.0,0.0,0.014794520547945205
2025-11-08,Truffle Oil,Manual par-level baseline,9.0,0.0,0.0,9.0,8.0,8.0,0.0,0,1.0,4.0,8.5,6.0,0.0,0,0.0058219178082191785,0.0,0.0,0.0,0.0058219178082191785
2025-11-08,Vegan Cheese,Manual par-level baseline,16.0,0.0,0.0,16.0,0.0,0.0,0.0,0,16.0,24.0,10.4,3.75,0.0,0,0.007123287671232877,0.0,0.0,0.0,0.007123287671232877
2025-11-09,Bacon,Manual par-level baseline,24.0,200.0,0.0,224.0,85.0,85.0,0.0,0,139.0,0.0,152.9,0.0,0.0,0,0.10472602739726028,0.0,0.0,0.0,0.10472602739726028
2025-11-09,Burger Buns,Manual par-level baseline,62.0,432.0,0.0,494.0,166.0,166.0,0.0,0,328.0,0.0,59.04,0.0,0.0,0,0.04043835616438356,0.0,0.0,0.0,0.04043835616438356
2025-11-09,Butter,Manual par-level baseline,0.0,144.0,0.0,144.0,43.0,43.0,0.0,0,101.0,0.0,95.94999999999999,0.0,0.0,0,0.06571917808219178,0.0,0.0,0.0,0.06571917808219178
2025-11-09,Cheese Slices,Manual par-level baseline,38.0,300.0,0.0,338.0,110.0,110.0,0.0,0,228.0,0.0,50.160000000000004,0.0,0.0,0,0.03435616438356165,0.0,0.0,0.0,0.03435616438356165
2025-11-09,Chicken Breast,Manual par-level baseline,58.0,370.0,0.0,428.0,129.0,129.0,0.0,0,299.0,0.0,538.2,0.0,0.0,0,0.36863013698630137,0.0,0.0,0.0,0.36863013698630137
2025-11-09,Coffee Beans,Manual par-level baseline,39.0,162.0,0.0,201.0,46.0,46.0,0.0,0,155.0,0.0,325.5,0.0,0.0,0,0.22294520547945207,0.0,0.0,0.0,0.22294520547945207
2025-11-09,Cooking Oil,Manual par-level baseline,33.0,92.0,0.0,125.0,43.0,43.0,0.0,0,82.0,0.0,131.20000000000002,0.0,0.0,0,0.08986301369863015,0.0,0.0,0.0,0.08986301369863015
2025-11-09,Eggs,Manual par-level baseline,15.0,240.0,0.0,255.0,75.0,75.0,0.0,0,180.0,0.0,28.8,0.0,0.0,0,0.019726027397260273,0.0,0.0,0.0,0.019726027397260273
2025-11-09,Fries (Potatoes),Manual par-level baseline,126.0,500.0,0.0,626.0,219.0,219.0,0.0,0,407.0,0.0,122.1,0.0,0.0,0,0.08363013698630137,0.0,0.0,0.0,0.08363013698630137
2025-11-09,Gluten-free Buns,Manual par-level baseline,14.0,12.0,0.0,26.0,23.0,23.0,0.0,0,3.0,0.0,1.6500000000000001,0.0,0.0,0,0.00113013698630137,0.0,0.0,0.0,0.00113013698630137
2025-11-09,Lettuce,Manual par-level baseline,0.0,264.0,0.0,264.0,69.0,69.0,0.0,0,195.0,0.0,117.0,0.0,0.0,0,0.08013698630136985,0.0,0.0,0.0,0.08013698630136985
2025-11-09,Milk,Manual par-level baseline,51.0,252.0,0.0,303.0,72.0,72.0,0.0,0,231.0,0.0,173.25,0.0,0.0,0,0.11866438356164383,0.0,0.0,0.0,0.11866438356164383
2025-11-09,Mushrooms,Manual par-level baseline,10.0,140.0,0.0,150.0,67.0,67.0,0.0,0,83.0,0.0,45.650000000000006,0.0,0.0,0,0.031267123287671235,0.0,0.0,0.0,0.031267123287671235
2025-11-09,Onions,Manual par-level baseline,45.0,180.0,0.0,225.0,70.0,70.0,0.0,0,155.0,0.0,38.75,0.0,0.0,0,0.026541095890410957,0.0,0.0,0.0,0.026541095890410957
2025-11-09,Salmon Fillet,Manual par-level baseline,0.0,72.0,0.0,72.0,46.0,46.0,0.0,0,26.0,0.0,83.2,0.0,0.0,0,0.05698630136986302,0.0,0.0,0.0,0.05698630136986302
2025-11-09,Seasonal Berries,Manual par-level baseline,0.0,18.0,0.0,18.0,6.0,6.0,0.0,0,12.0,0.0,16.799999999999997,0.0,0.0,0,0.011506849315068493,0.0,0.0,0.0,0.011506849315068493
2025-11-09,Soft Drinks,Manual par-level baseline,46.0,360.0,0.0,406.0,148.0,148.0,0.0,0,258.0,0.0,103.2,0.0,0.0,0,0.07068493150684932,0.0,0.0,0.0,0.07068493150684932
2025-11-09,Tomatoes,Manual par-level baseline,48.0,228.0,0.0,276.0,92.0,92.0,0.0,0,184.0,0.0,82.8,0.0,0.0,0,0.05671232876712329,0.0,0.0,0.0,0.05671232876712329
2025-11-09,Truffle Oil,Manual par-level baseline,1.0,4.0,0.0,5.0,10.0,5.0,5.0,1,0.0,0.0,0.0,0.0,0.0,0,0.0,0.0,85.0,0.0,85.0
2025-11-09,Vegan Cheese,Manual par-level baseline,16.0,24.0,0.0,40.0,14.0,14.0,0.0,0,26.0,0.0,16.900000000000002,0.3076923076923077,0.0,0,0.011575342465753426,0.0,0.0,0.0,0.011575342465753426
2025-11-10,Bacon,Manual par-level baseline,139.0,0.0,0.0,139.0,51.0,51.0,0.0,0,88.0,160.0,96.80000000000001,1.0,160.0,1,0.0663013698630137,0.0,0.0,0.625,0.6913013698630137
2025-11-10,Burger Buns,Manual par-level baseline,328.0,0.0,0.0,328.0,102.0,102.0,0.0,0,226.0,384.0,40.68,1.0,384.0,1,0.027863013698630135,0.0,0.0,0.625,0.6528630136986301
2025-11-10,Butter,Manual par-level baseline,101.0,0.0,0.0,101.0,31.0,31.0,0.0,0,70.0,108.0,66.5,1.0,108.0,1,0.04554794520547945,0.0,0.0,0.625,0.6705479452054794
2025-11-10,Cheese Slices,Manual par-level baseline,228.0,0.0,0.0,228.0,73.0,73.0,0.0,0,155.0,250.0,34.1,1.0,250.0,1,0.023356164383561646,0.0,0.0,0.625,0.6483561643835617
2025-11-10,Chicken Breast,Manual par-level baseline,299.0,0.0,0.0,299.0,83.0,83.0,0.0,0,216.0,250.0,388.8,1.0,250.0,1,0.26630136986301367,0.0,0.0,0.625,0.8913013698630137
2025-11-10,Coffee Beans,Manual par-level baseline,155.0,0.0,0.0,155.0,43.0,43.0,0.0,0,112.0,66.0,235.20000000000002,1.0,66.0,1,0.1610958904109589,0.0,0.0,0.625,0.786095890410959
2025-11-10,Cooking Oil,Manual par-level baseline,82.0,0.0,0.0,82.0,33.0,33.0,0.0,0,49.0,72.0,78.4,1.0,72.0,1,0.05369863013698631,0.0,0.0,0.625,0.6786986301369863
2025-11-10,Eggs,Manual par-level baseline,180.0,0.0,0.0,180.0,62.0,62.0,0.0,0,118.0,150.0,18.88,1.0,150.0,1,0.012931506849315069,0.0,0.0,0.625,0.6379315068493151
2025-11-10,Fries (Potatoes),Manual par-level baseline,407.0,0.0,0.0,407.0,150.0,150.0,0.0,0,257.0,380.0,77.1,1.0,380.0,1,0.05280821917808219,0.0,0.0,0.625,0.6778082191780822
2025-11-10,Gluten-free Buns,Manual par-level baseline,3.0,0.0,0.0,3.0,11.0,3.0,8.0,1,0.0,36.0,0.0,0.0,36.0,1,0.0,0.0,8.8,0.625,9.425
2025-11-10,Lettuce,Manual par-level baseline,195.0,0.0,0.0,195.0,59.0,59.0,0.0,0,136.0,168.0,81.6,1.0,168.0,1,0.0558904109589041,0.0,0.0,0.625,0.6808904109589041
2025-11-10,Milk,Manual par-level baseline,231.0,0.0,0.0,231.0,82.0,82.0,0.0,0,149.0,168.0,111.75,1.0,168.0,1,0.07654109589041096,0.0,0.0,0.625,0.7015410958904109
2025-11-10,Mushrooms,Manual par-level baseline,83.0,0.0,0.0,83.0,36.0,36.0,0.0,0,47.0,120.0,25.85,1.0,120.0,1,0.017705479452054796,0.0,0.0,0.625,0.6427054794520548
2025-11-10,Onions,Manual par-level baseline,155.0,0.0,0.0,155.0,53.0,53.0,0.0,0,102.0,160.0,25.5,1.0,160.0,1,0.017465753424657535,0.0,0.0,0.625,0.6424657534246575
2025-11-10,Salmon Fillet,Manual par-level baseline,26.0,0.0,0.0,26.0,31.0,26.0,5.0,1,0.0,150.0,0.0,0.0,150.0,1,0.0,0.0,32.0,0.625,32.625
2025-11-10,Seasonal Berries,Manual par-level baseline,12.0,0.0,0.0,12.0,6.0,6.0,0.0,0,6.0,12.0,8.399999999999999,1.0,12.0,1,0.005753424657534247,0.0,0.0,0.625,0.6307534246575343
2025-11-10,Soft Drinks,Manual par-level baseline,258.0,0.0,0.0,258.0,83.0,83.0,0.0,0,175.0,336.0,70.0,1.0,336.0,1,0.04794520547945206,0.0,0.0,0.625,0.672945205479452
2025-11-10,Tomatoes,Manual par-level baseline,184.0,0.0,0.0,184.0,51.0,51.0,0.0,0,133.0,204.0,59.85,1.0,204.0,1,0.040993150684931506,0.0,0.0,0.625,0.6659931506849315
2025-11-10,Truffle Oil,Manual par-level baseline,0.0,0.0,0.0,0.0,8.0,0.0,8.0,1,0.0,20.0,0.0,0.0,20.0,1,0.0,0.0,136.0,0.625,136.625
2025-11-10,Vegan Cheese,Manual par-level baseline,26.0,0.0,0.0,26.0,11.0,11.0,0.0,0,15.0,12.0,9.75,1.0,12.0,1,0.006678082191780822,0.0,0.0,0.625,0.6316780821917808
2025-11-11,Bacon,Manual par-level baseline,88.0,0.0,0.0,88.0,48.0,48.0,0.0,0,40.0,160.0,44.0,2.0,0.0,0,0.030136986301369864,0.0,0.0,0.0,0.030136986301369864
2025-11-11,Burger Buns,Manual par-level baseline,226.0,0.0,0.0,226.0,150.0,150.0,0.0,0,76.0,384.0,13.68,2.0,0.0,0,0.00936986301369863,0.0,0.0,0.0,0.00936986301369863
2025-11-11,Butter,Manual par-level baseline,70.0,0.0,0.0,70.0,39.0,39.0,0.0,0,31.0,108.0,29.45,2.0,0.0,0,0.02017123287671233,0.0,0.0,0.0,0.02017123287671233
2025-11-11,Cheese Slices,Manual par-level baseline,155.0,0.0,0.0,155.0,75.0,75.0,0.0,0,80.0,250.0,17.6,2.0,0.0,0,0.012054794520547946,0.0,0.0,0.0,0.012054794520547946
2025-11-11,Chicken Breast,Manual par-level baseline,216.0,0.0,0.0,216.0,81.0,81.0,0.0,0,135.0,250.0,243.0,2.0,0.0,0,0.16643835616438354,0.0,0.0,0.0,0.16643835616438354
2025-11-11,Coffee Beans,Manual par-level baseline,112.0,0.0,0.0,112.0,45.0,45.0,0.0,0,67.0,66.0,140.70000000000002,2.0,0.0,0,0.09636986301369863,0.0,0.0,0.0,0.09636986301369863
2025-11-11,Cooking Oil,Manual par-level baseline,49.0,0.0,0.0,49.0,34.0,34.0,0.0,0,15.0,72.0,24.0,2.0,0.0,0,0.016438356164383564,0.0,0.0,0.0,0.016438356164383564
2025-11-11,Eggs,Manual par-level baseline,118.0,0.0,0.0,118.0,40.0,40.0,0.0,0,78.0,150.0,12.48,2.0,0.0,0,0.008547945205479452,0.0,0.0,0.0,0.008547945205479452
2025-11-11,Fries (Potatoes),Manual par-level baseline,257.0,0.0,0.0,257.0,151.0,151.0,0.0,0,106.0,380.0,31.799999999999997,2.0,0.0,0,0.021780821917808217,0.0,0.0,0.0,0.021780821917808217
2025-11-11,Gluten-free Buns,Manual par-level baseline,0.0,0.0,0.0,0.0,8.0,0.0,8.0,1,0.0,36.0,0.0,0.0,0.0,0,0.0,0.0,8.8,0.0,8.8
2025-11-11,Lettuce,Manual par-level baseline,136.0,0.0,0.0,136.0,50.0,50.0,0.0,0,86.0,168.0,51.6,2.0,0.0,0,0.03534246575342465,0.0,0.0,0.0,0.03534246575342465
2025-11-11,Milk,Manual par-level baseline,149.0,0.0,0.0,149.0,85.0,85.0,0.0,0,64.0,168.0,48.0,2.0,0.0,0,0.03287671232876712,0.0,0.0,0.0,0.03287671232876712
2025-11-11,Mushrooms,Manual par-level baseline,47.0,0.0,0.0,47.0,42.0,42.0,0.0,0,5.0,120.0,2.75,2.0,0.0,0,0.0018835616438356165,0.0,0.0,0.0,0.0018835616438356165
2025-11-11,Onions,Manual par-level baseline,102.0,0.0,0.0,102.0,60.0,60.0,0.0,0,42.0,160.0,10.5,2.0,0.0,0,0.007191780821917808,0.0,0.0,0.0,0.007191780821917808
2025-11-11,Salmon Fillet,Manual par-level baseline,0.0,0.0,0.0,0.0,34.0,0.0,34.0,1,0.0,150.0,0.0,0.0,0.0,0,0.0,0.0,217.60000000000002,0.0,217.60000000000002
2025-11-11,Seasonal Berries,Manual par-level baseline,6.0,0.0,0.0,6.0,0.0,0.0,0.0,0,6.0,12.0,8.399999999999999,2.0,0.0,0,0.005753424657534247,0.0,0.0,0.0,0.005753424657534247
2025-11-11,Soft Drinks,Manual par-level baseline,175.0,0.0,0.0,175.0,83.0,83.0,0.0,0,92.0,336.0,36.800000000000004,2.0,0.0,0,0.0252054794520548,0.0,0.0,0.0,0.0252054794520548
2025-11-11,Tomatoes,Manual par-level baseline,133.0,0.0,0.0,133.0,68.0,68.0,0.0,0,65.0,204.0,29.25,2.0,0.0,0,0.020034246575342467,0.0,0.0,0.0,0.020034246575342467
2025-11-11,Truffle Oil,Manual par-level baseline,0.0,0.0,0.0,0.0,0.0,0.0,0.0,0,0.0,20.0,0.0,0.0,0.0,0,0.0,0.0,0.0,0.0,0.0
2025-11-11,Vegan Cheese,Manual par-level baseline,15.0,0.0,0.0,15.0,5.0,5.0,0.0,0,10.0,12.0,6.5,2.0,0.0,0,0.004452054794520549,0.0,0.0,0.0,0.004452054794520549
2025-11-12,Bacon,Manual par-level baseline,40.0,160.0,0.0,200.0,55.0,55.0,0.0,0,145.0,100.0,159.5,0.0,100.0,1,0.10924657534246576,0.0,0.0,0.6578947368421053,0.767141312184571
2025-11-12,Burger Buns,Manual par-level baseline,76.0,384.0,76.0,384.0,133.0,133.0,0.0,0,251.0,336.0,45.18,0.0,336.0,1,0.030945205479452054,17.48,0.0,0.6578947368421053,18.168839942321558
2025-11-12,Butter,Manual par-level baseline,31.0,108.0,0.0,139.0,46.0,46.0,0.0,0,93.0,60.0,88.35,0.0,60.0,1,0.06051369863013699,0.0,0.0,0.6578947368421053,0.7184084354722423
2025-11-12,Cheese Slices,Manual par-level baseline,80.0,250.0,0.0,330.0,87.0,87.0,0.0,0,243.0,150.0,53.46,0.0,150.0,1,0.036616438356164384,0.0,0.0,0.6578947368421053,0.6945111751982697
2025-11-12,Chicken Breast,Manual par-level baseline,135.0,250.0,0.0,385.0,107.0,107.0,0.0,0,278.0,160.0,500.4,0.302158273381295,160.0,1,0.3427397260273973,0.0,0.0,0.6578947368421053,1.0006344628695025
2025-11-12,Coffee Beans,Manual par-level baseline,67.0,66.0,0.0,133.0,42.0,42.0,0.0,0,91.0,90.0,191.1,0.8241758241758241,90.0,1,0.1308904109589041,0.0,0.0,0.6578947368421053,0.7887851478010094
2025-11-12,Cooking Oil,Manual par-level baseline,15.0,72.0,0.0,87.0,34.0,34.0,0.0,0,53.0,68.0,84.80000000000001,0.0,68.0,1,0.058082191780821926,0.0,0.0,0.6578947368421053,0.7159769286229273
2025-11-12,Eggs,Manual par-level baseline,78.0,150.0,0.0,228.0,71.0,71.0,0.0,0,157.0,90.0,25.12,0.1337579617834395,90.0,1,0.017205479452054796,0.0,0.0,0.6578947368421053,0.6751002162941601
2025-11-12,Fries (Potatoes),Manual par-level baseline,106.0,380.0,0.0,486.0,118.0,118.0,0.0,0,368.0,320.0,110.39999999999999,0.0,320.0,1,0.07561643835616438,0.0,0.0,0.6578947368421053,0.7335111751982697
2025-11-12,Gluten-free Buns,Manual par-level baseline,0.0,36.0,0.0,36.0,9.0,9.0,0.0,0,27.0,0.0,14.850000000000001,0.0,0.0,1,0.01017123287671233,0.0,0.0,0.0,0.01017123287671233
2025-11-12,Lettuce,Manual par-level baseline,86.0,168.0,0.0,254.0,60.0,60.0,0.0,0,194.0,108.0,116.39999999999999,0.4020618556701031,108.0,1,0.07972602739726027,0.0,0.0,0.6578947368421053,0.7376207642393656
2025-11-12,Milk,Manual par-level baseline,64.0,168.0,0.0,232.0,78.0,78.0,0.0,0,154.0,168.0,115.5,0.0,168.0,1,0.07910958904109588,0.0,0.0,0.6578947368421053,0.7370043258832012
2025-11-12,Mushrooms,Manual par-level baseline,5.0,120.0,0.0,125.0,32.0,32.0,0.0,0,93.0,80.0,51.150000000000006,0.0,80.0,1,0.035034246575342466,0.0,0.0,0.6578947368421053,0.6929289834174478
2025-11-12,Onions,Manual par-level baseline,42.0,160.0,0.0,202.0,48.0,48.0,0.0,0,154.0,120.0,38.5,0.0,120.0,1,0.02636986301369863,0.0,0.0,0.6578947368421053,0.6842645998558039
2025-11-12,Salmon Fillet,Manual par-level baseline,0.0,150.0,0.0,150.0,32.0,32.0,0.0,0,118.0,18.0,377.6,0.0,18.0,1,0.2586301369863014,0.0,0.0,0.6578947368421053,0.9165248738284066
2025-11-12,Seasonal Berries,Manual par-level baseline,6.0,12.0,6.0,12.0,4.0,4.0,0.0,0,8.0,12.0,11.2,0.0,12.0,1,0.007671232876712329,8.7,0.0,0.6578947368421053,9.365565969718816
2025-11-12,Soft Drinks,Manual par-level baseline,92.0,336.0,0.0,428.0,114.0,114.0,0.0,0,314.0,144.0,125.60000000000001,0.0,144.0,1,0.08602739726027399,0.0,0.0,0.6578947368421053,0.7439221341023793
2025-11-12,Tomatoes,Manual par-level baseline,65.0,204.0,0.0,269.0,88.0,88.0,0.0,0,181.0,120.0,81.45,0.0,120.0,1,0.05578767123287671,0.0,0.0,0.6578947368421053,0.7136824080749821
2025-11-12,Truffle Oil,Manual par-level baseline,0.0,20.0,0.0,20.0,9.0,9.0,0.0,0,11.0,2.0,93.5,0.0,2.0,1,0.06404109589041096,0.0,0.0,0.6578947368421053,0.7219358327325163
2025-11-12,Vegan Cheese,Manual par-level baseline,10.0,12.0,0.0,22.0,5.0,5.0,0.0,0,17.0,12.0,11.05,0.8823529411764706,12.0,1,0.007568493150684932,0.0,0.0,0.6578947368421053,0.6654632299927903
2025-11-13,Bacon,Manual par-level baseline,145.0,0.0,0.0,145.0,64.0,64.0,0.0,0,81.0,100.0,89.10000000000001,1.0,0.0,0,0.06102739726027397,0.0,0.0,0.0,0.06102739726027397
2025-11-13,Burger Buns,Manual par-level baseline,251.0,0.0,0.0,251.0,162.0,162.0,0.0,0,89.0,336.0,16.02,1.0,0.0,0,0.010972602739726027,0.0,0.0,0.0,0.010972602739726027
2025-11-13,Butter,Manual par-level baseline,93.0,0.0,0.0,93.0,36.0,36.0,0.0,0,57.0,60.0,54.15,1.0,0.0,0,0.03708904109589041,0.0,0.0,0.0,0.03708904109589041
2025-11-13,Cheese Slices,Manual par-level baseline,243.0,0.0,0.0,243.0,85.0,85.0,0.0,0,158.0,150.0,34.76,1.0,0.0,0,0.023808219178082193,0.0,0.0,0.0,0.023808219178082193
2025-11-13,Chicken Breast,Manual par-level baseline,278.0,0.0,28.0,250.0,96.0,96.0,0.0,0,154.0,160.0,277.2,1.0,0.0,0,0.18986301369863012,51.8,0.0,0.0,51.989863013698624
2025-11-13,Coffee Beans,Manual par-level baseline,91.0,0.0,0.0,91.0,51.0,51.0,0.0,0,40.0,90.0,84.0,1.0,0.0,0,0.057534246575342465,0.0,0.0,0.0,0.057534246575342465
2025-11-13,Cooking Oil,Manual par-level baseline,53.0,0.0,0.0,53.0,27.0,27.0,0.0,0,26.0,68.0,41.6,1.0,0.0,0,0.02849315068493151,0.0,0.0,0.0,0.02849315068493151
2025-11-13,Eggs,Manual par-level baseline,157.0,0.0,0.0,157.0,65.0,65.0,0.0,0,92.0,90.0,14.72,1.0,0.0,0,0.010082191780821918,0.0,0.0,0.0,0.010082191780821918
2025-11-13,Fries (Potatoes),Manual par-level baseline,368.0,0.0,0.0,368.0,202.0,202.0,0.0,0,166.0,320.0,49.8,1.0,0.0,0,0.034109589041095886,0.0,0.0,0.0,0.034109589041095886
2025-11-13,Gluten-free Buns,Manual par-level baseline,27.0,0.0,0.0,27.0,16.0,16.0,0.0,0,11.0,0.0,6.050000000000001,1.0,0.0,0,0.004143835616438356,0.0,0.0,0.0,0.004143835616438356
2025-11-13,Lettuce,Manual par-level baseline,194.0,0.0,26.0,168.0,72.0,72.0,0.0,0,96.0,108.0,57.599999999999994,1.0,0.0,0,0.03945205479452055,16.9,0.0,0.0,16.93945205479452
2025-11-13,Milk,Manual par-level baseline,154.0,0.0,0.0,154.0,70.0,70.0,0.0,0,84.0,168.0,63.0,1.0,0.0,0,0.043150684931506846,0.0,0.0,0.0,0.043150684931506846
2025-11-13,Mushrooms,Manual par-level baseline,93.0,0.0,0.0,93.0,37.0,37.0,0.0,0,56.0,80.0,30.800000000000004,1.0,0.0,0,0.021095890410958905,0.0,0.0,0.0,0.021095890410958905
2025-11-13,Onions,Manual par-level baseline,154.0,0.0,0.0,154.0,67.0,67.0,0.0,0,87.0,120.0,21.75,1.0,0.0,0,0.014897260273972602,0.0,0.0,0.0,0.014897260273972602
2025-11-13,Salmon Fillet,Manual par-level baseline,118.0,0.0,0.0,118.0,27.0,27.0,0.0,0,91.0,18.0,291.2,1.0,0.0,0,0.19945205479452058,0.0,0.0,0.0,0.19945205479452058
2025-11-13,Seasonal Berries,Manual par-level baseline,8.0,0.0,0.0,8.0,8.0,8.0,0.0,0,0.0,12.0,0.0,0.0,0.0,0,0.0,0.0,0.0,0.0,0.0
2025-11-13,Soft Drinks,Manual par-level baseline,314.0,0.0,0.0,314.0,113.0,113.0,0.0,0,201.0,144.0,80.4,1.0,0.0,0,0.05506849315068494,0.0,0.0,0.0,0.05506849315068494
2025-11-13,Tomatoes,Manual par-level baseline,181.0,0.0,0.0,181.0,77.0,77.0,0.0,0,104.0,120.0,46.800000000000004,1.0,0.0,0,0.03205479452054794,0.0,0.0,0.0,0.03205479452054794
2025-11-13,Truffle Oil,Manual par-level baseline,11.0,0.0,0.0,11.0,0.0,0.0,0.0,0,11.0,2.0,93.5,1.0,0.0,0,0.06404109589041096,0.0,0.0,0.0,0.06404109589041096
2025-11-13,Vegan Cheese,Manual par-level baseline,17.0,0.0,0.0,17.0,12.0,12.0,0.0,0,5.0,12.0,3.25,1.0,0.0,0,0.0022260273972602744,0.0,0.0,0.0,0.0022260273972602744
2025-11-14,Bacon,Manual par-level baseline,81.0,100.0,0.0,181.0,75.0,75.0,0.0,0,106.0,190.0,116.60000000000001,0.11320754716981132,190.0,1,0.07986301369863014,0.0,0.0,0.625,0.7048630136986301
2025-11-14,Burger Buns,Manual par-level baseline,89.0,336.0,0.0,425.0,169.0,169.0,0.0,0,256.0,432.0,46.08,0.0,432.0,1,0.03156164383561644,0.0,0.0,0.625,0.6565616438356164
2025-11-14,Butter,Manual par-level baseline,57.0,60.0,0.0,117.0,35.0,35.0,0.0,0,82.0,144.0,77.9,0.5365853658536586,144.0,1,0.053356164383561645,0.0,0.0,0.625,0.6783561643835616
2025-11-14,Cheese Slices,Manual par-level baseline,158.0,150.0,0.0,308.0,114.0,114.0,0.0,0,194.0,300.0,42.68,0.4536082474226804,300.0,1,0.02923287671232877,0.0,0.0,0.625,0.6542328767123288
2025-11-14,Chicken Breast,Manual par-level baseline,154.0,160.0,0.0,314.0,138.0,138.0,0.0,0,176.0,370.0,316.8,0.18181818181818182,370.0,1,0.21698630136986302,0.0,0.0,0.625,0.841986301369863
2025-11-14,Coffee Beans,Manual par-level baseline,40.0,90.0,0.0,130.0,54.0,54.0,0.0,0,76.0,150.0,159.6,0.0,150.0,1,0.10931506849315069,0.0,0.0,0.625,0.7343150684931506
2025-11-14,Cooking Oil,Manual par-level baseline,26.0,68.0,0.0,94.0,26.0,26.0,0.0,0,68.0,104.0,108.80000000000001,0.0,104.0,1,0.07452054794520549,0.0,0.0,0.625,0.6995205479452055
2025-11-14,Eggs,Manual par-level baseline,92.0,90.0,0.0,182.0,75.0,75.0,0.0,0,107.0,240.0,17.12,0.3177570093457944,240.0,1,0.011726027397260275,0.0,0.0,0.625,0.6367260273972603
2025-11-14,Fries (Potatoes),Manual par-level baseline,166.0,320.0,0.0,486.0,181.0,181.0,0.0,0,305.0,520.0,91.5,0.0,520.0,1,0.06267123287671232,0.0,0.0,0.625,0.6876712328767123
2025-11-14,Gluten-free Buns,Manual par-level baseline,11.0,0.0,0.0,11.0,14.0,11.0,3.0,1,0.0,36.0,0.0,0.0,36.0,1,0.0,0.0,3.3000000000000003,0.625,3.9250000000000003
2025-11-14,Lettuce,Manual par-level baseline,96.0,108.0,0.0,204.0,77.0,77.0,0.0,0,127.0,240.0,76.2,0.2992125984251969,240.0,1,0.052191780821917805,0.0,0.0,0.625,0.6771917808219178
2025-11-14,Milk,Manual par-level baseline,84.0,168.0,0.0,252.0,100.0,100.0,0.0,0,152.0,240.0,114.0,0.0,240.0,1,0.07808219178082192,0.0,0.0,0.625,0.7030821917808219
2025-11-14,Mushrooms,Manual par-level baseline,56.0,80.0,0.0,136.0,63.0,63.0,0.0,0,73.0,120.0,40.150000000000006,0.0,120.0,1,0.0275,0.0,0.0,0.625,0.6525
2025-11-14,Onions,Manual par-level baseline,87.0,120.0,0.0,207.0,67.0,67.0,0.0,0,140.0,180.0,35.0,0.2857142857142857,180.0,1,0.023972602739726026,0.0,0.0,0.625,0.648972602739726
2025-11-14,Salmon Fillet,Manual par-level baseline,91.0,18.0,0.0,109.0,47.0,47.0,0.0,0,62.0,108.0,198.4,1.4193548387096775,108.0,1,0.13589041095890414,0.0,0.0,0.625,0.7608904109589041
2025-11-14,Seasonal Berries,Manual par-level baseline,0.0,12.0,0.0,12.0,10.0,10.0,0.0,0,2.0,18.0,2.8,0.0,18.0,1,0.0019178082191780822,0.0,0.0,0.625,0.6269178082191781
2025-11-14,Soft Drinks,Manual par-level baseline,201.0,144.0,0.0,345.0,127.0,127.0,0.0,0,218.0,384.0,87.2,0.6788990825688074,384.0,1,0.05972602739726028,0.0,0.0,0.625,0.6847260273972603
2025-11-14,Tomatoes,Manual par-level baseline,104.0,120.0,0.0,224.0,98.0,98.0,0.0,0,126.0,264.0,56.7,0.09523809523809523,264.0,1,0.03883561643835616,0.0,0.0,0.625,0.6638356164383562
2025-11-14,Truffle Oil,Manual par-level baseline,11.0,2.0,0.0,13.0,15.0,13.0,2.0,1,0.0,16.0,0.0,0.0,16.0,1,0.0,0.0,34.0,0.625,34.625
2025-11-14,Vegan Cheese,Manual par-level baseline,5.0,12.0,0.0,17.0,15.0,15.0,0.0,0,2.0,36.0,1.3,0.0,36.0,1,0.0008904109589041097,0.0,0.0,0.625,0.6258904109589041
2025-11-15,Bacon,Manual par-level baseline,106.0,0.0,0.0,106.0,70.0,70.0,0.0,0,36.0,190.0,39.6,1.0,0.0,0,0.027123287671232878,0.0,0.0,0.0,0.027123287671232878
2025-11-15,Burger Buns,Manual par-level baseline,256.0,0.0,0.0,256.0,159.0,159.0,0.0,0,97.0,432.0,17.46,1.0,0.0,0,0.01195890410958904,0.0,0.0,0.0,0.01195890410958904
2025-11-15,Butter,Manual par-level baseline,82.0,0.0,0.0,82.0,47.0,47.0,0.0,0,35.0,144.0,33.25,1.0,0.0,0,0.022773972602739726,0.0,0.0,0.0,0.022773972602739726
2025-11-15,Cheese Slices,Manual par-level baseline,194.0,0.0,0.0,194.0,112.0,112.0,0.0,0,82.0,300.0,18.04,1.0,0.0,0,0.012356164383561645,0.0,0.0,0.0,0.012356164383561645
2025-11-15,Chicken Breast,Manual par-level baseline,176.0,0.0,0.0,176.0,123.0,123.0,0.0,0,53.0,370.0,95.4,1.0,0.0,0,0.06534246575342466,0.0,0.0,0.0,0.06534246575342466
2025-11-15,Coffee Beans,Manual par-level baseline,76.0,0.0,0.0,76.0,51.0,51.0,0.0,0,25.0,150.0,52.5,1.0,0.0,0,0.03595890410958904,0.0,0.0,0.0,0.03595890410958904
2025-11-15,Cooking Oil,Manual par-level baseline,68.0,0.0,0.0,68.0,34.0,34.0,0.0,0,34.0,104.0,54.400000000000006,1.0,0.0,0,0.037260273972602745,0.0,0.0,0.0,0.037260273972602745
2025-11-15,Eggs,Manual par-level baseline,107.0,0.0,0.0,107.0,85.0,85.0,0.0,0,22.0,240.0,3.52,1.0,0.0,0,0.002410958904109589,0.0,0.0,0.0,0.002410958904109589
2025-11-15,Fries (Potatoes),Manual par-level baseline,305.0,0.0,0.0,305.0,209.0,209.0,0.0,0,96.0,520.0,28.799999999999997,1.0,0.0,0,0.019726027397260273,0.0,0.0,0.0,0.019726027397260273
2025-11-15,Gluten-free Buns,Manual par-level baseline,0.0,0.0,0.0,0.0,13.0,0.0,13.0,1,0.0,36.0,0.0,0.0,0.0,0,0.0,0.0,14.3,0.0,14.3
2025-11-15,Lettuce,Manual par-level baseline,127.0,0.0,0.0,127.0,80.0,80.0,0.0,0,47.0,240.0,28.2,1.0,0.0,0,0.019315068493150685,0.0,0.0,0.0,0.019315068493150685
2025-11-15,Milk,Manual par-level baseline,152.0,0.0,0.0,152.0,96.0,96.0,0.0,0,56.0,240.0,42.0,1.0,0.0,0,0.02876712328767123,0.0,0.0,0.0,0.02876712328767123
2025-11-15,Mushrooms,Manual par-level baseline,73.0,0.0,0.0,73.0,46.0,46.0,0.0,0,27.0,120.0,14.850000000000001,1.0,0.0,0,0.01017123287671233,0.0,0.0,0.0,0.01017123287671233
2025-11-15,Onions,Manual par-level baseline,140.0,0.0,0.0,140.0,94.0,94.0,0.0,0,46.0,180.0,11.5,1.0,0.0,0,0.007876712328767124,0.0,0.0,0.0,0.007876712328767124
2025-11-15,Salmon Fillet,Manual par-level baseline,62.0,0.0,44.0,18.0,47.0,18.0,29.0,1,0.0,108.0,0.0,0.0,0.0,0,0.0,143.0,185.60000000000002,0.0,328.6
2025-11-15,Seasonal Berries,Manual par-level baseline,2.0,0.0,0.0,2.0,9.0,2.0,7.0,1,0.0,18.0,0.0,0.0,0.0,0,0.0,0.0,19.599999999999998,0.0,19.599999999999998
2025-11-15,Soft Drinks,Manual par-level baseline,218.0,0.0,0.0,218.0,147.0,147.0,0.0,0,71.0,384.0,28.400000000000002,1.0,0.0,0,0.01945205479452055,0.0,0.0,0.0,0.01945205479452055
2025-11-15,Tomatoes,Manual par-level baseline,126.0,0.0,0.0,126.0,94.0,94.0,0.0,0,32.0,264.0,14.4,1.0,0.0,0,0.009863013698630137,0.0,0.0,0.0,0.009863013698630137
2025-11-15,Truffle Oil,Manual par-level baseline,0.0,0.0,0.0,0.0,0.0,0.0,0.0,0,0.0,16.0,0.0,0.0,0.0,0,0.0,0.0,0.0,0.0,0.0
2025-11-15,Vegan Cheese,Manual par-level baseline,2.0,0.0,0.0,2.0,7.0,2.0,5.0,1,0.0,36.0,0.0,0.0,0.0,0,0.0,0.0,6.5,0.0,6.5
2025-11-16,Bacon,Manual par-level baseline,36.0,190.0,0.0,226.0,65.0,65.0,0.0,0,161.0,0.0,177.10000000000002,0.0,0.0,0,0.12130136986301371,0.0,0.0,0.0,0.12130136986301371
2025-11-16,Burger Buns,Manual par-level baseline,97.0,432.0,0.0,529.0,190.0,190.0,0.0,0,339.0,0.0,61.019999999999996,0.0,0.0,0,0.041794520547945205,0.0,0.0,0.0,0.041794520547945205
2025-11-16,Butter,Manual par-level baseline,35.0,144.0,0.0,179.0,0.0,0.0,0.0,0,179.0,0.0,170.04999999999998,0.39106145251396646,0.0,0,0.11647260273972602,0.0,0.0,0.0,0.11647260273972602
2025-11-16,Cheese Slices,Manual par-level baseline,82.0,300.0,0.0,382.0,124.0,124.0,0.0,0,258.0,0.0,56.76,0.0,0.0,0,0.038876712328767125,0.0,0.0,0.0,0.038876712328767125
2025-11-16,Chicken Breast,Manual par-level baseline,53.0,370.0,0.0,423.0,155.0,155.0,0.0,0,268.0,0.0,482.40000000000003,0.0,0.0,0,0.3304109589041096,0.0,0.0,0.0,0.3304109589041096
2025-11-16,Coffee Beans,Manual par-level baseline,25.0,150.0,0.0,175.0,62.0,62.0,0.0,0,113.0,0.0,237.3,0.0,0.0,0,0.16253424657534246,0.0,0.0,0.0,0.16253424657534246
2025-11-16,Cooking Oil,Manual par-level baseline,34.0,104.0,0.0,138.0,31.0,31.0,0.0,0,107.0,0.0,171.20000000000002,0.056074766355140186,0.0,0,0.11726027397260276,0.0,0.0,0.0,0.11726027397260276
2025-11-16,Eggs,Manual par-level baseline,22.0,240.0,0.0,262.0,82.0,82.0,0.0,0,180.0,0.0,28.8,0.0,0.0,0,0.019726027397260273,0.0,0.0,0.0,0.019726027397260273
2025-11-16,Fries (Potatoes),Manual par-level baseline,96.0,520.0,0.0,616.0,175.0,175.0,0.0,0,441.0,0.0,132.29999999999998,0.0,0.0,0,0.09061643835616438,0.0,0.0,0.0,0.09061643835616438
2025-11-16,Gluten-free Buns,Manual par-level baseline,0.0,36.0,0.0,36.0,16.0,16.0,0.0,0,20.0,0.0,11.0,0.0,0.0,0,0.007534246575342466,0.0,0.0,0.0,0.007534246575342466
2025-11-16,Lettuce,Manual par-level baseline,47.0,240.0,0.0,287.0,93.0,93.0,0.0,0,194.0,0.0,116.39999999999999,0.0,0.0,0,0.07972602739726027,0.0,0.0,0.0,0.07972602739726027
2025-11-16,Milk,Manual par-level baseline,56.0,240.0,0.0,296.0,92.0,92.0,0.0,0,204.0,0.0,153.0,0.0,0.0,0,0.10479452054794519,0.0,0.0,0.0,0.10479452054794519
2025-11-16,Mushrooms,Manual par-level baseline,27.0,120.0,0.0,147.0,56.0,56.0,0.0,0,91.0,0.0,50.050000000000004,0.0,0.0,0,0.03428082191780822,0.0,0.0,0.0,0.03428082191780822
2025-11-16,Onions,Manual par-level baseline,46.0,180.0,0.0,226.0,85.0,85.0,0.0,0,141.0,0.0,35.25,0.0,0.0,0,0.024143835616438358,0.0,0.0,0.0,0.024143835616438358
2025-11-16,Salmon Fillet,Manual par-level baseline,0.0,108.0,0.0,108.0,76.0,76.0,0.0,0,32.0,0.0,102.4,0.0,0.0,0,0.07013698630136987,0.0,0.0,0.0,0.07013698630136987
2025-11-16,Seasonal Berries,Manual par-level baseline,0.0,18.0,0.0,18.0,0.0,0.0,0.0,0,18.0,0.0,25.2,0.0,0.0,0,0.01726027397260274,0.0,0.0,0.0,0.01726027397260274
2025-11-16,Soft Drinks,Manual par-level baseline,71.0,384.0,0.0,455.0,139.0,139.0,0.0,0,316.0,0.0,126.4,0.0,0.0,0,0.08657534246575344,0.0,0.0,0.0,0.08657534246575344
2025-11-16,Tomatoes,Manual par-level baseline,32.0,264.0,0.0,296.0,76.0,76.0,0.0,0,220.0,0.0,99.0,0.0,0.0,0,0.06780821917808219,0.0,0.0,0.0,0.06780821917808219
2025-11-16,Truffle Oil,Manual par-level baseline,0.0,16.0,0.0,16.0,8.0,8.0,0.0,0,8.0,0.0,68.0,0.0,0.0,0,0.04657534246575343,0.0,0.0,0.0,0.04657534246575343
2025-11-16,Vegan Cheese,Manual par-level baseline,0.0,36.0,0.0,36.0,8.0,8.0,0.0,0,28.0,0.0,18.2,0.0,0.0,0,0.012465753424657534,0.0,0.0,0.0,0.012465753424657534
2025-11-17,Bacon,Manual par-level baseline,161.0,0.0,0.0,161.0,51.0,51.0,0.0,0,110.0,140.0,121.00000000000001,1.0,140.0,1,0.08287671232876713,0.0,0.0,0.625,0.7078767123287671
2025-11-17,Burger Buns,Manual par-level baseline,339.0,0.0,0.0,339.0,99.0,99.0,0.0,0,240.0,384.0,43.199999999999996,1.0,384.0,1,0.02958904109589041,0.0,0.0,0.625,0.6545890410958904
2025-11-17,Butter,Manual par-level baseline,179.0,0.0,0.0,179.0,25.0,25.0,0.0,0,154.0,12.0,146.29999999999998,1.12987012987013,12.0,1,0.1002054794520548,0.0,0.0,0.625,0.7252054794520548
2025-11-17,Cheese Slices,Manual par-level baseline,258.0,0.0,0.0,258.0,73.0,73.0,0.0,0,185.0,200.0,40.7,1.0,200.0,1,0.027876712328767126,0.0,0.0,0.625,0.6528767123287671
2025-11-17,Chicken Breast,Manual par-level baseline,268.0,0.0,0.0,268.0,76.0,76.0,0.0,0,192.0,260.0,345.6,1.0,260.0,1,0.23671232876712328,0.0,0.0,0.625,0.8617123287671233
2025-11-17,Coffee Beans,Manual par-level baseline,113.0,0.0,0.0,113.0,48.0,48.0,0.0,0,65.0,114.0,136.5,1.0,114.0,1,0.09349315068493151,0.0,0.0,0.625,0.7184931506849315
2025-11-17,Cooking Oil,Manual par-level baseline,107.0,0.0,0.0,107.0,26.0,26.0,0.0,0,81.0,44.0,129.6,1.0,44.0,1,0.08876712328767124,0.0,0.0,0.625,0.7137671232876712
2025-11-17,Eggs,Manual par-level baseline,180.0,0.0,0.0,180.0,55.0,55.0,0.0,0,125.0,150.0,20.0,1.0,150.0,1,0.013698630136986302,0.0,0.0,0.625,0.6386986301369864
2025-11-17,Fries (Potatoes),Manual par-level baseline,441.0,0.0,0.0,441.0,120.0,120.0,0.0,0,321.0,340.0,96.3,1.0,340.0,1,0.06595890410958903,0.0,0.0,0.625,0.690958904109589
2025-11-17,Gluten-free Buns,Manual par-level baseline,20.0,0.0,0.0,20.0,0.0,0.0,0.0,0,20.0,24.0,11.0,1.0,24.0,1,0.007534246575342466,0.0,0.0,0.625,0.6325342465753425
2025-11-17,Lettuce,Manual par-level baseline,194.0,0.0,0.0,194.0,59.0,59.0,0.0,0,135.0,156.0,81.0,1.0,156.0,1,0.055479452054794515,0.0,0.0,0.625,0.6804794520547945
2025-11-17,Milk,Manual par-level baseline,204.0,0.0,0.0,204.0,59.0,59.0,0.0,0,145.0,192.0,108.75,1.0,192.0,1,0.074486301369863,0.0,0.0,0.625,0.699486301369863
2025-11-17,Mushrooms,Manual par-level baseline,91.0,0.0,0.0,91.0,34.0,34.0,0.0,0,57.0,120.0,31.35,1.0,120.0,1,0.021472602739726027,0.0,0.0,0.625,0.6464726027397261
2025-11-17,Onions,Manual par-level baseline,141.0,0.0,0.0,141.0,65.0,65.0,0.0,0,76.0,160.0,19.0,1.0,160.0,1,0.013013698630136987,0.0,0.0,0.625,0.638013698630137
2025-11-17,Salmon Fillet,Manual par-level baseline,32.0,0.0,0.0,32.0,36.0,32.0,4.0,1,0.0,150.0,0.0,0.0,150.0,1,0.0,0.0,25.6,0.625,26.225
2025-11-17,Seasonal Berries,Manual par-level baseline,18.0,0.0,0.0,18.0,7.0,7.0,0.0,0,11.0,6.0,15.399999999999999,1.0,6.0,1,0.010547945205479452,0.0,0.0,0.625,0.6355479452054794
2025-11-17,Soft Drinks,Manual par-level baseline,316.0,0.0,0.0,316.0,81.0,81.0,0.0,0,235.0,240.0,94.0,1.0,240.0,1,0.06438356164383563,0.0,0.0,0.625,0.6893835616438356
2025-11-17,Tomatoes,Manual par-level baseline,220.0,0.0,0.0,220.0,94.0,94.0,0.0,0,126.0,168.0,56.7,1.0,168.0,1,0.03883561643835616,0.0,0.0,0.625,0.6638356164383562
2025-11-17,Truffle Oil,Manual par-level baseline,8.0,0.0,0.0,8.0,0.0,0.0,0.0,0,8.0,18.0,68.0,1.0,18.0,1,0.04657534246575343,0.0,0.0,0.625,0.6715753424657535
2025-11-17,Vegan Cheese,Manual par-level baseline,28.0,0.0,0.0,28.0,0.0,0.0,0.0,0,28.0,12.0,18.2,1.0,12.0,1,0.012465753424657534,0.0,0.0,0.625,0.6374657534246575
2025-11-18,Bacon,Manual par-level baseline,110.0,0.0,0.0,110.0,45.0,45.0,0.0,0,65.0,140.0,71.5,2.0,0.0,0,0.04897260273972603,0.0,0.0,0.0,0.04897260273972603
2025-11-18,Burger Buns,Manual par-level baseline,240.0,0.0,0.0,240.0,104.0,104.0,0.0,0,136.0,384.0,24.48,2.0,0.0,0,0.016767123287671232,0.0,0.0,0.0,0.016767123287671232
2025-11-18,Butter,Manual par-level baseline,154.0,0.0,0.0,154.0,41.0,41.0,0.0,0,113.0,12.0,107.35,2.0,0.0,0,0.07352739726027398,0.0,0.0,0.0,0.07352739726027398
2025-11-18,Cheese Slices,Manual par-level baseline,185.0,0.0,0.0,185.0,60.0,60.0,0.0,0,125.0,200.0,27.5,2.0,0.0,0,0.018835616438356167,0.0,0.0,0.0,0.018835616438356167
2025-11-18,Chicken Breast,Manual par-level baseline,192.0,0.0,0.0,192.0,89.0,89.0,0.0,0,103.0,260.0,185.4,2.0,0.0,0,0.126986301369863,0.0,0.0,0.0,0.126986301369863
2025-11-18,Coffee Beans,Manual par-level baseline,65.0,0.0,0.0,65.0,42.0,42.0,0.0,0,23.0,114.0,48.300000000000004,2.0,0.0,0,0.03308219178082192,0.0,0.0,0.0,0.03308219178082192
2025-11-18,Cooking Oil,Manual par-level baseline,81.0,0.0,0.0,81.0,32.0,32.0,0.0,0,49.0,44.0,78.4,2.0,0.0,0,0.05369863013698631,0.0,0.0,0.0,0.05369863013698631
2025-11-18,Eggs,Manual par-level baseline,125.0,0.0,0.0,125.0,56.0,56.0,0.0,0,69.0,150.0,11.040000000000001,2.0,0.0,0,0.007561643835616439,0.0,0.0,0.0,0.007561643835616439
2025-11-18,Fries (Potatoes),Manual par-level baseline,321.0,0.0,0.0,321.0,111.0,111.0,0.0,0,210.0,340.0,63.0,2.0,0.0,0,0.043150684931506846,0.0,0.0,0.0,0.043150684931506846
2025-11-18,Gluten-free Buns,Manual par-level baseline,20.0,0.0,0.0,20.0,7.0,7.0,0.0,0,13.0,24.0,7.15,2.0,0.0,0,0.004897260273972603,0.0,0.0,0.0,0.004897260273972603
2025-11-18,Lettuce,Manual par-level baseline,135.0,0.0,0.0,135.0,56.0,56.0,0.0,0,79.0,156.0,47.4,2.0,0.0,0,0.03246575342465753,0.0,0.0,0.0,0.03246575342465753
2025-11-18,Milk,Manual par-level baseline,145.0,0.0,0.0,145.0,66.0,66.0,0.0,0,79.0,192.0,59.25,2.0,0.0,0,0.04058219178082191,0.0,0.0,0.0,0.04058219178082191
2025-11-18,Mushrooms,Manual par-level baseline,57.0,0.0,0.0,57.0,23.0,23.0,0.0,0,34.0,120.0,18.700000000000003,2.0,0.0,0,0.012808219178082192,0.0,0.0,0.0,0.012808219178082192
2025-11-18,Onions,Manual par-level baseline,76.0,0.0,0.0,76.0,59.0,59.0,0.0,0,17.0,160.0,4.25,2.0,0.0,0,0.0029109589041095892,0.0,0.0,0.0,0.0029109589041095892
2025-11-18,Salmon Fillet,Manual par-level baseline,0.0,0.0,0.0,0.0,37.0,0.0,37.0,1,0.0,150.0,0.0,0.0,0.0,0,0.0,0.0,236.8,0.0,236.8
2025-11-18,Seasonal Berries,Manual par-level baseline,11.0,0.0,0.0,11.0,0.0,0.0,0.0,0,11.0,6.0,15.399999999999999,2.0,0.0,0,0.010547945205479452,0.0,0.0,0.0,0.010547945205479452
2025-11-18,Soft Drinks,Manual par-level baseline,235.0,0.0,0.0,235.0,81.0,81.0,0.0,0,154.0,240.0,61.6,2.0,0.0,0,0.04219178082191782,0.0,0.0,0.0,0.04219178082191782
2025-11-18,Tomatoes,Manual par-level baseline,126.0,0.0,0.0,126.0,67.0,67.0,0.0,0,59.0,168.0,26.55,2.0,0.0,0,0.018184931506849314,0.0,0.0,0.0,0.018184931506849314
2025-11-18,Truffle Oil,Manual par-level baseline,8.0,0.0,0.0,8.0,0.0,0.0,0.0,0,8.0,18.0,68.0,2.0,0.0,0,0.04657534246575343,0.0,0.0,0.0,0.04657534246575343
2025-11-18,Vegan Cheese,Manual par-level baseline,28.0,0.0,0.0,28.0,10.0,10.0,0.0,0,18.0,12.0,11.700000000000001,2.0,0.0,0,0.008013698630136987,0.0,0.0,0.0,0.008013698630136987
2025-11-19,Bacon,Manual par-level baseline,65.0,140.0,0.0,205.0,66.0,66.0,0.0,0,139.0,90.0,152.9,0.0,90.0,1,0.10472602739726028,0.0,0.0,0.6578947368421053,0.7626207642393656
2025-11-19,Burger Buns,Manual par-level baseline,136.0,384.0,136.0,384.0,133.0,133.0,0.0,0,251.0,336.0,45.18,0.0,336.0,1,0.030945205479452054,31.28,0.0,0.6578947368421053,31.96883994232156
2025-11-19,Butter,Manual par-level baseline,113.0,12.0,0.0,125.0,36.0,36.0,0.0,0,89.0,60.0,84.54999999999998,2.595505617977528,60.0,1,0.05791095890410959,0.0,0.0,0.6578947368421053,0.7158056957462149
2025-11-19,Cheese Slices,Manual par-level baseline,125.0,200.0,0.0,325.0,86.0,86.0,0.0,0,239.0,150.0,52.58,0.4895397489539749,150.0,1,0.03601369863013699,0.0,0.0,0.6578947368421053,0.6939084354722423
2025-11-19,Chicken Breast,Manual par-level baseline,103.0,260.0,0.0,363.0,101.0,101.0,0.0,0,262.0,170.0,471.6,0.022900763358778626,170.0,1,0.32301369863013696,0.0,0.0,0.6578947368421053,0.9809084354722423
2025-11-19,Coffee Beans,Manual par-level baseline,23.0,114.0,0.0,137.0,47.0,47.0,0.0,0,90.0,90.0,189.0,0.0,90.0,1,0.12945205479452054,0.0,0.0,0.6578947368421053,0.7873467916366259
2025-11-19,Cooking Oil,Manual par-level baseline,49.0,44.0,0.0,93.0,33.0,33.0,0.0,0,60.0,60.0,96.0,0.8,60.0,1,0.06575342465753425,0.0,0.0,0.6578947368421053,0.7236481614996395
2025-11-19,Eggs,Manual par-level baseline,69.0,150.0,0.0,219.0,54.0,54.0,0.0,0,165.0,120.0,26.4,0.2727272727272727,120.0,1,0.01808219178082192,0.0,0.0,0.6578947368421053,0.6759769286229272
2025-11-19,Fries (Potatoes),Manual par-level baseline,210.0,340.0,0.0,550.0,117.0,117.0,0.0,0,433.0,240.0,129.9,0.6443418013856813,240.0,1,0.08897260273972601,0.0,0.0,0.6578947368421053,0.7468673395818313
2025-11-19,Gluten-free Buns,Manual par-level baseline,13.0,24.0,13.0,24.0,13.0,13.0,0.0,0,11.0,12.0,6.050000000000001,0.0,12.0,1,0.004143835616438356,7.800000000000001,0.0,0.6578947368421053,8.462038572458544
2025-11-19,Lettuce,Manual par-level baseline,79.0,156.0,0.0,235.0,62.0,62.0,0.0,0,173.0,120.0,103.8,0.2947976878612717,120.0,1,0.0710958904109589,0.0,0.0,0.6578947368421053,0.7289906272530642
2025-11-19,Milk,Manual par-level baseline,79.0,192.0,0.0,271.0,76.0,76.0,0.0,0,195.0,120.0,146.25,0.046153846153846156,120.0,1,0.10017123287671231,0.0,0.0,0.6578947368421053,0.7580659697188177
2025-11-19,Mushrooms,Manual par-level baseline,34.0,120.0,0.0,154.0,49.0,49.0,0.0,0,105.0,50.0,57.75000000000001,0.0,50.0,1,0.03955479452054795,0.0,0.0,0.6578947368421053,0.6974495313626533
2025-11-19,Onions,Manual par-level baseline,17.0,160.0,0.0,177.0,61.0,61.0,0.0,0,116.0,140.0,29.0,0.0,140.0,1,0.01986301369863014,0.0,0.0,0.6578947368421053,0.6777577505407355
2025-11-19,Salmon Fillet,Manual par-level baseline,0.0,150.0,0.0,150.0,31.0,31.0,0.0,0,119.0,42.0,380.8,0.0,42.0,1,0.26082191780821923,0.0,0.0,0.6578947368421053,0.9187166546503245
2025-11-19,Seasonal Berries,Manual par-level baseline,11.0,6.0,11.0,6.0,0.0,0.0,0.0,0,6.0,18.0,8.399999999999999,0.0,18.0,1,0.005753424657534247,15.95,0.0,0.6578947368421053,16.61364816149964
2025-11-19,Soft Drinks,Manual par-level baseline,154.0,240.0,0.0,394.0,83.0,83.0,0.0,0,311.0,168.0,124.4,0.684887459807074,168.0,1,0.08520547945205481,0.0,0.0,0.6578947368421053,0.7431002162941601
2025-11-19,Tomatoes,Manual par-level baseline,59.0,168.0,0.0,227.0,71.0,71.0,0.0,0,156.0,156.0,70.2,0.0,156.0,1,0.04808219178082192,0.0,0.0,0.6578947368421053,0.7059769286229273
2025-11-19,Truffle Oil,Manual par-level baseline,8.0,18.0,0.0,26.0,5.0,5.0,0.0,0,21.0,0.0,178.5,0.42857142857142855,0.0,1,0.12226027397260275,0.0,0.0,0.0,0.12226027397260275
2025-11-19,Vegan Cheese,Manual par-level baseline,18.0,12.0,0.0,30.0,12.0,12.0,0.0,0,18.0,12.0,11.700000000000001,1.0,12.0,1,0.008013698630136987,0.0,0.0,0.6578947368421053,0.6659084354722423
2025-11-20,Bacon,Manual par-level baseline,139.0,0.0,0.0,139.0,47.0,47.0,0.0,0,92.0,90.0,101.2,1.0,0.0,0,0.0693150684931507,0.0,0.0,0.0,0.0693150684931507
2025-11-20,Burger Buns,Manual par-level baseline,251.0,0.0,0.0,251.0,133.0,133.0,0.0,0,118.0,336.0,21.24,1.0,0.0,0,0.014547945205479453,0.0,0.0,0.0,0.014547945205479453
2025-11-20,Butter,Manual par-level baseline,89.0,0.0,0.0,89.0,29.0,29.0,0.0,0,60.0,60.0,56.99999999999999,3.4,0.0,0,0.03904109589041096,0.0,0.0,0.0,0.03904109589041096
2025-11-20,Cheese Slices,Manual par-level baseline,239.0,0.0,0.0,239.0,82.0,82.0,0.0,0,157.0,150.0,34.54,1.0,0.0,0,0.023657534246575344,0.0,0.0,0.0,0.023657534246575344
2025-11-20,Chicken Breast,Manual par-level baseline,262.0,0.0,2.0,260.0,102.0,102.0,0.0,0,158.0,170.0,284.40000000000003,1.0,0.0,0,0.1947945205479452,3.7,0.0,0.0,3.8947945205479453
2025-11-20,Coffee Beans,Manual par-level baseline,90.0,0.0,0.0,90.0,54.0,54.0,0.0,0,36.0,90.0,75.60000000000001,1.0,0.0,0,0.05178082191780822,0.0,0.0,0.0,0.05178082191780822
2025-11-20,Cooking Oil,Manual par-level baseline,60.0,0.0,0.0,60.0,39.0,39.0,0.0,0,21.0,60.0,33.6,1.0,0.0,0,0.02301369863013699,0.0,0.0,0.0,0.02301369863013699
2025-11-20,Eggs,Manual par-level baseline,165.0,0.0,0.0,165.0,68.0,68.0,0.0,0,97.0,120.0,15.52,1.0,0.0,0,0.01063013698630137,0.0,0.0,0.0,0.01063013698630137
2025-11-20,Fries (Potatoes),Manual par-level baseline,433.0,0.0,0.0,433.0,174.0,174.0,0.0,0,259.0,240.0,77.7,1.0,0.0,0,0.05321917808219178,0.0,0.0,0.0,0.05321917808219178
2025-11-20,Gluten-free Buns,Manual par-level baseline,11.0,0.0,0.0,11.0,12.0,11.0,1.0,1,0.0,12.0,0.0,0.0,0.0,0,0.0,0.0,1.1,0.0,1.1
2025-11-20,Lettuce,Manual par-level baseline,173.0,0.0,17.0,156.0,50.0,50.0,0.0,0,106.0,120.0,63.599999999999994,1.0,0.0,0,0.043561643835616434,11.049999999999999,0.0,0.0,11.093561643835615
2025-11-20,Milk,Manual par-level baseline,195.0,0.0,0.0,195.0,67.0,67.0,0.0,0,128.0,120.0,96.0,1.0,0.0,0,0.06575342465753424,0.0,0.0,0.0,0.06575342465753424
2025-11-20,Mushrooms,Manual par-level baseline,105.0,0.0,0.0,105.0,34.0,34.0,0.0,0,71.0,50.0,39.050000000000004,1.0,0.0,0,0.026746575342465755,0.0,0.0,0.0,0.026746575342465755
2025-11-20,Onions,Manual par-level baseline,116.0,0.0,0.0,116.0,63.0,63.0,0.0,0,53.0,140.0,13.25,1.0,0.0,0,0.009075342465753426,0.0,0.0,0.0,0.009075342465753426
2025-11-20,Salmon Fillet,Manual par-level baseline,119.0,0.0,0.0,119.0,32.0,32.0,0.0,0,87.0,42.0,278.40000000000003,1.0,0.0,0,0.19068493150684934,0.0,0.0,0.0,0.19068493150684934
2025-11-20,Seasonal Berries,Manual par-level baseline,6.0,0.0,0.0,6.0,0.0,0.0,0.0,0,6.0,18.0,8.399999999999999,1.0,0.0,0,0.005753424657534247,0.0,0.0,0.0,0.005753424657534247
2025-11-20,Soft Drinks,Manual par-level baseline,311.0,0.0,0.0,311.0,72.0,72.0,0.0,0,239.0,168.0,95.60000000000001,1.0,0.0,0,0.06547945205479452,0.0,0.0,0.0,0.06547945205479452
2025-11-20,Tomatoes,Manual par-level baseline,156.0,0.0,0.0,156.0,75.0,75.0,0.0,0,81.0,156.0,36.45,1.0,0.0,0,0.024965753424657535,0.0,0.0,0.0,0.024965753424657535
2025-11-20,Truffle Oil,Manual par-level baseline,21.0,0.0,0.0,21.0,9.0,9.0,0.0,0,12.0,0.0,102.0,1.0,0.0,0,0.06986301369863014,0.0,0.0,0.0,0.06986301369863014
2025-11-20,Vegan Cheese,Manual par-level baseline,18.0,0.0,0.0,18.0,0.0,0.0,0.0,0,18.0,12.0,11.700000000000001,2.0,0.0,0,0.008013698630136987,0.0,0.0,0.0,0.008013698630136987
2025-11-21,Bacon,Manual par-level baseline,92.0,90.0,0.0,182.0,85.0,85.0,0.0,0,97.0,180.0,106.70000000000002,0.14432989690721648,180.0,1,0.07308219178082193,0.0,0.0,0.625,0.698082191780822
2025-11-21,Burger Buns,Manual par-level baseline,118.0,336.0,0.0,454.0,148.0,148.0,0.0,0,306.0,432.0,55.08,0.0,432.0,1,0.037726027397260276,0.0,0.0,0.625,0.6627260273972603
2025-11-21,Butter,Manual par-level baseline,60.0,60.0,0.0,120.0,50.0,50.0,0.0,0,70.0,108.0,66.5,0.2857142857142857,108.0,1,0.04554794520547945,0.0,0.0,0.625,0.6705479452054794
2025-11-21,Cheese Slices,Manual par-level baseline,157.0,150.0,0.0,307.0,126.0,126.0,0.0,0,181.0,300.0,39.82,0.3425414364640884,300.0,1,0.027273972602739727,0.0,0.0,0.625,0.6522739726027398
2025-11-21,Chicken Breast,Manual par-level baseline,158.0,170.0,0.0,328.0,119.0,119.0,0.0,0,209.0,320.0,376.2,0.37320574162679426,320.0,1,0.25767123287671234,0.0,0.0,0.625,0.8826712328767123
2025-11-21,Coffee Beans,Manual par-level baseline,36.0,90.0,0.0,126.0,48.0,48.0,0.0,0,78.0,156.0,163.8,0.0,156.0,1,0.11219178082191782,0.0,0.0,0.625,0.7371917808219178
2025-11-21,Cooking Oil,Manual par-level baseline,21.0,60.0,0.0,81.0,26.0,26.0,0.0,0,55.0,116.0,88.0,0.0,116.0,1,0.060273972602739735,0.0,0.0,0.625,0.6852739726027397
2025-11-21,Eggs,Manual par-level baseline,97.0,120.0,0.0,217.0,82.0,82.0,0.0,0,135.0,180.0,21.599999999999998,0.2222222222222222,180.0,1,0.014794520547945205,0.0,0.0,0.625,0.6397945205479452
2025-11-21,Fries (Potatoes),Manual par-level baseline,259.0,240.0,0.0,499.0,196.0,196.0,0.0,0,303.0,480.0,90.9,0.4158415841584158,480.0,1,0.06226027397260273,0.0,0.0,0.625,0.6872602739726027
2025-11-21,Gluten-free Buns,Manual par-level baseline,0.0,12.0,0.0,12.0,0.0,0.0,0.0,0,12.0,36.0,6.6000000000000005,0.0,36.0,1,0.00452054794520548,0.0,0.0,0.625,0.6295205479452055
2025-11-21,Lettuce,Manual par-level baseline,106.0,120.0,0.0,226.0,74.0,74.0,0.0,0,152.0,216.0,91.2,0.42105263157894735,216.0,1,0.06246575342465753,0.0,0.0,0.625,0.6874657534246575
2025-11-21,Milk,Manual par-level baseline,128.0,120.0,0.0,248.0,90.0,90.0,0.0,0,158.0,240.0,118.5,0.4810126582278481,240.0,1,0.08116438356164382,0.0,0.0,0.625,0.7061643835616438
2025-11-21,Mushrooms,Manual par-level baseline,71.0,50.0,0.0,121.0,43.0,43.0,0.0,0,78.0,140.0,42.900000000000006,0.717948717948718,140.0,1,0.02938356164383562,0.0,0.0,0.625,0.6543835616438356
2025-11-21,Onions,Manual par-level baseline,53.0,140.0,0.0,193.0,78.0,78.0,0.0,0,115.0,200.0,28.75,0.0,200.0,1,0.019691780821917807,0.0,0.0,0.625,0.6446917808219178
2025-11-21,Salmon Fillet,Manual par-level baseline,87.0,42.0,0.0,129.0,61.0,61.0,0.0,0,68.0,114.0,217.60000000000002,0.7647058823529411,114.0,1,0.14904109589041098,0.0,0.0,0.625,0.7740410958904109
2025-11-21,Seasonal Berries,Manual par-level baseline,6.0,18.0,0.0,24.0,0.0,0.0,0.0,0,24.0,6.0,33.599999999999994,0.5,6.0,1,0.023013698630136987,0.0,0.0,0.625,0.648013698630137
2025-11-21,Soft Drinks,Manual par-level baseline,239.0,168.0,0.0,407.0,155.0,155.0,0.0,0,252.0,264.0,100.80000000000001,0.6666666666666666,264.0,1,0.06904109589041096,0.0,0.0,0.625,0.694041095890411
2025-11-21,Tomatoes,Manual par-level baseline,81.0,156.0,0.0,237.0,83.0,83.0,0.0,0,154.0,252.0,69.3,0.0,252.0,1,0.04746575342465753,0.0,0.0,0.625,0.6724657534246575
2025-11-21,Truffle Oil,Manual par-level baseline,12.0,0.0,0.0,12.0,0.0,0.0,0.0,0,12.0,18.0,102.0,2.0,18.0,1,0.06986301369863014,0.0,0.0,0.625,0.6948630136986301
2025-11-21,Vegan Cheese,Manual par-level baseline,18.0,12.0,0.0,30.0,7.0,7.0,0.0,0,23.0,12.0,14.950000000000001,0.9565217391304348,12.0,1,0.010239726027397261,0.0,0.0,0.625,0.6352397260273973
2025-11-22,Bacon,Manual par-level baseline,97.0,0.0,0.0,97.0,79.0,79.0,0.0,0,18.0,180.0,19.8,1.0,0.0,0,0.013561643835616439,0.0,0.0,0.0,0.013561643835616439
2025-11-22,Burger Buns,Manual par-level baseline,306.0,0.0,0.0,306.0,174.0,174.0,0.0,0,132.0,432.0,23.759999999999998,1.0,0.0,0,0.016273972602739724,0.0,0.0,0.0,0.016273972602739724
2025-11-22,Butter,Manual par-level baseline,70.0,0.0,0.0,70.0,33.0,33.0,0.0,0,37.0,108.0,35.15,1.0,0.0,0,0.024075342465753425,0.0,0.0,0.0,0.024075342465753425
2025-11-22,Cheese Slices,Manual par-level baseline,181.0,0.0,0.0,181.0,133.0,133.0,0.0,0,48.0,300.0,10.56,1.0,0.0,0,0.007232876712328768,0.0,0.0,0.0,0.007232876712328768
2025-11-22,Chicken Breast,Manual par-level baseline,209.0,0.0,0.0,209.0,150.0,150.0,0.0,0,59.0,320.0,106.2,1.0,0.0,0,0.07273972602739726,0.0,0.0,0.0,0.07273972602739726
2025-11-22,Coffee Beans,Manual par-level baseline,78.0,0.0,0.0,78.0,52.0,52.0,0.0,0,26.0,156.0,54.6,1.0,0.0,0,0.0373972602739726,0.0,0.0,0.0,0.0373972602739726
2025-11-22,Cooking Oil,Manual par-level baseline,55.0,0.0,0.0,55.0,40.0,40.0,0.0,0,15.0,116.0,24.0,1.0,0.0,0,0.016438356164383564,0.0,0.0,0.0,0.016438356164383564
2025-11-22,Eggs,Manual par-level baseline,135.0,0.0,0.0,135.0,88.0,88.0,0.0,0,47.0,180.0,7.5200000000000005,1.0,0.0,0,0.005150684931506849,0.0,0.0,0.0,0.005150684931506849
2025-11-22,Fries (Potatoes),Manual par-level baseline,303.0,0.0,0.0,303.0,187.0,187.0,0.0,0,116.0,480.0,34.8,1.0,0.0,0,0.023835616438356164,0.0,0.0,0.0,0.023835616438356164
2025-11-22,Gluten-free Buns,Manual par-level baseline,12.0,0.0,0.0,12.0,0.0,0.0,0.0,0,12.0,36.0,6.6000000000000005,1.0,0.0,0,0.00452054794520548,0.0,0.0,0.0,0.00452054794520548
2025-11-22,Lettuce,Manual par-level baseline,152.0,0.0,0.0,152.0,83.0,83.0,0.0,0,69.0,216.0,41.4,1.0,0.0,0,0.02835616438356164,0.0,0.0,0.0,0.02835616438356164
2025-11-22,Milk,Manual par-level baseline,158.0,0.0,0.0,158.0,95.0,95.0,0.0,0,63.0,240.0,47.25,1.0,0.0,0,0.032363013698630136,0.0,0.0,0.0,0.032363013698630136
2025-11-22,Mushrooms,Manual par-level baseline,78.0,0.0,0.0,78.0,59.0,59.0,0.0,0,19.0,140.0,10.450000000000001,1.0,0.0,0,0.007157534246575343,0.0,0.0,0.0,0.007157534246575343
2025-11-22,Onions,Manual par-level baseline,115.0,0.0,0.0,115.0,76.0,76.0,0.0,0,39.0,200.0,9.75,1.0,0.0,0,0.006678082191780822,0.0,0.0,0.0,0.006678082191780822
2025-11-22,Salmon Fillet,Manual par-level baseline,68.0,0.0,26.0,42.0,50.0,42.0,8.0,1,0.0,114.0,0.0,0.0,0.0,0,0.0,84.5,51.2,0.0,135.7
2025-11-22,Seasonal Berries,Manual par-level baseline,24.0,0.0,6.0,18.0,14.0,14.0,0.0,0,4.0,6.0,5.6,1.0,0.0,0,0.0038356164383561643,8.7,0.0,0.0,8.703835616438356
2025-11-22,Soft Drinks,Manual par-level baseline,252.0,0.0,0.0,252.0,139.0,139.0,0.0,0,113.0,264.0,45.2,1.0,0.0,0,0.030958904109589045,0.0,0.0,0.0,0.030958904109589045
2025-11-22,Tomatoes,Manual par-level baseline,154.0,0.0,0.0,154.0,97.0,97.0,0.0,0,57.0,252.0,25.650000000000002,1.0,0.0,0,0.01756849315068493,0.0,0.0,0.0,0.01756849315068493
2025-11-22,Truffle Oil,Manual par-level baseline,12.0,0.0,0.0,12.0,12.0,12.0,0.0,0,0.0,18.0,0.0,0.0,0.0,0,0.0,0.0,0.0,0.0,0.0
2025-11-22,Vegan Cheese,Manual par-level baseline,23.0,0.0,0.0,23.0,0.0,0.0,0.0,0,23.0,12.0,14.950000000000001,1.9565217391304348,0.0,0,0.010239726027397261,0.0,0.0,0.0,0.010239726027397261
2025-11-23,Bacon,Manual par-level baseline,18.0,180.0,0.0,198.0,72.0,72.0,0.0,0,126.0,0.0,138.60000000000002,0.0,0.0,0,0.09493150684931508,0.0,0.0,0.0,0.09493150684931508
2025-11-23,Burger Buns,Manual par-level baseline,132.0,432.0,0.0,564.0,192.0,192.0,0.0,0,372.0,0.0,66.96,0.0,0.0,0,0.045863013698630134,0.0,0.0,0.0,0.045863013698630134
2025-11-23,Butter,Manual par-level baseline,37.0,108.0,0.0,145.0,57.0,57.0,0.0,0,88.0,0.0,83.6,0.0,0.0,0,0.05726027397260274,0.0,0.0,0.0,0.05726027397260274
2025-11-23,Cheese Slices,Manual par-level baseline,48.0,300.0,0.0,348.0,167.0,167.0,0.0,0,181.0,0.0,39.82,0.0,0.0,0,0.027273972602739727,0.0,0.0,0.0,0.027273972602739727
2025-11-23,Chicken Breast,Manual par-level baseline,59.0,320.0,0.0,379.0,132.0,132.0,0.0,0,247.0,0.0,444.6,0.0,0.0,0,0.30452054794520544,0.0,0.0,0.0,0.30452054794520544
2025-11-23,Coffee Beans,Manual par-level baseline,26.0,156.0,0.0,182.0,55.0,55.0,0.0,0,127.0,0.0,266.7,0.0,0.0,0,0.18267123287671233,0.0,0.0,0.0,0.18267123287671233
2025-11-23,Cooking Oil,Manual par-level baseline,15.0,116.0,0.0,131.0,31.0,31.0,0.0,0,100.0,0.0,160.0,0.0,0.0,0,0.10958904109589042,0.0,0.0,0.0,0.10958904109589042
2025-11-23,Eggs,Manual par-level baseline,47.0,180.0,0.0,227.0,78.0,78.0,0.0,0,149.0,0.0,23.84,0.0,0.0,0,0.016328767123287673,0.0,0.0,0.0,0.016328767123287673
2025-11-23,Fries (Potatoes),Manual par-level baseline,116.0,480.0,0.0,596.0,194.0,194.0,0.0,0,402.0,0.0,120.6,0.0,0.0,0,0.08260273972602739,0.0,0.0,0.0,0.08260273972602739
2025-11-23,Gluten-free Buns,Manual par-level baseline,12.0,36.0,0.0,48.0,19.0,19.0,0.0,0,29.0,0.0,15.950000000000001,0.0,0.0,0,0.010924657534246575,0.0,0.0,0.0,0.010924657534246575
2025-11-23,Lettuce,Manual par-level baseline,69.0,216.0,0.0,285.0,79.0,79.0,0.0,0,206.0,0.0,123.6,0.0,0.0,0,0.08465753424657534,0.0,0.0,0.0,0.08465753424657534
2025-11-23,Milk,Manual par-level baseline,63.0,240.0,0.0,303.0,79.0,79.0,0.0,0,224.0,0.0,168.0,0.0,0.0,0,0.11506849315068492,0.0,0.0,0.0,0.11506849315068492
2025-11-23,Mushrooms,Manual par-level baseline,19.0,140.0,0.0,159.0,61.0,61.0,0.0,0,98.0,0.0,53.900000000000006,0.0,0.0,0,0.03691780821917808,0.0,0.0,0.0,0.03691780821917808
2025-11-23,Onions,Manual par-level baseline,39.0,200.0,0.0,239.0,68.0,68.0,0.0,0,171.0,0.0,42.75,0.0,0.0,0,0.02928082191780822,0.0,0.0,0.0,0.02928082191780822
2025-11-23,Salmon Fillet,Manual par-level baseline,0.0,114.0,0.0,114.0,88.0,88.0,0.0,0,26.0,0.0,83.2,0.0,0.0,0,0.05698630136986302,0.0,0.0,0.0,0.05698630136986302
2025-11-23,Seasonal Berries,Manual par-level baseline,4.0,6.0,0.0,10.0,12.0,10.0,2.0,1,0.0,0.0,0.0,0.0,0.0,0,0.0,0.0,5.6,0.0,5.6
2025-11-23,Soft Drinks,Manual par-level baseline,113.0,264.0,0.0,377.0,133.0,133.0,0.0,0,244.0,0.0,97.60000000000001,0.0,0.0,0,0.06684931506849316,0.0,0.0,0.0,0.06684931506849316
2025-11-23,Tomatoes,Manual par-level baseline,57.0,252.0,0.0,309.0,88.0,88.0,0.0,0,221.0,0.0,99.45,0.0,0.0,0,0.06811643835616438,0.0,0.0,0.0,0.06811643835616438
2025-11-23,Truffle Oil,Manual par-level baseline,0.0,18.0,0.0,18.0,0.0,0.0,0.0,0,18.0,0.0,153.0,0.0,0.0,0,0.10479452054794522,0.0,0.0,0.0,0.10479452054794522
2025-11-23,Vegan Cheese,Manual par-level baseline,23.0,12.0,0.0,35.0,18.0,18.0,0.0,0,17.0,0.0,11.05,0.5882352941176471,0.0,0,0.007568493150684932,0.0,0.0,0.0,0.007568493150684932
2025-11-24,Bacon,Manual par-level baseline,126.0,0.0,0.0,126.0,60.0,60.0,0.0,0,66.0,170.0,72.60000000000001,1.0,170.0,1,0.04972602739726027,0.0,0.0,0.625,0.6747260273972603
2025-11-24,Burger Buns,Manual par-level baseline,372.0,0.0,0.0,372.0,107.0,107.0,0.0,0,265.0,336.0,47.699999999999996,1.0,336.0,1,0.03267123287671233,0.0,0.0,0.625,0.6576712328767124
2025-11-24,Butter,Manual par-level baseline,88.0,0.0,0.0,88.0,37.0,37.0,0.0,0,51.0,96.0,48.449999999999996,1.0,96.0,1,0.03318493150684931,0.0,0.0,0.625,0.6581849315068493
2025-11-24,Cheese Slices,Manual par-level baseline,181.0,0.0,0.0,181.0,78.0,78.0,0.0,0,103.0,300.0,22.66,1.0,300.0,1,0.01552054794520548,0.0,0.0,0.625,0.6405205479452055
2025-11-24,Chicken Breast,Manual par-level baseline,247.0,0.0,0.0,247.0,93.0,93.0,0.0,0,154.0,280.0,277.2,1.0,280.0,1,0.18986301369863012,0.0,0.0,0.625,0.8148630136986301
2025-11-24,Coffee Beans,Manual par-level baseline,127.0,0.0,0.0,127.0,46.0,46.0,0.0,0,81.0,102.0,170.1,1.0,102.0,1,0.1165068493150685,0.0,0.0,0.625,0.7415068493150685
2025-11-24,Cooking Oil,Manual par-level baseline,100.0,0.0,0.0,100.0,21.0,21.0,0.0,0,79.0,56.0,126.4,1.0,56.0,1,0.08657534246575344,0.0,0.0,0.625,0.7115753424657534
2025-11-24,Eggs,Manual par-level baseline,149.0,0.0,0.0,149.0,53.0,53.0,0.0,0,96.0,180.0,15.36,1.0,180.0,1,0.01052054794520548,0.0,0.0,0.625,0.6355205479452055
2025-11-24,Fries (Potatoes),Manual par-level baseline,402.0,0.0,0.0,402.0,107.0,107.0,0.0,0,295.0,380.0,88.5,1.0,380.0,1,0.06061643835616438,0.0,0.0,0.625,0.6856164383561644
2025-11-24,Gluten-free Buns,Manual par-level baseline,29.0,0.0,0.0,29.0,12.0,12.0,0.0,0,17.0,12.0,9.350000000000001,1.0,12.0,1,0.006404109589041096,0.0,0.0,0.625,0.6314041095890411
2025-11-24,Lettuce,Manual par-level baseline,206.0,0.0,0.0,206.0,36.0,36.0,0.0,0,170.0,132.0,102.0,1.0,132.0,1,0.06986301369863013,0.0,0.0,0.625,0.6948630136986301
2025-11-24,Milk,Manual par-level baseline,224.0,0.0,0.0,224.0,66.0,66.0,0.0,0,158.0,168.0,118.5,1.0,168.0,1,0.08116438356164382,0.0,0.0,0.625,0.7061643835616438
2025-11-24,Mushrooms,Manual par-level baseline,98.0,0.0,0.0,98.0,25.0,25.0,0.0,0,73.0,110.0,40.150000000000006,1.0,110.0,1,0.0275,0.0,0.0,0.625,0.6525
2025-11-24,Onions,Manual par-level baseline,171.0,0.0,0.0,171.0,41.0,41.0,0.0,0,130.0,140.0,32.5,1.0,140.0,1,0.02226027397260274,0.0,0.0,0.625,0.6472602739726028
2025-11-24,Salmon Fillet,Manual par-level baseline,26.0,0.0,0.0,26.0,32.0,26.0,6.0,1,0.0,180.0,0.0,0.0,180.0,1,0.0,0.0,38.400000000000006,0.625,39.025000000000006
2025-11-24,Seasonal Berries,Manual par-level baseline,0.0,0.0,0.0,0.0,0.0,0.0,0.0,0,0.0,30.0,0.0,0.0,30.0,1,0.0,0.0,0.0,0.625,0.625
2025-11-24,Soft Drinks,Manual par-level baseline,244.0,0.0,0.0,244.0,52.0,52.0,0.0,0,192.0,288.0,76.80000000000001,1.0,288.0,1,0.0526027397260274,0.0,0.0,0.625,0.6776027397260274
2025-11-24,Tomatoes,Manual par-level baseline,221.0,0.0,0.0,221.0,47.0,47.0,0.0,0,174.0,168.0,78.3,1.0,168.0,1,0.05363013698630137,0.0,0.0,0.625,0.6786301369863014
2025-11-24,Truffle Oil,Manual par-level baseline,18.0,0.0,0.0,18.0,0.0,0.0,0.0,0,18.0,4.0,153.0,1.0,4.0,1,0.10479452054794522,0.0,0.0,0.625,0.7297945205479452
2025-11-24,Vegan Cheese,Manual par-level baseline,17.0,0.0,0.0,17.0,5.0,5.0,0.0,0,12.0,12.0,7.800000000000001,1.0,12.0,1,0.005342465753424658,0.0,0.0,0.625,0.6303424657534247
2025-11-25,Bacon,Manual par-level baseline,66.0,0.0,0.0,66.0,40.0,40.0,0.0,0,26.0,170.0,28.6,2.0,0.0,0,0.01958904109589041,0.0,0.0,0.0,0.01958904109589041
2025-11-25,Burger Buns,Manual par-level baseline,265.0,0.0,0.0,265.0,107.0,107.0,0.0,0,158.0,336.0,28.439999999999998,2.0,0.0,0,0.01947945205479452,0.0,0.0,0.0,0.01947945205479452
2025-11-25,Butter,Manual par-level baseline,51.0,0.0,0.0,51.0,26.0,26.0,0.0,0,25.0,96.0,23.75,2.0,0.0,0,0.016267123287671232,0.0,0.0,0.0,0.016267123287671232
2025-11-25,Cheese Slices,Manual par-level baseline,103.0,0.0,0.0,103.0,70.0,70.0,0.0,0,33.0,300.0,7.26,2.0,0.0,0,0.004972602739726027,0.0,0.0,0.0,0.004972602739726027
2025-11-25,Chicken Breast,Manual par-level baseline,154.0,0.0,0.0,154.0,101.0,101.0,0.0,0,53.0,280.0,95.4,2.0,0.0,0,0.06534246575342466,0.0,0.0,0.0,0.06534246575342466
2025-11-25,Coffee Beans,Manual par-level baseline,81.0,0.0,0.0,81.0,37.0,37.0,0.0,0,44.0,102.0,92.4,2.0,0.0,0,0.06328767123287671,0.0,0.0,0.0,0.06328767123287671
2025-11-25,Cooking Oil,Manual par-level baseline,79.0,0.0,0.0,79.0,30.0,30.0,0.0,0,49.0,56.0,78.4,2.0,0.0,0,0.05369863013698631,0.0,0.0,0.0,0.05369863013698631
2025-11-25,Eggs,Manual par-level baseline,96.0,0.0,0.0,96.0,51.0,51.0,0.0,0,45.0,180.0,7.2,2.0,0.0,0,0.004931506849315068,0.0,0.0,0.0,0.004931506849315068
2025-11-25,Fries (Potatoes),Manual par-level baseline,295.0,0.0,0.0,295.0,117.0,117.0,0.0,0,178.0,380.0,53.4,2.0,0.0,0,0.03657534246575342,0.0,0.0,0.0,0.03657534246575342
2025-11-25,Gluten-free Buns,Manual par-level baseline,17.0,0.0,0.0,17.0,13.0,13.0,0.0,0,4.0,12.0,2.2,2.0,0.0,0,0.0015068493150684932,0.0,0.0,0.0,0.0015068493150684932
2025-11-25,Lettuce,Manual par-level baseline,170.0,0.0,0.0,170.0,62.0,62.0,0.0,0,108.0,132.0,64.8,2.0,0.0,0,0.04438356164383561,0.0,0.0,0.0,0.04438356164383561
2025-11-25,Milk,Manual par-level baseline,158.0,0.0,0.0,158.0,63.0,63.0,0.0,0,95.0,168.0,71.25,2.0,0.0,0,0.04880136986301369,0.0,0.0,0.0,0.04880136986301369
2025-11-25,Mushrooms,Manual par-level baseline,73.0,0.0,0.0,73.0,27.0,27.0,0.0,0,46.0,110.0,25.3,2.0,0.0,0,0.017328767123287674,0.0,0.0,0.0,0.017328767123287674
2025-11-25,Onions,Manual par-level baseline,130.0,0.0,0.0,130.0,57.0,57.0,0.0,0,73.0,140.0,18.25,2.0,0.0,0,0.0125,0.0,0.0,0.0,0.0125
2025-11-25,Salmon Fillet,Manual par-level baseline,0.0,0.0,0.0,0.0,26.0,0.0,26.0,1,0.0,180.0,0.0,0.0,0.0,0,0.0,0.0,166.4,0.0,166.4
2025-11-25,Seasonal Berries,Manual par-level baseline,0.0,0.0,0.0,0.0,0.0,0.0,0.0,0,0.0,30.0,0.0,0.0,0.0,0,0.0,0.0,0.0,0.0,0.0
2025-11-25,Soft Drinks,Manual par-level baseline,192.0,0.0,0.0,192.0,55.0,55.0,0.0,0,137.0,288.0,54.800000000000004,2.0,0.0,0,0.03753424657534247,0.0,0.0,0.0,0.03753424657534247
2025-11-25,Tomatoes,Manual par-level baseline,174.0,0.0,0.0,174.0,55.0,55.0,0.0,0,119.0,168.0,53.550000000000004,2.0,0.0,0,0.03667808219178082,0.0,0.0,0.0,0.03667808219178082
2025-11-25,Truffle Oil,Manual par-level baseline,18.0,0.0,0.0,18.0,0.0,0.0,0.0,0,18.0,4.0,153.0,2.0,0.0,0,0.10479452054794522,0.0,0.0,0.0,0.10479452054794522
2025-11-25,Vegan Cheese,Manual par-level baseline,12.0,0.0,0.0,12.0,9.0,9.0,0.0,0,3.0,12.0,1.9500000000000002,2.0,0.0,0,0.0013356164383561645,0.0,0.0,0.0,0.0013356164383561645
2025-11-26,Bacon,Manual par-level baseline,26.0,170.0,0.0,196.0,43.0,43.0,0.0,0,153.0,100.0,168.3,0.0,100.0,1,0.11527397260273974,0.0,0.0,0.6944444444444444,0.8097184170471842
2025-11-26,Burger Buns,Manual par-level baseline,158.0,336.0,158.0,336.0,136.0,136.0,0.0,0,200.0,336.0,36.0,0.0,336.0,1,0.024657534246575342,36.339999999999996,0.0,0.6944444444444444,37.05910197869101
2025-11-26,Butter,Manual par-level baseline,25.0,96.0,0.0,121.0,40.0,40.0,0.0,0,81.0,60.0,76.95,0.0,60.0,1,0.052705479452054796,0.0,0.0,0.6944444444444444,0.7471499238964993
2025-11-26,Cheese Slices,Manual par-level baseline,33.0,300.0,0.0,333.0,77.0,77.0,0.0,0,256.0,150.0,56.32,0.0,150.0,1,0.03857534246575343,0.0,0.0,0.6944444444444444,0.7330197869101979
2025-11-26,Chicken Breast,Manual par-level baseline,53.0,280.0,0.0,333.0,102.0,102.0,0.0,0,231.0,190.0,415.8,0.0,190.0,1,0.2847945205479452,0.0,0.0,0.6944444444444444,0.9792389649923896
2025-11-26,Coffee Beans,Manual par-level baseline,44.0,102.0,0.0,146.0,60.0,60.0,0.0,0,86.0,84.0,180.6,0.0,84.0,1,0.1236986301369863,0.0,0.0,0.6944444444444444,0.8181430745814308
2025-11-26,Cooking Oil,Manual par-level baseline,49.0,56.0,0.0,105.0,33.0,33.0,0.0,0,72.0,52.0,115.20000000000002,0.6666666666666666,52.0,1,0.07890410958904111,0.0,0.0,0.6944444444444444,0.7733485540334856
2025-11-26,Eggs,Manual par-level baseline,45.0,180.0,0.0,225.0,62.0,62.0,0.0,0,163.0,90.0,26.080000000000002,0.0,90.0,1,0.017863013698630137,0.0,0.0,0.6944444444444444,0.7123074581430746
2025-11-26,Fries (Potatoes),Manual par-level baseline,178.0,380.0,0.0,558.0,142.0,142.0,0.0,0,416.0,220.0,124.8,0.25961538461538464,220.0,1,0.08547945205479451,0.0,0.0,0.6944444444444444,0.779923896499239
2025-11-26,Gluten-free Buns,Manual par-level baseline,4.0,12.0,4.0,12.0,12.0,12.0,0.0,0,0.0,36.0,0.0,0.0,36.0,1,0.0,2.4000000000000004,0.0,0.6944444444444444,3.094444444444445
2025-11-26,Lettuce,Manual par-level baseline,108.0,132.0,0.0,240.0,54.0,54.0,0.0,0,186.0,96.0,111.6,0.8709677419354839,96.0,1,0.07643835616438356,0.0,0.0,0.6944444444444444,0.770882800608828
2025-11-26,Milk,Manual par-level baseline,95.0,168.0,0.0,263.0,120.0,120.0,0.0,0,143.0,120.0,107.25,0.0,120.0,1,0.07345890410958904,0.0,0.0,0.6944444444444444,0.7679033485540334
2025-11-26,Mushrooms,Manual par-level baseline,46.0,110.0,0.0,156.0,40.0,40.0,0.0,0,116.0,50.0,63.800000000000004,0.15517241379310345,50.0,1,0.0436986301369863,0.0,0.0,0.6944444444444444,0.7381430745814307
2025-11-26,Onions,Manual par-level baseline,73.0,140.0,0.0,213.0,58.0,58.0,0.0,0,155.0,100.0,38.75,0.2903225806451613,100.0,1,0.026541095890410957,0.0,0.0,0.6944444444444444,0.7209855403348554
2025-11-26,Salmon Fillet,Manual par-level baseline,0.0,180.0,0.0,180.0,34.0,34.0,0.0,0,146.0,24.0,467.20000000000005,0.0,24.0,1,0.32000000000000006,0.0,0.0,0.6944444444444444,1.0144444444444445
2025-11-26,Seasonal Berries,Manual par-level baseline,0.0,30.0,0.0,30.0,5.0,5.0,0.0,0,25.0,0.0,35.0,0.0,0.0,1,0.023972602739726026,0.0,0.0,0.0,0.023972602739726026
2025-11-26,Soft Drinks,Manual par-level baseline,137.0,288.0,0.0,425.0,54.0,54.0,0.0,0,371.0,96.0,148.4,0.6711590296495957,96.0,1,0.10164383561643837,0.0,0.0,0.6944444444444444,0.7960882800608828
2025-11-26,Tomatoes,Manual par-level baseline,119.0,168.0,0.0,287.0,53.0,53.0,0.0,0,234.0,96.0,105.30000000000001,0.8461538461538461,96.0,1,0.07212328767123287,0.0,0.0,0.6944444444444444,0.7665677321156773
2025-11-26,Truffle Oil,Manual par-level baseline,18.0,4.0,0.0,22.0,0.0,0.0,0.0,0,22.0,0.0,187.0,2.4545454545454546,0.0,1,0.12808219178082192,0.0,0.0,0.0,0.12808219178082192
2025-11-26,Vegan Cheese,Manual par-level baseline,3.0,12.0,0.0,15.0,13.0,13.0,0.0,0,2.0,12.0,1.3,0.0,12.0,1,0.0008904109589041097,0.0,0.0,0.6944444444444444,0.6953348554033485
2025-11-27,Bacon,Manual par-level baseline,153.0,0.0,0.0,153.0,51.0,51.0,0.0,0,102.0,100.0,112.2,1.0,0.0,0,0.07684931506849316,0.0,0.0,0.0,0.07684931506849316
2025-11-27,Burger Buns,Manual par-level baseline,200.0,0.0,0.0,200.0,104.0,104.0,0.0,0,96.0,336.0,17.28,1.0,0.0,0,0.011835616438356164,0.0,0.0,0.0,0.011835616438356164
2025-11-27,Butter,Manual par-level baseline,81.0,0.0,0.0,81.0,46.0,46.0,0.0,0,35.0,60.0,33.25,1.0,0.0,0,0.022773972602739726,0.0,0.0,0.0,0.022773972602739726
2025-11-27,Cheese Slices,Manual par-level baseline,256.0,0.0,0.0,256.0,73.0,73.0,0.0,0,183.0,150.0,40.26,1.0,0.0,0,0.027575342465753428,0.0,0.0,0.0,0.027575342465753428
2025-11-27,Chicken Breast,Manual par-level baseline,231.0,0.0,0.0,231.0,109.0,109.0,0.0,0,122.0,190.0,219.6,1.0,0.0,0,0.15041095890410958,0.0,0.0,0.0,0.15041095890410958
2025-11-27,Coffee Beans,Manual par-level baseline,86.0,0.0,0.0,86.0,68.0,68.0,0.0,0,18.0,84.0,37.800000000000004,1.0,0.0,0,0.02589041095890411,0.0,0.0,0.0,0.02589041095890411
2025-11-27,Cooking Oil,Manual par-level baseline,72.0,0.0,0.0,72.0,28.0,28.0,0.0,0,44.0,52.0,70.4,1.0,0.0,0,0.04821917808219179,0.0,0.0,0.0,0.04821917808219179
2025-11-27,Eggs,Manual par-level baseline,163.0,0.0,0.0,163.0,93.0,93.0,0.0,0,70.0,90.0,11.200000000000001,1.0,0.0,0,0.007671232876712329,0.0,0.0,0.0,0.007671232876712329
2025-11-27,Fries (Potatoes),Manual par-level baseline,416.0,0.0,0.0,416.0,118.0,118.0,0.0,0,298.0,220.0,89.39999999999999,1.0,0.0,0,0.061232876712328764,0.0,0.0,0.0,0.061232876712328764
2025-11-27,Gluten-free Buns,Manual par-level baseline,0.0,0.0,0.0,0.0,0.0,0.0,0.0,0,0.0,36.0,0.0,0.0,0.0,0,0.0,0.0,0.0,0.0,0.0
2025-11-27,Lettuce,Manual par-level baseline,186.0,0.0,54.0,132.0,42.0,42.0,0.0,0,90.0,96.0,54.0,1.0,0.0,0,0.036986301369863014,35.1,0.0,0.0,35.136986301369866
2025-11-27,Milk,Manual par-level baseline,143.0,0.0,0.0,143.0,70.0,70.0,0.0,0,73.0,120.0,54.75,1.0,0.0,0,0.0375,0.0,0.0,0.0,0.0375
2025-11-27,Mushrooms,Manual par-level baseline,116.0,0.0,0.0,116.0,32.0,32.0,0.0,0,84.0,50.0,46.2,1.0,0.0,0,0.031643835616438354,0.0,0.0,0.0,0.031643835616438354
2025-11-27,Onions,Manual par-level baseline,155.0,0.0,0.0,155.0,59.0,59.0,0.0,0,96.0,100.0,24.0,1.0,0.0,0,0.016438356164383564,0.0,0.0,0.0,0.016438356164383564
2025-11-27,Salmon Fillet,Manual par-level baseline,146.0,0.0,0.0,146.0,49.0,49.0,0.0,0,97.0,24.0,310.40000000000003,1.0,0.0,0,0.21260273972602742,0.0,0.0,0.0,0.21260273972602742
2025-11-27,Seasonal Berries,Manual par-level baseline,25.0,0.0,0.0,25.0,0.0,0.0,0.0,0,25.0,0.0,35.0,1.0,0.0,0,0.023972602739726026,0.0,0.0,0.0,0.023972602739726026
2025-11-27,Soft Drinks,Manual par-level baseline,371.0,0.0,0.0,371.0,49.0,49.0,0.0,0,322.0,96.0,128.8,1.3167701863354038,0.0,0,0.08821917808219179,0.0,0.0,0.0,0.08821917808219179
2025-11-27,Tomatoes,Manual par-level baseline,234.0,0.0,0.0,234.0,53.0,53.0,0.0,0,181.0,96.0,81.45,1.2154696132596685,0.0,0,0.05578767123287671,0.0,0.0,0.0,0.05578767123287671
2025-11-27,Truffle Oil,Manual par-level baseline,22.0,0.0,0.0,22.0,0.0,0.0,0.0,0,22.0,0.0,187.0,3.4545454545454546,0.0,0,0.12808219178082192,0.0,0.0,0.0,0.12808219178082192
2025-11-27,Vegan Cheese,Manual par-level baseline,2.0,0.0,0.0,2.0,5.0,2.0,3.0,1,0.0,12.0,0.0,0.0,0.0,0,0.0,0.0,3.9000000000000004,0.0,3.9000000000000004
2025-11-28,Bacon,Manual par-level baseline,102.0,100.0,0.0,202.0,81.0,81.0,0.0,0,121.0,170.0,133.10000000000002,0.34710743801652894,170.0,1,0.09116438356164384,0.0,0.0,0.6578947368421053,0.7490591204037491
2025-11-28,Burger Buns,Manual par-level baseline,96.0,336.0,0.0,432.0,183.0,183.0,0.0,0,249.0,432.0,44.82,0.0,432.0,1,0.030698630136986302,0.0,0.0,0.6578947368421053,0.6885933669790916
2025-11-28,Butter,Manual par-level baseline,35.0,60.0,0.0,95.0,37.0,37.0,0.0,0,58.0,144.0,55.099999999999994,0.0,144.0,1,0.03773972602739726,0.0,0.0,0.6578947368421053,0.6956344628695026
2025-11-28,Cheese Slices,Manual par-level baseline,183.0,150.0,0.0,333.0,127.0,127.0,0.0,0,206.0,250.0,45.32,0.5436893203883495,250.0,1,0.03104109589041096,0.0,0.0,0.6578947368421053,0.6889358327325162
2025-11-28,Chicken Breast,Manual par-level baseline,122.0,190.0,0.0,312.0,146.0,146.0,0.0,0,166.0,350.0,298.8,0.0,350.0,1,0.20465753424657535,0.0,0.0,0.6578947368421053,0.8625522710886806
2025-11-28,Coffee Beans,Manual par-level baseline,18.0,84.0,0.0,102.0,61.0,61.0,0.0,0,41.0,192.0,86.10000000000001,0.0,192.0,1,0.05897260273972603,0.0,0.0,0.6578947368421053,0.7168673395818314
2025-11-28,Cooking Oil,Manual par-level baseline,44.0,52.0,0.0,96.0,44.0,44.0,0.0,0,52.0,96.0,83.2,0.0,96.0,1,0.05698630136986302,0.0,0.0,0.6578947368421053,0.7148810382119684
2025-11-28,Eggs,Manual par-level baseline,70.0,90.0,0.0,160.0,72.0,72.0,0.0,0,88.0,270.0,14.08,0.0,270.0,1,0.009643835616438357,0.0,0.0,0.6578947368421053,0.6675385724585436
2025-11-28,Fries (Potatoes),Manual par-level baseline,298.0,220.0,0.0,518.0,187.0,187.0,0.0,0,331.0,440.0,99.3,0.6706948640483383,440.0,1,0.06801369863013698,0.0,0.0,0.6578947368421053,0.7259084354722423
2025-11-28,Gluten-free Buns,Manual par-level baseline,0.0,36.0,0.0,36.0,0.0,0.0,0.0,0,36.0,24.0,19.8,0.0,24.0,1,0.013561643835616439,0.0,0.0,0.6578947368421053,0.6714563806777217
2025-11-28,Lettuce,Manual par-level baseline,90.0,96.0,0.0,186.0,77.0,77.0,0.0,0,109.0,228.0,65.39999999999999,0.23853211009174313,228.0,1,0.0447945205479452,0.0,0.0,0.6578947368421053,0.7026892573900505
2025-11-28,Milk,Manual par-level baseline,73.0,120.0,0.0,193.0,93.0,93.0,0.0,0,100.0,300.0,75.0,0.0,300.0,1,0.05136986301369863,0.0,0.0,0.6578947368421053,0.7092645998558039
2025-11-28,Mushrooms,Manual par-level baseline,84.0,50.0,0.0,134.0,49.0,49.0,0.0,0,85.0,120.0,46.75,0.8235294117647058,120.0,1,0.03202054794520548,0.0,0.0,0.6578947368421053,0.6899152847873108
2025-11-28,Onions,Manual par-level baseline,96.0,100.0,0.0,196.0,80.0,80.0,0.0,0,116.0,200.0,29.0,0.27586206896551724,200.0,1,0.01986301369863014,0.0,0.0,0.6578947368421053,0.6777577505407355
2025-11-28,Salmon Fillet,Manual par-level baseline,97.0,24.0,0.0,121.0,50.0,50.0,0.0,0,71.0,132.0,227.20000000000002,1.323943661971831,132.0,1,0.1556164383561644,0.0,0.0,0.6578947368421053,0.8135111751982698
2025-11-28,Seasonal Berries,Manual par-level baseline,25.0,0.0,0.0,25.0,8.0,8.0,0.0,0,17.0,12.0,23.799999999999997,2.0,12.0,1,0.0163013698630137,0.0,0.0,0.6578947368421053,0.674196106705119
2025-11-28,Soft Drinks,Manual par-level baseline,322.0,96.0,0.0,418.0,137.0,137.0,0.0,0,281.0,216.0,112.4,1.3167259786476868,216.0,1,0.07698630136986302,0.0,0.0,0.6578947368421053,0.7348810382119684
2025-11-28,Tomatoes,Manual par-level baseline,181.0,96.0,13.0,264.0,80.0,80.0,0.0,0,184.0,216.0,82.80000000000001,0.9565217391304348,216.0,1,0.05671232876712329,6.500000000000001,0.0,0.6578947368421053,7.214607065609229
2025-11-28,Truffle Oil,Manual par-level baseline,22.0,0.0,0.0,22.0,0.0,0.0,0.0,0,22.0,0.0,187.0,4.454545454545454,0.0,1,0.12808219178082192,0.0,0.0,0.0,0.12808219178082192
2025-11-28,Vegan Cheese,Manual par-level baseline,0.0,12.0,0.0,12.0,18.0,12.0,6.0,1,0.0,36.0,0.0,0.0,36.0,1,0.0,0.0,7.800000000000001,0.6578947368421053,8.457894736842107
2025-11-29,Bacon,Manual par-level baseline,121.0,0.0,0.0,121.0,0.0,0.0,0.0,0,121.0,170.0,133.10000000000002,1.3471074380165289,0.0,0,0.09116438356164384,0.0,0.0,0.0,0.09116438356164384
2025-11-29,Burger Buns,Manual par-level baseline,249.0,0.0,0.0,249.0,182.0,182.0,0.0,0,67.0,432.0,12.059999999999999,1.0,0.0,0,0.00826027397260274,0.0,0.0,0.0,0.00826027397260274
2025-11-29,Butter,Manual par-level baseline,58.0,0.0,0.0,58.0,48.0,48.0,0.0,0,10.0,144.0,9.5,1.0,0.0,0,0.006506849315068493,0.0,0.0,0.0,0.006506849315068493
2025-11-29,Cheese Slices,Manual par-level baseline,206.0,0.0,0.0,206.0,133.0,133.0,0.0,0,73.0,250.0,16.06,1.0,0.0,0,0.011000000000000001,0.0,0.0,0.0,0.011000000000000001
2025-11-29,Chicken Breast,Manual par-level baseline,166.0,0.0,0.0,166.0,126.0,126.0,0.0,0,40.0,350.0,72.0,1.0,0.0,0,0.049315068493150684,0.0,0.0,0.0,0.049315068493150684
2025-11-29,Coffee Beans,Manual par-level baseline,41.0,0.0,0.0,41.0,60.0,41.0,19.0,1,0.0,192.0,0.0,0.0,0.0,0,0.0,0.0,79.8,0.0,79.8
2025-11-29,Cooking Oil,Manual par-level baseline,52.0,0.0,0.0,52.0,32.0,32.0,0.0,0,20.0,96.0,32.0,1.0,0.0,0,0.021917808219178086,0.0,0.0,0.0,0.021917808219178086
2025-11-29,Eggs,Manual par-level baseline,88.0,0.0,0.0,88.0,88.0,88.0,0.0,0,0.0,270.0,0.0,0.0,0.0,0,0.0,0.0,0.0,0.0,0.0
2025-11-29,Fries (Potatoes),Manual par-level baseline,331.0,0.0,0.0,331.0,197.0,197.0,0.0,0,134.0,440.0,40.199999999999996,1.0,0.0,0,0.027534246575342463,0.0,0.0,0.0,0.027534246575342463
2025-11-29,Gluten-free Buns,Manual par-level baseline,36.0,0.0,0.0,36.0,19.0,19.0,0.0,0,17.0,24.0,9.350000000000001,1.0,0.0,0,0.006404109589041096,0.0,0.0,0.0,0.006404109589041096
2025-11-29,Lettuce,Manual par-level baseline,109.0,0.0,0.0,109.0,85.0,85.0,0.0,0,24.0,228.0,14.399999999999999,1.0,0.0,0,0.009863013698630137,0.0,0.0,0.0,0.009863013698630137
2025-11-29,Milk,Manual par-level baseline,100.0,0.0,0.0,100.0,103.0,100.0,3.0,1,0.0,300.0,0.0,0.0,0.0,0,0.0,0.0,4.5,0.0,4.5
2025-11-29,Mushrooms,Manual par-level baseline,85.0,0.0,0.0,85.0,61.0,61.0,0.0,0,24.0,120.0,13.200000000000001,1.0,0.0,0,0.00904109589041096,0.0,0.0,0.0,0.00904109589041096
2025-11-29,Onions,Manual par-level baseline,116.0,0.0,0.0,116.0,75.0,75.0,0.0,0,41.0,200.0,10.25,1.0,0.0,0,0.007020547945205479,0.0,0.0,0.0,0.007020547945205479
2025-11-29,Salmon Fillet,Manual par-level baseline,71.0,0.0,47.0,24.0,53.0,24.0,29.0,1,0.0,132.0,0.0,0.0,0.0,0,0.0,152.75,185.60000000000002,0.0,338.35
2025-11-29,Seasonal Berries,Manual par-level baseline,17.0,0.0,17.0,0.0,8.0,0.0,8.0,1,0.0,12.0,0.0,0.0,0.0,0,0.0,24.65,22.4,0.0,47.05
2025-11-29,Soft Drinks,Manual par-level baseline,281.0,0.0,0.0,281.0,115.0,115.0,0.0,0,166.0,216.0,66.4,1.8433734939759037,0.0,0,0.04547945205479453,0.0,0.0,0.0,0.04547945205479453
2025-11-29,Tomatoes,Manual par-level baseline,184.0,0.0,0.0,184.0,95.0,95.0,0.0,0,89.0,216.0,40.050000000000004,1.0,0.0,0,0.027431506849315068,0.0,0.0,0.0,0.027431506849315068
2025-11-29,Truffle Oil,Manual par-level baseline,22.0,0.0,0.0,22.0,9.0,9.0,0.0,0,13.0,0.0,110.5,5.076923076923077,0.0,0,0.07568493150684932,0.0,0.0,0.0,0.07568493150684932
2025-11-29,Vegan Cheese,Manual par-level baseline,0.0,0.0,0.0,0.0,0.0,0.0,0.0,0,0.0,36.0,0.0,0.0,0.0,0,0.0,0.0,0.0,0.0,0.0
2025-11-30,Bacon,Manual par-level baseline,121.0,170.0,0.0,291.0,73.0,73.0,0.0,0,218.0,0.0,239.80000000000004,0.44036697247706424,0.0,0,0.16424657534246576,0.0,0.0,0.0,0.16424657534246576
2025-11-30,Burger Buns,Manual par-level baseline,67.0,432.0,0.0,499.0,186.0,186.0,0.0,0,313.0,0.0,56.339999999999996,0.0,0.0,0,0.03858904109589041,0.0,0.0,0.0,0.03858904109589041
2025-11-30,Butter,Manual par-level baseline,10.0,144.0,0.0,154.0,46.0,46.0,0.0,0,108.0,0.0,102.6,0.0,0.0,0,0.07027397260273972,0.0,0.0,0.0,0.07027397260273972
2025-11-30,Cheese Slices,Manual par-level baseline,73.0,250.0,0.0,323.0,119.0,119.0,0.0,0,204.0,0.0,44.88,0.0,0.0,0,0.030739726027397263,0.0,0.0,0.0,0.030739726027397263
2025-11-30,Chicken Breast,Manual par-level baseline,40.0,350.0,0.0,390.0,132.0,132.0,0.0,0,258.0,0.0,464.40000000000003,0.0,0.0,0,0.3180821917808219,0.0,0.0,0.0,0.3180821917808219
2025-11-30,Coffee Beans,Manual par-level baseline,0.0,192.0,0.0,192.0,54.0,54.0,0.0,0,138.0,0.0,289.8,0.0,0.0,0,0.1984931506849315,0.0,0.0,0.0,0.1984931506849315
2025-11-30,Cooking Oil,Manual par-level baseline,20.0,96.0,0.0,116.0,26.0,26.0,0.0,0,90.0,0.0,144.0,0.0,0.0,0,0.09863013698630138,0.0,0.0,0.0,0.09863013698630138
2025-11-30,Eggs,Manual par-level baseline,0.0,270.0,0.0,270.0,82.0,82.0,0.0,0,188.0,0.0,30.080000000000002,0.0,0.0,0,0.020602739726027396,0.0,0.0,0.0,0.020602739726027396
2025-11-30,Fries (Potatoes),Manual par-level baseline,134.0,440.0,0.0,574.0,198.0,198.0,0.0,0,376.0,0.0,112.8,0.0,0.0,0,0.07726027397260274,0.0,0.0,0.0,0.07726027397260274
2025-11-30,Gluten-free Buns,Manual par-level baseline,17.0,24.0,0.0,41.0,22.0,22.0,0.0,0,19.0,0.0,10.450000000000001,0.0,0.0,0,0.007157534246575343,0.0,0.0,0.0,0.007157534246575343
2025-11-30,Lettuce,Manual par-level baseline,24.0,228.0,0.0,252.0,84.0,84.0,0.0,0,168.0,0.0,100.8,0.0,0.0,0,0.06904109589041095,0.0,0.0,0.0,0.06904109589041095
2025-11-30,Milk,Manual par-level baseline,0.0,300.0,0.0,300.0,70.0,70.0,0.0,0,230.0,0.0,172.5,0.0,0.0,0,0.11815068493150684,0.0,0.0,0.0,0.11815068493150684
2025-11-30,Mushrooms,Manual par-level baseline,24.0,120.0,0.0,144.0,43.0,43.0,0.0,0,101.0,0.0,55.550000000000004,0.0,0.0,0,0.03804794520547945,0.0,0.0,0.0,0.03804794520547945
2025-11-30,Onions,Manual par-level baseline,41.0,200.0,0.0,241.0,75.0,75.0,0.0,0,166.0,0.0,41.5,0.0,0.0,0,0.028424657534246577,0.0,0.0,0.0,0.028424657534246577
2025-11-30,Salmon Fillet,Manual par-level baseline,0.0,132.0,0.0,132.0,47.0,47.0,0.0,0,85.0,0.0,272.0,0.0,0.0,0,0.1863013698630137,0.0,0.0,0.0,0.1863013698630137
2025-11-30,Seasonal Berries,Manual par-level baseline,0.0,12.0,0.0,12.0,10.0,10.0,0.0,0,2.0,0.0,2.8,0.0,0.0,0,0.0019178082191780822,0.0,0.0,0.0,0.0019178082191780822
2025-11-30,Soft Drinks,Manual par-level baseline,166.0,216.0,0.0,382.0,131.0,131.0,0.0,0,251.0,0.0,100.4,0.2788844621513944,0.0,0,0.06876712328767125,0.0,0.0,0.0,0.06876712328767125
2025-11-30,Tomatoes,Manual par-level baseline,89.0,216.0,0.0,305.0,93.0,93.0,0.0,0,212.0,0.0,95.4,0.0,0.0,0,0.06534246575342466,0.0,0.0,0.0,0.06534246575342466
2025-11-30,Truffle Oil,Manual par-level baseline,13.0,0.0,0.0,13.0,0.0,0.0,0.0,0,13.0,0.0,110.5,6.076923076923077,0.0,0,0.07568493150684932,0.0,0.0,0.0,0.07568493150684932
2025-11-30,Vegan Cheese,Manual par-level baseline,0.0,36.0,0.0,36.0,0.0,0.0,0.0,0,36.0,0.0,23.400000000000002,0.0,0.0,0,0.016027397260273975,0.0,0.0,0.0,0.016027397260273975
2025-12-01,Bacon,Manual par-level baseline,218.0,0.0,0.0,218.0,77.0,77.0,0.0,0,141.0,70.0,155.10000000000002,1.0,70.0,1,0.10623287671232877,0.0,0.0,0.6578947368421053,0.764127613554434
2025-12-01,Burger Buns,Manual par-level baseline,313.0,0.0,0.0,313.0,98.0,98.0,0.0,0,215.0,384.0,38.699999999999996,1.0,384.0,1,0.02650684931506849,0.0,0.0,0.6578947368421053,0.6844015861571738
2025-12-01,Butter,Manual par-level baseline,108.0,0.0,0.0,108.0,29.0,29.0,0.0,0,79.0,72.0,75.05,1.0,72.0,1,0.0514041095890411,0.0,0.0,0.6578947368421053,0.7092988464311464
2025-12-01,Cheese Slices,Manual par-level baseline,204.0,0.0,0.0,204.0,73.0,73.0,0.0,0,131.0,250.0,28.82,1.0,250.0,1,0.01973972602739726,0.0,0.0,0.6578947368421053,0.6776344628695026
2025-12-01,Chicken Breast,Manual par-level baseline,258.0,0.0,0.0,258.0,104.0,104.0,0.0,0,154.0,270.0,277.2,1.0,270.0,1,0.18986301369863012,0.0,0.0,0.6578947368421053,0.8477577505407354
2025-12-01,Coffee Beans,Manual par-level baseline,138.0,0.0,0.0,138.0,28.0,28.0,0.0,0,110.0,102.0,231.0,1.0,102.0,1,0.1582191780821918,0.0,0.0,0.6578947368421053,0.8161139149242971
2025-12-01,Cooking Oil,Manual par-level baseline,90.0,0.0,0.0,90.0,28.0,28.0,0.0,0,62.0,60.0,99.2,1.0,60.0,1,0.06794520547945207,0.0,0.0,0.6578947368421053,0.7258399423215574
2025-12-01,Eggs,Manual par-level baseline,188.0,0.0,0.0,188.0,39.0,39.0,0.0,0,149.0,150.0,23.84,1.0,150.0,1,0.016328767123287673,0.0,0.0,0.6578947368421053,0.674223503965393
2025-12-01,Fries (Potatoes),Manual par-level baseline,376.0,0.0,0.0,376.0,127.0,127.0,0.0,0,249.0,380.0,74.7,1.0,380.0,1,0.05116438356164383,0.0,0.0,0.6578947368421053,0.7090591204037492
2025-12-01,Gluten-free Buns,Manual par-level baseline,19.0,0.0,0.0,19.0,7.0,7.0,0.0,0,12.0,24.0,6.6000000000000005,1.0,24.0,1,0.00452054794520548,0.0,0.0,0.6578947368421053,0.6624152847873108
2025-12-01,Lettuce,Manual par-level baseline,168.0,0.0,0.0,168.0,81.0,81.0,0.0,0,87.0,156.0,52.199999999999996,1.0,156.0,1,0.03575342465753424,0.0,0.0,0.6578947368421053,0.6936481614996396
2025-12-01,Milk,Manual par-level baseline,230.0,0.0,0.0,230.0,70.0,70.0,0.0,0,160.0,156.0,120.0,1.0,156.0,1,0.0821917808219178,0.0,0.0,0.6578947368421053,0.7400865176640231
2025-12-01,Mushrooms,Manual par-level baseline,101.0,0.0,0.0,101.0,33.0,33.0,0.0,0,68.0,100.0,37.400000000000006,1.0,100.0,1,0.025616438356164384,0.0,0.0,0.6578947368421053,0.6835111751982696
2025-12-01,Onions,Manual par-level baseline,166.0,0.0,0.0,166.0,40.0,40.0,0.0,0,126.0,140.0,31.5,1.0,140.0,1,0.021575342465753426,0.0,0.0,0.6578947368421053,0.6794700793078587
2025-12-01,Salmon Fillet,Manual par-level baseline,85.0,0.0,0.0,85.0,23.0,23.0,0.0,0,62.0,114.0,198.4,1.0,114.0,1,0.13589041095890414,0.0,0.0,0.6578947368421053,0.7937851478010094
2025-12-01,Seasonal Berries,Manual par-level baseline,2.0,0.0,0.0,2.0,0.0,0.0,0.0,0,2.0,24.0,2.8,1.0,24.0,1,0.0019178082191780822,0.0,0.0,0.6578947368421053,0.6598125450612834
2025-12-01,Soft Drinks,Manual par-level baseline,251.0,0.0,0.0,251.0,77.0,77.0,0.0,0,174.0,264.0,69.60000000000001,1.0,264.0,1,0.047671232876712336,0.0,0.0,0.6578947368421053,0.7055659697188177
2025-12-01,Tomatoes,Manual par-level baseline,212.0,0.0,0.0,212.0,54.0,54.0,0.0,0,158.0,156.0,71.10000000000001,1.0,156.0,1,0.0486986301369863,0.0,0.0,0.6578947368421053,0.7065933669790916
2025-12-01,Truffle Oil,Manual par-level baseline,13.0,0.0,0.0,13.0,0.0,0.0,0.0,0,13.0,6.0,110.5,7.076923076923077,6.0,1,0.07568493150684932,0.0,0.0,0.6578947368421053,0.7335796683489546
2025-12-01,Vegan Cheese,Manual par-level baseline,36.0,0.0,0.0,36.0,6.0,6.0,0.0,0,30.0,0.0,19.5,1.0,0.0,1,0.013356164383561644,0.0,0.0,0.0,0.013356164383561644
2025-12-02,Bacon,Manual par-level baseline,141.0,0.0,0.0,141.0,59.0,59.0,0.0,0,82.0,70.0,90.2,2.0,0.0,0,0.06178082191780822,0.0,0.0,0.0,0.06178082191780822
2025-12-02,Burger Buns,Manual par-level baseline,215.0,0.0,0.0,215.0,99.0,99.0,0.0,0,116.0,384.0,20.88,2.0,0.0,0,0.014301369863013698,0.0,0.0,0.0,0.014301369863013698
2025-12-02,Butter,Manual par-level baseline,79.0,0.0,0.0,79.0,27.0,27.0,0.0,0,52.0,72.0,49.4,2.0,0.0,0,0.03383561643835616,0.0,0.0,0.0,0.03383561643835616
2025-12-02,Cheese Slices,Manual par-level baseline,131.0,0.0,0.0,131.0,69.0,69.0,0.0,0,62.0,250.0,13.64,2.0,0.0,0,0.009342465753424659,0.0,0.0,0.0,0.009342465753424659
2025-12-02,Chicken Breast,Manual par-level baseline,154.0,0.0,0.0,154.0,96.0,96.0,0.0,0,58.0,270.0,104.4,2.0,0.0,0,0.0715068493150685,0.0,0.0,0.0,0.0715068493150685
2025-12-02,Coffee Beans,Manual par-level baseline,110.0,0.0,0.0,110.0,73.0,73.0,0.0,0,37.0,102.0,77.7,2.0,0.0,0,0.05321917808219178,0.0,0.0,0.0,0.05321917808219178
2025-12-02,Cooking Oil,Manual par-level baseline,62.0,0.0,0.0,62.0,22.0,22.0,0.0,0,40.0,60.0,64.0,2.0,0.0,0,0.04383561643835617,0.0,0.0,0.0,0.04383561643835617
2025-12-02,Eggs,Manual par-level baseline,149.0,0.0,0.0,149.0,64.0,64.0,0.0,0,85.0,150.0,13.6,2.0,0.0,0,0.009315068493150684,0.0,0.0,0.0,0.009315068493150684
2025-12-02,Fries (Potatoes),Manual par-level baseline,249.0,0.0,0.0,249.0,111.0,111.0,0.0,0,138.0,380.0,41.4,2.0,0.0,0,0.02835616438356164,0.0,0.0,0.0,0.02835616438356164
2025-12-02,Gluten-free Buns,Manual par-level baseline,12.0,0.0,0.0,12.0,0.0,0.0,0.0,0,12.0,24.0,6.6000000000000005,2.0,0.0,0,0.00452054794520548,0.0,0.0,0.0,0.00452054794520548
2025-12-02,Lettuce,Manual par-level baseline,87.0,0.0,0.0,87.0,46.0,46.0,0.0,0,41.0,156.0,24.599999999999998,2.0,0.0,0,0.01684931506849315,0.0,0.0,0.0,0.01684931506849315
2025-12-02,Milk,Manual par-level baseline,160.0,0.0,0.0,160.0,77.0,77.0,0.0,0,83.0,156.0,62.25,2.0,0.0,0,0.04263698630136986,0.0,0.0,0.0,0.04263698630136986
2025-12-02,Mushrooms,Manual par-level baseline,68.0,0.0,0.0,68.0,35.0,35.0,0.0,0,33.0,100.0,18.150000000000002,2.0,0.0,0,0.012431506849315068,0.0,0.0,0.0,0.012431506849315068
2025-12-02,Onions,Manual par-level baseline,126.0,0.0,0.0,126.0,54.0,54.0,0.0,0,72.0,140.0,18.0,2.0,0.0,0,0.012328767123287671,0.0,0.0,0.0,0.012328767123287671
2025-12-02,Salmon Fillet,Manual par-level baseline,62.0,0.0,0.0,62.0,0.0,0.0,0.0,0,62.0,114.0,198.4,2.0,0.0,0,0.13589041095890414,0.0,0.0,0.0,0.13589041095890414
2025-12-02,Seasonal Berries,Manual par-level baseline,2.0,0.0,0.0,2.0,0.0,0.0,0.0,0,2.0,24.0,2.8,2.0,0.0,0,0.0019178082191780822,0.0,0.0,0.0,0.0019178082191780822
2025-12-02,Soft Drinks,Manual par-level baseline,174.0,0.0,0.0,174.0,52.0,52.0,0.0,0,122.0,264.0,48.800000000000004,2.0,0.0,0,0.03342465753424658,0.0,0.0,0.0,0.03342465753424658
2025-12-02,Tomatoes,Manual par-level baseline,158.0,0.0,0.0,158.0,65.0,65.0,0.0,0,93.0,156.0,41.85,2.0,0.0,0,0.028664383561643834,0.0,0.0,0.0,0.028664383561643834
2025-12-02,Truffle Oil,Manual par-level baseline,13.0,0.0,0.0,13.0,0.0,0.0,0.0,0,13.0,6.0,110.5,8.076923076923077,0.0,0,0.07568493150684932,0.0,0.0,0.0,0.07568493150684932
2025-12-02,Vegan Cheese,Manual par-level baseline,30.0,0.0,0.0,30.0,6.0,6.0,0.0,0,24.0,0.0,15.600000000000001,2.0,0.0,0,0.010684931506849316,0.0,0.0,0.0,0.010684931506849316
2025-12-03,Bacon,Manual par-level baseline,82.0,70.0,0.0,152.0,50.0,50.0,0.0,0,102.0,140.0,112.2,0.9411764705882353,140.0,1,0.07684931506849316,0.0,0.0,0.6944444444444444,0.7712937595129375
2025-12-03,Burger Buns,Manual par-level baseline,116.0,384.0,116.0,384.0,113.0,113.0,0.0,0,271.0,288.0,48.78,0.0,288.0,1,0.03341095890410959,26.68,0.0,0.6944444444444444,27.407855403348552
2025-12-03,Butter,Manual par-level baseline,52.0,72.0,0.0,124.0,33.0,33.0,0.0,0,91.0,60.0,86.44999999999999,0.6263736263736264,60.0,1,0.05921232876712329,0.0,0.0,0.6944444444444444,0.7536567732115678
2025-12-03,Cheese Slices,Manual par-level baseline,62.0,250.0,0.0,312.0,83.0,83.0,0.0,0,229.0,150.0,50.38,0.0,150.0,1,0.0345068493150685,0.0,0.0,0.6944444444444444,0.728951293759513
2025-12-03,Chicken Breast,Manual par-level baseline,58.0,270.0,0.0,328.0,96.0,96.0,0.0,0,232.0,210.0,417.6,0.0,210.0,1,0.286027397260274,0.0,0.0,0.6944444444444444,0.9804718417047185
2025-12-03,Coffee Beans,Manual par-level baseline,37.0,102.0,0.0,139.0,49.0,49.0,0.0,0,90.0,102.0,189.0,0.0,102.0,1,0.12945205479452054,0.0,0.0,0.6944444444444444,0.823896499238965
2025-12-03,Cooking Oil,Manual par-level baseline,40.0,60.0,0.0,100.0,30.0,30.0,0.0,0,70.0,48.0,112.0,0.42857142857142855,48.0,1,0.07671232876712329,0.0,0.0,0.6944444444444444,0.7711567732115677
2025-12-03,Eggs,Manual par-level baseline,85.0,150.0,0.0,235.0,79.0,79.0,0.0,0,156.0,90.0,24.96,0.11538461538461539,90.0,1,0.017095890410958905,0.0,0.0,0.6944444444444444,0.7115403348554034
2025-12-03,Fries (Potatoes),Manual par-level baseline,138.0,380.0,0.0,518.0,123.0,123.0,0.0,0,395.0,260.0,118.5,0.11392405063291139,260.0,1,0.08116438356164384,0.0,0.0,0.6944444444444444,0.7756088280060882
2025-12-03,Gluten-free Buns,Manual par-level baseline,12.0,24.0,12.0,24.0,17.0,17.0,0.0,0,7.0,24.0,3.8500000000000005,0.0,24.0,1,0.002636986301369863,7.200000000000001,0.0,0.6944444444444444,7.897081430745816
2025-12-03,Lettuce,Manual par-level baseline,41.0,156.0,0.0,197.0,56.0,56.0,0.0,0,141.0,132.0,84.6,0.0,132.0,1,0.057945205479452054,0.0,0.0,0.6944444444444444,0.7523896499238965
2025-12-03,Milk,Manual par-level baseline,83.0,156.0,0.0,239.0,73.0,73.0,0.0,0,166.0,156.0,124.5,0.18072289156626506,156.0,1,0.08527397260273972,0.0,0.0,0.6944444444444444,0.7797184170471841
2025-12-03,Mushrooms,Manual par-level baseline,33.0,100.0,0.0,133.0,40.0,40.0,0.0,0,93.0,80.0,51.150000000000006,0.0,80.0,1,0.035034246575342466,0.0,0.0,0.6944444444444444,0.7294786910197869
2025-12-03,Onions,Manual par-level baseline,72.0,140.0,0.0,212.0,52.0,52.0,0.0,0,160.0,100.0,40.0,0.375,100.0,1,0.0273972602739726,0.0,0.0,0.6944444444444444,0.721841704718417
2025-12-03,Salmon Fillet,Manual par-level baseline,62.0,114.0,62.0,114.0,27.0,27.0,0.0,0,87.0,78.0,278.40000000000003,0.0,78.0,1,0.19068493150684934,201.5,0.0,0.6944444444444444,202.3851293759513
2025-12-03,Seasonal Berries,Manual par-level baseline,2.0,24.0,2.0,24.0,8.0,8.0,0.0,0,16.0,0.0,22.4,0.0,0.0,1,0.015342465753424657,2.9,0.0,0.0,2.9153424657534246
2025-12-03,Soft Drinks,Manual par-level baseline,122.0,264.0,0.0,386.0,49.0,49.0,0.0,0,337.0,120.0,134.8,0.6498516320474778,120.0,1,0.09232876712328768,0.0,0.0,0.6944444444444444,0.7867732115677321
2025-12-03,Tomatoes,Manual par-level baseline,93.0,156.0,0.0,249.0,53.0,53.0,0.0,0,196.0,120.0,88.2,0.6122448979591837,120.0,1,0.060410958904109587,0.0,0.0,0.6944444444444444,0.754855403348554
2025-12-03,Truffle Oil,Manual par-level baseline,13.0,6.0,0.0,19.0,4.0,4.0,0.0,0,15.0,0.0,127.5,5.2,0.0,1,0.08732876712328767,0.0,0.0,0.0,0.08732876712328767
2025-12-03,Vegan Cheese,Manual par-level baseline,24.0,0.0,0.0,24.0,4.0,4.0,0.0,0,20.0,12.0,13.0,3.0,12.0,1,0.008904109589041097,0.0,0.0,0.6944444444444444,0.7033485540334855
2025-12-04,Bacon,Manual par-level baseline,102.0,0.0,0.0,102.0,48.0,48.0,0.0,0,54.0,140.0,59.400000000000006,1.0,0.0,0,0.04068493150684932,0.0,0.0,0.0,0.04068493150684932
2025-12-04,Burger Buns,Manual par-level baseline,271.0,0.0,0.0,271.0,105.0,105.0,0.0,0,166.0,288.0,29.88,1.0,0.0,0,0.020465753424657535,0.0,0.0,0.0,0.020465753424657535
2025-12-04,Butter,Manual par-level baseline,91.0,0.0,0.0,91.0,33.0,33.0,0.0,0,58.0,60.0,55.099999999999994,1.0,0.0,0,0.03773972602739726,0.0,0.0,0.0,0.03773972602739726
2025-12-04,Cheese Slices,Manual par-level baseline,229.0,0.0,0.0,229.0,83.0,83.0,0.0,0,146.0,150.0,32.12,1.0,0.0,0,0.022000000000000002,0.0,0.0,0.0,0.022000000000000002
2025-12-04,Chicken Breast,Manual par-level baseline,232.0,0.0,0.0,232.0,101.0,101.0,0.0,0,131.0,210.0,235.8,1.0,0.0,0,0.16150684931506848,0.0,0.0,0.0,0.16150684931506848
2025-12-04,Coffee Beans,Manual par-level baseline,90.0,0.0,0.0,90.0,52.0,52.0,0.0,0,38.0,102.0,79.8,1.0,0.0,0,0.054657534246575344,0.0,0.0,0.0,0.054657534246575344
2025-12-04,Cooking Oil,Manual par-level baseline,70.0,0.0,0.0,70.0,26.0,26.0,0.0,0,44.0,48.0,70.4,1.0,0.0,0,0.04821917808219179,0.0,0.0,0.0,0.04821917808219179
2025-12-04,Eggs,Manual par-level baseline,156.0,0.0,0.0,156.0,51.0,51.0,0.0,0,105.0,90.0,16.8,1.0,0.0,0,0.011506849315068493,0.0,0.0,0.0,0.011506849315068493
2025-12-04,Fries (Potatoes),Manual par-level baseline,395.0,0.0,0.0,395.0,137.0,137.0,0.0,0,258.0,260.0,77.39999999999999,1.0,0.0,0,0.05301369863013698,0.0,0.0,0.0,0.05301369863013698
2025-12-04,Gluten-free Buns,Manual par-level baseline,7.0,0.0,0.0,7.0,10.0,7.0,3.0,1,0.0,24.0,0.0,0.0,0.0,0,0.0,0.0,3.3000000000000003,0.0,3.3000000000000003
2025-12-04,Lettuce,Manual par-level baseline,141.0,0.0,0.0,141.0,62.0,62.0,0.0,0,79.0,132.0,47.4,1.0,0.0,0,0.03246575342465753,0.0,0.0,0.0,0.03246575342465753
2025-12-04,Milk,Manual par-level baseline,166.0,0.0,0.0,166.0,78.0,78.0,0.0,0,88.0,156.0,66.0,1.0,0.0,0,0.04520547945205479,0.0,0.0,0.0,0.04520547945205479
2025-12-04,Mushrooms,Manual par-level baseline,93.0,0.0,0.0,93.0,56.0,56.0,0.0,0,37.0,80.0,20.35,1.0,0.0,0,0.013938356164383561,0.0,0.0,0.0,0.013938356164383561
2025-12-04,Onions,Manual par-level baseline,160.0,0.0,0.0,160.0,60.0,60.0,0.0,0,100.0,100.0,25.0,1.0,0.0,0,0.017123287671232876,0.0,0.0,0.0,0.017123287671232876
2025-12-04,Salmon Fillet,Manual par-level baseline,87.0,0.0,0.0,87.0,30.0,30.0,0.0,0,57.0,78.0,182.4,1.0,0.0,0,0.12493150684931509,0.0,0.0,0.0,0.12493150684931509
2025-12-04,Seasonal Berries,Manual par-level baseline,16.0,0.0,0.0,16.0,0.0,0.0,0.0,0,16.0,0.0,22.4,1.0,0.0,0,0.015342465753424657,0.0,0.0,0.0,0.015342465753424657
2025-12-04,Soft Drinks,Manual par-level baseline,337.0,0.0,0.0,337.0,109.0,109.0,0.0,0,228.0,120.0,91.2,1.0,0.0,0,0.062465753424657544,0.0,0.0,0.0,0.062465753424657544
2025-12-04,Tomatoes,Manual par-level baseline,196.0,0.0,0.0,196.0,80.0,80.0,0.0,0,116.0,120.0,52.2,1.0,0.0,0,0.03575342465753425,0.0,0.0,0.0,0.03575342465753425
2025-12-04,Truffle Oil,Manual par-level baseline,15.0,0.0,0.0,15.0,0.0,0.0,0.0,0,15.0,0.0,127.5,6.2,0.0,0,0.08732876712328767,0.0,0.0,0.0,0.08732876712328767
2025-12-04,Vegan Cheese,Manual par-level baseline,20.0,0.0,0.0,20.0,4.0,4.0,0.0,0,16.0,12.0,10.4,4.0,0.0,0,0.007123287671232877,0.0,0.0,0.0,0.007123287671232877
2025-12-05,Bacon,Manual par-level baseline,54.0,140.0,0.0,194.0,72.0,72.0,0.0,0,122.0,170.0,134.20000000000002,0.0,170.0,1,0.09191780821917808,0.0,0.0,0.625,0.716917808219178
2025-12-05,Burger Buns,Manual par-level baseline,166.0,288.0,0.0,454.0,164.0,164.0,0.0,0,290.0,384.0,52.199999999999996,0.013793103448275862,384.0,1,0.03575342465753425,0.0,0.0,0.625,0.6607534246575343
2025-12-05,Butter,Manual par-level baseline,58.0,60.0,0.0,118.0,0.0,0.0,0.0,0,118.0,108.0,112.1,0.9830508474576272,108.0,1,0.07678082191780822,0.0,0.0,0.625,0.7017808219178082
2025-12-05,Cheese Slices,Manual par-level baseline,146.0,150.0,0.0,296.0,118.0,118.0,0.0,0,178.0,300.0,39.16,0.3146067415730337,300.0,1,0.02682191780821918,0.0,0.0,0.625,0.6518219178082192
2025-12-05,Chicken Breast,Manual par-level baseline,131.0,210.0,0.0,341.0,142.0,142.0,0.0,0,199.0,330.0,358.2,0.0,330.0,1,0.24534246575342464,0.0,0.0,0.625,0.8703424657534247
2025-12-05,Coffee Beans,Manual par-level baseline,38.0,102.0,0.0,140.0,65.0,65.0,0.0,0,75.0,162.0,157.5,0.0,162.0,1,0.10787671232876712,0.0,0.0,0.625,0.7328767123287672
2025-12-05,Cooking Oil,Manual par-level baseline,44.0,48.0,0.0,92.0,32.0,32.0,0.0,0,60.0,96.0,96.00000000000001,0.4,96.0,1,0.06575342465753425,0.0,0.0,0.625,0.6907534246575342
2025-12-05,Eggs,Manual par-level baseline,105.0,90.0,0.0,195.0,116.0,116.0,0.0,0,79.0,210.0,12.64,0.0,210.0,1,0.008657534246575343,0.0,0.0,0.625,0.6336575342465753
2025-12-05,Fries (Potatoes),Manual par-level baseline,258.0,260.0,0.0,518.0,193.0,193.0,0.0,0,325.0,440.0,97.5,0.4,440.0,1,0.06678082191780821,0.0,0.0,0.625,0.6917808219178082
2025-12-05,Gluten-free Buns,Manual par-level baseline,0.0,24.0,0.0,24.0,14.0,14.0,0.0,0,10.0,36.0,5.5,0.0,36.0,1,0.003767123287671233,0.0,0.0,0.625,0.6287671232876713
2025-12-05,Lettuce,Manual par-level baseline,79.0,132.0,0.0,211.0,90.0,90.0,0.0,0,121.0,204.0,72.6,0.0,204.0,1,0.04972602739726027,0.0,0.0,0.625,0.6747260273972603
2025-12-05,Milk,Manual par-level baseline,88.0,156.0,0.0,244.0,91.0,91.0,0.0,0,153.0,240.0,114.75,0.0,240.0,1,0.0785958904109589,0.0,0.0,0.625,0.7035958904109589
2025-12-05,Mushrooms,Manual par-level baseline,37.0,80.0,0.0,117.0,53.0,53.0,0.0,0,64.0,150.0,35.2,0.0,150.0,1,0.02410958904109589,0.0,0.0,0.625,0.6491095890410958
2025-12-05,Onions,Manual par-level baseline,100.0,100.0,0.0,200.0,70.0,70.0,0.0,0,130.0,200.0,32.5,0.46153846153846156,200.0,1,0.02226027397260274,0.0,0.0,0.625,0.6472602739726028
2025-12-05,Salmon Fillet,Manual par-level baseline,57.0,78.0,0.0,135.0,54.0,54.0,0.0,0,81.0,114.0,259.20000000000005,0.07407407407407407,114.0,1,0.17753424657534247,0.0,0.0,0.625,0.8025342465753424
2025-12-05,Seasonal Berries,Manual par-level baseline,16.0,0.0,0.0,16.0,17.0,16.0,1.0,1,0.0,12.0,0.0,0.0,12.0,1,0.0,0.0,2.8,0.625,3.425
2025-12-05,Soft Drinks,Manual par-level baseline,228.0,120.0,0.0,348.0,154.0,154.0,0.0,0,194.0,288.0,77.6,0.7628865979381443,288.0,1,0.053150684931506854,0.0,0.0,0.625,0.6781506849315069
2025-12-05,Tomatoes,Manual par-level baseline,116.0,120.0,0.0,236.0,139.0,139.0,0.0,0,97.0,228.0,43.65,0.0,228.0,1,0.029897260273972603,0.0,0.0,0.625,0.6548972602739727
2025-12-05,Truffle Oil,Manual par-level baseline,15.0,0.0,0.0,15.0,0.0,0.0,0.0,0,15.0,8.0,127.5,7.2,8.0,1,0.08732876712328767,0.0,0.0,0.625,0.7123287671232876
2025-12-05,Vegan Cheese,Manual par-level baseline,16.0,12.0,0.0,28.0,17.0,17.0,0.0,0,11.0,12.0,7.15,0.0,12.0,1,0.004897260273972603,0.0,0.0,0.625,0.6298972602739726
2025-12-06,Bacon,Manual par-level baseline,122.0,0.0,0.0,122.0,74.0,74.0,0.0,0,48.0,170.0,52.800000000000004,1.0,0.0,0,0.03616438356164384,0.0,0.0,0.0,0.03616438356164384
2025-12-06,Burger Buns,Manual par-level baseline,290.0,0.0,2.0,288.0,206.0,206.0,0.0,0,82.0,384.0,14.76,1.0,0.0,0,0.01010958904109589,0.45999999999999996,0.0,0.0,0.47010958904109584
2025-12-06,Butter,Manual par-level baseline,118.0,0.0,0.0,118.0,52.0,52.0,0.0,0,66.0,108.0,62.7,1.1818181818181819,0.0,0,0.042945205479452055,0.0,0.0,0.0,0.042945205479452055
2025-12-06,Cheese Slices,Manual par-level baseline,178.0,0.0,0.0,178.0,109.0,109.0,0.0,0,69.0,300.0,15.18,1.0,0.0,0,0.010397260273972603,0.0,0.0,0.0,0.010397260273972603
2025-12-06,Chicken Breast,Manual par-level baseline,199.0,0.0,0.0,199.0,127.0,127.0,0.0,0,72.0,330.0,129.6,1.0,0.0,0,0.08876712328767122,0.0,0.0,0.0,0.08876712328767122
2025-12-06,Coffee Beans,Manual par-level baseline,75.0,0.0,0.0,75.0,52.0,52.0,0.0,0,23.0,162.0,48.300000000000004,1.0,0.0,0,0.03308219178082192,0.0,0.0,0.0,0.03308219178082192
2025-12-06,Cooking Oil,Manual par-level baseline,60.0,0.0,0.0,60.0,42.0,42.0,0.0,0,18.0,96.0,28.8,1.0,0.0,0,0.019726027397260277,0.0,0.0,0.0,0.019726027397260277
2025-12-06,Eggs,Manual par-level baseline,79.0,0.0,0.0,79.0,82.0,79.0,3.0,1,0.0,210.0,0.0,0.0,0.0,0,0.0,0.0,0.96,0.0,0.96
2025-12-06,Fries (Potatoes),Manual par-level baseline,325.0,0.0,0.0,325.0,199.0,199.0,0.0,0,126.0,440.0,37.8,1.0,0.0,0,0.025890410958904108,0.0,0.0,0.0,0.025890410958904108
2025-12-06,Gluten-free Buns,Manual par-level baseline,10.0,0.0,0.0,10.0,11.0,10.0,1.0,1,0.0,36.0,0.0,0.0,0.0,0,0.0,0.0,1.1,0.0,1.1
2025-12-06,Lettuce,Manual par-level baseline,121.0,0.0,0.0,121.0,86.0,86.0,0.0,0,35.0,204.0,21.0,1.0,0.0,0,0.014383561643835615,0.0,0.0,0.0,0.014383561643835615
2025-12-06,Milk,Manual par-level baseline,153.0,0.0,0.0,153.0,84.0,84.0,0.0,0,69.0,240.0,51.75,1.0,0.0,0,0.03544520547945205,0.0,0.0,0.0,0.03544520547945205
2025-12-06,Mushrooms,Manual par-level baseline,64.0,0.0,0.0,64.0,71.0,64.0,7.0,1,0.0,150.0,0.0,0.0,0.0,0,0.0,0.0,7.700000000000001,0.0,7.700000000000001
2025-12-06,Onions,Manual par-level baseline,130.0,0.0,0.0,130.0,70.0,70.0,0.0,0,60.0,200.0,15.0,1.0,0.0,0,0.010273972602739725,0.0,0.0,0.0,0.010273972602739725
2025-12-06,Salmon Fillet,Manual par-level baseline,81.0,0.0,3.0,78.0,60.0,60.0,0.0,0,18.0,114.0,57.6,1.0,0.0,0,0.039452054794520554,9.750000000000002,0.0,0.0,9.789452054794522
2025-12-06,Seasonal Berries,Manual par-level baseline,0.0,0.0,0.0,0.0,15.0,0.0,15.0,1,0.0,12.0,0.0,0.0,0.0,0,0.0,0.0,42.0,0.0,42.0
2025-12-06,Soft Drinks,Manual par-level baseline,194.0,0.0,0.0,194.0,94.0,94.0,0.0,0,100.0,288.0,40.0,1.0,0.0,0,0.027397260273972605,0.0,0.0,0.0,0.027397260273972605
2025-12-06,Tomatoes,Manual par-level baseline,97.0,0.0,0.0,97.0,90.0,90.0,0.0,0,7.0,228.0,3.15,1.0,0.0,0,0.0021575342465753426,0.0,0.0,0.0,0.0021575342465753426
2025-12-06,Truffle Oil,Manual par-level baseline,15.0,0.0,0.0,15.0,13.0,13.0,0.0,0,2.0,8.0,17.0,3.0,0.0,0,0.011643835616438357,0.0,0.0,0.0,0.011643835616438357
2025-12-06,Vegan Cheese,Manual par-level baseline,11.0,0.0,0.0,11.0,13.0,11.0,2.0,1,0.0,12.0,0.0,0.0,0.0,0,0.0,0.0,2.6,0.0,2.6
2025-12-07,Bacon,Manual par-level baseline,48.0,170.0,0.0,218.0,74.0,74.0,0.0,0,144.0,0.0,158.4,0.0,0.0,0,0.10849315068493151,0.0,0.0,0.0,0.10849315068493151
2025-12-07,Burger Buns,Manual par-level baseline,82.0,384.0,0.0,466.0,198.0,198.0,0.0,0,268.0,0.0,48.239999999999995,0.0,0.0,0,0.03304109589041096,0.0,0.0,0.0,0.03304109589041096
2025-12-07,Butter,Manual par-level baseline,66.0,108.0,0.0,174.0,43.0,43.0,0.0,0,131.0,0.0,124.44999999999999,0.3511450381679389,0.0,0,0.08523972602739725,0.0,0.0,0.0,0.08523972602739725
2025-12-07,Cheese Slices,Manual par-level baseline,69.0,300.0,0.0,369.0,110.0,110.0,0.0,0,259.0,0.0,56.98,0.0,0.0,0,0.039027397260273974,0.0,0.0,0.0,0.039027397260273974
2025-12-07,Chicken Breast,Manual par-level baseline,72.0,330.0,0.0,402.0,123.0,123.0,0.0,0,279.0,0.0,502.2,0.0,0.0,0,0.343972602739726,0.0,0.0,0.0,0.343972602739726
2025-12-07,Coffee Beans,Manual par-level baseline,23.0,162.0,0.0,185.0,51.0,51.0,0.0,0,134.0,0.0,281.40000000000003,0.0,0.0,0,0.19273972602739725,0.0,0.0,0.0,0.19273972602739725
2025-12-07,Cooking Oil,Manual par-level baseline,18.0,96.0,0.0,114.0,44.0,44.0,0.0,0,70.0,0.0,112.0,0.0,0.0,0,0.07671232876712329,0.0,0.0,0.0,0.07671232876712329
2025-12-07,Eggs,Manual par-level baseline,0.0,210.0,0.0,210.0,87.0,87.0,0.0,0,123.0,0.0,19.68,0.0,0.0,0,0.01347945205479452,0.0,0.0,0.0,0.01347945205479452
2025-12-07,Fries (Potatoes),Manual par-level baseline,126.0,440.0,0.0,566.0,218.0,218.0,0.0,0,348.0,0.0,104.39999999999999,0.0,0.0,0,0.07150684931506848,0.0,0.0,0.0,0.07150684931506848
2025-12-07,Gluten-free Buns,Manual par-level baseline,0.0,36.0,0.0,36.0,14.0,14.0,0.0,0,22.0,0.0,12.100000000000001,0.0,0.0,0,0.008287671232876713,0.0,0.0,0.0,0.008287671232876713
2025-12-07,Lettuce,Manual par-level baseline,35.0,204.0,0.0,239.0,65.0,65.0,0.0,0,174.0,0.0,104.39999999999999,0.0,0.0,0,0.07150684931506848,0.0,0.0,0.0,0.07150684931506848
2025-12-07,Milk,Manual par-level baseline,69.0,240.0,0.0,309.0,89.0,89.0,0.0,0,220.0,0.0,165.0,0.0,0.0,0,0.11301369863013698,0.0,0.0,0.0,0.11301369863013698
2025-12-07,Mushrooms,Manual par-level baseline,0.0,150.0,0.0,150.0,41.0,41.0,0.0,0,109.0,0.0,59.95,0.0,0.0,0,0.04106164383561644,0.0,0.0,0.0,0.04106164383561644
2025-12-07,Onions,Manual par-level baseline,60.0,200.0,0.0,260.0,57.0,57.0,0.0,0,203.0,0.0,50.75,0.029556650246305417,0.0,0,0.03476027397260274,0.0,0.0,0.0,0.03476027397260274
2025-12-07,Salmon Fillet,Manual par-level baseline,18.0,114.0,0.0,132.0,61.0,61.0,0.0,0,71.0,0.0,227.20000000000002,0.0,0.0,0,0.1556164383561644,0.0,0.0,0.0,0.1556164383561644
2025-12-07,Seasonal Berries,Manual par-level baseline,0.0,12.0,0.0,12.0,8.0,8.0,0.0,0,4.0,0.0,5.6,0.0,0.0,0,0.0038356164383561643,0.0,0.0,0.0,0.0038356164383561643
2025-12-07,Soft Drinks,Manual par-level baseline,100.0,288.0,0.0,388.0,86.0,86.0,0.0,0,302.0,0.0,120.8,0.09271523178807947,0.0,0,0.08273972602739726,0.0,0.0,0.0,0.08273972602739726
2025-12-07,Tomatoes,Manual par-level baseline,7.0,228.0,0.0,235.0,90.0,90.0,0.0,0,145.0,0.0,65.25,0.0,0.0,0,0.044691780821917805,0.0,0.0,0.0,0.044691780821917805
2025-12-07,Truffle Oil,Manual par-level baseline,2.0,8.0,0.0,10.0,7.0,7.0,0.0,0,3.0,0.0,25.5,0.0,0.0,0,0.017465753424657535,0.0,0.0,0.0,0.017465753424657535
2025-12-07,Vegan Cheese,Manual par-level baseline,0.0,12.0,0.0,12.0,12.0,12.0,0.0,0,0.0,0.0,0.0,0.0,0.0,0,0.0,0.0,0.0,0.0,0.0
2025-12-08,Bacon,Manual par-level baseline,144.0,0.0,0.0,144.0,45.0,45.0,0.0,0,99.0,140.0,108.9,1.0,140.0,1,0.07458904109589042,0.0,0.0,0.625,0.6995890410958904
2025-12-08,Burger Buns,Manual par-level baseline,268.0,0.0,0.0,268.0,113.0,113.0,0.0,0,155.0,432.0,27.9,1.0,432.0,1,0.01910958904109589,0.0,0.0,0.625,0.6441095890410959
2025-12-08,Butter,Manual par-level baseline,131.0,0.0,0.0,131.0,35.0,35.0,0.0,0,96.0,36.0,91.19999999999999,1.0,36.0,1,0.06246575342465753,0.0,0.0,0.625,0.6874657534246575
2025-12-08,Cheese Slices,Manual par-level baseline,259.0,0.0,0.0,259.0,69.0,69.0,0.0,0,190.0,200.0,41.8,1.0,200.0,1,0.02863013698630137,0.0,0.0,0.625,0.6536301369863013
2025-12-08,Chicken Breast,Manual par-level baseline,279.0,0.0,0.0,279.0,89.0,89.0,0.0,0,190.0,260.0,342.0,1.0,260.0,1,0.23424657534246573,0.0,0.0,0.625,0.8592465753424657
2025-12-08,Coffee Beans,Manual par-level baseline,134.0,0.0,0.0,134.0,66.0,66.0,0.0,0,68.0,114.0,142.8,1.0,114.0,1,0.09780821917808219,0.0,0.0,0.625,0.7228082191780822
2025-12-08,Cooking Oil,Manual par-level baseline,70.0,0.0,0.0,70.0,28.0,28.0,0.0,0,42.0,80.0,67.2,1.0,80.0,1,0.04602739726027398,0.0,0.0,0.625,0.6710273972602739
2025-12-08,Eggs,Manual par-level baseline,123.0,0.0,0.0,123.0,57.0,57.0,0.0,0,66.0,210.0,10.56,1.0,210.0,1,0.007232876712328767,0.0,0.0,0.625,0.6322328767123288
2025-12-08,Fries (Potatoes),Manual par-level baseline,348.0,0.0,0.0,348.0,103.0,103.0,0.0,0,245.0,420.0,73.5,1.0,420.0,1,0.05034246575342465,0.0,0.0,0.625,0.6753424657534246
2025-12-08,Gluten-free Buns,Manual par-level baseline,22.0,0.0,0.0,22.0,11.0,11.0,0.0,0,11.0,24.0,6.050000000000001,1.0,24.0,1,0.004143835616438356,0.0,0.0,0.625,0.6291438356164384
2025-12-08,Lettuce,Manual par-level baseline,174.0,0.0,0.0,174.0,64.0,64.0,0.0,0,110.0,144.0,66.0,1.0,144.0,1,0.04520547945205479,0.0,0.0,0.625,0.6702054794520548
2025-12-08,Milk,Manual par-level baseline,220.0,0.0,0.0,220.0,69.0,69.0,0.0,0,151.0,168.0,113.25,1.0,168.0,1,0.07756849315068493,0.0,0.0,0.625,0.7025684931506849
2025-12-08,Mushrooms,Manual par-level baseline,109.0,0.0,0.0,109.0,25.0,25.0,0.0,0,84.0,100.0,46.2,1.0,100.0,1,0.031643835616438354,0.0,0.0,0.625,0.6566438356164384
2025-12-08,Onions,Manual par-level baseline,203.0,0.0,0.0,203.0,42.0,42.0,0.0,0,161.0,100.0,40.25,1.0,100.0,1,0.027568493150684933,0.0,0.0,0.625,0.6525684931506849
2025-12-08,Salmon Fillet,Manual par-level baseline,71.0,0.0,0.0,71.0,27.0,27.0,0.0,0,44.0,132.0,140.8,1.0,132.0,1,0.09643835616438358,0.0,0.0,0.625,0.7214383561643836
2025-12-08,Seasonal Berries,Manual par-level baseline,4.0,0.0,0.0,4.0,5.0,4.0,1.0,1,0.0,24.0,0.0,0.0,24.0,1,0.0,0.0,2.8,0.625,3.425
2025-12-08,Soft Drinks,Manual par-level baseline,302.0,0.0,0.0,302.0,56.0,56.0,0.0,0,246.0,168.0,98.4,1.0,168.0,1,0.06739726027397261,0.0,0.0,0.625,0.6923972602739726
2025-12-08,Tomatoes,Manual par-level baseline,145.0,0.0,0.0,145.0,71.0,71.0,0.0,0,74.0,228.0,33.300000000000004,1.0,228.0,1,0.022808219178082192,0.0,0.0,0.625,0.6478082191780822
2025-12-08,Truffle Oil,Manual par-level baseline,3.0,0.0,0.0,3.0,0.0,0.0,0.0,0,3.0,14.0,25.5,1.0,14.0,1,0.017465753424657535,0.0,0.0,0.625,0.6424657534246575
2025-12-08,Vegan Cheese,Manual par-level baseline,0.0,0.0,0.0,0.0,0.0,0.0,0.0,0,0.0,36.0,0.0,0.0,36.0,1,0.0,0.0,0.0,0.625,0.625
2025-12-09,Bacon,Manual par-level baseline,99.0,0.0,0.0,99.0,57.0,57.0,0.0,0,42.0,140.0,46.2,2.0,0.0,0,0.031643835616438354,0.0,0.0,0.0,0.031643835616438354
2025-12-09,Burger Buns,Manual par-level baseline,155.0,0.0,0.0,155.0,101.0,101.0,0.0,0,54.0,432.0,9.719999999999999,2.0,0.0,0,0.006657534246575342,0.0,0.0,0.0,0.006657534246575342
2025-12-09,Butter,Manual par-level baseline,96.0,0.0,0.0,96.0,29.0,29.0,0.0,0,67.0,36.0,63.65,2.0,0.0,0,0.043595890410958904,0.0,0.0,0.0,0.043595890410958904
2025-12-09,Cheese Slices,Manual par-level baseline,190.0,0.0,0.0,190.0,69.0,69.0,0.0,0,121.0,200.0,26.62,2.0,0.0,0,0.018232876712328767,0.0,0.0,0.0,0.018232876712328767
2025-12-09,Chicken Breast,Manual par-level baseline,190.0,0.0,0.0,190.0,86.0,86.0,0.0,0,104.0,260.0,187.20000000000002,2.0,0.0,0,0.12821917808219177,0.0,0.0,0.0,0.12821917808219177
2025-12-09,Coffee Beans,Manual par-level baseline,68.0,0.0,0.0,68.0,43.0,43.0,0.0,0,25.0,114.0,52.5,2.0,0.0,0,0.03595890410958904,0.0,0.0,0.0,0.03595890410958904
2025-12-09,Cooking Oil,Manual par-level baseline,42.0,0.0,0.0,42.0,23.0,23.0,0.0,0,19.0,80.0,30.400000000000002,2.0,0.0,0,0.02082191780821918,0.0,0.0,0.0,0.02082191780821918
2025-12-09,Eggs,Manual par-level baseline,66.0,0.0,0.0,66.0,55.0,55.0,0.0,0,11.0,210.0,1.76,2.0,0.0,0,0.0012054794520547946,0.0,0.0,0.0,0.0012054794520547946
2025-12-09,Fries (Potatoes),Manual par-level baseline,245.0,0.0,0.0,245.0,138.0,138.0,0.0,0,107.0,420.0,32.1,2.0,0.0,0,0.02198630136986301,0.0,0.0,0.0,0.02198630136986301
2025-12-09,Gluten-free Buns,Manual par-level baseline,11.0,0.0,0.0,11.0,0.0,0.0,0.0,0,11.0,24.0,6.050000000000001,2.0,0.0,0,0.004143835616438356,0.0,0.0,0.0,0.004143835616438356
2025-12-09,Lettuce,Manual par-level baseline,110.0,0.0,0.0,110.0,55.0,55.0,0.0,0,55.0,144.0,33.0,2.0,0.0,0,0.022602739726027395,0.0,0.0,0.0,0.022602739726027395
2025-12-09,Milk,Manual par-level baseline,151.0,0.0,0.0,151.0,63.0,63.0,0.0,0,88.0,168.0,66.0,2.0,0.0,0,0.04520547945205479,0.0,0.0,0.0,0.04520547945205479
2025-12-09,Mushrooms,Manual par-level baseline,84.0,0.0,0.0,84.0,29.0,29.0,0.0,0,55.0,100.0,30.250000000000004,2.0,0.0,0,0.020719178082191782,0.0,0.0,0.0,0.020719178082191782
2025-12-09,Onions,Manual par-level baseline,161.0,0.0,0.0,161.0,56.0,56.0,0.0,0,105.0,100.0,26.25,2.0,0.0,0,0.01797945205479452,0.0,0.0,0.0,0.01797945205479452
2025-12-09,Salmon Fillet,Manual par-level baseline,44.0,0.0,0.0,44.0,31.0,31.0,0.0,0,13.0,132.0,41.6,2.0,0.0,0,0.02849315068493151,0.0,0.0,0.0,0.02849315068493151
2025-12-09,Seasonal Berries,Manual par-level baseline,0.0,0.0,0.0,0.0,7.0,0.0,7.0,1,0.0,24.0,0.0,0.0,0.0,0,0.0,0.0,19.599999999999998,0.0,19.599999999999998
2025-12-09,Soft Drinks,Manual par-level baseline,246.0,0.0,0.0,246.0,68.0,68.0,0.0,0,178.0,168.0,71.2,2.0,0.0,0,0.04876712328767124,0.0,0.0,0.0,0.04876712328767124
2025-12-09,Tomatoes,Manual par-level baseline,74.0,0.0,0.0,74.0,46.0,46.0,0.0,0,28.0,228.0,12.6,2.0,0.0,0,0.00863013698630137,0.0,0.0,0.0,0.00863013698630137
2025-12-09,Truffle Oil,Manual par-level baseline,3.0,0.0,0.0,3.0,3.0,3.0,0.0,0,0.0,14.0,0.0,0.0,0.0,0,0.0,0.0,0.0,0.0,0.0
2025-12-09,Vegan Cheese,Manual par-level baseline,0.0,0.0,0.0,0.0,6.0,0.0,6.0,1,0.0,36.0,0.0,0.0,0.0,0,0.0,0.0,7.800000000000001,0.0,7.800000000000001
2025-12-10,Bacon,Manual par-level baseline,42.0,140.0,0.0,182.0,59.0,59.0,0.0,0,123.0,110.0,135.3,0.0,110.0,1,0.09267123287671233,0.0,0.0,0.6944444444444444,0.7871156773211567
2025-12-10,Burger Buns,Manual par-level baseline,54.0,432.0,54.0,432.0,96.0,96.0,0.0,0,336.0,240.0,60.48,0.0,240.0,1,0.041424657534246574,12.419999999999998,0.0,0.6944444444444444,13.15586910197869
2025-12-10,Butter,Manual par-level baseline,67.0,36.0,0.0,103.0,46.0,46.0,0.0,0,57.0,72.0,54.14999999999999,1.105263157894737,72.0,1,0.03708904109589041,0.0,0.0,0.6944444444444444,0.7315334855403348
2025-12-10,Cheese Slices,Manual par-level baseline,121.0,200.0,0.0,321.0,96.0,96.0,0.0,0,225.0,150.0,49.5,0.3333333333333333,150.0,1,0.033904109589041095,0.0,0.0,0.6944444444444444,0.7283485540334855
2025-12-10,Chicken Breast,Manual par-level baseline,104.0,260.0,0.0,364.0,86.0,86.0,0.0,0,278.0,180.0,500.4,0.19424460431654678,180.0,1,0.3427397260273973,0.0,0.0,0.6944444444444444,1.0371841704718416
2025-12-10,Coffee Beans,Manual par-level baseline,25.0,114.0,0.0,139.0,51.0,51.0,0.0,0,88.0,114.0,184.8,0.0,114.0,1,0.12657534246575342,0.0,0.0,0.6944444444444444,0.8210197869101978
2025-12-10,Cooking Oil,Manual par-level baseline,19.0,80.0,0.0,99.0,34.0,34.0,0.0,0,65.0,48.0,104.0,0.0,48.0,1,0.07123287671232878,0.0,0.0,0.6944444444444444,0.7656773211567732
2025-12-10,Eggs,Manual par-level baseline,11.0,210.0,0.0,221.0,59.0,59.0,0.0,0,162.0,120.0,25.92,0.0,120.0,1,0.017753424657534246,0.0,0.0,0.6944444444444444,0.7121978691019787
2025-12-10,Fries (Potatoes),Manual par-level baseline,107.0,420.0,0.0,527.0,139.0,139.0,0.0,0,388.0,220.0,116.39999999999999,0.0,220.0,1,0.07972602739726027,0.0,0.0,0.6944444444444444,0.7741704718417047
2025-12-10,Gluten-free Buns,Manual par-level baseline,11.0,24.0,11.0,24.0,0.0,0.0,0.0,0,24.0,24.0,13.200000000000001,0.0,24.0,1,0.00904109589041096,6.6000000000000005,0.0,0.6944444444444444,7.303485540334856
2025-12-10,Lettuce,Manual par-level baseline,55.0,144.0,0.0,199.0,52.0,52.0,0.0,0,147.0,120.0,88.19999999999999,0.061224489795918366,120.0,1,0.060410958904109587,0.0,0.0,0.6944444444444444,0.754855403348554
2025-12-10,Milk,Manual par-level baseline,88.0,168.0,0.0,256.0,85.0,85.0,0.0,0,171.0,132.0,128.25,0.05263157894736842,132.0,1,0.08784246575342465,0.0,0.0,0.6944444444444444,0.7822869101978691
2025-12-10,Mushrooms,Manual par-level baseline,55.0,100.0,0.0,155.0,41.0,41.0,0.0,0,114.0,50.0,62.70000000000001,0.3684210526315789,50.0,1,0.042945205479452055,0.0,0.0,0.6944444444444444,0.7373896499238964
2025-12-10,Onions,Manual par-level baseline,105.0,100.0,0.0,205.0,56.0,56.0,0.0,0,149.0,100.0,37.25,0.9865771812080537,100.0,1,0.025513698630136986,0.0,0.0,0.6944444444444444,0.7199581430745814
2025-12-10,Salmon Fillet,Manual par-level baseline,13.0,132.0,13.0,132.0,37.0,37.0,0.0,0,95.0,66.0,304.0,0.0,66.0,1,0.2082191780821918,42.25,0.0,0.6944444444444444,43.15266362252663
2025-12-10,Seasonal Berries,Manual par-level baseline,0.0,24.0,0.0,24.0,12.0,12.0,0.0,0,12.0,0.0,16.799999999999997,0.0,0.0,1,0.011506849315068493,0.0,0.0,0.0,0.011506849315068493
2025-12-10,Soft Drinks,Manual par-level baseline,178.0,168.0,0.0,346.0,85.0,85.0,0.0,0,261.0,120.0,104.4,1.0689655172413792,120.0,1,0.0715068493150685,0.0,0.0,0.6944444444444444,0.7659512937595129
2025-12-10,Tomatoes,Manual par-level baseline,28.0,228.0,0.0,256.0,55.0,55.0,0.0,0,201.0,120.0,90.45,0.0,120.0,1,0.061952054794520546,0.0,0.0,0.6944444444444444,0.756396499238965
2025-12-10,Truffle Oil,Manual par-level baseline,0.0,14.0,0.0,14.0,0.0,0.0,0.0,0,14.0,2.0,119.0,0.0,2.0,1,0.08150684931506849,0.0,0.0,0.6944444444444444,0.7759512937595129
2025-12-10,Vegan Cheese,Manual par-level baseline,0.0,36.0,0.0,36.0,8.0,8.0,0.0,0,28.0,0.0,18.2,0.0,0.0,1,0.012465753424657534,0.0,0.0,0.0,0.012465753424657534
2025-12-11,Bacon,Manual par-level baseline,123.0,0.0,0.0,123.0,56.0,56.0,0.0,0,67.0,110.0,73.7,1.0,0.0,0,0.050479452054794524,0.0,0.0,0.0,0.050479452054794524
2025-12-11,Burger Buns,Manual par-level baseline,336.0,0.0,0.0,336.0,121.0,121.0,0.0,0,215.0,240.0,38.699999999999996,1.0,0.0,0,0.02650684931506849,0.0,0.0,0.0,0.02650684931506849
2025-12-11,Butter,Manual par-level baseline,57.0,0.0,0.0,57.0,36.0,36.0,0.0,0,21.0,72.0,19.95,1.0,0.0,0,0.013664383561643836,0.0,0.0,0.0,0.013664383561643836
2025-12-11,Cheese Slices,Manual par-level baseline,225.0,0.0,0.0,225.0,74.0,74.0,0.0,0,151.0,150.0,33.22,1.0,0.0,0,0.022753424657534247,0.0,0.0,0.0,0.022753424657534247
2025-12-11,Chicken Breast,Manual par-level baseline,278.0,0.0,18.0,260.0,90.0,90.0,0.0,0,170.0,180.0,306.0,1.0,0.0,0,0.2095890410958904,33.3,0.0,0.0,33.509589041095886
2025-12-11,Coffee Beans,Manual par-level baseline,88.0,0.0,0.0,88.0,50.0,50.0,0.0,0,38.0,114.0,79.8,1.0,0.0,0,0.054657534246575344,0.0,0.0,0.0,0.054657534246575344
2025-12-11,Cooking Oil,Manual par-level baseline,65.0,0.0,0.0,65.0,37.0,37.0,0.0,0,28.0,48.0,44.800000000000004,1.0,0.0,0,0.030684931506849318,0.0,0.0,0.0,0.030684931506849318
2025-12-11,Eggs,Manual par-level baseline,162.0,0.0,0.0,162.0,57.0,57.0,0.0,0,105.0,120.0,16.8,1.0,0.0,0,0.011506849315068493,0.0,0.0,0.0,0.011506849315068493
2025-12-11,Fries (Potatoes),Manual par-level baseline,388.0,0.0,0.0,388.0,120.0,120.0,0.0,0,268.0,220.0,80.39999999999999,1.0,0.0,0,0.055068493150684926,0.0,0.0,0.0,0.055068493150684926
2025-12-11,Gluten-free Buns,Manual par-level baseline,24.0,0.0,0.0,24.0,9.0,9.0,0.0,0,15.0,24.0,8.25,1.0,0.0,0,0.0056506849315068495,0.0,0.0,0.0,0.0056506849315068495
2025-12-11,Lettuce,Manual par-level baseline,147.0,0.0,3.0,144.0,47.0,47.0,0.0,0,97.0,120.0,58.199999999999996,1.0,0.0,0,0.039863013698630136,1.9499999999999997,0.0,0.0,1.98986301369863
2025-12-11,Milk,Manual par-level baseline,171.0,0.0,0.0,171.0,75.0,75.0,0.0,0,96.0,132.0,72.0,1.0,0.0,0,0.04931506849315068,0.0,0.0,0.0,0.04931506849315068
2025-12-11,Mushrooms,Manual par-level baseline,114.0,0.0,0.0,114.0,39.0,39.0,0.0,0,75.0,50.0,41.25,1.0,0.0,0,0.02825342465753425,0.0,0.0,0.0,0.02825342465753425
2025-12-11,Onions,Manual par-level baseline,149.0,0.0,0.0,149.0,56.0,56.0,0.0,0,93.0,100.0,23.25,1.0,0.0,0,0.015924657534246576,0.0,0.0,0.0,0.015924657534246576
2025-12-11,Salmon Fillet,Manual par-level baseline,95.0,0.0,0.0,95.0,27.0,27.0,0.0,0,68.0,66.0,217.60000000000002,1.0,0.0,0,0.14904109589041098,0.0,0.0,0.0,0.14904109589041098
2025-12-11,Seasonal Berries,Manual par-level baseline,12.0,0.0,0.0,12.0,7.0,7.0,0.0,0,5.0,0.0,7.0,1.0,0.0,0,0.004794520547945206,0.0,0.0,0.0,0.004794520547945206
2025-12-11,Soft Drinks,Manual par-level baseline,261.0,0.0,0.0,261.0,82.0,82.0,0.0,0,179.0,120.0,71.60000000000001,1.1843575418994414,0.0,0,0.04904109589041097,0.0,0.0,0.0,0.04904109589041097
2025-12-11,Tomatoes,Manual par-level baseline,201.0,0.0,0.0,201.0,71.0,71.0,0.0,0,130.0,120.0,58.5,1.0,0.0,0,0.04006849315068493,0.0,0.0,0.0,0.04006849315068493
2025-12-11,Truffle Oil,Manual par-level baseline,14.0,0.0,0.0,14.0,0.0,0.0,0.0,0,14.0,2.0,119.0,1.0,0.0,0,0.08150684931506849,0.0,0.0,0.0,0.08150684931506849
2025-12-11,Vegan Cheese,Manual par-level baseline,28.0,0.0,0.0,28.0,0.0,0.0,0.0,0,28.0,0.0,18.2,1.0,0.0,0,0.012465753424657534,0.0,0.0,0.0,0.012465753424657534
2025-12-12,Bacon,Manual par-level baseline,67.0,110.0,0.0,177.0,78.0,78.0,0.0,0,99.0,180.0,108.9,0.0,180.0,1,0.07458904109589042,0.0,0.0,0.625,0.6995890410958904
2025-12-12,Burger Buns,Manual par-level baseline,215.0,240.0,0.0,455.0,191.0,191.0,0.0,0,264.0,384.0,47.519999999999996,0.18181818181818182,384.0,1,0.03254794520547945,0.0,0.0,0.625,0.6575479452054794
2025-12-12,Butter,Manual par-level baseline,21.0,72.0,0.0,93.0,35.0,35.0,0.0,0,58.0,120.0,55.099999999999994,0.0,120.0,1,0.03773972602739726,0.0,0.0,0.625,0.6627397260273973
2025-12-12,Cheese Slices,Manual par-level baseline,151.0,150.0,0.0,301.0,109.0,109.0,0.0,0,192.0,300.0,42.24,0.4375,300.0,1,0.028931506849315072,0.0,0.0,0.625,0.6539315068493151
2025-12-12,Chicken Breast,Manual par-level baseline,170.0,180.0,0.0,350.0,134.0,134.0,0.0,0,216.0,320.0,388.8,0.3333333333333333,320.0,1,0.26630136986301367,0.0,0.0,0.625,0.8913013698630137
2025-12-12,Coffee Beans,Manual par-level baseline,38.0,114.0,0.0,152.0,54.0,54.0,0.0,0,98.0,162.0,205.8,0.0,162.0,1,0.14095890410958906,0.0,0.0,0.625,0.7659589041095891
2025-12-12,Cooking Oil,Manual par-level baseline,28.0,48.0,0.0,76.0,29.0,29.0,0.0,0,47.0,112.0,75.2,0.0,112.0,1,0.0515068493150685,0.0,0.0,0.625,0.6765068493150685
2025-12-12,Eggs,Manual par-level baseline,105.0,120.0,0.0,225.0,78.0,78.0,0.0,0,147.0,210.0,23.52,0.3673469387755102,210.0,1,0.01610958904109589,0.0,0.0,0.625,0.6411095890410959
2025-12-12,Fries (Potatoes),Manual par-level baseline,268.0,220.0,0.0,488.0,184.0,184.0,0.0,0,304.0,440.0,91.2,0.5526315789473685,440.0,1,0.06246575342465753,0.0,0.0,0.625,0.6874657534246575
2025-12-12,Gluten-free Buns,Manual par-level baseline,15.0,24.0,0.0,39.0,25.0,25.0,0.0,0,14.0,12.0,7.700000000000001,0.0,12.0,1,0.005273972602739726,0.0,0.0,0.625,0.6302739726027398
2025-12-12,Lettuce,Manual par-level baseline,97.0,120.0,0.0,217.0,123.0,123.0,0.0,0,94.0,180.0,56.4,0.0,180.0,1,0.03863013698630137,0.0,0.0,0.625,0.6636301369863014
2025-12-12,Milk,Manual par-level baseline,96.0,132.0,0.0,228.0,93.0,93.0,0.0,0,135.0,252.0,101.25,0.044444444444444446,252.0,1,0.06934931506849315,0.0,0.0,0.625,0.6943493150684932
2025-12-12,Mushrooms,Manual par-level baseline,75.0,50.0,0.0,125.0,83.0,83.0,0.0,0,42.0,130.0,23.1,0.0,130.0,1,0.015821917808219177,0.0,0.0,0.625,0.6408219178082192
2025-12-12,Onions,Manual par-level baseline,93.0,100.0,0.0,193.0,81.0,81.0,0.0,0,112.0,180.0,28.0,0.21428571428571427,180.0,1,0.019178082191780823,0.0,0.0,0.625,0.6441780821917809
2025-12-12,Salmon Fillet,Manual par-level baseline,68.0,66.0,0.0,134.0,56.0,56.0,0.0,0,78.0,120.0,249.60000000000002,0.3076923076923077,120.0,1,0.17095890410958905,0.0,0.0,0.625,0.795958904109589
2025-12-12,Seasonal Berries,Manual par-level baseline,5.0,0.0,0.0,5.0,10.0,5.0,5.0,1,0.0,30.0,0.0,0.0,30.0,1,0.0,0.0,14.0,0.625,14.625
2025-12-12,Soft Drinks,Manual par-level baseline,179.0,120.0,0.0,299.0,141.0,141.0,0.0,0,158.0,264.0,63.2,0.4810126582278481,264.0,1,0.04328767123287672,0.0,0.0,0.625,0.6682876712328767
2025-12-12,Tomatoes,Manual par-level baseline,130.0,120.0,0.0,250.0,84.0,84.0,0.0,0,166.0,204.0,74.7,0.5542168674698795,204.0,1,0.051164383561643836,0.0,0.0,0.625,0.6761643835616439
2025-12-12,Truffle Oil,Manual par-level baseline,14.0,2.0,0.0,16.0,7.0,7.0,0.0,0,9.0,2.0,76.5,1.5555555555555556,2.0,1,0.05239726027397261,0.0,0.0,0.625,0.6773972602739726
2025-12-12,Vegan Cheese,Manual par-level baseline,28.0,0.0,0.0,28.0,9.0,9.0,0.0,0,19.0,12.0,12.35,2.0,12.0,1,0.008458904109589042,0.0,0.0,0.625,0.633458904109589
2025-12-13,Bacon,Manual par-level baseline,99.0,0.0,0.0,99.0,62.0,62.0,0.0,0,37.0,180.0,40.7,1.0,0.0,0,0.027876712328767123,0.0,0.0,0.0,0.027876712328767123
2025-12-13,Burger Buns,Manual par-level baseline,264.0,0.0,24.0,240.0,165.0,165.0,0.0,0,75.0,384.0,13.5,1.0,0.0,0,0.009246575342465754,5.5200000000000005,0.0,0.0,5.529246575342466
2025-12-13,Butter,Manual par-level baseline,58.0,0.0,0.0,58.0,47.0,47.0,0.0,0,11.0,120.0,10.45,1.0,0.0,0,0.007157534246575343,0.0,0.0,0.0,0.007157534246575343
2025-12-13,Cheese Slices,Manual par-level baseline,192.0,0.0,0.0,192.0,93.0,93.0,0.0,0,99.0,300.0,21.78,1.0,0.0,0,0.014917808219178083,0.0,0.0,0.0,0.014917808219178083
2025-12-13,Chicken Breast,Manual par-level baseline,216.0,0.0,0.0,216.0,135.0,135.0,0.0,0,81.0,320.0,145.8,1.0,0.0,0,0.09986301369863014,0.0,0.0,0.0,0.09986301369863014
2025-12-13,Coffee Beans,Manual par-level baseline,98.0,0.0,0.0,98.0,63.0,63.0,0.0,0,35.0,162.0,73.5,1.0,0.0,0,0.05034246575342466,0.0,0.0,0.0,0.05034246575342466
2025-12-13,Cooking Oil,Manual par-level baseline,47.0,0.0,0.0,47.0,43.0,43.0,0.0,0,4.0,112.0,6.4,1.0,0.0,0,0.004383561643835617,0.0,0.0,0.0,0.004383561643835617
2025-12-13,Eggs,Manual par-level baseline,147.0,0.0,0.0,147.0,77.0,77.0,0.0,0,70.0,210.0,11.200000000000001,1.0,0.0,0,0.007671232876712329,0.0,0.0,0.0,0.007671232876712329
2025-12-13,Fries (Potatoes),Manual par-level baseline,304.0,0.0,0.0,304.0,193.0,193.0,0.0,0,111.0,440.0,33.3,1.0,0.0,0,0.02280821917808219,0.0,0.0,0.0,0.02280821917808219
2025-12-13,Gluten-free Buns,Manual par-level baseline,14.0,0.0,0.0,14.0,25.0,14.0,11.0,1,0.0,12.0,0.0,0.0,0.0,0,0.0,0.0,12.100000000000001,0.0,12.100000000000001
2025-12-13,Lettuce,Manual par-level baseline,94.0,0.0,0.0,94.0,70.0,70.0,0.0,0,24.0,180.0,14.399999999999999,1.0,0.0,0,0.009863013698630137,0.0,0.0,0.0,0.009863013698630137
2025-12-13,Milk,Manual par-level baseline,135.0,0.0,0.0,135.0,83.0,83.0,0.0,0,52.0,252.0,39.0,1.0,0.0,0,0.026712328767123285,0.0,0.0,0.0,0.026712328767123285
2025-12-13,Mushrooms,Manual par-level baseline,42.0,0.0,0.0,42.0,57.0,42.0,15.0,1,0.0,130.0,0.0,0.0,0.0,0,0.0,0.0,16.5,0.0,16.5
2025-12-13,Onions,Manual par-level baseline,112.0,0.0,0.0,112.0,83.0,83.0,0.0,0,29.0,180.0,7.25,1.0,0.0,0,0.004965753424657535,0.0,0.0,0.0,0.004965753424657535
2025-12-13,Salmon Fillet,Manual par-level baseline,78.0,0.0,12.0,66.0,56.0,56.0,0.0,0,10.0,120.0,32.0,1.0,0.0,0,0.021917808219178086,39.00000000000001,0.0,0.0,39.021917808219186
2025-12-13,Seasonal Berries,Manual par-level baseline,0.0,0.0,0.0,0.0,0.0,0.0,0.0,0,0.0,30.0,0.0,0.0,0.0,0,0.0,0.0,0.0,0.0,0.0
2025-12-13,Soft Drinks,Manual par-level baseline,158.0,0.0,0.0,158.0,103.0,103.0,0.0,0,55.0,264.0,22.0,1.0,0.0,0,0.015068493150684934,0.0,0.0,0.0,0.015068493150684934
2025-12-13,Tomatoes,Manual par-level baseline,166.0,0.0,0.0,166.0,80.0,80.0,0.0,0,86.0,204.0,38.7,1.0,0.0,0,0.02650684931506849,0.0,0.0,0.0,0.02650684931506849
2025-12-13,Truffle Oil,Manual par-level baseline,9.0,0.0,0.0,9.0,15.0,9.0,6.0,1,0.0,2.0,0.0,0.0,0.0,0,0.0,0.0,102.0,0.0,102.0
2025-12-13,Vegan Cheese,Manual par-level baseline,19.0,0.0,0.0,19.0,9.0,9.0,0.0,0,10.0,12.0,6.5,3.0,0.0,0,0.004452054794520549,0.0,0.0,0.0,0.004452054794520549
2025-12-14,Bacon,Manual par-level baseline,37.0,180.0,0.0,217.0,75.0,75.0,0.0,0,142.0,0.0,156.20000000000002,0.0,0.0,0,0.10698630136986302,0.0,0.0,0.0,0.10698630136986302
2025-12-14,Burger Buns,Manual par-level baseline,75.0,384.0,0.0,459.0,185.0,185.0,0.0,0,274.0,0.0,49.32,0.0,0.0,0,0.03378082191780822,0.0,0.0,0.0,0.03378082191780822
2025-12-14,Butter,Manual par-level baseline,11.0,120.0,0.0,131.0,40.0,40.0,0.0,0,91.0,0.0,86.45,0.0,0.0,0,0.05921232876712329,0.0,0.0,0.0,0.05921232876712329
2025-12-14,Cheese Slices,Manual par-level baseline,99.0,300.0,0.0,399.0,106.0,106.0,0.0,0,293.0,0.0,64.46,0.0,0.0,0,0.04415068493150685,0.0,0.0,0.0,0.04415068493150685
2025-12-14,Chicken Breast,Manual par-level baseline,81.0,320.0,0.0,401.0,129.0,129.0,0.0,0,272.0,0.0,489.6,0.0,0.0,0,0.33534246575342463,0.0,0.0,0.0,0.33534246575342463
2025-12-14,Coffee Beans,Manual par-level baseline,35.0,162.0,0.0,197.0,56.0,56.0,0.0,0,141.0,0.0,296.1,0.0,0.0,0,0.2028082191780822,0.0,0.0,0.0,0.2028082191780822
2025-12-14,Cooking Oil,Manual par-level baseline,4.0,112.0,0.0,116.0,31.0,31.0,0.0,0,85.0,0.0,136.0,0.0,0.0,0,0.09315068493150686,0.0,0.0,0.0,0.09315068493150686
2025-12-14,Eggs,Manual par-level baseline,70.0,210.0,0.0,280.0,80.0,80.0,0.0,0,200.0,0.0,32.0,0.0,0.0,0,0.021917808219178082,0.0,0.0,0.0,0.021917808219178082
2025-12-14,Fries (Potatoes),Manual par-level baseline,111.0,440.0,0.0,551.0,190.0,190.0,0.0,0,361.0,0.0,108.3,0.0,0.0,0,0.07417808219178082,0.0,0.0,0.0,0.07417808219178082
2025-12-14,Gluten-free Buns,Manual par-level baseline,0.0,12.0,0.0,12.0,22.0,12.0,10.0,1,0.0,0.0,0.0,0.0,0.0,0,0.0,0.0,11.0,0.0,11.0
2025-12-14,Lettuce,Manual par-level baseline,24.0,180.0,0.0,204.0,96.0,96.0,0.0,0,108.0,0.0,64.8,0.0,0.0,0,0.04438356164383561,0.0,0.0,0.0,0.04438356164383561
2025-12-14,Milk,Manual par-level baseline,52.0,252.0,0.0,304.0,126.0,126.0,0.0,0,178.0,0.0,133.5,0.0,0.0,0,0.09143835616438355,0.0,0.0,0.0,0.09143835616438355
2025-12-14,Mushrooms,Manual par-level baseline,0.0,130.0,0.0,130.0,73.0,73.0,0.0,0,57.0,0.0,31.35,0.0,0.0,0,0.021472602739726027,0.0,0.0,0.0,0.021472602739726027
2025-12-14,Onions,Manual par-level baseline,29.0,180.0,0.0,209.0,67.0,67.0,0.0,0,142.0,0.0,35.5,0.0,0.0,0,0.024315068493150686,0.0,0.0,0.0,0.024315068493150686
2025-12-14,Salmon Fillet,Manual par-level baseline,10.0,120.0,0.0,130.0,0.0,0.0,0.0,0,130.0,0.0,416.0,0.15384615384615385,0.0,0,0.2849315068493151,0.0,0.0,0.0,0.2849315068493151
2025-12-14,Seasonal Berries,Manual par-level baseline,0.0,30.0,0.0,30.0,7.0,7.0,0.0,0,23.0,0.0,32.199999999999996,0.0,0.0,0,0.022054794520547944,0.0,0.0,0.0,0.022054794520547944
2025-12-14,Soft Drinks,Manual par-level baseline,55.0,264.0,0.0,319.0,110.0,110.0,0.0,0,209.0,0.0,83.60000000000001,0.0,0.0,0,0.05726027397260275,0.0,0.0,0.0,0.05726027397260275
2025-12-14,Tomatoes,Manual par-level baseline,86.0,204.0,0.0,290.0,92.0,92.0,0.0,0,198.0,0.0,89.10000000000001,0.0,0.0,0,0.06102739726027397,0.0,0.0,0.0,0.06102739726027397
2025-12-14,Truffle Oil,Manual par-level baseline,0.0,2.0,0.0,2.0,5.0,2.0,3.0,1,0.0,0.0,0.0,0.0,0.0,0,0.0,0.0,51.0,0.0,51.0
2025-12-14,Vegan Cheese,Manual par-level baseline,10.0,12.0,0.0,22.0,17.0,17.0,0.0,0,5.0,0.0,3.25,0.0,0.0,0,0.0022260273972602744,0.0,0.0,0.0,0.0022260273972602744
2025-12-15,Bacon,Manual par-level baseline,142.0,0.0,0.0,142.0,46.0,46.0,0.0,0,96.0,150.0,105.60000000000001,1.0,150.0,1,0.07232876712328767,0.0,0.0,0.625,0.6973287671232877
2025-12-15,Burger Buns,Manual par-level baseline,274.0,0.0,0.0,274.0,91.0,91.0,0.0,0,183.0,384.0,32.94,1.0,384.0,1,0.022561643835616436,0.0,0.0,0.625,0.6475616438356164
2025-12-15,Butter,Manual par-level baseline,91.0,0.0,0.0,91.0,34.0,34.0,0.0,0,57.0,84.0,54.15,1.0,84.0,1,0.03708904109589041,0.0,0.0,0.625,0.6620890410958904
2025-12-15,Cheese Slices,Manual par-level baseline,293.0,0.0,0.0,293.0,75.0,75.0,0.0,0,218.0,150.0,47.96,1.0,150.0,1,0.03284931506849315,0.0,0.0,0.625,0.6578493150684932
2025-12-15,Chicken Breast,Manual par-level baseline,272.0,0.0,0.0,272.0,78.0,78.0,0.0,0,194.0,260.0,349.2,1.0,260.0,1,0.23917808219178083,0.0,0.0,0.625,0.8641780821917808
2025-12-15,Coffee Beans,Manual par-level baseline,141.0,0.0,0.0,141.0,47.0,47.0,0.0,0,94.0,114.0,197.4,1.0,114.0,1,0.1352054794520548,0.0,0.0,0.625,0.7602054794520547
2025-12-15,Cooking Oil,Manual par-level baseline,85.0,0.0,0.0,85.0,12.0,12.0,0.0,0,73.0,68.0,116.80000000000001,1.0,68.0,1,0.08000000000000002,0.0,0.0,0.625,0.7050000000000001
2025-12-15,Eggs,Manual par-level baseline,200.0,0.0,0.0,200.0,61.0,61.0,0.0,0,139.0,150.0,22.240000000000002,1.0,150.0,1,0.015232876712328768,0.0,0.0,0.625,0.6402328767123288
2025-12-15,Fries (Potatoes),Manual par-level baseline,361.0,0.0,0.0,361.0,131.0,131.0,0.0,0,230.0,380.0,69.0,1.0,380.0,1,0.04726027397260273,0.0,0.0,0.625,0.6722602739726027
2025-12-15,Gluten-free Buns,Manual par-level baseline,0.0,0.0,0.0,0.0,0.0,0.0,0.0,0,0.0,48.0,0.0,0.0,48.0,1,0.0,0.0,0.0,0.625,0.625
2025-12-15,Lettuce,Manual par-level baseline,108.0,0.0,0.0,108.0,46.0,46.0,0.0,0,62.0,216.0,37.199999999999996,1.0,216.0,1,0.02547945205479452,0.0,0.0,0.625,0.6504794520547945
2025-12-15,Milk,Manual par-level baseline,178.0,0.0,0.0,178.0,78.0,78.0,0.0,0,100.0,216.0,75.0,1.0,216.0,1,0.05136986301369863,0.0,0.0,0.625,0.6763698630136986
2025-12-15,Mushrooms,Manual par-level baseline,57.0,0.0,0.0,57.0,45.0,45.0,0.0,0,12.0,160.0,6.6000000000000005,1.0,160.0,1,0.00452054794520548,0.0,0.0,0.625,0.6295205479452055
2025-12-15,Onions,Manual par-level baseline,142.0,0.0,0.0,142.0,62.0,62.0,0.0,0,80.0,160.0,20.0,1.0,160.0,1,0.0136986301369863,0.0,0.0,0.625,0.6386986301369864
2025-12-15,Salmon Fillet,Manual par-level baseline,130.0,0.0,10.0,120.0,28.0,28.0,0.0,0,92.0,72.0,294.40000000000003,1.0,72.0,1,0.2016438356164384,32.5,0.0,0.625,33.32664383561644
2025-12-15,Seasonal Berries,Manual par-level baseline,23.0,0.0,0.0,23.0,7.0,7.0,0.0,0,16.0,6.0,22.4,1.0,6.0,1,0.015342465753424657,0.0,0.0,0.625,0.6403424657534247
2025-12-15,Soft Drinks,Manual par-level baseline,209.0,0.0,0.0,209.0,47.0,47.0,0.0,0,162.0,240.0,64.8,1.0,240.0,1,0.04438356164383562,0.0,0.0,0.625,0.6693835616438356
2025-12-15,Tomatoes,Manual par-level baseline,198.0,0.0,0.0,198.0,58.0,58.0,0.0,0,140.0,168.0,63.0,1.0,168.0,1,0.043150684931506846,0.0,0.0,0.625,0.6681506849315069
2025-12-15,Truffle Oil,Manual par-level baseline,0.0,0.0,0.0,0.0,9.0,0.0,9.0,1,0.0,16.0,0.0,0.0,16.0,1,0.0,0.0,153.0,0.625,153.625
2025-12-15,Vegan Cheese,Manual par-level baseline,5.0,0.0,0.0,5.0,7.0,5.0,2.0,1,0.0,36.0,0.0,0.0,36.0,1,0.0,0.0,2.6,0.625,3.225
2025-12-16,Bacon,Manual par-level baseline,96.0,0.0,0.0,96.0,56.0,56.0,0.0,0,40.0,150.0,44.0,2.0,0.0,0,0.030136986301369864,0.0,0.0,0.0,0.030136986301369864
2025-12-16,Burger Buns,Manual par-level baseline,183.0,0.0,0.0,183.0,99.0,99.0,0.0,0,84.0,384.0,15.12,2.0,0.0,0,0.010356164383561644,0.0,0.0,0.0,0.010356164383561644
2025-12-16,Butter,Manual par-level baseline,57.0,0.0,0.0,57.0,44.0,44.0,0.0,0,13.0,84.0,12.35,2.0,0.0,0,0.00845890410958904,0.0,0.0,0.0,0.00845890410958904
2025-12-16,Cheese Slices,Manual par-level baseline,218.0,0.0,0.0,218.0,70.0,70.0,0.0,0,148.0,150.0,32.56,2.0,0.0,0,0.0223013698630137,0.0,0.0,0.0,0.0223013698630137
2025-12-16,Chicken Breast,Manual par-level baseline,194.0,0.0,0.0,194.0,94.0,94.0,0.0,0,100.0,260.0,180.0,2.0,0.0,0,0.1232876712328767,0.0,0.0,0.0,0.1232876712328767
2025-12-16,Coffee Beans,Manual par-level baseline,94.0,0.0,0.0,94.0,62.0,62.0,0.0,0,32.0,114.0,67.2,2.0,0.0,0,0.046027397260273974,0.0,0.0,0.0,0.046027397260273974
2025-12-16,Cooking Oil,Manual par-level baseline,73.0,0.0,0.0,73.0,30.0,30.0,0.0,0,43.0,68.0,68.8,2.0,0.0,0,0.04712328767123288,0.0,0.0,0.0,0.04712328767123288
2025-12-16,Eggs,Manual par-level baseline,139.0,0.0,0.0,139.0,55.0,55.0,0.0,0,84.0,150.0,13.44,2.0,0.0,0,0.009205479452054795,0.0,0.0,0.0,0.009205479452054795
2025-12-16,Fries (Potatoes),Manual par-level baseline,230.0,0.0,0.0,230.0,122.0,122.0,0.0,0,108.0,380.0,32.4,2.0,0.0,0,0.022191780821917806,0.0,0.0,0.0,0.022191780821917806
2025-12-16,Gluten-free Buns,Manual par-level baseline,0.0,0.0,0.0,0.0,7.0,0.0,7.0,1,0.0,48.0,0.0,0.0,0.0,0,0.0,0.0,7.700000000000001,0.0,7.700000000000001
2025-12-16,Lettuce,Manual par-level baseline,62.0,0.0,0.0,62.0,50.0,50.0,0.0,0,12.0,216.0,7.199999999999999,2.0,0.0,0,0.004931506849315068,0.0,0.0,0.0,0.004931506849315068
2025-12-16,Milk,Manual par-level baseline,100.0,0.0,0.0,100.0,63.0,63.0,0.0,0,37.0,216.0,27.75,2.0,0.0,0,0.01900684931506849,0.0,0.0,0.0,0.01900684931506849
2025-12-16,Mushrooms,Manual par-level baseline,12.0,0.0,0.0,12.0,42.0,12.0,30.0,1,0.0,160.0,0.0,0.0,0.0,0,0.0,0.0,33.0,0.0,33.0
2025-12-16,Onions,Manual par-level baseline,80.0,0.0,0.0,80.0,56.0,56.0,0.0,0,24.0,160.0,6.0,2.0,0.0,0,0.004109589041095891,0.0,0.0,0.0,0.004109589041095891
2025-12-16,Salmon Fillet,Manual par-level baseline,92.0,0.0,0.0,92.0,33.0,33.0,0.0,0,59.0,72.0,188.8,2.0,0.0,0,0.1293150684931507,0.0,0.0,0.0,0.1293150684931507
2025-12-16,Seasonal Berries,Manual par-level baseline,16.0,0.0,0.0,16.0,5.0,5.0,0.0,0,11.0,6.0,15.399999999999999,2.0,0.0,0,0.010547945205479452,0.0,0.0,0.0,0.010547945205479452
2025-12-16,Soft Drinks,Manual par-level baseline,162.0,0.0,0.0,162.0,45.0,45.0,0.0,0,117.0,240.0,46.800000000000004,2.0,0.0,0,0.03205479452054795,0.0,0.0,0.0,0.03205479452054795
2025-12-16,Tomatoes,Manual par-level baseline,140.0,0.0,0.0,140.0,49.0,49.0,0.0,0,91.0,168.0,40.95,2.0,0.0,0,0.02804794520547945,0.0,0.0,0.0,0.02804794520547945
2025-12-16,Truffle Oil,Manual par-level baseline,0.0,0.0,0.0,0.0,0.0,0.0,0.0,0,0.0,16.0,0.0,0.0,0.0,0,0.0,0.0,0.0,0.0,0.0
2025-12-16,Vegan Cheese,Manual par-level baseline,0.0,0.0,0.0,0.0,0.0,0.0,0.0,0,0.0,36.0,0.0,0.0,0.0,0,0.0,0.0,0.0,0.0,0.0
2025-12-17,Bacon,Manual par-level baseline,40.0,150.0,0.0,190.0,48.0,48.0,0.0,0,142.0,100.0,156.20000000000002,0.0,100.0,1,0.10698630136986302,0.0,0.0,0.7352941176470589,0.8422804190169219
2025-12-17,Burger Buns,Manual par-level baseline,84.0,384.0,84.0,384.0,145.0,145.0,0.0,0,239.0,288.0,43.019999999999996,0.0,288.0,1,0.029465753424657532,19.32,0.0,0.7352941176470589,20.084759871071714
2025-12-17,Butter,Manual par-level baseline,13.0,84.0,0.0,97.0,38.0,38.0,0.0,0,59.0,84.0,56.05,0.0,84.0,1,0.03839041095890411,0.0,0.0,0.7352941176470589,0.773684528605963
2025-12-17,Cheese Slices,Manual par-level baseline,148.0,150.0,0.0,298.0,89.0,89.0,0.0,0,209.0,150.0,45.980000000000004,0.84688995215311,150.0,1,0.03149315068493151,0.0,0.0,0.7352941176470589,0.7667872683319904
2025-12-17,Chicken Breast,Manual par-level baseline,100.0,260.0,0.0,360.0,91.0,91.0,0.0,0,269.0,180.0,484.2,0.10037174721189591,180.0,1,0.33164383561643834,0.0,0.0,0.7352941176470589,1.0669379532634973
2025-12-17,Coffee Beans,Manual par-level baseline,32.0,114.0,0.0,146.0,60.0,60.0,0.0,0,86.0,114.0,180.6,0.0,114.0,1,0.1236986301369863,0.0,0.0,0.7352941176470589,0.8589927477840452
2025-12-17,Cooking Oil,Manual par-level baseline,43.0,68.0,0.0,111.0,18.0,18.0,0.0,0,93.0,40.0,148.8,0.8064516129032258,40.0,1,0.10191780821917809,0.0,0.0,0.7352941176470589,0.8372119258662369
2025-12-17,Eggs,Manual par-level baseline,84.0,150.0,0.0,234.0,60.0,60.0,0.0,0,174.0,90.0,27.84,0.41379310344827586,90.0,1,0.019068493150684932,0.0,0.0,0.7352941176470589,0.7543626107977438
2025-12-17,Fries (Potatoes),Manual par-level baseline,108.0,380.0,0.0,488.0,121.0,121.0,0.0,0,367.0,260.0,110.1,0.0,260.0,1,0.07541095890410958,0.0,0.0,0.7352941176470589,0.8107050765511684
2025-12-17,Gluten-free Buns,Manual par-level baseline,0.0,48.0,0.0,48.0,0.0,0.0,0.0,0,48.0,0.0,26.400000000000002,0.0,0.0,1,0.01808219178082192,0.0,0.0,0.0,0.01808219178082192
2025-12-17,Lettuce,Manual par-level baseline,12.0,216.0,0.0,228.0,58.0,58.0,0.0,0,170.0,96.0,102.0,0.0,96.0,1,0.06986301369863013,0.0,0.0,0.7352941176470589,0.805157131345689
2025-12-17,Milk,Manual par-level baseline,37.0,216.0,0.0,253.0,65.0,65.0,0.0,0,188.0,144.0,141.0,0.0,144.0,1,0.09657534246575342,0.0,0.0,0.7352941176470589,0.8318694601128123
2025-12-17,Mushrooms,Manual par-level baseline,0.0,160.0,0.0,160.0,49.0,49.0,0.0,0,111.0,60.0,61.050000000000004,0.0,60.0,1,0.041815068493150684,0.0,0.0,0.7352941176470589,0.7771091861402095
2025-12-17,Onions,Manual par-level baseline,24.0,160.0,0.0,184.0,57.0,57.0,0.0,0,127.0,120.0,31.75,0.0,120.0,1,0.021746575342465754,0.0,0.0,0.7352941176470589,0.7570406929895246
2025-12-17,Salmon Fillet,Manual par-level baseline,59.0,72.0,59.0,72.0,34.0,34.0,0.0,0,38.0,120.0,121.60000000000001,0.0,120.0,1,0.08328767123287673,191.75,0.0,0.7352941176470589,192.56858178887995
2025-12-17,Seasonal Berries,Manual par-level baseline,11.0,6.0,11.0,6.0,8.0,6.0,2.0,1,0.0,24.0,0.0,0.0,24.0,1,0.0,15.95,5.6,0.7352941176470589,22.285294117647055
2025-12-17,Soft Drinks,Manual par-level baseline,117.0,240.0,0.0,357.0,64.0,64.0,0.0,0,293.0,72.0,117.2,0.5426621160409556,72.0,1,0.08027397260273973,0.0,0.0,0.7352941176470589,0.8155680902497986
2025-12-17,Tomatoes,Manual par-level baseline,91.0,168.0,0.0,259.0,74.0,74.0,0.0,0,185.0,96.0,83.25000000000001,0.2756756756756757,96.0,1,0.05702054794520548,0.0,0.0,0.7352941176470589,0.7923146655922644
2025-12-17,Truffle Oil,Manual par-level baseline,0.0,16.0,0.0,16.0,9.0,9.0,0.0,0,7.0,0.0,59.5,0.0,0.0,1,0.040753424657534246,0.0,0.0,0.0,0.040753424657534246
2025-12-17,Vegan Cheese,Manual par-level baseline,0.0,36.0,0.0,36.0,6.0,6.0,0.0,0,30.0,0.0,19.5,0.0,0.0,1,0.013356164383561644,0.0,0.0,0.0,0.013356164383561644
2025-12-18,Bacon,Manual par-level baseline,142.0,0.0,0.0,142.0,61.0,61.0,0.0,0,81.0,100.0,89.10000000000001,1.0,0.0,0,0.06102739726027397,0.0,0.0,0.0,0.06102739726027397
2025-12-18,Burger Buns,Manual par-level baseline,239.0,0.0,0.0,239.0,125.0,125.0,0.0,0,114.0,288.0,20.52,1.0,0.0,0,0.014054794520547944,0.0,0.0,0.0,0.014054794520547944
2025-12-18,Butter,Manual par-level baseline,59.0,0.0,0.0,59.0,40.0,40.0,0.0,0,19.0,84.0,18.05,1.0,0.0,0,0.012363013698630137,0.0,0.0,0.0,0.012363013698630137
2025-12-18,Cheese Slices,Manual par-level baseline,209.0,0.0,0.0,209.0,94.0,94.0,0.0,0,115.0,150.0,25.3,1.0,0.0,0,0.017328767123287674,0.0,0.0,0.0,0.017328767123287674
2025-12-18,Chicken Breast,Manual par-level baseline,269.0,0.0,9.0,260.0,104.0,104.0,0.0,0,156.0,180.0,280.8,1.0,0.0,0,0.19232876712328767,16.65,0.0,0.0,16.842328767123288
2025-12-18,Coffee Beans,Manual par-level baseline,86.0,0.0,0.0,86.0,59.0,59.0,0.0,0,27.0,114.0,56.7,1.0,0.0,0,0.03883561643835617,0.0,0.0,0.0,0.03883561643835617
2025-12-18,Cooking Oil,Manual par-level baseline,93.0,0.0,0.0,93.0,29.0,29.0,0.0,0,64.0,40.0,102.4,1.0,0.0,0,0.07013698630136987,0.0,0.0,0.0,0.07013698630136987
2025-12-18,Eggs,Manual par-level baseline,174.0,0.0,0.0,174.0,70.0,70.0,0.0,0,104.0,90.0,16.64,1.0,0.0,0,0.011397260273972603,0.0,0.0,0.0,0.011397260273972603
2025-12-18,Fries (Potatoes),Manual par-level baseline,367.0,0.0,0.0,367.0,136.0,136.0,0.0,0,231.0,260.0,69.3,1.0,0.0,0,0.04746575342465753,0.0,0.0,0.0,0.04746575342465753
2025-12-18,Gluten-free Buns,Manual par-level baseline,48.0,0.0,0.0,48.0,8.0,8.0,0.0,0,40.0,0.0,22.0,1.0,0.0,0,0.015068493150684932,0.0,0.0,0.0,0.015068493150684932
2025-12-18,Lettuce,Manual par-level baseline,170.0,0.0,0.0,170.0,59.0,59.0,0.0,0,111.0,96.0,66.6,1.0,0.0,0,0.04561643835616438,0.0,0.0,0.0,0.04561643835616438
2025-12-18,Milk,Manual par-level baseline,188.0,0.0,0.0,188.0,72.0,72.0,0.0,0,116.0,144.0,87.0,1.0,0.0,0,0.0595890410958904,0.0,0.0,0.0,0.0595890410958904
2025-12-18,Mushrooms,Manual par-level baseline,111.0,0.0,0.0,111.0,35.0,35.0,0.0,0,76.0,60.0,41.800000000000004,1.0,0.0,0,0.02863013698630137,0.0,0.0,0.0,0.02863013698630137
2025-12-18,Onions,Manual par-level baseline,127.0,0.0,0.0,127.0,61.0,61.0,0.0,0,66.0,120.0,16.5,1.0,0.0,0,0.011301369863013699,0.0,0.0,0.0,0.011301369863013699
2025-12-18,Salmon Fillet,Manual par-level baseline,38.0,0.0,0.0,38.0,34.0,34.0,0.0,0,4.0,120.0,12.8,1.0,0.0,0,0.008767123287671234,0.0,0.0,0.0,0.008767123287671234
2025-12-18,Seasonal Berries,Manual par-level baseline,0.0,0.0,0.0,0.0,0.0,0.0,0.0,0,0.0,24.0,0.0,0.0,0.0,0,0.0,0.0,0.0,0.0,0.0
2025-12-18,Soft Drinks,Manual par-level baseline,293.0,0.0,0.0,293.0,79.0,79.0,0.0,0,214.0,72.0,85.60000000000001,1.0,0.0,0,0.05863013698630138,0.0,0.0,0.0,0.05863013698630138
2025-12-18,Tomatoes,Manual par-level baseline,185.0,0.0,0.0,185.0,72.0,72.0,0.0,0,113.0,96.0,50.85,1.0,0.0,0,0.03482876712328767,0.0,0.0,0.0,0.03482876712328767
2025-12-18,Truffle Oil,Manual par-level baseline,7.0,0.0,0.0,7.0,7.0,7.0,0.0,0,0.0,0.0,0.0,0.0,0.0,0,0.0,0.0,0.0,0.0,0.0
2025-12-18,Vegan Cheese,Manual par-level baseline,30.0,0.0,0.0,30.0,0.0,0.0,0.0,0,30.0,0.0,19.5,1.0,0.0,0,0.013356164383561644,0.0,0.0,0.0,0.013356164383561644
2025-12-19,Bacon,Manual par-level baseline,81.0,100.0,0.0,181.0,73.0,73.0,0.0,0,108.0,180.0,118.80000000000001,0.14814814814814814,180.0,1,0.08136986301369864,0.0,0.0,0.625,0.7063698630136986
2025-12-19,Burger Buns,Manual par-level baseline,114.0,288.0,0.0,402.0,189.0,189.0,0.0,0,213.0,432.0,38.339999999999996,0.0,432.0,1,0.02626027397260274,0.0,0.0,0.625,0.6512602739726028
2025-12-19,Butter,Manual par-level baseline,19.0,84.0,0.0,103.0,48.0,48.0,0.0,0,55.0,120.0,52.25,0.0,120.0,1,0.03578767123287671,0.0,0.0,0.625,0.6607876712328767
2025-12-19,Cheese Slices,Manual par-level baseline,115.0,150.0,0.0,265.0,128.0,128.0,0.0,0,137.0,300.0,30.14,0.0,300.0,1,0.020643835616438358,0.0,0.0,0.625,0.6456438356164383
2025-12-19,Chicken Breast,Manual par-level baseline,156.0,180.0,0.0,336.0,131.0,131.0,0.0,0,205.0,330.0,369.0,0.24390243902439024,330.0,1,0.25273972602739725,0.0,0.0,0.625,0.8777397260273972
2025-12-19,Coffee Beans,Manual par-level baseline,27.0,114.0,0.0,141.0,55.0,55.0,0.0,0,86.0,186.0,180.6,0.0,186.0,1,0.1236986301369863,0.0,0.0,0.625,0.7486986301369863
2025-12-19,Cooking Oil,Manual par-level baseline,64.0,40.0,0.0,104.0,39.0,39.0,0.0,0,65.0,76.0,104.0,0.7692307692307693,76.0,1,0.07123287671232878,0.0,0.0,0.625,0.6962328767123288
2025-12-19,Eggs,Manual par-level baseline,104.0,90.0,0.0,194.0,75.0,75.0,0.0,0,119.0,240.0,19.04,0.48739495798319327,240.0,1,0.01304109589041096,0.0,0.0,0.625,0.6380410958904109
2025-12-19,Fries (Potatoes),Manual par-level baseline,231.0,260.0,0.0,491.0,196.0,196.0,0.0,0,295.0,440.0,88.5,0.23728813559322035,440.0,1,0.06061643835616438,0.0,0.0,0.625,0.6856164383561644
2025-12-19,Gluten-free Buns,Manual par-level baseline,40.0,0.0,0.0,40.0,12.0,12.0,0.0,0,28.0,24.0,15.400000000000002,2.0,24.0,1,0.010547945205479452,0.0,0.0,0.625,0.6355479452054794
2025-12-19,Lettuce,Manual par-level baseline,111.0,96.0,0.0,207.0,86.0,86.0,0.0,0,121.0,192.0,72.6,0.4132231404958678,192.0,1,0.04972602739726027,0.0,0.0,0.625,0.6747260273972603
2025-12-19,Milk,Manual par-level baseline,116.0,144.0,0.0,260.0,115.0,115.0,0.0,0,145.0,228.0,108.75,0.013793103448275862,228.0,1,0.074486301369863,0.0,0.0,0.625,0.699486301369863
2025-12-19,Mushrooms,Manual par-level baseline,76.0,60.0,0.0,136.0,55.0,55.0,0.0,0,81.0,140.0,44.55,0.5185185185185185,140.0,1,0.030513698630136987,0.0,0.0,0.625,0.655513698630137
2025-12-19,Onions,Manual par-level baseline,66.0,120.0,0.0,186.0,78.0,78.0,0.0,0,108.0,180.0,27.0,0.0,180.0,1,0.018493150684931507,0.0,0.0,0.625,0.6434931506849315
2025-12-19,Salmon Fillet,Manual par-level baseline,4.0,120.0,0.0,124.0,0.0,0.0,0.0,0,124.0,114.0,396.8,0.06451612903225806,114.0,1,0.2717808219178083,0.0,0.0,0.625,0.8967808219178083
2025-12-19,Seasonal Berries,Manual par-level baseline,0.0,24.0,0.0,24.0,4.0,4.0,0.0,0,20.0,12.0,28.0,0.0,12.0,1,0.019178082191780823,0.0,0.0,0.625,0.6441780821917809
2025-12-19,Soft Drinks,Manual par-level baseline,214.0,72.0,0.0,286.0,111.0,111.0,0.0,0,175.0,264.0,70.0,1.177142857142857,264.0,1,0.04794520547945206,0.0,0.0,0.625,0.672945205479452
2025-12-19,Tomatoes,Manual par-level baseline,113.0,96.0,0.0,209.0,85.0,85.0,0.0,0,124.0,228.0,55.800000000000004,0.45161290322580644,228.0,1,0.03821917808219178,0.0,0.0,0.625,0.6632191780821918
2025-12-19,Truffle Oil,Manual par-level baseline,0.0,0.0,0.0,0.0,11.0,0.0,11.0,1,0.0,22.0,0.0,0.0,22.0,1,0.0,0.0,187.0,0.625,187.625
2025-12-19,Vegan Cheese,Manual par-level baseline,30.0,0.0,0.0,30.0,12.0,12.0,0.0,0,18.0,12.0,11.700000000000001,2.0,12.0,1,0.008013698630136987,0.0,0.0,0.625,0.633013698630137
2025-12-20,Bacon,Manual par-level baseline,108.0,0.0,0.0,108.0,81.0,81.0,0.0,0,27.0,180.0,29.700000000000003,1.0,0.0,0,0.02034246575342466,0.0,0.0,0.0,0.02034246575342466
2025-12-20,Burger Buns,Manual par-level baseline,213.0,0.0,0.0,213.0,167.0,167.0,0.0,0,46.0,432.0,8.28,1.0,0.0,0,0.005671232876712329,0.0,0.0,0.0,0.005671232876712329
2025-12-20,Butter,Manual par-level baseline,55.0,0.0,0.0,55.0,38.0,38.0,0.0,0,17.0,120.0,16.15,1.0,0.0,0,0.011061643835616438,0.0,0.0,0.0,0.011061643835616438
2025-12-20,Cheese Slices,Manual par-level baseline,137.0,0.0,0.0,137.0,131.0,131.0,0.0,0,6.0,300.0,1.32,1.0,0.0,0,0.000904109589041096,0.0,0.0,0.0,0.000904109589041096
2025-12-20,Chicken Breast,Manual par-level baseline,205.0,0.0,0.0,205.0,132.0,132.0,0.0,0,73.0,330.0,131.4,1.0,0.0,0,0.09,0.0,0.0,0.0,0.09
2025-12-20,Coffee Beans,Manual par-level baseline,86.0,0.0,0.0,86.0,61.0,61.0,0.0,0,25.0,186.0,52.5,1.0,0.0,0,0.03595890410958904,0.0,0.0,0.0,0.03595890410958904
2025-12-20,Cooking Oil,Manual par-level baseline,65.0,0.0,0.0,65.0,40.0,40.0,0.0,0,25.0,76.0,40.0,1.0,0.0,0,0.027397260273972605,0.0,0.0,0.0,0.027397260273972605
2025-12-20,Eggs,Manual par-level baseline,119.0,0.0,0.0,119.0,76.0,76.0,0.0,0,43.0,240.0,6.88,1.0,0.0,0,0.004712328767123288,0.0,0.0,0.0,0.004712328767123288
2025-12-20,Fries (Potatoes),Manual par-level baseline,295.0,0.0,0.0,295.0,191.0,191.0,0.0,0,104.0,440.0,31.2,1.0,0.0,0,0.02136986301369863,0.0,0.0,0.0,0.02136986301369863
2025-12-20,Gluten-free Buns,Manual par-level baseline,28.0,0.0,28.0,0.0,22.0,0.0,22.0,1,0.0,24.0,0.0,0.0,0.0,0,0.0,16.8,24.200000000000003,0.0,41.0
2025-12-20,Lettuce,Manual par-level baseline,121.0,0.0,0.0,121.0,60.0,60.0,0.0,0,61.0,192.0,36.6,1.0,0.0,0,0.02506849315068493,0.0,0.0,0.0,0.02506849315068493
2025-12-20,Milk,Manual par-level baseline,145.0,0.0,0.0,145.0,88.0,88.0,0.0,0,57.0,228.0,42.75,1.0,0.0,0,0.029280821917808217,0.0,0.0,0.0,0.029280821917808217
2025-12-20,Mushrooms,Manual par-level baseline,81.0,0.0,0.0,81.0,78.0,78.0,0.0,0,3.0,140.0,1.6500000000000001,1.0,0.0,0,0.00113013698630137,0.0,0.0,0.0,0.00113013698630137
2025-12-20,Onions,Manual par-level baseline,108.0,0.0,0.0,108.0,89.0,89.0,0.0,0,19.0,180.0,4.75,1.0,0.0,0,0.0032534246575342467,0.0,0.0,0.0,0.0032534246575342467
2025-12-20,Salmon Fillet,Manual par-level baseline,124.0,0.0,4.0,120.0,51.0,51.0,0.0,0,69.0,114.0,220.8,1.0,0.0,0,0.1512328767123288,13.0,0.0,0.0,13.15123287671233
2025-12-20,Seasonal Berries,Manual par-level baseline,20.0,0.0,0.0,20.0,0.0,0.0,0.0,0,20.0,12.0,28.0,1.0,0.0,0,0.019178082191780823,0.0,0.0,0.0,0.019178082191780823
2025-12-20,Soft Drinks,Manual par-level baseline,175.0,0.0,0.0,175.0,80.0,80.0,0.0,0,95.0,264.0,38.0,1.4842105263157894,0.0,0,0.026027397260273977,0.0,0.0,0.0,0.026027397260273977
2025-12-20,Tomatoes,Manual par-level baseline,124.0,0.0,0.0,124.0,88.0,88.0,0.0,0,36.0,228.0,16.2,1.0,0.0,0,0.011095890410958903,0.0,0.0,0.0,0.011095890410958903
2025-12-20,Truffle Oil,Manual par-level baseline,0.0,0.0,0.0,0.0,0.0,0.0,0.0,0,0.0,22.0,0.0,0.0,0.0,0,0.0,0.0,0.0,0.0,0.0
2025-12-20,Vegan Cheese,Manual par-level baseline,18.0,0.0,0.0,18.0,0.0,0.0,0.0,0,18.0,12.0,11.700000000000001,3.0,0.0,0,0.008013698630136987,0.0,0.0,0.0,0.008013698630136987
2025-12-21,Bacon,Manual par-level baseline,27.0,180.0,0.0,207.0,75.0,75.0,0.0,0,132.0,0.0,145.20000000000002,0.0,0.0,0,0.09945205479452054,0.0,0.0,0.0,0.09945205479452054
2025-12-21,Burger Buns,Manual par-level baseline,46.0,432.0,0.0,478.0,254.0,254.0,0.0,0,224.0,0.0,40.32,0.0,0.0,0,0.027616438356164383,0.0,0.0,0.0,0.027616438356164383
2025-12-21,Butter,Manual par-level baseline,17.0,120.0,0.0,137.0,56.0,56.0,0.0,0,81.0,0.0,76.95,0.0,0.0,0,0.052705479452054796,0.0,0.0,0.0,0.052705479452054796
2025-12-21,Cheese Slices,Manual par-level baseline,6.0,300.0,0.0,306.0,136.0,136.0,0.0,0,170.0,0.0,37.4,0.0,0.0,0,0.025616438356164384,0.0,0.0,0.0,0.025616438356164384
2025-12-21,Chicken Breast,Manual par-level baseline,73.0,330.0,0.0,403.0,124.0,124.0,0.0,0,279.0,0.0,502.2,0.0,0.0,0,0.343972602739726,0.0,0.0,0.0,0.343972602739726
2025-12-21,Coffee Beans,Manual par-level baseline,25.0,186.0,0.0,211.0,52.0,52.0,0.0,0,159.0,0.0,333.90000000000003,0.0,0.0,0,0.2286986301369863,0.0,0.0,0.0,0.2286986301369863
2025-12-21,Cooking Oil,Manual par-level baseline,25.0,76.0,0.0,101.0,28.0,28.0,0.0,0,73.0,0.0,116.80000000000001,0.0,0.0,0,0.08000000000000002,0.0,0.0,0.0,0.08000000000000002
2025-12-21,Eggs,Manual par-level baseline,43.0,240.0,0.0,283.0,61.0,61.0,0.0,0,222.0,0.0,35.52,0.0,0.0,0,0.024328767123287673,0.0,0.0,0.0,0.024328767123287673
2025-12-21,Fries (Potatoes),Manual par-level baseline,104.0,440.0,0.0,544.0,202.0,202.0,0.0,0,342.0,0.0,102.6,0.0,0.0,0,0.07027397260273972,0.0,0.0,0.0,0.07027397260273972
2025-12-21,Gluten-free Buns,Manual par-level baseline,0.0,24.0,0.0,24.0,14.0,14.0,0.0,0,10.0,0.0,5.5,0.0,0.0,0,0.003767123287671233,0.0,0.0,0.0,0.003767123287671233
2025-12-21,Lettuce,Manual par-level baseline,61.0,192.0,0.0,253.0,81.0,81.0,0.0,0,172.0,0.0,103.2,0.0,0.0,0,0.0706849315068493,0.0,0.0,0.0,0.0706849315068493
2025-12-21,Milk,Manual par-level baseline,57.0,228.0,0.0,285.0,99.0,99.0,0.0,0,186.0,0.0,139.5,0.0,0.0,0,0.09554794520547945,0.0,0.0,0.0,0.09554794520547945
2025-12-21,Mushrooms,Manual par-level baseline,3.0,140.0,0.0,143.0,52.0,52.0,0.0,0,91.0,0.0,50.050000000000004,0.0,0.0,0,0.03428082191780822,0.0,0.0,0.0,0.03428082191780822
2025-12-21,Onions,Manual par-level baseline,19.0,180.0,0.0,199.0,93.0,93.0,0.0,0,106.0,0.0,26.5,0.0,0.0,0,0.01815068493150685,0.0,0.0,0.0,0.01815068493150685
2025-12-21,Salmon Fillet,Manual par-level baseline,69.0,114.0,0.0,183.0,58.0,58.0,0.0,0,125.0,0.0,400.0,0.176,0.0,0,0.27397260273972607,0.0,0.0,0.0,0.27397260273972607
2025-12-21,Seasonal Berries,Manual par-level baseline,20.0,12.0,0.0,32.0,8.0,8.0,0.0,0,24.0,0.0,33.599999999999994,1.0,0.0,0,0.023013698630136987,0.0,0.0,0.0,0.023013698630136987
2025-12-21,Soft Drinks,Manual par-level baseline,95.0,264.0,0.0,359.0,126.0,126.0,0.0,0,233.0,0.0,93.2,0.0,0.0,0,0.06383561643835617,0.0,0.0,0.0,0.06383561643835617
2025-12-21,Tomatoes,Manual par-level baseline,36.0,228.0,0.0,264.0,83.0,83.0,0.0,0,181.0,0.0,81.45,0.0,0.0,0,0.05578767123287671,0.0,0.0,0.0,0.05578767123287671
2025-12-21,Truffle Oil,Manual par-level baseline,0.0,22.0,0.0,22.0,8.0,8.0,0.0,0,14.0,0.0,119.0,0.0,0.0,0,0.08150684931506849,0.0,0.0,0.0,0.08150684931506849
2025-12-21,Vegan Cheese,Manual par-level baseline,18.0,12.0,0.0,30.0,0.0,0.0,0.0,0,30.0,0.0,19.5,2.4,0.0,0,0.013356164383561644,0.0,0.0,0.0,0.013356164383561644
2025-12-22,Bacon,Manual par-level baseline,132.0,0.0,0.0,132.0,56.0,56.0,0.0,0,76.0,150.0,83.60000000000001,1.0,150.0,1,0.05726027397260274,0.0,0.0,0.6578947368421053,0.715155010814708
2025-12-22,Burger Buns,Manual par-level baseline,224.0,0.0,0.0,224.0,103.0,103.0,0.0,0,121.0,480.0,21.779999999999998,1.0,480.0,1,0.014917808219178081,0.0,0.0,0.6578947368421053,0.6728125450612834
2025-12-22,Butter,Manual par-level baseline,81.0,0.0,0.0,81.0,36.0,36.0,0.0,0,45.0,96.0,42.75,1.0,96.0,1,0.02928082191780822,0.0,0.0,0.6578947368421053,0.6871755587599135
2025-12-22,Cheese Slices,Manual par-level baseline,170.0,0.0,0.0,170.0,74.0,74.0,0.0,0,96.0,300.0,21.12,1.0,300.0,1,0.014465753424657536,0.0,0.0,0.6578947368421053,0.6723604902667628
2025-12-22,Chicken Breast,Manual par-level baseline,279.0,0.0,0.0,279.0,90.0,90.0,0.0,0,189.0,250.0,340.2,1.0,250.0,1,0.233013698630137,0.0,0.0,0.6578947368421053,0.8909084354722423
2025-12-22,Coffee Beans,Manual par-level baseline,159.0,0.0,0.0,159.0,45.0,45.0,0.0,0,114.0,102.0,239.4,1.0,102.0,1,0.16397260273972603,0.0,0.0,0.6578947368421053,0.8218673395818313
2025-12-22,Cooking Oil,Manual par-level baseline,73.0,0.0,0.0,73.0,37.0,37.0,0.0,0,36.0,76.0,57.6,1.0,76.0,1,0.039452054794520554,0.0,0.0,0.6578947368421053,0.6973467916366258
2025-12-22,Eggs,Manual par-level baseline,222.0,0.0,0.0,222.0,53.0,53.0,0.0,0,169.0,120.0,27.04,1.0,120.0,1,0.01852054794520548,0.0,0.0,0.6578947368421053,0.6764152847873108
2025-12-22,Fries (Potatoes),Manual par-level baseline,342.0,0.0,0.0,342.0,125.0,125.0,0.0,0,217.0,400.0,65.1,1.0,400.0,1,0.04458904109589041,0.0,0.0,0.6578947368421053,0.7024837779379958
2025-12-22,Gluten-free Buns,Manual par-level baseline,10.0,0.0,0.0,10.0,3.0,3.0,0.0,0,7.0,48.0,3.8500000000000005,1.0,48.0,1,0.002636986301369863,0.0,0.0,0.6578947368421053,0.6605317231434752
2025-12-22,Lettuce,Manual par-level baseline,172.0,0.0,0.0,172.0,57.0,57.0,0.0,0,115.0,144.0,69.0,1.0,144.0,1,0.04726027397260273,0.0,0.0,0.6578947368421053,0.705155010814708
2025-12-22,Milk,Manual par-level baseline,186.0,0.0,0.0,186.0,68.0,68.0,0.0,0,118.0,216.0,88.5,1.0,216.0,1,0.06061643835616438,0.0,0.0,0.6578947368421053,0.7185111751982697
2025-12-22,Mushrooms,Manual par-level baseline,91.0,0.0,0.0,91.0,31.0,31.0,0.0,0,60.0,130.0,33.0,1.0,130.0,1,0.022602739726027398,0.0,0.0,0.6578947368421053,0.6804974765681328
2025-12-22,Onions,Manual par-level baseline,106.0,0.0,0.0,106.0,59.0,59.0,0.0,0,47.0,200.0,11.75,1.0,200.0,1,0.008047945205479452,0.0,0.0,0.6578947368421053,0.6659426820475848
2025-12-22,Salmon Fillet,Manual par-level baseline,125.0,0.0,11.0,114.0,21.0,21.0,0.0,0,93.0,60.0,297.6,1.0,60.0,1,0.20383561643835618,35.75,0.0,0.6578947368421053,36.61173035328046
2025-12-22,Seasonal Berries,Manual par-level baseline,24.0,0.0,12.0,12.0,0.0,0.0,0.0,0,12.0,18.0,16.799999999999997,1.0,18.0,1,0.011506849315068493,17.4,0.0,0.6578947368421053,18.069401586157174
2025-12-22,Soft Drinks,Manual par-level baseline,233.0,0.0,0.0,233.0,75.0,75.0,0.0,0,158.0,192.0,63.2,1.0,192.0,1,0.04328767123287672,0.0,0.0,0.6578947368421053,0.701182408074982
2025-12-22,Tomatoes,Manual par-level baseline,181.0,0.0,0.0,181.0,75.0,75.0,0.0,0,106.0,168.0,47.7,1.0,168.0,1,0.03267123287671233,0.0,0.0,0.6578947368421053,0.6905659697188177
2025-12-22,Truffle Oil,Manual par-level baseline,14.0,0.0,0.0,14.0,9.0,9.0,0.0,0,5.0,4.0,42.5,1.0,4.0,1,0.029109589041095892,0.0,0.0,0.6578947368421053,0.6870043258832012
2025-12-22,Vegan Cheese,Manual par-level baseline,30.0,0.0,0.0,30.0,0.0,0.0,0.0,0,30.0,0.0,19.5,3.4,0.0,1,0.013356164383561644,0.0,0.0,0.0,0.013356164383561644
2025-12-23,Bacon,Manual par-level baseline,76.0,0.0,0.0,76.0,44.0,44.0,0.0,0,32.0,150.0,35.2,2.0,0.0,0,0.02410958904109589,0.0,0.0,0.0,0.02410958904109589
2025-12-23,Burger Buns,Manual par-level baseline,121.0,0.0,0.0,121.0,104.0,104.0,0.0,0,17.0,480.0,3.06,2.0,0.0,0,0.002095890410958904,0.0,0.0,0.0,0.002095890410958904
2025-12-23,Butter,Manual par-level baseline,45.0,0.0,0.0,45.0,41.0,41.0,0.0,0,4.0,96.0,3.8,2.0,0.0,0,0.0026027397260273972,0.0,0.0,0.0,0.0026027397260273972
2025-12-23,Cheese Slices,Manual par-level baseline,96.0,0.0,0.0,96.0,101.0,96.0,5.0,1,0.0,300.0,0.0,0.0,0.0,0,0.0,0.0,2.2,0.0,2.2
2025-12-23,Chicken Breast,Manual par-level baseline,189.0,0.0,0.0,189.0,84.0,84.0,0.0,0,105.0,250.0,189.0,2.0,0.0,0,0.12945205479452054,0.0,0.0,0.0,0.12945205479452054
2025-12-23,Coffee Beans,Manual par-level baseline,114.0,0.0,0.0,114.0,51.0,51.0,0.0,0,63.0,102.0,132.3,2.0,0.0,0,0.09061643835616438,0.0,0.0,0.0,0.09061643835616438
2025-12-23,Cooking Oil,Manual par-level baseline,36.0,0.0,0.0,36.0,28.0,28.0,0.0,0,8.0,76.0,12.8,2.0,0.0,0,0.008767123287671234,0.0,0.0,0.0,0.008767123287671234
2025-12-23,Eggs,Manual par-level baseline,169.0,0.0,0.0,169.0,52.0,52.0,0.0,0,117.0,120.0,18.72,2.0,0.0,0,0.012821917808219178,0.0,0.0,0.0,0.012821917808219178
2025-12-23,Fries (Potatoes),Manual par-level baseline,217.0,0.0,0.0,217.0,131.0,131.0,0.0,0,86.0,400.0,25.8,2.0,0.0,0,0.017671232876712326,0.0,0.0,0.0,0.017671232876712326
2025-12-23,Gluten-free Buns,Manual par-level baseline,7.0,0.0,0.0,7.0,18.0,7.0,11.0,1,0.0,48.0,0.0,0.0,0.0,0,0.0,0.0,12.100000000000001,0.0,12.100000000000001
2025-12-23,Lettuce,Manual par-level baseline,115.0,0.0,0.0,115.0,52.0,52.0,0.0,0,63.0,144.0,37.8,2.0,0.0,0,0.025890410958904108,0.0,0.0,0.0,0.025890410958904108
2025-12-23,Milk,Manual par-level baseline,118.0,0.0,0.0,118.0,60.0,60.0,0.0,0,58.0,216.0,43.5,2.0,0.0,0,0.0297945205479452,0.0,0.0,0.0,0.0297945205479452
2025-12-23,Mushrooms,Manual par-level baseline,60.0,0.0,0.0,60.0,44.0,44.0,0.0,0,16.0,130.0,8.8,2.0,0.0,0,0.006027397260273973,0.0,0.0,0.0,0.006027397260273973
2025-12-23,Onions,Manual par-level baseline,47.0,0.0,0.0,47.0,48.0,47.0,1.0,1,0.0,200.0,0.0,0.0,0.0,0,0.0,0.0,0.5,0.0,0.5
2025-12-23,Salmon Fillet,Manual par-level baseline,93.0,0.0,0.0,93.0,21.0,21.0,0.0,0,72.0,60.0,230.4,2.0,0.0,0,0.15780821917808222,0.0,0.0,0.0,0.15780821917808222
2025-12-23,Seasonal Berries,Manual par-level baseline,12.0,0.0,0.0,12.0,0.0,0.0,0.0,0,12.0,18.0,16.799999999999997,2.0,0.0,0,0.011506849315068493,0.0,0.0,0.0,0.011506849315068493
2025-12-23,Soft Drinks,Manual par-level baseline,158.0,0.0,0.0,158.0,45.0,45.0,0.0,0,113.0,192.0,45.2,2.0,0.0,0,0.030958904109589045,0.0,0.0,0.0,0.030958904109589045
2025-12-23,Tomatoes,Manual par-level baseline,106.0,0.0,0.0,106.0,43.0,43.0,0.0,0,63.0,168.0,28.35,2.0,0.0,0,0.01941780821917808,0.0,0.0,0.0,0.01941780821917808
2025-12-23,Truffle Oil,Manual par-level baseline,5.0,0.0,0.0,5.0,0.0,0.0,0.0,0,5.0,4.0,42.5,2.0,0.0,0,0.029109589041095892,0.0,0.0,0.0,0.029109589041095892
2025-12-23,Vegan Cheese,Manual par-level baseline,30.0,0.0,0.0,30.0,7.0,7.0,0.0,0,23.0,0.0,14.950000000000001,3.9130434782608696,0.0,0,0.010239726027397261,0.0,0.0,0.0,0.010239726027397261
2025-12-24,Bacon,Manual par-level baseline,32.0,150.0,0.0,182.0,48.0,48.0,0.0,0,134.0,100.0,147.4,0.0,100.0,1,0.10095890410958905,0.0,0.0,0.6578947368421053,0.7588536409516944
2025-12-24,Burger Buns,Manual par-level baseline,17.0,480.0,17.0,480.0,108.0,108.0,0.0,0,372.0,192.0,66.96,0.0,192.0,1,0.045863013698630134,3.91,0.0,0.6578947368421053,4.613757750540735
2025-12-24,Butter,Manual par-level baseline,4.0,96.0,0.0,100.0,30.0,30.0,0.0,0,70.0,84.0,66.5,0.0,84.0,1,0.04554794520547945,0.0,0.0,0.6578947368421053,0.7034426820475848
2025-12-24,Cheese Slices,Manual par-level baseline,0.0,300.0,0.0,300.0,102.0,102.0,0.0,0,198.0,150.0,43.56,0.0,150.0,1,0.029835616438356166,0.0,0.0,0.6578947368421053,0.6877303532804615
2025-12-24,Chicken Breast,Manual par-level baseline,105.0,250.0,0.0,355.0,86.0,86.0,0.0,0,269.0,170.0,484.2,0.21189591078066913,170.0,1,0.33164383561643834,0.0,0.0,0.6578947368421053,0.9895385724585437
2025-12-24,Coffee Beans,Manual par-level baseline,63.0,102.0,0.0,165.0,77.0,77.0,0.0,0,88.0,102.0,184.8,0.0,102.0,1,0.12657534246575342,0.0,0.0,0.6578947368421053,0.7844700793078587
2025-12-24,Cooking Oil,Manual par-level baseline,8.0,76.0,0.0,84.0,25.0,25.0,0.0,0,59.0,64.0,94.4,0.0,64.0,1,0.06465753424657535,0.0,0.0,0.6578947368421053,0.7225522710886807
2025-12-24,Eggs,Manual par-level baseline,117.0,120.0,0.0,237.0,63.0,63.0,0.0,0,174.0,90.0,27.84,0.9310344827586207,90.0,1,0.019068493150684932,0.0,0.0,0.6578947368421053,0.6769632299927902
2025-12-24,Fries (Potatoes),Manual par-level baseline,86.0,400.0,0.0,486.0,130.0,130.0,0.0,0,356.0,260.0,106.8,0.0,260.0,1,0.07315068493150684,0.0,0.0,0.6578947368421053,0.7310454217736122
2025-12-24,Gluten-free Buns,Manual par-level baseline,0.0,48.0,0.0,48.0,11.0,11.0,0.0,0,37.0,0.0,20.35,0.0,0.0,1,0.013938356164383561,0.0,0.0,0.0,0.013938356164383561
2025-12-24,Lettuce,Manual par-level baseline,63.0,144.0,0.0,207.0,54.0,54.0,0.0,0,153.0,120.0,91.8,0.17647058823529413,120.0,1,0.06287671232876711,0.0,0.0,0.6578947368421053,0.7207714491708724
2025-12-24,Milk,Manual par-level baseline,58.0,216.0,0.0,274.0,85.0,85.0,0.0,0,189.0,120.0,141.75,0.0,120.0,1,0.09708904109589041,0.0,0.0,0.6578947368421053,0.7549837779379958
2025-12-24,Mushrooms,Manual par-level baseline,16.0,130.0,0.0,146.0,48.0,48.0,0.0,0,98.0,80.0,53.900000000000006,0.0,80.0,1,0.03691780821917808,0.0,0.0,0.6578947368421053,0.6948125450612834
2025-12-24,Onions,Manual par-level baseline,0.0,200.0,0.0,200.0,60.0,60.0,0.0,0,140.0,100.0,35.0,0.0,100.0,1,0.023972602739726026,0.0,0.0,0.6578947368421053,0.6818673395818313
2025-12-24,Salmon Fillet,Manual par-level baseline,72.0,60.0,72.0,60.0,36.0,36.0,0.0,0,24.0,114.0,76.80000000000001,0.0,114.0,1,0.0526027397260274,234.0,0.0,0.6578947368421053,234.71049747656815
2025-12-24,Seasonal Berries,Manual par-level baseline,12.0,18.0,12.0,18.0,6.0,6.0,0.0,0,12.0,12.0,16.799999999999997,0.0,12.0,1,0.011506849315068493,17.4,0.0,0.6578947368421053,18.069401586157174
2025-12-24,Soft Drinks,Manual par-level baseline,113.0,192.0,0.0,305.0,58.0,58.0,0.0,0,247.0,120.0,98.80000000000001,0.6680161943319838,120.0,1,0.06767123287671234,0.0,0.0,0.6578947368421053,0.7255659697188177
2025-12-24,Tomatoes,Manual par-level baseline,63.0,168.0,0.0,231.0,58.0,58.0,0.0,0,173.0,120.0,77.85000000000001,0.08670520231213873,120.0,1,0.053321917808219176,0.0,0.0,0.6578947368421053,0.7112166546503245
2025-12-24,Truffle Oil,Manual par-level baseline,5.0,4.0,0.0,9.0,3.0,3.0,0.0,0,6.0,10.0,51.0,1.0,10.0,1,0.03493150684931507,0.0,0.0,0.6578947368421053,0.6928262436914204
2025-12-24,Vegan Cheese,Manual par-level baseline,23.0,0.0,0.0,23.0,0.0,0.0,0.0,0,23.0,12.0,14.950000000000001,4.913043478260869,12.0,1,0.010239726027397261,0.0,0.0,0.6578947368421053,0.6681344628695026
2025-12-25,Bacon,Manual par-level baseline,134.0,0.0,0.0,134.0,0.0,0.0,0.0,0,134.0,100.0,147.4,1.0,0.0,0,0.10095890410958905,0.0,0.0,0.0,0.10095890410958905
2025-12-25,Burger Buns,Manual par-level baseline,372.0,0.0,0.0,372.0,0.0,0.0,0.0,0,372.0,192.0,66.96,1.0,0.0,0,0.045863013698630134,0.0,0.0,0.0,0.045863013698630134
2025-12-25,Butter,Manual par-level baseline,70.0,0.0,0.0,70.0,0.0,0.0,0.0,0,70.0,84.0,66.5,1.0,0.0,0,0.04554794520547945,0.0,0.0,0.0,0.04554794520547945
2025-12-25,Cheese Slices,Manual par-level baseline,198.0,0.0,0.0,198.0,0.0,0.0,0.0,0,198.0,150.0,43.56,1.0,0.0,0,0.029835616438356166,0.0,0.0,0.0,0.029835616438356166
2025-12-25,Chicken Breast,Manual par-level baseline,269.0,0.0,19.0,250.0,0.0,0.0,0.0,0,250.0,170.0,450.0,1.0,0.0,0,0.3082191780821918,35.150000000000006,0.0,0.0,35.458219178082196
2025-12-25,Coffee Beans,Manual par-level baseline,88.0,0.0,0.0,88.0,0.0,0.0,0.0,0,88.0,102.0,184.8,1.0,0.0,0,0.12657534246575342,0.0,0.0,0.0,0.12657534246575342
2025-12-25,Cooking Oil,Manual par-level baseline,59.0,0.0,0.0,59.0,0.0,0.0,0.0,0,59.0,64.0,94.4,1.0,0.0,0,0.06465753424657535,0.0,0.0,0.0,0.06465753424657535
2025-12-25,Eggs,Manual par-level baseline,174.0,0.0,0.0,174.0,0.0,0.0,0.0,0,174.0,90.0,27.84,1.9310344827586208,0.0,0,0.019068493150684932,0.0,0.0,0.0,0.019068493150684932
2025-12-25,Fries (Potatoes),Manual par-level baseline,356.0,0.0,0.0,356.0,0.0,0.0,0.0,0,356.0,260.0,106.8,1.0,0.0,0,0.07315068493150684,0.0,0.0,0.0,0.07315068493150684
2025-12-25,Gluten-free Buns,Manual par-level baseline,37.0,0.0,0.0,37.0,0.0,0.0,0.0,0,37.0,0.0,20.35,1.0,0.0,0,0.013938356164383561,0.0,0.0,0.0,0.013938356164383561
2025-12-25,Lettuce,Manual par-level baseline,153.0,0.0,9.0,144.0,0.0,0.0,0.0,0,144.0,120.0,86.39999999999999,1.0,0.0,0,0.05917808219178082,5.85,0.0,0.0,5.90917808219178
2025-12-25,Milk,Manual par-level baseline,189.0,0.0,0.0,189.0,0.0,0.0,0.0,0,189.0,120.0,141.75,1.0,0.0,0,0.09708904109589041,0.0,0.0,0.0,0.09708904109589041
2025-12-25,Mushrooms,Manual par-level baseline,98.0,0.0,0.0,98.0,0.0,0.0,0.0,0,98.0,80.0,53.900000000000006,1.0,0.0,0,0.03691780821917808,0.0,0.0,0.0,0.03691780821917808
2025-12-25,Onions,Manual par-level baseline,140.0,0.0,0.0,140.0,0.0,0.0,0.0,0,140.0,100.0,35.0,1.0,0.0,0,0.023972602739726026,0.0,0.0,0.0,0.023972602739726026
2025-12-25,Salmon Fillet,Manual par-level baseline,24.0,0.0,0.0,24.0,0.0,0.0,0.0,0,24.0,114.0,76.80000000000001,1.0,0.0,0,0.0526027397260274,0.0,0.0,0.0,0.0526027397260274
2025-12-25,Seasonal Berries,Manual par-level baseline,12.0,0.0,0.0,12.0,0.0,0.0,0.0,0,12.0,12.0,16.799999999999997,1.0,0.0,0,0.011506849315068493,0.0,0.0,0.0,0.011506849315068493
2025-12-25,Soft Drinks,Manual par-level baseline,247.0,0.0,0.0,247.0,0.0,0.0,0.0,0,247.0,120.0,98.80000000000001,1.6680161943319838,0.0,0,0.06767123287671234,0.0,0.0,0.0,0.06767123287671234
2025-12-25,Tomatoes,Manual par-level baseline,173.0,0.0,0.0,173.0,0.0,0.0,0.0,0,173.0,120.0,77.85000000000001,1.0867052023121386,0.0,0,0.053321917808219176,0.0,0.0,0.0,0.053321917808219176
2025-12-25,Truffle Oil,Manual par-level baseline,6.0,0.0,0.0,6.0,0.0,0.0,0.0,0,6.0,10.0,51.0,2.0,0.0,0,0.03493150684931507,0.0,0.0,0.0,0.03493150684931507
2025-12-25,Vegan Cheese,Manual par-level baseline,23.0,0.0,0.0,23.0,0.0,0.0,0.0,0,23.0,12.0,14.950000000000001,5.913043478260869,0.0,0,0.010239726027397261,0.0,0.0,0.0,0.010239726027397261
2025-12-26,Bacon,Manual par-level baseline,134.0,100.0,0.0,234.0,150.0,150.0,0.0,0,84.0,110.0,92.4,0.0,110.0,1,0.06328767123287671,0.0,0.0,0.6578947368421053,0.721182408074982
2025-12-26,Burger Buns,Manual par-level baseline,372.0,192.0,0.0,564.0,237.0,237.0,0.0,0,327.0,288.0,58.86,0.8256880733944955,288.0,1,0.04031506849315068,0.0,0.0,0.6578947368421053,0.698209805335256
2025-12-26,Butter,Manual par-level baseline,70.0,84.0,0.0,154.0,70.0,70.0,0.0,0,84.0,60.0,79.8,0.0,60.0,1,0.054657534246575344,0.0,0.0,0.6578947368421053,0.7125522710886807
2025-12-26,Cheese Slices,Manual par-level baseline,198.0,150.0,0.0,348.0,180.0,180.0,0.0,0,168.0,200.0,36.96,0.21428571428571427,200.0,1,0.025315068493150687,0.0,0.0,0.6578947368421053,0.683209805335256
2025-12-26,Chicken Breast,Manual par-level baseline,250.0,170.0,0.0,420.0,200.0,200.0,0.0,0,220.0,210.0,396.0,0.45454545454545453,210.0,1,0.27123287671232876,0.0,0.0,0.6578947368421053,0.9291276135544341
2025-12-26,Coffee Beans,Manual par-level baseline,88.0,102.0,0.0,190.0,72.0,72.0,0.0,0,118.0,132.0,247.8,0.2711864406779661,132.0,1,0.16972602739726028,0.0,0.0,0.6578947368421053,0.8276207642393656
2025-12-26,Cooking Oil,Manual par-level baseline,59.0,64.0,0.0,123.0,44.0,44.0,0.0,0,79.0,56.0,126.4,0.379746835443038,56.0,1,0.08657534246575344,0.0,0.0,0.6578947368421053,0.7444700793078587
2025-12-26,Eggs,Manual par-level baseline,174.0,90.0,0.0,264.0,115.0,115.0,0.0,0,149.0,120.0,23.84,0.7919463087248322,120.0,1,0.016328767123287673,0.0,0.0,0.6578947368421053,0.674223503965393
2025-12-26,Fries (Potatoes),Manual par-level baseline,356.0,260.0,0.0,616.0,257.0,257.0,0.0,0,359.0,300.0,107.7,0.5515320334261838,300.0,1,0.07376712328767122,0.0,0.0,0.6578947368421053,0.7316618601297765
2025-12-26,Gluten-free Buns,Manual par-level baseline,37.0,0.0,0.0,37.0,19.0,19.0,0.0,0,18.0,24.0,9.9,2.0,24.0,1,0.006780821917808219,0.0,0.0,0.6578947368421053,0.6646755587599136
2025-12-26,Lettuce,Manual par-level baseline,144.0,120.0,0.0,264.0,106.0,106.0,0.0,0,158.0,132.0,94.8,0.4810126582278481,132.0,1,0.06493150684931506,0.0,0.0,0.6578947368421053,0.7228262436914203
2025-12-26,Milk,Manual par-level baseline,189.0,120.0,0.0,309.0,98.0,98.0,0.0,0,211.0,168.0,158.25,0.8625592417061612,168.0,1,0.1083904109589041,0.0,0.0,0.6578947368421053,0.7662851478010094
2025-12-26,Mushrooms,Manual par-level baseline,98.0,80.0,0.0,178.0,69.0,69.0,0.0,0,109.0,100.0,59.95,0.5321100917431193,100.0,1,0.04106164383561644,0.0,0.0,0.6578947368421053,0.6989563806777217
2025-12-26,Onions,Manual par-level baseline,140.0,100.0,0.0,240.0,90.0,90.0,0.0,0,150.0,140.0,37.5,0.6666666666666666,140.0,1,0.025684931506849314,0.0,0.0,0.6578947368421053,0.6835796683489547
2025-12-26,Salmon Fillet,Manual par-level baseline,24.0,114.0,0.0,138.0,76.0,76.0,0.0,0,62.0,66.0,198.4,0.0,66.0,1,0.13589041095890414,0.0,0.0,0.6578947368421053,0.7937851478010094
2025-12-26,Seasonal Berries,Manual par-level baseline,12.0,12.0,0.0,24.0,17.0,17.0,0.0,0,7.0,12.0,9.799999999999999,0.0,12.0,1,0.006712328767123288,0.0,0.0,0.6578947368421053,0.6646070656092286
2025-12-26,Soft Drinks,Manual par-level baseline,247.0,120.0,0.0,367.0,194.0,194.0,0.0,0,173.0,144.0,69.2,0.6127167630057804,144.0,1,0.04739726027397261,0.0,0.0,0.6578947368421053,0.7052919971160779
2025-12-26,Tomatoes,Manual par-level baseline,173.0,120.0,5.0,288.0,137.0,137.0,0.0,0,151.0,144.0,67.95,0.4105960264900662,144.0,1,0.04654109589041096,2.5,0.0,0.6578947368421053,3.2044358327325164
2025-12-26,Truffle Oil,Manual par-level baseline,6.0,10.0,0.0,16.0,11.0,11.0,0.0,0,5.0,10.0,42.5,0.0,10.0,1,0.029109589041095892,0.0,0.0,0.6578947368421053,0.6870043258832012
2025-12-26,Vegan Cheese,Manual par-level baseline,23.0,12.0,0.0,35.0,20.0,20.0,0.0,0,15.0,0.0,9.75,1.0,0.0,1,0.006678082191780822,0.0,0.0,0.0,0.006678082191780822
2025-12-27,Bacon,Manual par-level baseline,84.0,0.0,0.0,84.0,64.0,64.0,0.0,0,20.0,110.0,22.0,1.0,0.0,0,0.015068493150684932,0.0,0.0,0.0,0.015068493150684932
2025-12-27,Burger Buns,Manual par-level baseline,327.0,0.0,135.0,192.0,194.0,192.0,2.0,1,0.0,288.0,0.0,0.0,0.0,0,0.0,31.05,0.72,0.0,31.77
2025-12-27,Butter,Manual par-level baseline,84.0,0.0,0.0,84.0,53.0,53.0,0.0,0,31.0,60.0,29.45,1.0,0.0,0,0.02017123287671233,0.0,0.0,0.0,0.02017123287671233
2025-12-27,Cheese Slices,Manual par-level baseline,168.0,0.0,0.0,168.0,119.0,119.0,0.0,0,49.0,200.0,10.78,1.0,0.0,0,0.007383561643835617,0.0,0.0,0.0,0.007383561643835617
2025-12-27,Chicken Breast,Manual par-level baseline,220.0,0.0,0.0,220.0,138.0,138.0,0.0,0,82.0,210.0,147.6,1.0,0.0,0,0.1010958904109589,0.0,0.0,0.0,0.1010958904109589
2025-12-27,Coffee Beans,Manual par-level baseline,118.0,0.0,0.0,118.0,54.0,54.0,0.0,0,64.0,132.0,134.4,1.0,0.0,0,0.09205479452054795,0.0,0.0,0.0,0.09205479452054795
2025-12-27,Cooking Oil,Manual par-level baseline,79.0,0.0,0.0,79.0,42.0,42.0,0.0,0,37.0,56.0,59.2,1.0,0.0,0,0.040547945205479455,0.0,0.0,0.0,0.040547945205479455
2025-12-27,Eggs,Manual par-level baseline,149.0,0.0,0.0,149.0,94.0,94.0,0.0,0,55.0,120.0,8.8,1.0,0.0,0,0.006027397260273973,0.0,0.0,0.0,0.006027397260273973
2025-12-27,Fries (Potatoes),Manual par-level baseline,359.0,0.0,0.0,359.0,224.0,224.0,0.0,0,135.0,300.0,40.5,1.0,0.0,0,0.027739726027397257,0.0,0.0,0.0,0.027739726027397257
2025-12-27,Gluten-free Buns,Manual par-level baseline,18.0,0.0,18.0,0.0,13.0,0.0,13.0,1,0.0,24.0,0.0,0.0,0.0,0,0.0,10.8,14.3,0.0,25.1
2025-12-27,Lettuce,Manual par-level baseline,158.0,0.0,0.0,158.0,88.0,88.0,0.0,0,70.0,132.0,42.0,1.0,0.0,0,0.02876712328767123,0.0,0.0,0.0,0.02876712328767123
2025-12-27,Milk,Manual par-level baseline,211.0,0.0,0.0,211.0,104.0,104.0,0.0,0,107.0,168.0,80.25,1.0,0.0,0,0.05496575342465753,0.0,0.0,0.0,0.05496575342465753
2025-12-27,Mushrooms,Manual par-level baseline,109.0,0.0,0.0,109.0,58.0,58.0,0.0,0,51.0,100.0,28.05,1.0,0.0,0,0.01921232876712329,0.0,0.0,0.0,0.01921232876712329
2025-12-27,Onions,Manual par-level baseline,150.0,0.0,0.0,150.0,100.0,100.0,0.0,0,50.0,140.0,12.5,1.0,0.0,0,0.008561643835616438,0.0,0.0,0.0,0.008561643835616438
2025-12-27,Salmon Fillet,Manual par-level baseline,62.0,0.0,0.0,62.0,0.0,0.0,0.0,0,62.0,66.0,198.4,1.0,0.0,0,0.13589041095890414,0.0,0.0,0.0,0.13589041095890414
2025-12-27,Seasonal Berries,Manual par-level baseline,7.0,0.0,0.0,7.0,0.0,0.0,0.0,0,7.0,12.0,9.799999999999999,1.0,0.0,0,0.006712328767123288,0.0,0.0,0.0,0.006712328767123288
2025-12-27,Soft Drinks,Manual par-level baseline,173.0,0.0,0.0,173.0,128.0,128.0,0.0,0,45.0,144.0,18.0,1.0,0.0,0,0.012328767123287673,0.0,0.0,0.0,0.012328767123287673
2025-12-27,Tomatoes,Manual par-level baseline,151.0,0.0,0.0,151.0,92.0,92.0,0.0,0,59.0,144.0,26.55,1.0,0.0,0,0.018184931506849314,0.0,0.0,0.0,0.018184931506849314
2025-12-27,Truffle Oil,Manual par-level baseline,5.0,0.0,0.0,5.0,5.0,5.0,0.0,0,0.0,10.0,0.0,0.0,0.0,0,0.0,0.0,0.0,0.0,0.0
2025-12-27,Vegan Cheese,Manual par-level baseline,15.0,0.0,0.0,15.0,0.0,0.0,0.0,0,15.0,0.0,9.75,2.0,0.0,0,0.006678082191780822,0.0,0.0,0.0,0.006678082191780822
2025-12-28,Bacon,Manual par-level baseline,20.0,110.0,0.0,130.0,110.0,110.0,0.0,0,20.0,0.0,22.0,0.0,0.0,0,0.015068493150684932,0.0,0.0,0.0,0.015068493150684932
2025-12-28,Burger Buns,Manual par-level baseline,0.0,288.0,0.0,288.0,169.0,169.0,0.0,0,119.0,0.0,21.419999999999998,0.0,0.0,0,0.014671232876712329,0.0,0.0,0.0,0.014671232876712329
2025-12-28,Butter,Manual par-level baseline,31.0,60.0,0.0,91.0,42.0,42.0,0.0,0,49.0,0.0,46.55,0.0,0.0,0,0.031883561643835615,0.0,0.0,0.0,0.031883561643835615
2025-12-28,Cheese Slices,Manual par-level baseline,49.0,200.0,0.0,249.0,125.0,125.0,0.0,0,124.0,0.0,27.28,0.0,0.0,0,0.018684931506849318,0.0,0.0,0.0,0.018684931506849318
2025-12-28,Chicken Breast,Manual par-level baseline,82.0,210.0,0.0,292.0,161.0,161.0,0.0,0,131.0,0.0,235.8,0.0,0.0,0,0.16150684931506848,0.0,0.0,0.0,0.16150684931506848
2025-12-28,Coffee Beans,Manual par-level baseline,64.0,132.0,0.0,196.0,50.0,50.0,0.0,0,146.0,0.0,306.59999999999997,0.1917808219178082,0.0,0,0.21,0.0,0.0,0.0,0.21
2025-12-28,Cooking Oil,Manual par-level baseline,37.0,56.0,0.0,93.0,41.0,41.0,0.0,0,52.0,0.0,83.2,0.0,0.0,0,0.05698630136986302,0.0,0.0,0.0,0.05698630136986302
2025-12-28,Eggs,Manual par-level baseline,55.0,120.0,0.0,175.0,85.0,85.0,0.0,0,90.0,0.0,14.4,0.0,0.0,0,0.009863013698630137,0.0,0.0,0.0,0.009863013698630137
2025-12-28,Fries (Potatoes),Manual par-level baseline,135.0,300.0,0.0,435.0,206.0,206.0,0.0,0,229.0,0.0,68.7,0.0,0.0,0,0.04705479452054794,0.0,0.0,0.0,0.04705479452054794
2025-12-28,Gluten-free Buns,Manual par-level baseline,0.0,24.0,0.0,24.0,18.0,18.0,0.0,0,6.0,0.0,3.3000000000000003,0.0,0.0,0,0.00226027397260274,0.0,0.0,0.0,0.00226027397260274
2025-12-28,Lettuce,Manual par-level baseline,70.0,132.0,0.0,202.0,79.0,79.0,0.0,0,123.0,0.0,73.8,0.0,0.0,0,0.05054794520547945,0.0,0.0,0.0,0.05054794520547945
2025-12-28,Milk,Manual par-level baseline,107.0,168.0,0.0,275.0,105.0,105.0,0.0,0,170.0,0.0,127.5,0.023529411764705882,0.0,0,0.08732876712328766,0.0,0.0,0.0,0.08732876712328766
2025-12-28,Mushrooms,Manual par-level baseline,51.0,100.0,0.0,151.0,55.0,55.0,0.0,0,96.0,0.0,52.800000000000004,0.0,0.0,0,0.03616438356164384,0.0,0.0,0.0,0.03616438356164384
2025-12-28,Onions,Manual par-level baseline,50.0,140.0,0.0,190.0,74.0,74.0,0.0,0,116.0,0.0,29.0,0.0,0.0,0,0.01986301369863014,0.0,0.0,0.0,0.01986301369863014
2025-12-28,Salmon Fillet,Manual par-level baseline,62.0,66.0,0.0,128.0,63.0,63.0,0.0,0,65.0,0.0,208.0,0.0,0.0,0,0.14246575342465756,0.0,0.0,0.0,0.14246575342465756
2025-12-28,Seasonal Berries,Manual par-level baseline,7.0,12.0,0.0,19.0,0.0,0.0,0.0,0,19.0,0.0,26.599999999999994,0.7368421052631579,0.0,0,0.01821917808219178,0.0,0.0,0.0,0.01821917808219178
2025-12-28,Soft Drinks,Manual par-level baseline,45.0,144.0,0.0,189.0,123.0,123.0,0.0,0,66.0,0.0,26.400000000000002,0.0,0.0,0,0.01808219178082192,0.0,0.0,0.0,0.01808219178082192
2025-12-28,Tomatoes,Manual par-level baseline,59.0,144.0,0.0,203.0,84.0,84.0,0.0,0,119.0,0.0,53.550000000000004,0.0,0.0,0,0.03667808219178082,0.0,0.0,0.0,0.03667808219178082
2025-12-28,Truffle Oil,Manual par-level baseline,0.0,10.0,0.0,10.0,0.0,0.0,0.0,0,10.0,0.0,85.0,0.0,0.0,0,0.058219178082191785,0.0,0.0,0.0,0.058219178082191785
2025-12-28,Vegan Cheese,Manual par-level baseline,15.0,0.0,0.0,15.0,17.0,15.0,2.0,1,0.0,0.0,0.0,0.0,0.0,0,0.0,0.0,2.6,0.0,2.6
2025-12-29,Bacon,Manual par-level baseline,20.0,0.0,0.0,20.0,50.0,20.0,30.0,1,0.0,290.0,0.0,0.0,290.0,1,0.0,0.0,66.0,0.625,66.625
2025-12-29,Burger Buns,Manual par-level baseline,119.0,0.0,0.0,119.0,96.0,96.0,0.0,0,23.0,576.0,4.14,1.0,576.0,1,0.0028356164383561643,0.0,0.0,0.625,0.6278356164383562
2025-12-29,Butter,Manual par-level baseline,49.0,0.0,0.0,49.0,32.0,32.0,0.0,0,17.0,132.0,16.15,1.0,132.0,1,0.011061643835616438,0.0,0.0,0.625,0.6360616438356165
2025-12-29,Cheese Slices,Manual par-level baseline,124.0,0.0,0.0,124.0,68.0,68.0,0.0,0,56.0,350.0,12.32,1.0,350.0,1,0.008438356164383562,0.0,0.0,0.625,0.6334383561643836
2025-12-29,Chicken Breast,Manual par-level baseline,131.0,0.0,0.0,131.0,72.0,72.0,0.0,0,59.0,390.0,106.2,1.0,390.0,1,0.07273972602739726,0.0,0.0,0.625,0.6977397260273972
2025-12-29,Coffee Beans,Manual par-level baseline,146.0,0.0,0.0,146.0,47.0,47.0,0.0,0,99.0,108.0,207.9,1.0,108.0,1,0.1423972602739726,0.0,0.0,0.625,0.7673972602739726
2025-12-29,Cooking Oil,Manual par-level baseline,52.0,0.0,0.0,52.0,40.0,40.0,0.0,0,12.0,96.0,19.200000000000003,1.0,96.0,1,0.01315068493150685,0.0,0.0,0.625,0.6381506849315068
2025-12-29,Eggs,Manual par-level baseline,90.0,0.0,0.0,90.0,46.0,46.0,0.0,0,44.0,240.0,7.04,1.0,240.0,1,0.004821917808219178,0.0,0.0,0.625,0.6298219178082192
2025-12-29,Fries (Potatoes),Manual par-level baseline,229.0,0.0,0.0,229.0,120.0,120.0,0.0,0,109.0,520.0,32.699999999999996,1.0,520.0,1,0.0223972602739726,0.0,0.0,0.625,0.6473972602739726
2025-12-29,Gluten-free Buns,Manual par-level baseline,6.0,0.0,0.0,6.0,11.0,6.0,5.0,1,0.0,48.0,0.0,0.0,48.0,1,0.0,0.0,5.5,0.625,6.125
2025-12-29,Lettuce,Manual par-level baseline,123.0,0.0,0.0,123.0,46.0,46.0,0.0,0,77.0,192.0,46.199999999999996,1.0,192.0,1,0.031643835616438354,0.0,0.0,0.625,0.6566438356164384
2025-12-29,Milk,Manual par-level baseline,170.0,0.0,0.0,170.0,68.0,68.0,0.0,0,102.0,216.0,76.5,1.0,216.0,1,0.052397260273972596,0.0,0.0,0.625,0.6773972602739726
2025-12-29,Mushrooms,Manual par-level baseline,96.0,0.0,0.0,96.0,34.0,34.0,0.0,0,62.0,130.0,34.1,1.0,130.0,1,0.023356164383561646,0.0,0.0,0.625,0.6483561643835617
2025-12-29,Onions,Manual par-level baseline,116.0,0.0,0.0,116.0,62.0,62.0,0.0,0,54.0,180.0,13.5,1.0,180.0,1,0.009246575342465754,0.0,0.0,0.625,0.6342465753424658
2025-12-29,Salmon Fillet,Manual par-level baseline,65.0,0.0,0.0,65.0,25.0,25.0,0.0,0,40.0,96.0,128.0,1.0,96.0,1,0.08767123287671234,0.0,0.0,0.625,0.7126712328767123
2025-12-29,Seasonal Berries,Manual par-level baseline,19.0,0.0,7.0,12.0,5.0,5.0,0.0,0,7.0,12.0,9.799999999999999,1.0,12.0,1,0.006712328767123288,10.149999999999999,0.0,0.625,10.781712328767123
2025-12-29,Soft Drinks,Manual par-level baseline,66.0,0.0,0.0,66.0,54.0,54.0,0.0,0,12.0,360.0,4.800000000000001,1.0,360.0,1,0.0032876712328767125,0.0,0.0,0.625,0.6282876712328768
2025-12-29,Tomatoes,Manual par-level baseline,119.0,0.0,0.0,119.0,54.0,54.0,0.0,0,65.0,240.0,29.25,1.0,240.0,1,0.020034246575342467,0.0,0.0,0.625,0.6450342465753425
2025-12-29,Truffle Oil,Manual par-level baseline,10.0,0.0,0.0,10.0,0.0,0.0,0.0,0,10.0,12.0,85.0,1.0,12.0,1,0.058219178082191785,0.0,0.0,0.625,0.6832191780821918
2025-12-29,Vegan Cheese,Manual par-level baseline,0.0,0.0,0.0,0.0,7.0,0.0,7.0,1,0.0,36.0,0.0,0.0,36.0,1,0.0,0.0,9.1,0.625,9.725
2025-12-30,Bacon,Manual par-level baseline,0.0,0.0,0.0,0.0,38.0,0.0,38.0,1,0.0,290.0,0.0,0.0,0.0,0,0.0,0.0,83.60000000000001,0.0,83.60000000000001
2025-12-30,Burger Buns,Manual par-level baseline,23.0,0.0,0.0,23.0,145.0,23.0,122.0,1,0.0,576.0,0.0,0.0,0.0,0,0.0,0.0,43.92,0.0,43.92
2025-12-30,Butter,Manual par-level baseline,17.0,0.0,0.0,17.0,50.0,17.0,33.0,1,0.0,132.0,0.0,0.0,0.0,0,0.0,0.0,62.699999999999996,0.0,62.699999999999996
2025-12-30,Cheese Slices,Manual par-level baseline,56.0,0.0,0.0,56.0,101.0,56.0,45.0,1,0.0,350.0,0.0,0.0,0.0,0,0.0,0.0,19.8,0.0,19.8
2025-12-30,Chicken Breast,Manual par-level baseline,59.0,0.0,0.0,59.0,82.0,59.0,23.0,1,0.0,390.0,0.0,0.0,0.0,0,0.0,0.0,82.8,0.0,82.8
2025-12-30,Coffee Beans,Manual par-level baseline,99.0,0.0,0.0,99.0,51.0,51.0,0.0,0,48.0,108.0,100.80000000000001,2.0,0.0,0,0.06904109589041096,0.0,0.0,0.0,0.06904109589041096
2025-12-30,Cooking Oil,Manual par-level baseline,12.0,0.0,0.0,12.0,30.0,12.0,18.0,1,0.0,96.0,0.0,0.0,0.0,0,0.0,0.0,57.6,0.0,57.6
2025-12-30,Eggs,Manual par-level baseline,44.0,0.0,0.0,44.0,56.0,44.0,12.0,1,0.0,240.0,0.0,0.0,0.0,0,0.0,0.0,3.84,0.0,3.84
2025-12-30,Fries (Potatoes),Manual par-level baseline,109.0,0.0,0.0,109.0,124.0,109.0,15.0,1,0.0,520.0,0.0,0.0,0.0,0,0.0,0.0,9.0,0.0,9.0
2025-12-30,Gluten-free Buns,Manual par-level baseline,0.0,0.0,0.0,0.0,11.0,0.0,11.0,1,0.0,48.0,0.0,0.0,0.0,0,0.0,0.0,12.100000000000001,0.0,12.100000000000001
2025-12-30,Lettuce,Manual par-level baseline,77.0,0.0,0.0,77.0,46.0,46.0,0.0,0,31.0,192.0,18.599999999999998,2.0,0.0,0,0.01273972602739726,0.0,0.0,0.0,0.01273972602739726
2025-12-30,Milk,Manual par-level baseline,102.0,0.0,0.0,102.0,61.0,61.0,0.0,0,41.0,216.0,30.75,2.0,0.0,0,0.021061643835616435,0.0,0.0,0.0,0.021061643835616435
2025-12-30,Mushrooms,Manual par-level baseline,62.0,0.0,0.0,62.0,30.0,30.0,0.0,0,32.0,130.0,17.6,2.0,0.0,0,0.012054794520547946,0.0,0.0,0.0,0.012054794520547946
2025-12-30,Onions,Manual par-level baseline,54.0,0.0,0.0,54.0,49.0,49.0,0.0,0,5.0,180.0,1.25,2.0,0.0,0,0.0008561643835616438,0.0,0.0,0.0,0.0008561643835616438
2025-12-30,Salmon Fillet,Manual par-level baseline,40.0,0.0,0.0,40.0,32.0,32.0,0.0,0,8.0,96.0,25.6,2.0,0.0,0,0.017534246575342468,0.0,0.0,0.0,0.017534246575342468
2025-12-30,Seasonal Berries,Manual par-level baseline,7.0,0.0,0.0,7.0,7.0,7.0,0.0,0,0.0,12.0,0.0,0.0,0.0,0,0.0,0.0,0.0,0.0,0.0
2025-12-30,Soft Drinks,Manual par-level baseline,12.0,0.0,0.0,12.0,49.0,12.0,37.0,1,0.0,360.0,0.0,0.0,0.0,0,0.0,0.0,29.6,0.0,29.6
2025-12-30,Tomatoes,Manual par-level baseline,65.0,0.0,0.0,65.0,44.0,44.0,0.0,0,21.0,240.0,9.450000000000001,2.0,0.0,0,0.006472602739726027,0.0,0.0,0.0,0.006472602739726027
2025-12-30,Truffle Oil,Manual par-level baseline,10.0,0.0,0.0,10.0,9.0,9.0,0.0,0,1.0,12.0,8.5,2.0,0.0,0,0.0058219178082191785,0.0,0.0,0.0,0.0058219178082191785
2025-12-30,Vegan Cheese,Manual par-level baseline,0.0,0.0,0.0,0.0,0.0,0.0,0.0,0,0.0,36.0,0.0,0.0,0.0,0,0.0,0.0,0.0,0.0,0.0
2025-12-31,Bacon,Manual par-level baseline,0.0,290.0,0.0,290.0,66.0,66.0,0.0,0,224.0,10.0,246.40000000000003,0.0,10.0,1,0.16876712328767124,0.0,0.0,0.6578947368421053,0.8266618601297766
2025-12-31,Burger Buns,Manual par-level baseline,0.0,576.0,0.0,576.0,125.0,125.0,0.0,0,451.0,96.0,81.17999999999999,0.0,96.0,1,0.055602739726027396,0.0,0.0,0.6578947368421053,0.7134974765681327
2025-12-31,Butter,Manual par-level baseline,0.0,132.0,0.0,132.0,34.0,34.0,0.0,0,98.0,48.0,93.1,0.0,48.0,1,0.06376712328767123,0.0,0.0,0.6578947368421053,0.7216618601297765
2025-12-31,Cheese Slices,Manual par-level baseline,0.0,350.0,0.0,350.0,90.0,90.0,0.0,0,260.0,100.0,57.2,0.0,100.0,1,0.03917808219178082,0.0,0.0,0.6578947368421053,0.6970728190338862
2025-12-31,Chicken Breast,Manual par-level baseline,0.0,390.0,0.0,390.0,87.0,87.0,0.0,0,303.0,130.0,545.4,0.0,130.0,1,0.3735616438356164,0.0,0.0,0.6578947368421053,1.0314563806777217
2025-12-31,Coffee Beans,Manual par-level baseline,48.0,108.0,0.0,156.0,60.0,60.0,0.0,0,96.0,102.0,201.60000000000002,0.0,102.0,1,0.13808219178082193,0.0,0.0,0.6578947368421053,0.7959769286229272
2025-12-31,Cooking Oil,Manual par-level baseline,0.0,96.0,0.0,96.0,31.0,31.0,0.0,0,65.0,56.0,104.0,0.0,56.0,1,0.07123287671232878,0.0,0.0,0.6578947368421053,0.7291276135544341
2025-12-31,Eggs,Manual par-level baseline,0.0,240.0,0.0,240.0,58.0,58.0,0.0,0,182.0,90.0,29.12,0.0,90.0,1,0.019945205479452055,0.0,0.0,0.6578947368421053,0.6778399423215573
2025-12-31,Fries (Potatoes),Manual par-level baseline,0.0,520.0,0.0,520.0,143.0,143.0,0.0,0,377.0,220.0,113.1,0.0,220.0,1,0.07746575342465753,0.0,0.0,0.6578947368421053,0.7353604902667629
2025-12-31,Gluten-free Buns,Manual par-level baseline,0.0,48.0,0.0,48.0,12.0,12.0,0.0,0,36.0,12.0,19.8,0.0,12.0,1,0.013561643835616439,0.0,0.0,0.6578947368421053,0.6714563806777217
2025-12-31,Lettuce,Manual par-level baseline,31.0,192.0,0.0,223.0,53.0,53.0,0.0,0,170.0,96.0,102.0,0.0,96.0,1,0.06986301369863013,0.0,0.0,0.6578947368421053,0.7277577505407354
2025-12-31,Milk,Manual par-level baseline,41.0,216.0,0.0,257.0,84.0,84.0,0.0,0,173.0,132.0,129.75,0.0,132.0,1,0.08886986301369862,0.0,0.0,0.6578947368421053,0.7467645998558039
2025-12-31,Mushrooms,Manual par-level baseline,32.0,130.0,0.0,162.0,42.0,42.0,0.0,0,120.0,70.0,66.0,0.0,70.0,1,0.045205479452054796,0.0,0.0,0.6578947368421053,0.7031002162941601
2025-12-31,Onions,Manual par-level baseline,5.0,180.0,0.0,185.0,59.0,59.0,0.0,0,126.0,120.0,31.5,0.0,120.0,1,0.021575342465753426,0.0,0.0,0.6578947368421053,0.6794700793078587
2025-12-31,Salmon Fillet,Manual par-level baseline,8.0,96.0,8.0,96.0,0.0,0.0,0.0,0,96.0,72.0,307.20000000000005,0.0,72.0,1,0.2104109589041096,26.0,0.0,0.6578947368421053,26.868305695746216
2025-12-31,Seasonal Berries,Manual par-level baseline,0.0,12.0,0.0,12.0,0.0,0.0,0.0,0,12.0,18.0,16.799999999999997,0.0,18.0,1,0.011506849315068493,0.0,0.0,0.6578947368421053,0.6694015861571738
2025-12-31,Soft Drinks,Manual par-level baseline,0.0,360.0,0.0,360.0,82.0,82.0,0.0,0,278.0,48.0,111.2,0.0,48.0,1,0.07616438356164384,0.0,0.0,0.6578947368421053,0.7340591204037492
2025-12-31,Tomatoes,Manual par-level baseline,21.0,240.0,0.0,261.0,85.0,85.0,0.0,0,176.0,84.0,79.2,0.0,84.0,1,0.054246575342465755,0.0,0.0,0.6578947368421053,0.7121413121845711
2025-12-31,Truffle Oil,Manual par-level baseline,1.0,12.0,0.0,13.0,5.0,5.0,0.0,0,8.0,10.0,68.0,0.0,10.0,1,0.04657534246575343,0.0,0.0,0.6578947368421053,0.7044700793078588
2025-12-31,Vegan Cheese,Manual par-level baseline,0.0,36.0,0.0,36.0,0.0,0.0,0.0,0,36.0,0.0,23.400000000000002,0.0,0.0,1,0.016027397260273975,0.0,0.0,0.0,0.016027397260273975
